data;horario;n_da_ocorrencia;tipo_de_ocorrencia;km;trecho;sentido;tipo_de_acidente;caminhao;ilesos;levemente_feridos;moderadamente_feridos;gravemente_feridos;mortos;3
30/04/2010;15:10:00;345;sem vítima;443,9;BR-116/PR;Sul;Choque - Defensa, barreira ou "submarino";1;1;;;;;1
30/04/2010;23:00:00;492;com vítima;568;BR-116/PR;Sul;Colisão Lateral;1;1;1;;;;1
01/05/2010;03:00:00;63;com vítima;54;BR-116/PR;Sul;Colisão Traseira;2;1;;1;;;2
01/05/2010;03:10:00;66;com vítima;442;BR-116/PR;Sul;Saida de Pista;1;3;2;;;;1
01/05/2010;07:45:00;158;sem vítima;547,8;BR-116/PR;Sul;Saida de Pista;1;1;;;;;1
01/05/2010;19:06:00;395;sem vítima;269;BR-116/PR;Norte;Colisão Lateral;1;2;;;;;1
02/05/2010;06:30:00;123;sem vítima;3;BR-116/PR;Sul;Saida de Pista;1;2;;;;;1
02/05/2010;06:49:00;127;sem vítima;33;BR-116/PR;Norte;Tombamento;1;1;;;;;1
02/05/2010;07:46:00;148;sem vítima;544,35;BR-116/PR;Norte;Tombamento;1;1;;;;;1
02/05/2010;17:17:00;335;sem vítima;65;BR-116/PR;Norte;Colisão Traseira;2;2;;;;;1
02/05/2010;19:54:00;393;sem vítima;13;BR-116/CW;Norte;Colisão Lateral;1;2;;;;;1
03/05/2010;18:55:00;437;sem vítima;14;BR-116/PR;Norte;Tombamento;1;1;;;;;1
03/05/2010;19:15:00;440;sem vítima;14;BR-116/PR;Norte;Colisão Traseira;1;2;;;;;1
03/05/2010;20:04:00;454;com vítima;42,5;BR-116/PR;Norte;Colisão Traseira;2;1;;1;;;2
03/05/2010;20:33:00;459;sem vítima;17;BR-116/PR;Norte;Tombamento;2;2;;;;;1
03/05/2010;21:01:00;463;sem vítima;17;BR-116/PR;Norte;Saida de Pista;1;1;;;;;1
03/05/2010;23:47:00;504;sem vítima;21;BR-116/PR;Norte;Colisão Lateral;1;3;;;;;1
03/05/2010;23:56:00;506;sem vítima;393;BR-116/PR;Norte;Saida de Pista;1;1;;;;;1
04/05/2010;15:51:00;359;com vítima;327;BR-116/PR;Sul;Colisão Traseira;1;2;2;;;;1
05/05/2010;01:40:00;46;sem vítima;510;BR-116/PR;Sul;Colisão Traseira;2;2;;;;;1
05/05/2010;04:30:00;96;sem vítima;529,2;BR-116/PR;Sul;Saida de Pista;1;2;;;;;1
05/05/2010;15:14:00;333;sem vítima;400,95;BR-116/PR;Sul;Colisão Traseira;2;2;;;;;1
05/05/2010;22:40:00;503;sem vítima;419;BR-116/PR;Sul;Saida de Pista;1;2;;;;;1
06/05/2010;03:28:00;67;com vítima;320;BR-116/PR;Norte;Tombamento;1;0;;1;;;2
06/05/2010;05:14:00;98;sem vítima;279;BR-116/PR;Norte;Colisão Lateral;2;4;;;;;1
06/05/2010;06:07:00;107;com vítima;371;BR-116/PR;Norte;Tombamento;1;0;1;;;;1
06/05/2010;06:28:00;112;sem vítima;299;BR-116/PR;Sul;Colisão Lateral;2;2;;;;;1
06/05/2010;11:00:00;228;sem vítima;514,95;BR-116/PR;Sul;Saida de Pista;1;1;;;;;1
06/05/2010;19:22:00;436;sem vítima;343;BR-116/PR;Norte;Colisão Traseira;1;1;;;;;1
07/05/2010;06:59:00;150;sem vítima;426;BR-116/PR;Norte;Colisão Traseira;1;2;;;;;1
07/05/2010;08:14:00;181;sem vítima;339;BR-116/PR;Norte;Colisão Traseira;1;2;;;;;1
07/05/2010;16:02:00;383;com vítima;514;BR-116/PR;Norte;Tombamento;1;0;;1;;;2
07/05/2010;22:48:00;494;sem vítima;514;BR-116/PR;Norte;Tombamento;1;1;;;;;1
07/05/2010;23:13:00;498;com vítima;357,3;BR-116/PR;Sul;Colisão Traseira;1;2;1;;;;1
08/05/2010;01:13:00;21;sem vítima;426;BR-116/PR;Sul;Colisão Traseira;1;2;;;;;1
08/05/2010;06:37:00;135;sem vítima;353;BR-116/PR;Norte;Saida de Pista;1;2;;;;;1
08/05/2010;10:18:00;217;sem vítima;329,6;BR-116/PR;Norte;Saida de Pista;1;1;;;;;1
08/05/2010;18:45:00;362;sem vítima;72;BR-116/PR;Norte;Não Def;1;1;;;;;1
08/05/2010;20:56:00;390;sem vítima;359;BR-116/PR;Norte;Colisão Frontal;1;2;;;;;1
08/05/2010;23:59:00;448;com vítima;282;BR-116/PR;Sul;Saida de Pista;1;4;1;1;;2;3
09/05/2010;07:00:00;147;sem vítima;470,5;BR-116/PR;Sul;Saida de Pista;1;1;;;;;1
09/05/2010;08:44:00;191;com vítima;551,5;BR-116/PR;Norte;Tombamento;1;0;1;;;;1
09/05/2010;11:08:00;255;com vítima;332,95;BR-116/PR;Sul;Tombamento;1;1;1;;;;1
09/05/2010;14:20:00;311;sem vítima;64,1;BR-116/PR;Sul;Choque - Defensa, barreira ou "submarino";1;3;;;;;1
10/05/2010;00:17:00;9;com vítima;357;BR-116/PR;Sul;Tombamento;3;2;1;;;;1
10/05/2010;00:20:00;10;com vítima;29;BR-116/PR;Norte;Choque - Defensa, barreira ou "submarino";3;2;;1;;;2
10/05/2010;06:29:00;160;com vítima;357;BR-116/PR;Sul;Engavetamento;1;5;1;;;;1
10/05/2010;12:30:00;319;com vítima;26;BR-116/PR;Norte;Saida de Pista;1;1;1;;;;1
10/05/2010;14:21:00;348;sem vítima;61;BR-116/PR;Sul;Colisão Lateral;1;5;;;;;1
10/05/2010;14:50:00;357;sem vítima;548;BR-116/PR;Sul;Colisão Lateral;1;4;;;;;1
10/05/2010;19:34:00;460;sem vítima;344,5;BR-116/PR;Sul;Saida de Pista;1;1;;;;;1
10/05/2010;23:33:00;514;sem vítima;348;BR-116/PR;Norte;Outros - Sequência;1;1;;;;;1
11/05/2010;02:58:00;66;sem vítima;382;BR-116/PR;Norte;Colisão Lateral;1;3;;;;;1
11/05/2010;03:24:00;72;sem vítima;467;BR-116/PR;Norte;Saida de Pista;1;1;;;;;1
11/05/2010;04:44:00;94;sem vítima;304,1;BR-116/PR;Norte;Colisão Traseira;2;2;;;;;1
11/05/2010;07:43:00;135;com vítima;33;BR-116/PR;Norte;Tombamento;1;0;;1;;;2
11/05/2010;09:16:00;175;com vítima;311;BR-116/PR;Norte;Colisão Lateral;1;1;1;;;;1
11/05/2010;10:28:00;200;sem vítima;515,7;BR-116/PR;Norte;Saida de Pista;1;1;;;;;1
11/05/2010;11:23:00;219;sem vítima;514;BR-116/PR;Norte;Colisão Lateral;2;2;;;;;1
11/05/2010;13:04:00;245;sem vítima;362,5;BR-116/PR;Norte;Colisão Lateral;2;2;;;;;1
11/05/2010;18:32:00;358;sem vítima;345;BR-116/PR;Sul;Colisão Traseira;2;2;;;;;1
11/05/2010;18:45:00;361;sem vítima;512;BR-116/PR;Norte;Colisão Traseira;1;5;;;;;1
11/05/2010;19:44:00;376;sem vítima;29;BR-116/PR;Norte;Colisão Lateral;1;2;;;;;1
11/05/2010;20:32:00;385;sem vítima;511;BR-116/PR;Sul;Colisão Traseira;1;15;;;;;1
12/05/2010;05:06:00;112;sem vítima;550;BR-116/PR;Sul;Saida de Pista;1;1;;;;;1
12/05/2010;06:52:00;138;sem vítima;402;BR-116/PR;Sul;Saida de Pista;1;1;;;;;1
12/05/2010;06:55:00;139;com vítima;352,95;BR-116/PR;Sul;Colisão Traseira;3;1;;3;;;2
12/05/2010;09:15:00;213;com vítima;550;BR-116/PR;Norte;Tombamento;1;0;;1;;;2
12/05/2010;13:10:00;281;sem vítima;283,4;BR-116/PR;Norte;Colisão Lateral;1;3;;;;;1
12/05/2010;17:49:00;378;com vítima;348;BR-116/PR;Norte;Atropelamento - Morador;1;1;;;1;;2
12/05/2010;18:28:00;393;sem vítima;278,8;BR-116/PR;Sul;Colisão Lateral;1;2;;;;;1
12/05/2010;18:34:00;397;sem vítima;348,9;BR-116/PR;Sul;Colisão Traseira;2;2;;;;;1
12/05/2010;19:12:00;406;sem vítima;515;BR-116/PR;Sul;Tombamento;1;1;;;;;1
12/05/2010;19:55:00;417;sem vítima;479,5;BR-116/PR;Norte;Saida de Pista;1;2;;;;;1
12/05/2010;21:24:00;435;sem vítima;342;BR-116/PR;Sul;Colisão Lateral;3;3;;;;;1
13/05/2010;00:45:00;21;sem vítima;496;BR-116/PR;Norte;Tombamento;1;1;;;;;1
13/05/2010;10:49:00;263;sem vítima;41;BR-116/PR;Sul;Colisão Traseira;2;2;;;;;1
13/05/2010;13:38:00;322;sem vítima;362;BR-116/PR;Norte;Outros;1;4;;;;;1
13/05/2010;19:34:00;472;sem vítima;543;BR-116/PR;Sul;Colisão Lateral;1;2;;;;;1
13/05/2010;21:19:00;502;com vítima;293,3;BR-116/PR;Sul;Colisão Traseira;2;1;;;;1;3
13/05/2010;21:52:00;508;sem vítima;276,3;BR-116/PR;Norte;Colisão Traseira;1;3;;;;;1
14/05/2010;03:03:00;62;sem vítima;391,5;BR-116/PR;Sul;Tombamento;1;2;;;;;1
14/05/2010;04:43:00;103;sem vítima;330;BR-116/PR;Norte;Saida de Pista;1;1;;;;;1
14/05/2010;06:57:00;139;sem vítima;490,4;BR-116/PR;Sul;Colisão Traseira;3;3;;;;;1
14/05/2010;07:32:00;160;sem vítima;367;BR-116/PR;Sul;Outros;2;2;;;;;1
14/05/2010;07:50:00;170;sem vítima;464;BR-116/PR;Norte;Choque - Talude;1;2;;;;;1
14/05/2010;18:01:00;450;sem vítima;445;BR-116/PR;Sul;Choque - Suporte de Sinalização;1;2;;;;;1
14/05/2010;20:14:00;518;sem vítima;40;BR-116/PR;Sul;Choque - Objeto sobre a pista;1;2;;;;;1
14/05/2010;22:45:00;523;com vítima;411,5;BR-116/PR;Norte;Saida de Pista;1;0;;;1;;2
15/05/2010;00:12:00;3;sem vítima;564,1;BR-116/PR;Norte;Tombamento;1;1;;;;;1
15/05/2010;04:16:00;99;sem vítima;411,9;BR-116/PR;Norte;Saida de Pista;1;2;;;;;1
15/05/2010;08:07:00;170;com vítima;24,5;BR-116/PR;Sul;Colisão Traseira;2;1;1;;;;1
15/05/2010;11:53:00;286;sem vítima;356,5;BR-116/PR;Sul;Saida de Pista;1;2;;;;;1
15/05/2010;14:24:00;325;com vítima;271;BR-116/PR;Norte;Colisão Lateral;1;2;2;;;;1
15/05/2010;23:20:00;570;com vítima;33,3;BR-116/PR;Norte;Tombamento;1;0;1;;;;1
16/05/2010;07:04:00;163;sem vítima;545;BR-116/PR;Norte;Tombamento;1;1;;;;;1
16/05/2010;19:57:00;507;sem vítima;460;BR-116/PR;Norte;Colisão Traseira;2;2;;;;;1
17/05/2010;05:45:00;104;com vítima;357,2;BR-116/PR;Norte;Saida de Pista;1;0;;1;;;2
17/05/2010;06:19:00;109;sem vítima;18;BR-116/CW;Sul;Choque - Defensa, barreira ou "submarino";1;1;;;;;1
17/05/2010;07:46:00;142;sem vítima;357,5;BR-116/PR;Norte;Não Def;1;1;;;;;1
17/05/2010;08:34:00;165;com vítima;562;BR-116/PR;Norte;Outros - Sequência;1;1;;;;3;3
17/05/2010;13:59:00;273;com vítima;307,4;BR-116/PR;Sul;Atropelamento - Morador;1;1;;1;;;2
17/05/2010;18:08:00;363;sem vítima;370;BR-116/PR;Norte;Não Def;1;2;;;;;1
17/05/2010;19:16:00;375;sem vítima;46;BR-116/PR;Sul;Colisão Traseira;1;2;;;;;1
17/05/2010;19:44:00;420;sem vítima;45;BR-116/PR;Sul;Saida de Pista;1;1;;;;;1
17/05/2010;20:41:00;434;sem vítima;513;BR-116/PR;Norte;Saida de Pista;1;1;;;;;1
17/05/2010;21:25:00;444;sem vítima;476;BR-116/PR;Norte;Choque - Outros;1;1;;;;;1
17/05/2010;21:47:00;486;sem vítima;514;BR-116/PR;Norte;Saida de Pista;1;1;;;;;1
17/05/2010;22:48:00;493;com vítima;62;BR-116/PR;Norte;Choque - Veiculo parado na pista;1;1;1;;;;1
17/05/2010;23:58:00;561;sem vítima;514;BR-116/PR;Norte;Choque - Talude;1;1;;;;;1
18/05/2010;01:05:00;47;com vítima;408;BR-116/PR;Sul;Colisão Traseira;2;1;1;;;;1
18/05/2010;05:40:00;105;sem vítima;277,3;BR-116/PR;Norte;Colisão Lateral;1;2;;;;;1
18/05/2010;08:43:00;222;sem vítima;33;BR-116/PR;Norte;Saida de Pista;1;1;;;;;1
18/05/2010;09:28:00;253;sem vítima;359,2;BR-116/PR;Norte;Colisão Lateral;1;2;;;;;1
18/05/2010;11:50:00;342;sem vítima;513,7;BR-116/PR;Norte;Colisão Traseira;2;2;;;;;1
18/05/2010;17:32:00;433;sem vítima;355;BR-116/PR;Norte;Colisão Lateral;2;2;;;;;1
18/05/2010;20:10:00;476;sem vítima;331;BR-116/PR;Norte;Tombamento;1;2;;;;;1
18/05/2010;23:03:00;568;com vítima;364;BR-116/PR;Sul;Colisão Frontal;2;0;;;;2;3
19/05/2010;00:03:00;7;sem vítima;548,9;BR-116/PR;Norte;Saida de Pista;1;1;;;;;1
19/05/2010;04:17:00;103;sem vítima;12;BR-116/CW;Sul;Colisão Lateral;1;2;;;;;1
19/05/2010;04:38:00;107;sem vítima;372,5;BR-116/PR;Norte;Saida de Pista;1;2;;;;;1
19/05/2010;05:22:00;116;sem vítima;331;BR-116/PR;Sul;Choque - Defensa, barreira ou "submarino";1;1;;;;;1
19/05/2010;14:39:00;402;sem vítima;349,2;BR-116/PR;Sul;Colisão Lateral;2;2;;;;;1
19/05/2010;23:13:00;606;sem vítima;351;BR-116/PR;Sul;Colisão Lateral;2;2;;;;;1
20/05/2010;06:42:00;217;sem vítima;550,4;BR-116/PR;Sul;Choque - Talude;3;21;;;;;1
20/05/2010;07:21:00;227;sem vítima;557;BR-116/PR;Sul;Colisão Traseira;2;2;;;;;1
20/05/2010;08:46:00;264;sem vítima;29;BR-116/PR;Norte;Tombamento;1;1;;;;;1
20/05/2010;09:00:00;267;sem vítima;316,5;BR-116/PR;Norte;Colisão Traseira;2;3;;;;;1
20/05/2010;10:20:00;306;com vítima;550;BR-116/PR;Norte;Tombamento;1;0;3;;;;1
20/05/2010;10:59:00;329;sem vítima;70;BR-116/PR;Sul;Colisão Traseira;2;3;;;;;1
20/05/2010;12:15:00;353;com vítima;514;BR-116/PR;Norte;Colisão Traseira;2;0;2;;;;1
20/05/2010;12:34:00;357;com vítima;33;BR-116/PR;Norte;Tombamento;1;0;1;;;;1
20/05/2010;19:14:00;477;sem vítima;348,9;BR-116/PR;Norte;Colisão Lateral;1;4;;;;;1
20/05/2010;21:56:00;567;com vítima;479;BR-116/PR;Sul;Tombamento;1;0;1;;;;1
21/05/2010;04:36:00;107;sem vítima;353;BR-116/PR;Norte;Tombamento;1;1;;;;;1
21/05/2010;05:28:00;123;sem vítima;52;BR-116/PR;Sul;Saida de Pista;1;1;;;;;1
21/05/2010;06:12:00;139;sem vítima;10;BR-116/PR;Sul;Tombamento;1;1;;;;;1
21/05/2010;07:20:00;158;sem vítima;349,3;BR-116/PR;Norte;Colisão Lateral;2;2;;;;;1
21/05/2010;08:23:00;190;sem vítima;487,9;BR-116/PR;Norte;Saida de Pista;1;2;;;;;1
21/05/2010;08:49:00;206;com vítima;440,1;BR-116/PR;Sul;Colisão Lateral;1;1;1;;;;1
21/05/2010;09:01:00;214;sem vítima;7;BR-116/PR;Sul;Saida de Pista;1;1;;;;;1
21/05/2010;12:21:00;309;com vítima;567,8;BR-116/PR;Norte;Saida de Pista;1;0;1;;;;1
21/05/2010;13:35:00;327;sem vítima;24;BR-116/PR;Norte;Outros;1;1;;;;;1
21/05/2010;16:03:00;375;com vítima;289,8;BR-116/PR;Sul;Colisão Traseira;1;1;;1;;;2
21/05/2010;16:32:00;387;sem vítima;29;BR-116/PR;Norte;Colisão Traseira;1;3;;;;;1
21/05/2010;19:20:00;480;sem vítima;45,5;BR-116/PR;Sul;Colisão Traseira;2;2;;;;;1
21/05/2010;20:48:00;499;sem vítima;441,2;BR-116/PR;Sul;Colisão Traseira;1;2;;;;;1
22/05/2010;12:46:00;258;sem vítima;444,8;BR-116/PR;Sul;Saida de Pista;1;1;;;;;1
22/05/2010;13:14:00;264;sem vítima;532,5;BR-116/PR;Sul;Engavetamento;3;4;;;;;1
22/05/2010;13:49:00;272;sem vítima;543;BR-116/PR;Sul;Colisão Traseira;2;3;;;;;1
22/05/2010;22:27:00;480;com vítima;18;BR-116/PR;Norte;Atropelamento - Morador;1;1;;1;;;2
22/05/2010;23:23:00;496;sem vítima;449,8;BR-116/PR;Sul;Choque - Defensa, barreira ou "submarino";1;2;;;;;1
23/05/2010;10:20:00;348;sem vítima;504;BR-116/PR;Norte;Tombamento;1;1;;;;;1
23/05/2010;15:30:00;465;com vítima;14;BR-116/PR;Sul;Capotamento;3;3;;5;1;;2
23/05/2010;18:13:00;521;com vítima;487,7;BR-116/PR;Sul;Atropelamento - Andarilho;1;1;;;;1;3
23/05/2010;19:12:00;540;sem vítima;486,5;BR-116/PR;Norte;Outros;1;2;;;;;1
23/05/2010;20:14:00;557;sem vítima;62;BR-116/PR;Sul;Tombamento;1;1;;;;;1
23/05/2010;22:34:00;634;sem vítima;563;BR-116/PR;Sul;Saida de Pista;1;1;;;;;1
23/05/2010;22:49:00;648;sem vítima;321;BR-116/PR;Norte;Choque - Defensa, barreira ou "submarino";1;1;;;;;1
24/05/2010;03:54:00;122;sem vítima;550;BR-116/PR;Norte;Saida de Pista;1;1;;;;;1
24/05/2010;07:49:00;236;sem vítima;39,8;BR-116/PR;Norte;Outros - Sequência;1;3;;;;;1
24/05/2010;09:32:00;284;sem vítima;299,1;BR-116/PR;Norte;Colisão Traseira;1;2;;;;;1
24/05/2010;11:53:00;350;com vítima;474,5;BR-116/PR;Norte;Capotamento;1;0;;;;1;3
24/05/2010;13:52:00;379;com vítima;357;BR-116/PR;Norte;Saida de Pista;1;0;;;;1;3
25/05/2010;18:28:00;479;com vítima;21,8;BR-116/PR;Norte;Capotamento;1;0;1;;;;1
25/05/2010;21:21:00;544;com vítima;442;BR-116/PR;Norte;Tombamento;2;2;2;;;;1
26/05/2010;07:46:00;192;sem vítima;348,4;BR-116/PR;Sul;Colisão Traseira;1;2;;;;;1
26/05/2010;08:13:00;211;com vítima;545;BR-116/PR;Norte;Saida de Pista;1;3;1;;;;1
26/05/2010;09:17:00;247;sem vítima;346,5;BR-116/PR;Norte;Colisão Lateral;1;3;;;;;1
26/05/2010;11:08:00;299;sem vítima;549;BR-116/PR;Sul;Colisão Frontal;2;2;;;;;1
26/05/2010;11:24:00;306;sem vítima;348,7;BR-116/PR;Sul;Colisão Traseira;1;2;;;;;1
26/05/2010;13:10:00;332;sem vítima;529;BR-116/PR;Sul;Tombamento;1;1;;;;;1
26/05/2010;14:39:00;360;sem vítima;323;BR-116/PR;Sul;Colisão Traseira;2;2;;;;;1
26/05/2010;18:22:00;458;sem vítima;275,5;BR-116/PR;Sul;Engavetamento;1;9;;;;;1
27/05/2010;00:32:00;16;sem vítima;494,7;BR-116/PR;Sul;Choque - Objeto sobre a pista;1;2;;;;;1
27/05/2010;02:30:00;79;com vítima;331;BR-116/PR;Sul;Tombamento;1;0;1;;;;1
27/05/2010;03:41:00;118;sem vítima;475;BR-116/PR;Sul;Tombamento;1;1;;;;;1
27/05/2010;04:06:00;123;com vítima;360;BR-116/PR;Norte;Colisão Lateral;2;0;2;;;;1
27/05/2010;04:47:00;132;com vítima;8;BR-116/PR;Sul;Colisão Traseira;2;1;1;;;;1
27/05/2010;07:43:00;202;sem vítima;560;BR-116/PR;Sul;Não Def;2;2;;;;;1
27/05/2010;13:35:00;330;com vítima;444;BR-116/PR;Sul;Colisão Lateral;1;1;1;;;;1
27/05/2010;14:38:00;345;sem vítima;294,5;BR-116/PR;Norte;Colisão Lateral;1;2;;;;;1
27/05/2010;15:18:00;358;com vítima;277;BR-116/PR;Sul;Colisão Lateral;1;1;1;;;;1
27/05/2010;18:36:00;447;sem vítima;1;BR-116/CW;Norte;Saida de Pista;1;1;;;;;1
27/05/2010;21:32:00;480;com vítima;61;BR-116/PR;Norte;Atropelamento - Usuário;1;1;;;;1;3
28/05/2010;00:06:00;5;sem vítima;353,9;BR-116/PR;Norte;Saida de Pista;1;1;;;;;1
28/05/2010;01:17:00;57;com vítima;500;BR-116/PR;Norte;Saida de Pista;1;25;4;;;;1
28/05/2010;01:45:00;67;sem vítima;361;BR-116/PR;Norte;Saida de Pista;1;2;;;;;1
28/05/2010;01:57:00;69;sem vítima;14;BR-116/PR;Sul;Saida de Pista;1;1;;;;;1
28/05/2010;02:00:00;70;sem vítima;404;BR-116/PR;Norte;Tombamento;1;1;;;;;1
28/05/2010;04:10:00;92;com vítima;8;BR-116/PR;Sul;Choque - Arvore;1;0;;;;1;3
28/05/2010;05:08:00;103;sem vítima;8;BR-116/PR;Sul;Outros - Sequência;1;3;;;;;1
28/05/2010;08:37:00;234;sem vítima;543;BR-116/PR;Sul;Colisão Traseira;2;2;;;;;1
28/05/2010;14:45:00;376;sem vítima;283;BR-116/PR;Sul;Colisão Lateral;1;2;;;;;1
28/05/2010;18:54:00;481;sem vítima;489,5;BR-116/PR;Sul;Colisão Lateral;1;5;;;;;1
28/05/2010;19:52:00;494;sem vítima;349,3;BR-116/PR;Sul;Colisão Traseira;1;2;;;;;1
28/05/2010;20:23:00;504;com vítima;347,3;BR-116/PR;Sul;Colisão Traseira;2;1;1;;;;1
28/05/2010;20:51:00;514;sem vítima;347,3;BR-116/PR;Sul;Colisão Traseira;1;9;;;;;1
28/05/2010;23:20:00;601;com vítima;511,6;BR-116/PR;Norte;Capotamento;1;0;;;;1;3
29/05/2010;01:03:00;23;com vítima;68;BR-116/PR;Sul;Colisão Lateral;1;1;;1;;;2
29/05/2010;05:52:00;132;com vítima;545;BR-116/PR;Norte;Tombamento;1;0;;1;;;2
29/05/2010;09:04:00;217;sem vítima;361;BR-116/PR;Sul;Colisão Lateral;1;2;;;;;1
29/05/2010;13:16:00;342;sem vítima;469;BR-116/PR;Norte;Colisão Traseira;1;2;;;;;1
30/05/2010;02:27:00;58;com vítima;399,9;BR-116/PR;Sul;Capotamento;1;0;;2;;;2
30/05/2010;08:02:00;184;com vítima;360,3;BR-116/PR;Norte;Tombamento;1;0;2;;;;1
30/05/2010;12:54:00;313;com vítima;544;BR-116/PR;Norte;Outros;1;0;1;;;;1
30/05/2010;22:33:00;532;sem vítima;515;BR-116/PR;Norte;Colisão Traseira;2;2;;;;;1
31/05/2010;00:20:00;7;sem vítima;479;BR-116/PR;Norte;Colisão Traseira;2;2;;;;;1
31/05/2010;04:21:00;120;sem vítima;314;BR-116/PR;Norte;Colisão Traseira;2;2;;;;;1
31/05/2010;05:25:00;138;com vítima;388,35;BR-116/PR;Norte;Colisão Traseira;2;1;;1;;;2
31/05/2010;05:54:00;174;sem vítima;525;BR-116/PR;Norte;Choque - Defensa, barreira ou "submarino";1;1;;;;;1
31/05/2010;06:38:00;206;sem vítima;321;BR-116/PR;Norte;Colisão Lateral;2;3;;;;;1
31/05/2010;13:39:00;382;com vítima;544;BR-116/PR;Norte;Tombamento;1;1;;1;;;2
31/05/2010;19:14:00;500;sem vítima;370;BR-116/PR;Norte;Colisão Traseira;1;2;;;;;1
31/05/2010;19:14:00;501;sem vítima;485,5;BR-116/PR;Sul;Saida de Pista;1;1;;;;;1
31/05/2010;23:08:00;619;sem vítima;421,1;BR-116/PR;Norte;Saida de Pista;1;1;;;;;1
01/06/2010;21:25:00;588;sem vítima;23;BR-116/PR;Sul;Colisão Lateral;2;2;;;;;1
01/06/2010;03:12:00;115;sem vítima;27;BR-116/PR;Norte;Saida de Pista;1;1;;;;;1
01/06/2010;03:28:00;118;sem vítima;57,8;BR-116/PR;Sul;Colisão Traseira;2;3;;;;;1
01/06/2010;17:38:00;469;sem vítima;333;BR-116/PR;Sul;Saida de Pista;1;1;;;;;1
01/06/2010;16:57:00;454;sem vítima;354,5;BR-116/PR;Sul;Tombamento;1;1;;;;;1
01/06/2010;04:30:00;129;sem vítima;360;BR-116/PR;Sul;Saida de Pista;1;2;;;;;1
01/06/2010;22:02:00;590;sem vítima;392;BR-116/PR;Norte;Tombamento;1;1;;;;;1
01/06/2010;14:48:00;409;sem vítima;415;BR-116/PR;Norte;Saida de Pista;1;2;;;;;1
01/06/2010;18:46:00;491;sem vítima;485;BR-116/PR;Norte;Colisão Traseira;2;2;;;;;1
01/06/2010;07:13:00;200;com vítima;496,6;BR-116/PR;Norte;Tombamento;2;1;1;;;;1
01/06/2010;10:29:00;319;sem vítima;512,7;BR-116/PR;Norte;Outros;1;1;;;;;1
01/06/2010;11:14:00;338;sem vítima;544;BR-116/PR;Norte;Outros;1;1;;;;;1
02/06/2010;18:30:00;481;sem vítima;14,9;BR-116/CW;Sul;Colisão Traseira;1;3;;;;;1
02/06/2010;04:58:00;139;sem vítima;16;BR-116/PR;Sul;Tombamento;1;1;;;;;1
02/06/2010;18:50:00;487;sem vítima;70;BR-116/PR;Sul;Colisão Lateral;1;2;;;;;1
02/06/2010;07:21:00;171;sem vítima;293;BR-116/PR;Norte;Colisão Lateral;2;2;;;;;1
02/06/2010;23:16:00;593;sem vítima;431;BR-116/PR;Norte;Colisão Traseira;2;3;;;;;1
02/06/2010;01:45:00;46;sem vítima;464;BR-116/PR;Norte;Saida de Pista;1;2;;;;;1
02/06/2010;23:04:00;590;sem vítima;513,7;BR-116/PR;Norte;Colisão Traseira;1;2;;;;;1
02/06/2010;00:00:00;1;sem vítima;515;BR-116/PR;Norte;Tombamento;1;1;;;;;1
02/06/2010;14:24:00;373;sem vítima;538;BR-116/PR;Sul;Capotamento;1;3;;;;;1
02/06/2010;05:26:00;143;sem vítima;541;BR-116/PR;Norte;Colisão Traseira;2;2;;;;;1
03/06/2010;06:27:00;183;sem vítima;14;BR-116/PR;Sul;Saida de Pista;1;4;;;;;1
03/06/2010;05:30:00;173;sem vítima;28;BR-116/PR;Sul;Colisão Traseira;3;3;;;;;1
03/06/2010;04:51:00;113;sem vítima;282;BR-116/PR;Norte;Colisão Frontal;1;5;;;;;1
03/06/2010;07:17:00;202;com vítima;336,3;BR-116/PR;Norte;Colisão Lateral;1;1;1;;;;1
03/06/2010;23:11:00;500;sem vítima;347;BR-116/PR;Norte;Choque - Outros;1;2;;;;;1
03/06/2010;11:36:00;306;sem vítima;357,1;BR-116/PR;Sul;Colisão Lateral;1;6;;;;;1
03/06/2010;20:58:00;471;com vítima;360;BR-116/PR;Norte;Tombamento;1;0;1;;;;1
03/06/2010;20:22:00;463;sem vítima;399;BR-116/PR;Sul;Choque - Objeto sobre a pista;1;1;;;;;1
03/06/2010;08:45:00;233;sem vítima;403,6;BR-116/PR;Sul;Colisão Traseira;1;3;;;;;1
03/06/2010;03:14:00;84;sem vítima;409,9;BR-116/PR;Sul;Tombamento;1;1;;;;;1
03/06/2010;16:51:00;410;sem vítima;426,6;BR-116/PR;Norte;Colisão Lateral;2;4;;;;;1
03/06/2010;06:46:00;191;sem vítima;513;BR-116/PR;Norte;Tombamento;1;1;;;;;1
03/06/2010;11:34:00;305;sem vítima;515,3;BR-116/PR;Norte;Saida de Pista;1;1;;;;;1
03/06/2010;08:11:00;222;sem vítima;520;BR-116/PR;Sul;Saida de Pista;1;3;;;;;1
03/06/2010;09:26:00;249;sem vítima;541;BR-116/PR;Sul;Saida de Pista;1;1;;;;;1
03/06/2010;07:56:00;217;com vítima;549,6;BR-116/PR;Sul;Colisão Traseira;1;2;2;;;;1
03/06/2010;18:19:00;438;sem vítima;550;BR-116/PR;Norte;Tombamento;1;1;;;;;1
04/06/2010;23:39:00;570;sem vítima;15;BR-116/PR;Sul;Saida de Pista;1;1;;;;;1
04/06/2010;21:52:00;542;sem vítima;41,5;BR-116/PR;Norte;Choque - Objeto sobre a pista;1;1;;;;;1