data;horario;n_da_ocorrencia;tipo_de_ocorrencia;km;trecho;sentido;tipo_de_acidente;caminhao;ilesos;levemente_feridos;moderadamente_feridos;gravemente_feridos;mortos;3
04/06/2010;21:32:00;538;sem vítima;337;BR-116/PR;Norte;Colisão Lateral;2;2;;;;;1
04/06/2010;13:29:00;363;com vítima;349,8;BR-116/PR;Sul;Saida de Pista;1;0;1;;;;1
04/06/2010;11:34:00;336;sem vítima;364,5;BR-116/PR;Norte;Tombamento;1;1;;;;;1
04/06/2010;20:22:00;526;sem vítima;513,8;BR-116/PR;Norte;Outros;1;3;;;;;1
05/06/2010;02:23:00;47;sem vítima;33,5;BR-116/PR;Norte;Choque - Defensa, barreira ou "submarino";1;1;;;;;1
05/06/2010;00:53:00;18;sem vítima;279;BR-116/PR;Norte;Tombamento;1;1;;;;;1
05/06/2010;12:34:00;336;com vítima;282;BR-116/PR;Norte;Colisão Traseira;1;1;3;1;;;2
05/06/2010;05:53:00;142;sem vítima;283;BR-116/PR;Sul;Queda de Moto;1;2;;;;;1
05/06/2010;07:09:00;178;sem vítima;353,5;BR-116/PR;Norte;Colisão Frontal;2;4;;;;;1
05/06/2010;01:25:00;33;sem vítima;520;BR-116/PR;Sul;Tombamento;1;1;;;;;1
06/06/2010;07:45:00;178;sem vítima;17;BR-116/PR;Sul;Saida de Pista;1;2;;;;;1
06/06/2010;06:55:00;156;com vítima;360,3;BR-116/PR;Sul;Tombamento;1;0;3;;;;1
06/06/2010;16:50:00;405;sem vítima;369,4;BR-116/PR;Norte;Engavetamento;2;4;;;;;1
06/06/2010;04:10:00;122;sem vítima;484,5;BR-116/PR;Sul;Saida de Pista;1;1;;;;;1
06/06/2010;23:45:00;606;sem vítima;515,6;BR-116/PR;Norte;Colisão Traseira;2;3;;;;;1
06/06/2010;11:29:00;277;sem vítima;520;BR-116/PR;Sul;Colisão Traseira;2;2;;;;;1
07/06/2010;13:46:00;345;sem vítima;62,5;BR-116/PR;Norte;Choque - Objeto sobre a pista;2;3;;;;;1
07/06/2010;06:45:00;136;com vítima;63;BR-116/PR;Sul;Colisão Lateral;1;3;1;;;;1
07/06/2010;06:52:00;139;sem vítima;65,5;BR-116/PR;Sul;Saida de Pista;2;2;;;;;1
07/06/2010;16:29:00;409;sem vítima;274,5;BR-116/PR;Norte;Colisão Lateral;1;3;;;;;1
07/06/2010;05:06:00;116;com vítima;289;BR-116/PR;Norte;Colisão Traseira;2;1;;1;;;2
07/06/2010;03:54:00;86;sem vítima;334;BR-116/PR;Norte;Tombamento;1;1;;;;;1
07/06/2010;13:48:00;347;sem vítima;354;BR-116/PR;Sul;Colisão Traseira;1;24;;;;;1
07/06/2010;22:23:00;569;sem vítima;370;BR-116/PR;Sul;Colisão Traseira;1;4;;;;;1
07/06/2010;02:46:00;75;sem vítima;390;BR-116/PR;Norte;Saida de Pista;1;3;;;;;1
08/06/2010;16:27:00;415;sem vítima;32,5;BR-116/PR;Norte;Tombamento;1;1;;;;;1
08/06/2010;07:30:00;190;sem vítima;50;BR-116/PR;Sul;Choque - Defensa, barreira ou "submarino";1;1;;;;;1
08/06/2010;20:13:00;519;sem vítima;279,1;BR-116/PR;Sul;Colisão Lateral;1;6;;;;;1
08/06/2010;01:14:00;33;com vítima;464;BR-116/PR;Sul;Saida de Pista;2;1;;;;1;3
08/06/2010;04:24:00;62;sem vítima;468;BR-116/PR;Norte;Colisão Lateral;2;2;;;;;1
08/06/2010;02:56:00;46;com vítima;511;BR-116/PR;Norte;Engavetamento;3;1;2;;;;1
08/06/2010;00:55:00;24;com vítima;547;BR-116/PR;Sul;Colisão Traseira;2;1;2;;;;1
09/06/2010;08:58:00;229;sem vítima;7,5;BR-116/CW;Norte;Colisão Traseira;1;3;;;;;1
09/06/2010;04:45:00;91;com vítima;22;BR-116/PR;Sul;Colisão Traseira;2;1;1;;;;1
09/06/2010;17:48:00;454;sem vítima;30;BR-116/PR;Norte;Saida de Pista;1;1;;;;;1
09/06/2010;22:42:00;574;com vítima;290;BR-116/PR;Sul;Colisão Traseira;2;1;;1;;;2
09/06/2010;10:17:00;266;sem vítima;369;BR-116/PR;Norte;Colisão Transversal;1;3;;;;;1
09/06/2010;05:13:00;97;com vítima;428,9;BR-116/PR;Sul;Capotamento;1;2;1;;;;1
09/06/2010;08:22:00;210;sem vítima;505,5;BR-116/PR;Norte;Colisão Lateral;1;3;;;;;1
10/06/2010;17:57:00;460;sem vítima;17;BR-116/CW;Sul;Colisão Lateral;2;2;;;;;1
10/06/2010;08:52:00;251;sem vítima;283,7;BR-116/PR;Sul;Colisão Lateral;2;3;;;;;1
10/06/2010;22:51:00;580;sem vítima;336;BR-116/PR;Sul;Tombamento;1;1;;;;;1
10/06/2010;09:43:00;282;sem vítima;388,3;BR-116/PR;Norte;Colisão Lateral;2;2;;;;;1
10/06/2010;05:47:00;170;sem vítima;455;BR-116/PR;Norte;Saida de Pista;1;1;;;;;1
10/06/2010;02:08:00;74;com vítima;520,5;BR-116/PR;Norte;Saida de Pista;1;0;;;;1;3
11/06/2010;19:29:00;490;sem vítima;45,5;BR-116/PR;Sul;Saida de Pista;1;1;;;;;1
11/06/2010;19:34:00;494;sem vítima;344;BR-116/PR;Sul;Colisão Traseira;1;3;;;;;1
11/06/2010;15:40:00;425;sem vítima;345;BR-116/PR;Norte;Outros;1;1;;;;;1
11/06/2010;15:20:00;419;sem vítima;399;BR-116/PR;Norte;Tombamento;1;2;;;;;1
11/06/2010;04:04:00;122;sem vítima;468,5;BR-116/PR;Norte;Capotamento;1;1;;;;;1
11/06/2010;08:28:00;271;com vítima;499;BR-116/PR;Sul;Colisão Lateral;1;1;;;;1;3
11/06/2010;08:59:00;285;sem vítima;550,2;BR-116/PR;Sul;Saida de Pista;1;2;;;;;1
12/06/2010;00:26:00;39;sem vítima;51;BR-116/PR;Norte;Tombamento;1;4;;;;;1
12/06/2010;08:59:00;207;com vítima;70;BR-116/PR;Sul;Saida de Pista;1;23;1;;;;1
12/06/2010;03:44:00;80;sem vítima;285;BR-116/PR;Norte;Colisão Lateral;1;2;;;;;1
12/06/2010;06:55:00;162;com vítima;315,6;BR-116/PR;Sul;Outros;1;0;1;;;;1
12/06/2010;15:37:00;334;sem vítima;335,9;BR-116/PR;Sul;Submersão;1;4;;;;;1
12/06/2010;05:07:00;118;sem vítima;510;BR-116/PR;Sul;Colisão Traseira;2;2;;;;;1
12/06/2010;06:22:00;155;com vítima;513,7;BR-116/PR;Norte;Tombamento;1;0;1;;;;1
12/06/2010;07:24:00;168;sem vítima;542;BR-116/PR;Sul;Engavetamento;3;7;;;;;1
12/06/2010;05:46:00;123;com vítima;563;BR-116/PR;Sul;Saida de Pista;1;2;2;;;;1
13/06/2010;08:43:00;209;com vítima;33;BR-116/PR;Norte;Tombamento;1;0;;;;1;3
13/06/2010;18:55:00;490;sem vítima;56;BR-116/PR;Norte;Colisão Traseira;1;2;;;;;1
13/06/2010;20:48:00;522;sem vítima;360,4;BR-116/PR;Sul;Tombamento;1;1;;;;;1
14/06/2010;13:21:00;324;sem vítima;345,6;BR-116/PR;Sul;Colisão Lateral;1;2;;;;;1
14/06/2010;06:11:00;138;sem vítima;459;BR-116/PR;Sul;Saida de Pista;1;1;;;;;1
15/06/2010;23:48:00;639;sem vítima;283,7;BR-116/PR;Norte;Colisão Lateral;1;2;;;;;1
15/06/2010;10:03:00;270;sem vítima;317,5;BR-116/PR;Norte;Colisão Traseira;2;3;;;;;1
15/06/2010;16:05:00;414;sem vítima;543;BR-116/PR;Sul;Colisão Traseira;1;2;;;;;1
16/06/2010;15:29:00;396;sem vítima;273;BR-116/PR;Norte;Engavetamento;2;4;;;;;1
16/06/2010;10:24:00;286;sem vítima;304,2;BR-116/PR;Norte;Colisão Traseira;2;4;;;;;1
16/06/2010;19:18:00;471;sem vítima;384;BR-116/PR;Sul;Saida de Pista;1;2;;;;;1
17/06/2010;08:26:00;249;sem vítima;5,7;BR-116/CW;Sul;Choque - Defensa, barreira ou "submarino";1;3;;;;;1
17/06/2010;08:59:00;270;sem vítima;64;BR-116/PR;Sul;Colisão Traseira;1;2;;;;;1
17/06/2010;23:05:00;634;com vítima;67;BR-116/PR;Norte;Colisão Traseira;2;0;2;;;;1
17/06/2010;14:28:00;417;sem vítima;298;BR-116/PR;Sul;Colisão Lateral;2;2;;;;;1
17/06/2010;11:23:00;354;sem vítima;363;BR-116/PR;Sul;Choque - Objeto sobre a pista;1;3;;;;;1
17/06/2010;15:07:00;430;sem vítima;514;BR-116/PR;Sul;Colisão Traseira;1;2;;;;;1
18/06/2010;05:50:00;147;sem vítima;63,1;BR-116/PR;Norte;Colisão Lateral;1;5;;;;;1
18/06/2010;23:46:00;679;sem vítima;347,5;BR-116/PR;Norte;Saida de Pista;1;2;;;;;1
18/06/2010;05:09:00;130;sem vítima;431;BR-116/PR;Norte;Colisão Traseira;3;4;;;;;1
19/06/2010;19:23:00;562;sem vítima;24;BR-116/PR;Sul;Colisão Traseira;2;2;;;;;1
19/06/2010;11:41:00;332;sem vítima;54;BR-116/PR;Sul;Choque - Arvore;2;4;;;;;1
19/06/2010;14:23:00;391;sem vítima;362,9;BR-116/PR;Sul;Colisão Lateral;1;2;;;;;1
19/06/2010;08:40:00;244;sem vítima;396,9;BR-116/PR;Norte;Objeto lançado contra veículo;2;2;;;;;1
19/06/2010;04:52:00;111;sem vítima;417;BR-116/PR;Norte;Saida de Pista;1;1;;;;;1
20/06/2010;07:13:00;185;com vítima;33;BR-116/PR;Norte;Tombamento;1;0;;;;1;3
20/06/2010;08:09:00;209;sem vítima;33;BR-116/PR;Norte;Colisão Lateral;1;2;;;;;1
20/06/2010;19:05:00;515;sem vítima;56;BR-116/PR;Norte;Colisão Traseira;2;2;;;;;1
20/06/2010;22:12:00;584;sem vítima;356;BR-116/PR;Norte;Tombamento;1;1;;;;;1
20/06/2010;21:32:00;574;sem vítima;513;BR-116/PR;Norte;Saida de Pista;1;2;;;;;1
20/06/2010;08:58:00;236;sem vítima;516,4;BR-116/PR;Norte;Tombamento;1;1;;;;;1
21/06/2010;10:49:00;266;sem vítima;279,9;BR-116/PR;Norte;Colisão Traseira;1;8;;;;;1
21/06/2010;08:19:00;192;sem vítima;283;BR-116/PR;Norte;Colisão Traseira;1;3;;;;;1
21/06/2010;07:17:00;171;com vítima;294,8;BR-116/PR;Norte;Queda de Moto;1;1;2;;;;1
21/06/2010;08:39:00;202;sem vítima;301,1;BR-116/PR;Norte;Colisão Traseira;1;3;;;;;1
21/06/2010;23:56:00;523;com vítima;351,9;BR-116/PR;Sul;Colisão Transversal;2;1;1;;;;1
21/06/2010;07:56:00;185;sem vítima;360,3;BR-116/PR;Norte;Colisão Lateral;1;2;;;;;1
21/06/2010;11:17:00;283;sem vítima;369,8;BR-116/PR;Norte;Saida de Pista;1;1;;;;;1
21/06/2010;05:11:00;138;sem vítima;380;BR-116/PR;Sul;Saida de Pista;1;1;;;;;1
21/06/2010;12:06:00;296;sem vítima;514;BR-116/PR;Norte;Colisão Lateral;2;2;;;;;1
21/06/2010;11:02:00;273;sem vítima;568;BR-116/PR;Norte;Colisão Lateral;1;2;;;;;1
22/06/2010;02:20:00;60;sem vítima;361;BR-116/PR;Norte;Colisão Frontal;1;2;;;;;1
22/06/2010;04:00:00;89;sem vítima;477;BR-116/PR;Sul;Colisão Traseira;2;2;;;;;1
22/06/2010;08:20:00;212;sem vítima;511;BR-116/PR;Norte;Colisão Lateral;1;2;;;;;1
22/06/2010;07:04:00;180;sem vítima;513,7;BR-116/PR;Norte;Saida de Pista;1;1;;;;;1
22/06/2010;01:51:00;49;sem vítima;516,3;BR-116/PR;Sul;Saida de Pista;1;2;;;;;1
23/06/2010;17:55:00;468;sem vítima;57;BR-116/PR;Sul;Colisão Lateral;2;2;;;;;1
23/06/2010;18:48:00;498;com vítima;314;BR-116/PR;Norte;Choque - Defensa, barreira ou "submarino";1;2;;;;1;3
23/06/2010;06:40:00;155;com vítima;337;BR-116/PR;Sul;Colisão Traseira;1;4;1;;;;1
23/06/2010;20:40:00;532;sem vítima;342;BR-116/PR;Sul;Colisão Lateral;2;2;;;;;1
23/06/2010;01:42:00;51;sem vítima;353;BR-116/PR;Norte;Saida de Pista;1;1;;;;;1
23/06/2010;04:45:00;133;sem vítima;442;BR-116/PR;Norte;Saida de Pista;1;1;;;;;1
23/06/2010;04:57:00;135;sem vítima;499;BR-116/PR;Sul;Colisão Traseira;2;3;;;;;1
23/06/2010;18:31:00;493;sem vítima;515;BR-116/PR;Norte;Tombamento;1;1;;;;;1
23/06/2010;12:30:00;313;sem vítima;517;BR-116/PR;Sul;Não Def;3;3;;;;;1
23/06/2010;12:24:00;311;sem vítima;560;BR-116/PR;Sul;Outros;1;1;;;;;1
24/06/2010;01:27:00;61;com vítima;300;BR-116/PR;Sul;Tombamento;1;0;1;;;;1
24/06/2010;20:45:00;539;sem vítima;344;BR-116/PR;Norte;Colisão Traseira;3;4;;;;;1
24/06/2010;20:47:00;541;sem vítima;441,5;BR-116/PR;Norte;Saida de Pista;1;1;;;;;1
24/06/2010;05:25:00;113;sem vítima;447;BR-116/PR;Sul;Colisão Traseira;2;2;;;;;1
24/06/2010;02:44:00;82;com vítima;517,6;BR-116/PR;Norte;Tombamento;1;0;1;;;;1
24/06/2010;05:25:00;114;sem vítima;552,2;BR-116/PR;Sul;Choque - Talude;1;1;;;;;1
25/06/2010;15:55:00;404;sem vítima;8;BR-116/PR;Norte;Colisão Lateral;1;2;;;;;1
25/06/2010;07:21:00;187;sem vítima;12;BR-116/CW;Norte;Engavetamento;1;7;;;;;1
25/06/2010;15:11:00;389;com vítima;270,8;BR-116/PR;Norte;Colisão Traseira;1;4;1;;;;1
25/06/2010;23:58:00;633;sem vítima;307;BR-116/PR;Sul;Colisão Lateral;1;2;;;;;1
25/06/2010;09:39:00;253;sem vítima;360;BR-116/PR;Sul;Tombamento;1;1;;;;;1
25/06/2010;05:05:00;146;sem vítima;438,1;BR-116/PR;Norte;Saida de Pista;1;1;;;;;1
25/06/2010;04:57:00;142;com vítima;492,5;BR-116/PR;Norte;Saida de Pista;1;0;;1;;;2
26/06/2010;20:46:00;493;com vítima;307;BR-116/PR;Sul;Colisão Traseira;2;5;1;;;;1
26/06/2010;08:58:00;236;sem vítima;544,3;BR-116/PR;Norte;Tombamento;1;1;;;;;1
27/06/2010;12:03:00;332;sem vítima;9;BR-116/PR;Norte;Colisão Traseira;2;4;;;;;1
27/06/2010;14:24:00;362;sem vítima;32;BR-116/PR;Norte;Tombamento;1;1;;;;;1
27/06/2010;09:25:00;258;com vítima;42;BR-116/PR;Norte;Colisão Traseira;1;1;1;;;1;3
27/06/2010;18:22:00;452;com vítima;295,5;BR-116/PR;Norte;Colisão Lateral;1;2;2;;;;1
28/06/2010;04:58:00;137;sem vítima;38;BR-116/PR;Sul;Saida de Pista;1;1;;;;;1
28/06/2010;23:16:00;635;sem vítima;65;BR-116/PR;Norte;Colisão Traseira;1;27;;;;;1
28/06/2010;19:26:00;529;sem vítima;285,4;BR-116/PR;Norte;Colisão Lateral;1;2;;;;;1
28/06/2010;03:10:00;101;sem vítima;469;BR-116/PR;Norte;Saida de Pista;1;1;;;;;1
29/06/2010;10:28:00;258;com vítima;23,8;BR-116/PR;Norte;Tombamento;1;0;2;;;;1
29/06/2010;16:26:00;387;com vítima;31,5;BR-116/PR;Sul;Colisão Traseira;3;3;1;;;;1
29/06/2010;07:50:00;182;sem vítima;281;BR-116/PR;Norte;Colisão Lateral;2;3;;;;;1
29/06/2010;10:41:00;264;com vítima;357,8;BR-116/PR;Norte;Colisão Frontal;2;2;1;1;;;2
29/06/2010;09:51:00;242;sem vítima;508,9;BR-116/PR;Sul;Choque - Talude;1;1;;;;;1
29/06/2010;21:15:00;505;com vítima;511,8;BR-116/PR;Norte;Tombamento;1;0;1;;;;1
29/06/2010;04:57:00;138;sem vítima;559;BR-116/PR;Sul;Colisão Traseira;2;3;;;;;1
30/06/2010;18:59:00;510;sem vítima;29;BR-116/PR;Norte;Tombamento;1;2;;;;;1
30/06/2010;21:04:00;537;sem vítima;56;BR-116/PR;Norte;Colisão Lateral;1;4;;;;;1
30/06/2010;06:50:00;163;sem vítima;280;BR-116/PR;Norte;Colisão Traseira;1;4;;;;;1
30/06/2010;00:03:00;4;sem vítima;328;BR-116/PR;Sul;Choque - Defensa, barreira ou "submarino";1;1;;;;;1
30/06/2010;03:20:00;85;sem vítima;346,5;BR-116/PR;Sul;Outros;1;1;;;;;1
30/06/2010;22:36:00;609;sem vítima;352;BR-116/PR;Sul;Colisão Traseira;2;2;;;;;1
30/06/2010;09:28:00;267;com vítima;359,3;BR-116/PR;Sul;Tombamento;2;1;1;;;;1
30/06/2010;09:01:00;254;com vítima;364,3;BR-116/PR;Norte;Tombamento;1;0;1;;;;1
30/06/2010;13:07:00;343;sem vítima;474,8;BR-116/PR;Sul;Saida de Pista;1;1;;;;;1
01/07/2010;09:43:00;229;sem vítima;359,3;BR-116/PR;Norte;Tombamento;1;1;;;;;1
01/07/2010;02:44:00;62;com vítima;361;BR-116/PR;Norte;Colisão Traseira;1;1;;1;;;2
01/07/2010;04:09:00;80;sem vítima;376,5;BR-116/PR;Norte;Saida de Pista;1;1;;;;;1
01/07/2010;03:07:00;67;sem vítima;514;BR-116/PR;Sul;Colisão Traseira;2;2;;;;;1
01/07/2010;17:36:00;427;sem vítima;514;BR-116/PR;Norte;Choque - Talude;1;2;;;;;1
01/07/2010;02:41:00;59;sem vítima;550;BR-116/PR;Sul;Capotamento;1;1;;;;;1
01/07/2010;04:08:00;79;com vítima;550,7;BR-116/PR;Norte;Tombamento;1;0;1;;;;1
02/07/2010;23:17:00;612;sem vítima;2;BR-116/PR;Sul;Saida de Pista;1;1;;;;;1
02/07/2010;05:26:00;121;sem vítima;48;BR-116/PR;Sul;Colisão Traseira;2;3;;;;;1
02/07/2010;13:01:00;339;com vítima;54;BR-116/PR;Sul;Saida de Pista;1;0;;1;;;2
02/07/2010;11:58:00;326;sem vítima;273;BR-116/PR;Norte;Tombamento;1;2;;;;;1
02/07/2010;05:46:00;130;sem vítima;330;BR-116/PR;Sul;Tombamento;1;1;;;;;1
02/07/2010;05:10:00;118;com vítima;511;BR-116/PR;Sul;Tombamento;1;1;1;;;;1
03/07/2010;05:00:00;161;sem vítima;48,9;BR-116/PR;Sul;Colisão Traseira;2;2;;;;;1
03/07/2010;07:59:00;225;sem vítima;511,5;BR-116/PR;Norte;Tombamento;1;3;;;;;1
04/07/2010;15:43:00;390;com vítima;9;BR-116/CW;Norte;Colisão Lateral;1;1;1;;;;1
04/07/2010;23:26:00;579;sem vítima;28,5;BR-116/PR;Norte;Tombamento;1;1;;;;;1
04/07/2010;23:51:00;588;com vítima;284,5;BR-116/PR;Norte;Colisão Traseira;2;3;1;;3;;2
04/07/2010;16:32:00;409;sem vítima;307;BR-116/PR;Sul;Colisão Traseira;1;3;;;;;1
04/07/2010;11:00:00;297;sem vítima;341,2;BR-116/PR;Norte;Colisão Traseira;2;2;;;;;1
04/07/2010;02:57:00;61;sem vítima;453,7;BR-116/PR;Sul;Tombamento;1;1;;;;;1
05/07/2010;06:59:00;209;sem vítima;281;BR-116/PR;Norte;Colisão Traseira;1;2;;;;;1
05/07/2010;21:10:00;571;sem vítima;305;BR-116/PR;Norte;Colisão Traseira;2;2;;;;;1
05/07/2010;05:07:00;162;sem vítima;338;BR-116/PR;Norte;Colisão Traseira;2;2;;;;;1
05/07/2010;09:19:00;288;com vítima;360;BR-116/PR;Norte;Tombamento;1;0;1;;;;1
06/07/2010;20:41:00;529;sem vítima;32;BR-116/PR;Sul;Colisão Traseira;2;2;;;;;1
06/07/2010;01:45:00;34;sem vítima;39,4;BR-116/PR;Sul;Tombamento;1;1;;;;;1
06/07/2010;17:03:00;467;sem vítima;281,7;BR-116/PR;Norte;Colisão Lateral;1;5;;;;;1
06/07/2010;04:49:00;63;com vítima;298,9;BR-116/PR;Norte;Colisão Traseira;2;1;1;;;;1
06/07/2010;00:52:00;16;com vítima;398,8;BR-116/PR;Sul;Tombamento;1;0;1;;;;1
06/07/2010;02:02:00;36;com vítima;461,4;BR-116/PR;Norte;Colisão Traseira;3;2;;1;;;2
07/07/2010;04:10:00;105;sem vítima;429,5;BR-116/PR;Norte;Tombamento;1;1;;;;;1
07/07/2010;01:36:00;30;sem vítima;430,6;BR-116/PR;Sul;Queda de Moto;3;5;;;;;1
07/07/2010;00:37:00;17;com vítima;481;BR-116/PR;Sul;Tombamento;1;0;1;;;;1
07/07/2010;22:32:00;560;sem vítima;490;BR-116/PR;Sul;Colisão Traseira;2;2;;;;;1
07/07/2010;18:53:00;452;sem vítima;527,7;BR-116/PR;Sul;Choque - Objeto sobre a pista;1;1;;;;;1
07/07/2010;04:08:00;104;sem vítima;548;BR-116/PR;Sul;Tombamento;1;1;;;;;1
07/07/2010;00:48:00;21;sem vítima;561,9;BR-116/PR;Norte;Saida de Pista;1;2;;;;;1
08/07/2010;12:06:00;306;com vítima;23;BR-116/PR;Sul;Colisão Traseira;2;1;;;1;;2
08/07/2010;12:31:00;316;sem vítima;56;BR-116/PR;Norte;Choque - Cancela de Pedagio;1;1;;;;;1
08/07/2010;20:31:00;520;sem vítima;344;BR-116/PR;Sul;Engavetamento;3;3;;;;;1
08/07/2010;09:16:00;227;sem vítima;369,5;BR-116/PR;Norte;Colisão Lateral;1;3;;;;;1
08/07/2010;04:43:00;114;com vítima;462;BR-116/PR;Norte;Colisão Traseira;2;1;;;;1;3
08/07/2010;00:07:00;5;sem vítima;514;BR-116/PR;Sul;Tombamento;1;3;;;;;1
08/07/2010;04:29:00;112;com vítima;516;BR-116/PR;Norte;Colisão Traseira;1;1;;1;;;2
09/07/2010;07:58:00;159;sem vítima;22;BR-116/PR;Sul;Colisão Lateral;1;2;;;;;1
09/07/2010;04:39:00;106;sem vítima;357;BR-116/PR;Norte;Colisão Traseira;1;2;;;;;1
09/07/2010;16:00:00;335;sem vítima;375,7;BR-116/PR;Sul;Colisão Traseira;1;4;;;;;1
09/07/2010;05:25:00;123;com vítima;485;BR-116/PR;Sul;Tombamento;1;0;2;1;;;2
09/07/2010;20:58:00;483;sem vítima;562;BR-116/PR;Norte;Colisão Transversal;1;4;;;;;1
10/07/2010;03:39:00;54;com vítima;411;BR-116/PR;Norte;Tombamento;1;0;1;;;;1
10/07/2010;17:38:00;387;sem vítima;461,5;BR-116/PR;Sul;Tombamento;1;1;;;;;1
10/07/2010;06:13:00;119;sem vítima;493,5;BR-116/PR;Norte;Tombamento;1;1;;;;;1
10/07/2010;21:41:00;500;sem vítima;552,9;BR-116/PR;Sul;Choque - Outros;1;2;;;;;1
11/07/2010;02:48:00;73;sem vítima;31,7;BR-116/PR;Sul;Choque - Objeto sobre a pista;1;1;;;;;1
11/07/2010;17:10:00;458;sem vítima;52,2;BR-116/PR;Norte;Colisão Lateral;1;3;;;;;1
11/07/2010;11:48:00;297;sem vítima;338;BR-116/PR;Norte;Colisão Lateral;1;4;;;;;1
11/07/2010;01:44:00;51;com vítima;359;BR-116/PR;Sul;Choque - Talude;1;1;2;;;;1
11/07/2010;14:58:00;402;com vítima;412,7;BR-116/PR;Sul;Atropelamento - Ciclista;1;1;;1;;;2
12/07/2010;18:22:00;489;sem vítima;270,7;BR-116/PR;Sul;Colisão Lateral;1;2;;;;;1
12/07/2010;08:50:00;236;sem vítima;277;BR-116/PR;Sul;Colisão Traseira;1;3;;;;;1
12/07/2010;17:49:00;476;com vítima;337;BR-116/PR;Norte;Atropelamento - Morador;1;1;;;;1;3
12/07/2010;17:16:00;460;com vítima;473,6;BR-116/PR;Sul;Atropelamento - Usuário;2;1;;1;;;2
13/07/2010;10:06:00;285;com vítima;33,6;BR-116/PR;Norte;Tombamento;1;0;;1;;;2
13/07/2010;12:13:00;313;sem vítima;282;BR-116/PR;Sul;Tombamento;1;3;;;;;1
13/07/2010;22:23:00;510;sem vítima;299,4;BR-116/PR;Sul;Colisão Traseira;2;2;;;;;1
13/07/2010;13:54:00;337;sem vítima;332;BR-116/PR;Norte;Choque - Talude;1;1;;;;;1
13/07/2010;00:51:00;15;sem vítima;350;BR-116/PR;Norte;Saida de Pista;1;1;;;;;1
13/07/2010;11:14:00;297;sem vítima;352,4;BR-116/PR;Sul;Colisão Traseira;1;2;;;;;1
13/07/2010;14:51:00;355;sem vítima;352,5;BR-116/PR;Norte;Choque - Talude;1;1;;;;;1
13/07/2010;15:34:00;364;sem vítima;357,5;BR-116/PR;Sul;Colisão Lateral;1;4;;;;;1
13/07/2010;11:02:00;293;com vítima;359;BR-116/PR;Norte;Colisão Lateral;1;1;2;;;;1
13/07/2010;01:21:00;24;sem vítima;410,8;BR-116/PR;Sul;Saida de Pista;1;36;;;;;1
13/07/2010;08:29:00;244;sem vítima;515;BR-116/PR;Sul;Colisão Lateral;1;2;;;;;1
13/07/2010;03:23:00;110;com vítima;560;BR-116/PR;Sul;Saida de Pista;1;0;2;;;;1
13/07/2010;18:37:00;421;com vítima;560;BR-116/PR;Sul;Capotamento;1;0;1;;;;1
13/07/2010;09:02:00;258;com vítima;561;BR-116/PR;Sul;Tombamento;1;0;;1;;;2
14/07/2010;06:09:00;117;sem vítima;54;BR-116/PR;Sul;Colisão Traseira;1;4;;;;;1
14/07/2010;03:29:00;80;com vítima;340;BR-116/PR;Norte;Colisão Frontal;2;3;;1;;;2
14/07/2010;23:23:00;509;sem vítima;347;BR-116/PR;Norte;Saida de Pista;1;1;;;;;1
14/07/2010;01:37:00;31;sem vítima;412,7;BR-116/PR;Sul;Saida de Pista;1;2;;;;;1
14/07/2010;02:40:00;51;sem vítima;511;BR-116/PR;Sul;Saida de Pista;1;1;;;;;1
15/07/2010;10:46:00;293;sem vítima;33;BR-116/PR;Norte;Tombamento;1;1;;;;;1
15/07/2010;15:05:00;371;com vítima;331;BR-116/PR;Sul;Colisão Transversal;1;1;;1;1;;2
15/07/2010;01:24:00;25;sem vítima;486;BR-116/PR;Norte;Saida de Pista;1;1;;;;;1
15/07/2010;14:56:00;369;sem vítima;511;BR-116/PR;Norte;Saida de Pista;1;4;;;;;1
15/07/2010;18:24:00;450;sem vítima;513;BR-116/PR;Norte;Tombamento;1;1;;;;;1
15/07/2010;08:09:00;224;sem vítima;548;BR-116/PR;Sul;Colisão Traseira;1;9;;;;;1
15/07/2010;10:28:00;285;com vítima;561;BR-116/PR;Sul;Colisão Lateral;1;3;1;1;;;2
16/07/2010;08:23:00;187;sem vítima;44;BR-116/PR;Sul;Colisão Traseira;2;2;;;;;1
16/07/2010;18:51:00;444;com vítima;334;BR-116/PR;Norte;Colisão Traseira;1;1;5;2;;;2
16/07/2010;00:29:00;12;sem vítima;336;BR-116/PR;Sul;Colisão Traseira;2;2;;;;;1
16/07/2010;18:17:00;433;sem vítima;336;BR-116/PR;Sul;Colisão Lateral;1;2;;;;;1
16/07/2010;14:39:00;339;sem vítima;344;BR-116/PR;Sul;Colisão Lateral;2;2;;;;;1
16/07/2010;21:09:00;484;sem vítima;346;BR-116/PR;Norte;Colisão Lateral;3;5;;;;;1
16/07/2010;09:57:00;229;sem vítima;352;BR-116/PR;Sul;Colisão Lateral;1;3;;;;;1
16/07/2010;00:49:00;21;sem vítima;386;BR-116/PR;Sul;Colisão Traseira;2;2;;;;;1
16/07/2010;07:12:00;159;com vítima;442;BR-116/PR;Sul;Tombamento;1;1;;;1;;2
16/07/2010;03:30:00;76;sem vítima;454;BR-116/PR;Sul;Saida de Pista;1;3;;;;;1
16/07/2010;23:39:00;564;sem vítima;532;BR-116/PR;Sul;Saida de Pista;1;3;;;;;1