data;horario;n_da_ocorrencia;tipo_de_ocorrencia;km;trecho;sentido;tipo_de_acidente;caminhao;ilesos;levemente_feridos;moderadamente_feridos;gravemente_feridos;mortos;3
17/07/2010;13:24:00;320;sem vítima;62;BR-116/PR;Sul;Colisão Traseira;2;4;;;;;1
17/07/2010;19:49:00;487;sem vítima;298;BR-116/PR;Sul;Colisão Lateral;2;2;;;;;1
17/07/2010;01:33:00;36;sem vítima;354;BR-116/PR;Norte;Tombamento;1;1;;;;;1
17/07/2010;20:36:00;494;sem vítima;412;BR-116/PR;Sul;Colisão Traseira;1;2;;;;;1
17/07/2010;17:36:00;414;sem vítima;426;BR-116/PR;Sul;Colisão Traseira;2;2;;;;;1
17/07/2010;09:12:00;214;sem vítima;548;BR-116/PR;Sul;Colisão Lateral;1;5;;;;;1
17/07/2010;05:52:00;140;sem vítima;561;BR-116/PR;Sul;Saida de Pista;1;1;;;;;1
18/07/2010;06:56:00;182;sem vítima;21;BR-116/PR;Norte;Choque - Defensa, barreira ou "submarino";1;2;;;;;1
18/07/2010;01:38:00;49;com vítima;52;BR-116/PR;Sul;Saida de Pista;1;0;1;;;;1
18/07/2010;21:05:00;536;sem vítima;323;BR-116/PR;Sul;Colisão Traseira;2;5;;;;;1
18/07/2010;21:26:00;540;sem vítima;519;BR-116/PR;Norte;Colisão Lateral;1;2;;;;;1
18/07/2010;23:38:00;585;sem vítima;520;BR-116/PR;Norte;Saida de Pista;1;1;;;;;1
19/07/2010;02:41:00;39;sem vítima;544;BR-116/PR;Norte;Saida de Pista;1;1;;;;;1
20/07/2010;07:16:00;200;sem vítima;17;BR-116/PR;Sul;Choque - Defensa, barreira ou "submarino";1;1;;;;;1
20/07/2010;01:38:00;68;com vítima;28;BR-116/PR;Norte;Tombamento;1;0;1;1;;;2
20/07/2010;01:44:00;72;com vítima;28;BR-116/PR;Norte;Colisão Traseira;1;0;1;;;;1
20/07/2010;04:33:00;135;sem vítima;28;BR-116/PR;Norte;Tombamento;1;1;;;;;1
20/07/2010;18:23:00;503;sem vítima;346;BR-116/PR;Sul;Atropelamento - Andarilho;1;2;;;;;1
20/07/2010;06:49:00;185;sem vítima;452;BR-116/PR;Sul;Saida de Pista;1;1;;;;;1
21/07/2010;21:50:00;546;sem vítima;28;BR-116/PR;Norte;Engavetamento;4;6;;;;;1
21/07/2010;20:19:00;525;sem vítima;56;BR-116/PR;Norte;Colisão Traseira;2;2;;;;;1
21/07/2010;04:34:00;98;sem vítima;291;BR-116/PR;Sul;Colisão Lateral;1;5;;;;;1
21/07/2010;17:13:00;467;sem vítima;338;BR-116/PR;Norte;Colisão Lateral;1;1;;;;;1
21/07/2010;15:46:00;435;sem vítima;374;BR-116/PR;Norte;Colisão Traseira;1;2;;;;;1
21/07/2010;19:39:00;523;sem vítima;426;BR-116/PR;Norte;Colisão Traseira;2;3;;;;;1
21/07/2010;13:47:00;386;sem vítima;516;BR-116/PR;Norte;Choque - Outros;1;2;;;;;1
22/07/2010;04:03:00;89;com vítima;58;BR-116/PR;Norte;Colisão Traseira;2;1;1;;;;1
22/07/2010;08:09:00;168;sem vítima;273;BR-116/PR;Norte;Colisão Lateral;1;2;;;;;1
22/07/2010;15:25:00;325;sem vítima;277;BR-116/PR;Sul;Colisão Traseira;1;2;;;;;1
22/07/2010;19:16:00;433;sem vítima;282;BR-116/PR;Norte;Colisão Traseira;1;2;;;;;1
22/07/2010;20:33:00;452;com vítima;323;BR-116/PR;Sul;Colisão Traseira;2;1;;1;;;2
22/07/2010;17:45:00;392;sem vítima;325;BR-116/PR;Sul;Colisão Traseira;1;2;;;;;1
22/07/2010;21:25:00;464;com vítima;340;BR-116/PR;Norte;Atropelamento - Andarilho;1;1;;;1;;2
22/07/2010;04:13:00;93;sem vítima;346;BR-116/PR;Norte;Saida de Pista;1;1;;;;;1
22/07/2010;05:34:00;115;com vítima;347;BR-116/PR;Norte;Engavetamento;7;10;4;4;;;2
22/07/2010;06:03:00;122;com vítima;360;BR-116/PR;Sul;Tombamento;1;0;;;;1;3
22/07/2010;17:22:00;382;sem vítima;390;BR-116/PR;Sul;Saida de Pista;1;1;;;;;1
22/07/2010;09:56:00;210;sem vítima;426;BR-116/PR;Norte;Colisão Traseira;2;2;;;;;1
22/07/2010;18:18:00;414;sem vítima;485;BR-116/PR;Sul;Choque - Cancela de Pedagio;1;1;;;;;1
22/07/2010;23:34:00;506;sem vítima;549;BR-116/PR;Norte;Saida de Pista;1;2;;;;;1
23/07/2010;05:09:00;116;sem vítima;25;BR-116/PR;Norte;Choque - Defensa, barreira ou "submarino";1;1;;;;;1
23/07/2010;17:24:00;444;sem vítima;39;BR-116/PR;Sul;Colisão Traseira;1;2;;;;;1
23/07/2010;05:33:00;126;sem vítima;43;BR-116/PR;Norte;Tombamento;1;1;;;;;1
23/07/2010;15:15:00;387;com vítima;269;BR-116/PR;Norte;Colisão Lateral;1;9;1;;;;1
23/07/2010;16:47:00;432;sem vítima;306;BR-116/PR;Norte;Colisão Lateral;1;4;;;;;1
23/07/2010;00:59:00;19;sem vítima;331;BR-116/PR;Sul;Colisão Traseira;1;2;;;;;1
23/07/2010;00:16:00;9;sem vítima;340;BR-116/PR;Sul;Colisão Traseira;2;2;;;;;1
23/07/2010;20:16:00;495;sem vítima;342;BR-116/PR;Norte;Colisão Traseira;2;3;;;;;1
23/07/2010;09:13:00;251;com vítima;404;BR-116/PR;Sul;Saida de Pista;1;1;1;;;;1
23/07/2010;06:12:00;137;com vítima;436;BR-116/PR;Sul;Outros - Sequência;2;1;;2;;;2
23/07/2010;23:40:00;594;sem vítima;560;BR-116/PR;Sul;Colisão Lateral;2;5;;;;;1
24/07/2010;07:21:00;180;com vítima;5;BR-116/PR;Sul;Tombamento;1;0;2;;;;1
24/07/2010;19:24:00;433;sem vítima;32;BR-116/PR;Norte;Tombamento;1;1;;;;;1
24/07/2010;21:16:00;458;com vítima;294;BR-116/PR;Norte;Capotamento;1;1;1;;;1;3
24/07/2010;15:20:00;328;com vítima;435;BR-116/PR;Norte;Tombamento;1;3;1;;;;1
24/07/2010;03:11:00;91;sem vítima;520;BR-116/PR;Sul;Saida de Pista;1;4;;;;;1
25/07/2010;16:34:00;384;com vítima;3;BR-116/CW;Sul;Colisão Traseira;1;2;1;;;;1
25/07/2010;14:54:00;332;sem vítima;412;BR-116/PR;Norte;Colisão Lateral;1;3;;;;;1
25/07/2010;14:44:00;330;sem vítima;420;BR-116/PR;Norte;Não Def;1;2;;;;;1
25/07/2010;00:11:00;3;sem vítima;485;BR-116/PR;Sul;Choque - Defensa, barreira ou "submarino";1;1;;;;;1
26/07/2010;00:19:00;11;sem vítima;285;BR-116/PR;Norte;Colisão Frontal;2;2;;;;;1
26/07/2010;17:41:00;463;com vítima;357;BR-116/PR;Norte;Colisão Lateral;2;1;1;;;;1
26/07/2010;15:16:00;393;sem vítima;370;BR-116/PR;Sul;Colisão Traseira;1;2;;;;;1
26/07/2010;14:26:00;370;sem vítima;430;BR-116/PR;Sul;Colisão Lateral;1;3;;;;;1
27/07/2010;07:17:00;177;sem vítima;30;BR-116/PR;Sul;Tombamento;1;1;;;;;1
27/07/2010;13:58:00;351;sem vítima;57;BR-116/PR;Norte;Colisão Lateral;2;2;;;;;1
27/07/2010;13:06:00;336;sem vítima;68;BR-116/PR;Norte;Colisão Traseira;2;3;;;;;1
27/07/2010;14:08:00;352;com vítima;279;BR-116/PR;Norte;Queda de Moto;1;1;1;1;;;2
27/07/2010;17:35:00;443;sem vítima;331;BR-116/PR;Norte;Choque - Defensa, barreira ou "submarino";1;5;;;;;1
27/07/2010;00:27:00;10;sem vítima;344;BR-116/PR;Sul;Colisão Traseira;2;2;;;;;1
27/07/2010;18:12:00;455;sem vítima;344;BR-116/PR;Sul;Colisão Traseira;2;3;;;;;1
27/07/2010;10:04:00;271;sem vítima;348;BR-116/PR;Norte;Tombamento;2;2;;;;;1
27/07/2010;03:15:00;72;sem vítima;353;BR-116/PR;Norte;Saida de Pista;1;1;;;;;1
27/07/2010;15:35:00;398;sem vítima;361;BR-116/PR;Norte;Colisão Traseira;1;6;;;;;1
27/07/2010;20:38:00;492;com vítima;428;BR-116/PR;Norte;Colisão Traseira;2;1;;;;1;3
27/07/2010;15:20:00;390;sem vítima;450;BR-116/PR;Sul;Colisão Lateral;1;2;;;;;1
27/07/2010;07:12:00;173;com vítima;503;BR-116/PR;Sul;Tombamento;1;0;1;;;;1
28/07/2010;17:27:00;493;sem vítima;1;BR-116/CW;Norte;Saida de Pista;1;1;;;;;1
28/07/2010;06:13:00;164;sem vítima;16;BR-116/PR;Sul;Saida de Pista;1;2;;;;;1
28/07/2010;10:23:00;333;sem vítima;19;BR-116/PR;Sul;Colisão Traseira;2;3;;;;;1
28/07/2010;15:08:00;428;sem vítima;360;BR-116/PR;Sul;Choque - Outros;1;1;;;;;1
28/07/2010;03:56:00;116;sem vítima;394;BR-116/PR;Sul;Saida de Pista;1;2;;;;;1
28/07/2010;21:15:00;621;sem vítima;400;BR-116/PR;Norte;Saida de Pista;1;1;;;;;1
28/07/2010;18:58:00;531;com vítima;417;BR-116/PR;Sul;Atropelamento - Morador;1;1;;;;1;3
28/07/2010;00:26:00;15;sem vítima;420;BR-116/PR;Sul;Saida de Pista;1;2;;;;;1
28/07/2010;13:45:00;400;com vítima;426;BR-116/PR;Sul;Choque - Defensa, barreira ou "submarino";1;1;2;;;;1
28/07/2010;02:27:00;70;sem vítima;514;BR-116/PR;Norte;Colisão Traseira;2;3;;;;;1
28/07/2010;22:12:00;634;sem vítima;545;BR-116/PR;Norte;Tombamento;1;1;;;;;1
29/07/2010;13:37:00;331;com vítima;38;BR-116/PR;Norte;Tombamento;2;3;1;;;;1
29/07/2010;02:59:00;58;sem vítima;282;BR-116/PR;Norte;Colisão Traseira;2;2;;;;;1
29/07/2010;01:53:00;33;sem vítima;392;BR-116/PR;Norte;Atropelamento de Animal;1;1;;;;;1
29/07/2010;19:32:00;474;sem vítima;513;BR-116/PR;Norte;Problema Mecanico / Eletrico;2;5;;;;;1
29/07/2010;13:18:00;328;sem vítima;515;BR-116/PR;Norte;Saida de Pista;1;1;;;;;1
30/07/2010;21:26:00;502;com vítima;5;BR-116/PR;Norte;Tombamento;1;1;;;;1;3
30/07/2010;07:03:00;151;sem vítima;351;BR-116/PR;Sul;Colisão Traseira;2;2;;;;;1
30/07/2010;14:25:00;357;sem vítima;360;BR-116/PR;Sul;Tombamento;1;3;;;;;1
31/07/2010;05:55:00;132;sem vítima;287;BR-116/PR;Norte;Colisão Lateral;1;5;;;;;1
31/07/2010;12:53:00;295;sem vítima;287;BR-116/PR;Norte;Colisão Lateral;2;3;;;;;1
31/07/2010;11:30:00;272;com vítima;511;BR-116/PR;Sul;Queda de Moto;1;1;2;;;;1
31/07/2010;06:20:00;135;com vítima;567;BR-116/PR;Sul;Tombamento;3;2;1;;;;1
01/08/2010;23:31:00;493;sem vítima;7,8;BR-116/PR;Sul;Saida de Pista;1;1;;;;;1
01/08/2010;09:43:00;207;sem vítima;33;BR-116/PR;Norte;Tombamento;1;1;;;;;1
01/08/2010;18:36:00;404;sem vítima;279;BR-116/PR;Norte;Colisão Lateral;1;6;;;;;1
01/08/2010;21:34:00;469;sem vítima;290,2;BR-116/PR;Norte;Colisão Traseira;1;3;;;;;1
01/08/2010;21:40:00;473;sem vítima;335,9;BR-116/PR;Norte;Colisão Traseira;2;2;;;;;1
01/08/2010;14:54:00;294;sem vítima;349;BR-116/PR;Sul;Colisão Traseira;1;2;;;;;1
01/08/2010;07:47:00;166;sem vítima;360,6;BR-116/PR;Norte;Tombamento;1;1;;;;;1
01/08/2010;05:51:00;130;sem vítima;425,8;BR-116/PR;Sul;Saida de Pista;1;1;;;;;1
01/08/2010;03:32:00;93;sem vítima;433,9;BR-116/PR;Sul;Tombamento;1;1;;;;;1
01/08/2010;14:28:00;284;sem vítima;461;BR-116/PR;Sul;Saida de Pista;1;1;;;;;1
01/08/2010;04:36:00;112;sem vítima;479;BR-116/PR;Norte;Tombamento;1;1;;;;;1
01/08/2010;13:56:00;273;sem vítima;484,1;BR-116/PR;Sul;Colisão Traseira;1;2;;;;;1
01/08/2010;21:50:00;476;sem vítima;508,9;BR-116/PR;Sul;Tombamento;1;1;;;;;1
01/08/2010;15:23:00;305;sem vítima;544;BR-116/PR;Norte;Saida de Pista;1;1;;;;;1
01/08/2010;15:34:00;309;sem vítima;545;BR-116/PR;Sul;Não Def;1;1;;;;;1
01/08/2010;13:34:00;266;com vítima;549;BR-116/PR;Sul;Não Def;1;7;2;;;;1
02/08/2010;21:48:00;425;sem vítima;37;BR-116/PR;Norte;Saida de Pista;1;1;;;;;1
02/08/2010;06:14:00;113;sem vítima;65;BR-116/PR;Norte;Outros;1;1;;;;;1
02/08/2010;01:46:00;25;com vítima;336;BR-116/PR;Norte;Atropelamento - Morador;1;1;;;;1;3
02/08/2010;21:43:00;424;sem vítima;356;BR-116/PR;Norte;Colisão Traseira;1;7;;;;;1
02/08/2010;19:57:00;397;sem vítima;375;BR-116/PR;Norte;Colisão Lateral;1;3;;;;;1
02/08/2010;04:56:00;98;sem vítima;396;BR-116/PR;Norte;Saida de Pista;1;1;;;;;1
02/08/2010;04:36:00;93;sem vítima;499;BR-116/PR;Norte;Colisão Lateral;2;4;;;;;1
02/08/2010;03:05:00;64;sem vítima;513,4;BR-116/PR;Norte;Tombamento;1;1;;;;;1
02/08/2010;12:16:00;231;sem vítima;533;BR-116/PR;Sul;Colisão Traseira;1;2;;;;;1
02/08/2010;21:16:00;420;sem vítima;544;BR-116/PR;Norte;Choque - Talude;1;1;;;;;1
02/08/2010;17:42:00;340;sem vítima;560;BR-116/PR;Sul;Saida de Pista;1;1;;;;;1
03/08/2010;04:13:00;64;sem vítima;9;BR-116/PR;Sul;Saida de Pista;1;1;;;;;1
03/08/2010;18:31:00;385;sem vítima;33;BR-116/PR;Norte;Tombamento;1;1;;;;;1
03/08/2010;03:24:00;53;sem vítima;292;BR-116/PR;Sul;Colisão Lateral;1;2;;;;;1
03/08/2010;03:28:00;56;sem vítima;312,5;BR-116/PR;Sul;Tombamento;1;1;;;;;1
03/08/2010;19:57:00;420;sem vítima;321;BR-116/PR;Norte;Saida de Pista;1;1;;;;;1
03/08/2010;20:12:00;422;sem vítima;340;BR-116/PR;Norte;Choque - Talude;1;1;;;;;1
03/08/2010;20:21:00;425;sem vítima;360;BR-116/PR;Norte;Saida de Pista;1;1;;;;;1
03/08/2010;22:20:00;509;sem vítima;360;BR-116/PR;Norte;Saida de Pista;1;1;;;;;1
03/08/2010;14:06:00;294;sem vítima;509,8;BR-116/PR;Norte;Tombamento;1;1;;;;;1
03/08/2010;08:02:00;173;sem vítima;560;BR-116/PR;Sul;Choque - Defensa, barreira ou "submarino";1;2;;;;;1
03/08/2010;20:31:00;428;sem vítima;568;BR-116/PR;Sul;Tombamento;1;1;;;;;1
04/08/2010;07:02:00;146;sem vítima;22;BR-116/PR;Norte;Colisão Traseira;1;2;;;;;1
04/08/2010;12:55:00;296;com vítima;40;BR-116/PR;Sul;Saida de Pista;1;5;1;;;;1
04/08/2010;06:18:00;131;sem vítima;61;BR-116/PR;Sul;Saida de Pista;1;1;;;;;1
04/08/2010;16:44:00;370;sem vítima;291;BR-116/PR;Sul;Colisão Lateral;1;2;;;;;1
04/08/2010;21:44:00;485;sem vítima;322,7;BR-116/PR;Norte;Saida de Pista;1;1;;;;;1
04/08/2010;06:43:00;141;sem vítima;383,8;BR-116/PR;Norte;Saida de Pista;1;1;;;;;1
04/08/2010;12:39:00;292;sem vítima;434,8;BR-116/PR;Sul;Tombamento;1;1;;;;;1
04/08/2010;15:55:00;350;sem vítima;451;BR-116/PR;Sul;Colisão Lateral;1;2;;;;;1
04/08/2010;20:45:00;434;sem vítima;485;BR-116/PR;Sul;Colisão Traseira;2;2;;;;;1
04/08/2010;17:07:00;376;sem vítima;501,5;BR-116/PR;Sul;Saida de Pista;1;1;;;;;1
04/08/2010;02:17:00;49;sem vítima;506,9;BR-116/PR;Sul;Choque - Objeto sobre a pista;1;1;;;;;1
04/08/2010;16:02:00;351;sem vítima;508;BR-116/PR;Norte;Colisão Traseira;2;2;;;;;1
04/08/2010;19:28:00;417;com vítima;514,4;BR-116/PR;Norte;Tombamento;1;0;1;;;;1
04/08/2010;04:31:00;88;sem vítima;517,6;BR-116/PR;Norte;Saida de Pista;1;1;;;;;1
04/08/2010;08:35:00;191;sem vítima;548;BR-116/PR;Sul;Colisão Lateral;1;2;;;;;1
04/08/2010;06:16:00;127;sem vítima;566;BR-116/PR;Sul;Tombamento;1;1;;;;;1
05/08/2010;15:36:00;328;sem vítima;14,9;BR-116/PR;Sul;Capotamento;1;1;;;;;1
05/08/2010;18:31:00;396;sem vítima;21;BR-116/PR;Norte;Colisão Lateral;1;2;;;;;1
05/08/2010;06:08:00;138;com vítima;23;BR-116/PR;Sul;Colisão Traseira;2;0;2;;;;1
05/08/2010;19:41:00;419;com vítima;276,5;BR-116/PR;Sul;Atropelamento - Andarilho;1;1;;;;1;3
05/08/2010;11:10:00;251;sem vítima;280,9;BR-116/PR;Norte;Colisão Traseira;2;2;;;;;1
05/08/2010;14:42:00;306;sem vítima;281;BR-116/PR;Norte;Colisão Traseira;1;3;;;;;1
05/08/2010;01:11:00;32;sem vítima;298;BR-116/PR;Norte;Colisão Traseira;2;2;;;;;1
05/08/2010;19:27:00;412;sem vítima;336;BR-116/PR;Sul;Colisão Lateral;1;2;;;;;1
05/08/2010;18:12:00;391;sem vítima;345;BR-116/PR;Norte;Saida de Pista;1;1;;;;;1
05/08/2010;10:28:00;239;sem vítima;365;BR-116/PR;Norte;Colisão Traseira;2;2;;;;;1
05/08/2010;02:28:00;58;com vítima;411;BR-116/PR;Sul;Tombamento;1;0;1;;;;1
05/08/2010;11:56:00;267;sem vítima;445,9;BR-116/PR;Sul;Colisão Lateral;1;2;;;;;1
05/08/2010;02:24:00;56;sem vítima;511;BR-116/PR;Sul;Choque - Defensa, barreira ou "submarino";1;1;;;;;1
05/08/2010;09:57:00;223;sem vítima;513;BR-116/PR;Norte;Saida de Pista;1;1;;;;;1
05/08/2010;17:16:00;370;sem vítima;516;BR-116/PR;Sul;Colisão Traseira;1;2;;;;;1
05/08/2010;23:49:00;537;sem vítima;541;BR-116/PR;Sul;Não Def;1;2;;;;;1
05/08/2010;14:57:00;310;com vítima;545;BR-116/PR;Norte;Saida de Pista;1;0;1;;;;1
05/08/2010;23:50:00;538;sem vítima;545;BR-116/PR;Norte;Colisão Traseira;2;2;;;;;1
06/08/2010;09:42:00;229;sem vítima;24,3;BR-116/PR;Sul;Colisão Traseira;1;2;;;;;1
06/08/2010;22:28:00;532;sem vítima;308;BR-116/PR;Sul;Choque - Objeto sobre a pista;1;1;;;;;1
06/08/2010;12:05:00;278;com vítima;353,9;BR-116/PR;Norte;Colisão Frontal;1;1;;;1;;2
06/08/2010;00:45:00;18;com vítima;365;BR-116/PR;Norte;Tombamento;1;0;;1;;;2
06/08/2010;07:12:00;149;com vítima;564;BR-116/PR;Sul;Tombamento;1;0;1;;;;1
07/08/2010;07:34:00;200;sem vítima;333;BR-116/PR;Norte;Colisão Lateral;1;3;;;;;1
07/08/2010;02:35:00;77;com vítima;342;BR-116/PR;Norte;Colisão Frontal;1;1;;;;1;3
07/08/2010;10:01:00;280;sem vítima;485;BR-116/PR;Sul;Colisão Lateral;1;4;;;;;1
07/08/2010;07:54:00;217;sem vítima;550,2;BR-116/PR;Sul;Choque - Outros;1;1;;;;;1
08/08/2010;21:07:00;567;sem vítima;334,5;BR-116/PR;Sul;Colisão Lateral;1;3;;;;;1
08/08/2010;14:30:00;381;sem vítima;351;BR-116/PR;Norte;Colisão Lateral;1;2;;;;;1
08/08/2010;15:42:00;425;com vítima;359;BR-116/PR;Norte;Tombamento;1;0;2;;;;1
08/08/2010;22:48:00;641;sem vítima;402;BR-116/PR;Norte;Saida de Pista;1;1;;;;;1
09/08/2010;17:04:00;449;sem vítima;33;BR-116/PR;Norte;Tombamento;1;1;;;;;1
09/08/2010;04:17:00;110;sem vítima;297;BR-116/PR;Norte;Colisão Traseira;2;2;;;;;1
09/08/2010;14:03:00;366;sem vítima;308;BR-116/PR;Norte;Colisão Traseira;1;2;;;;;1
09/08/2010;03:59:00;105;com vítima;510,2;BR-116/PR;Norte;Capotamento;1;0;2;;;;1
09/08/2010;07:14:00;177;sem vítima;538;BR-116/PR;Sul;Colisão Lateral;1;2;;;;;1
10/08/2010;10:13:00;251;sem vítima;29;BR-116/PR;Norte;Colisão Traseira;2;3;;;;;1
10/08/2010;05:34:00;151;com vítima;66,9;BR-116/PR;Norte;Tombamento;1;1;2;;;;1
10/08/2010;23:26:00;573;sem vítima;282;BR-116/PR;Norte;Colisão Traseira;1;4;;;;;1
10/08/2010;16:37:00;391;sem vítima;291,2;BR-116/PR;Sul;Colisão Lateral;1;2;;;;;1
10/08/2010;15:51:00;367;sem vítima;315,5;BR-116/PR;Sul;Tombamento;1;1;;;;;1
10/08/2010;21:01:00;521;sem vítima;541;BR-116/PR;Sul;Colisão Traseira;1;2;;;;;1
10/08/2010;04:34:00;139;com vítima;567;BR-116/PR;Sul;Colisão Traseira;4;3;1;1;;;2
10/08/2010;22:16:00;553;sem vítima;568,7;BR-116/PR;Norte;Atropelamento de Animal;1;1;;;;;1
11/08/2010;02:59:00;87;com vítima;435,6;BR-116/PR;Norte;Colisão Traseira;1;5;1;;;;1
12/08/2010;09:22:00;260;sem vítima;269;BR-116/PR;Norte;Engavetamento;1;3;;;;;1
12/08/2010;16:10:00;414;com vítima;358,4;BR-116/PR;Norte;Colisão Frontal;1;3;;3;;;2
12/08/2010;04:37:00;134;sem vítima;432;BR-116/PR;Norte;Saida de Pista;1;1;;;;;1
12/08/2010;07:20:00;193;com vítima;509,5;BR-116/PR;Norte;Tombamento;1;0;1;;;;1
13/08/2010;19:13:00;580;sem vítima;279;BR-116/PR;Norte;Colisão Traseira;2;4;;;;;1
13/08/2010;08:43:00;245;sem vítima;473;BR-116/PR;Sul;Colisão Lateral;2;2;;;;;1
14/08/2010;18:26:00;501;sem vítima;48;BR-116/PR;Norte;Tombamento;1;1;;;;;1
14/08/2010;03:58:00;117;sem vítima;293;BR-116/PR;Norte;Atropelamento de Animal;1;1;;;;;1
14/08/2010;06:06:00;168;com vítima;310;BR-116/PR;Norte;Colisão Traseira;1;1;;1;;;2
15/08/2010;22:34:00;590;sem vítima;28,5;BR-116/PR;Norte;Tombamento;1;1;;;;;1
15/08/2010;17:24:00;491;sem vítima;57;BR-116/PR;Sul;Colisão Traseira;1;5;;;;;1
15/08/2010;22:07:00;579;sem vítima;289;BR-116/PR;Sul;Colisão Lateral;1;5;;;;;1
16/08/2010;13:58:00;384;com vítima;274,3;BR-116/PR;Sul;Atropelamento - Sem Informação;1;1;;;;1;3
16/08/2010;05:13:00;141;sem vítima;299;BR-116/PR;Norte;Colisão Traseira;2;2;;;;;1
16/08/2010;01:53:00;37;sem vítima;390;BR-116/PR;Norte;Saida de Pista;1;1;;;;;1
16/08/2010;11:17:00;336;sem vítima;504;BR-116/PR;Sul;Saida de Pista;1;1;;;;;1
16/08/2010;17:51:00;510;sem vítima;513;BR-116/PR;Norte;Choque - Defensa, barreira ou "submarino";1;1;;;;;1
16/08/2010;10:00:00;298;com vítima;561;BR-116/PR;Sul;Saida de Pista;1;2;2;;;;1
17/08/2010;09:10:00;248;sem vítima;511;BR-116/PR;Sul;Colisão Traseira;1;2;;;;;1
17/08/2010;09:14:00;251;sem vítima;513;BR-116/PR;Norte;Saida de Pista;1;1;;;;;1
17/08/2010;12:17:00;316;sem vítima;513,2;BR-116/PR;Norte;Saida de Pista;1;1;;;;;1
17/08/2010;08:34:00;228;sem vítima;548;BR-116/PR;Sul;Colisão Traseira;2;2;;;;;1
18/08/2010;17:37:00;452;com vítima;4;BR-116/CW;Norte;Tombamento;1;0;1;;;;1
18/08/2010;00:51:00;19;sem vítima;54,4;BR-116/PR;Norte;Colisão Lateral;2;2;;;;;1
18/08/2010;12:06:00;298;sem vítima;272,8;BR-116/PR;Sul;Engavetamento;1;7;;;;;1
18/08/2010;17:35:00;450;sem vítima;342,6;BR-116/PR;Sul;Colisão Frontal;2;5;;;;;1
18/08/2010;21:24:00;526;com vítima;360;BR-116/PR;Norte;Colisão Frontal;4;3;;1;;;2
18/08/2010;18:06:00;466;sem vítima;369;BR-116/PR;Norte;Colisão Lateral;1;2;;;;;1
18/08/2010;23:48:00;592;sem vítima;382;BR-116/PR;Norte;Colisão Traseira;2;2;;;;;1
18/08/2010;06:23:00;141;sem vítima;428;BR-116/PR;Norte;Colisão Lateral;2;3;;;;;1
18/08/2010;07:51:00;174;sem vítima;525,7;BR-116/PR;Norte;Saida de Pista;1;3;;;;;1
19/08/2010;16:19:00;401;sem vítima;279,8;BR-116/PR;Norte;Colisão Lateral;1;2;;;;;1
19/08/2010;03:18:00;74;sem vítima;296;BR-116/PR;Sul;Colisão Traseira;2;2;;;;;1
19/08/2010;11:37:00;300;sem vítima;328,9;BR-116/PR;Norte;Saida de Pista;1;1;;;;;1
19/08/2010;23:56:00;600;sem vítima;353;BR-116/PR;Norte;Tombamento;1;1;;;;;1
19/08/2010;01:52:00;45;sem vítima;361;BR-116/PR;Norte;Outros;2;2;;;;;1
19/08/2010;23:35:00;593;sem vítima;456,5;BR-116/PR;Sul;Colisão Traseira;2;3;;;;;1
19/08/2010;05:31:00;151;com vítima;482,15;BR-116/PR;Sul;Saida de Pista;1;0;;;;1;3
19/08/2010;06:02:00;156;com vítima;513;BR-116/PR;Norte;Saida de Pista;1;0;1;;;;1
20/08/2010;23:18:00;610;com vítima;18;BR-116/CW;Sul;Capotamento;1;1;1;;;;1
20/08/2010;00:37:00;14;sem vítima;22;BR-116/PR;Norte;Saida de Pista;1;1;;;;;1
20/08/2010;21:22:00;580;sem vítima;33;BR-116/PR;Norte;Tombamento;1;1;;;;;1
20/08/2010;00:49:00;16;com vítima;54;BR-116/PR;Sul;Colisão Lateral;1;1;;1;;;2
20/08/2010;03:01:00;56;sem vítima;353;BR-116/PR;Norte;Saida de Pista;1;1;;;;;1
20/08/2010;10:05:00;286;sem vítima;464;BR-116/PR;Sul;Colisão Lateral;1;2;;;;;1
20/08/2010;02:11:00;38;sem vítima;486,8;BR-116/PR;Sul;Atropelamento de Animal;1;1;;;;;1
20/08/2010;06:22:00;161;sem vítima;488;BR-116/PR;Norte;Colisão Traseira;2;2;;;;;1
20/08/2010;13:17:00;355;sem vítima;513;BR-116/PR;Norte;Tombamento;1;1;;;;;1
21/08/2010;12:59:00;290;sem vítima;61;BR-116/PR;Sul;Choque - Defensa, barreira ou "submarino";1;1;;;;;1
21/08/2010;04:22:00;101;sem vítima;438;BR-116/PR;Norte;Tombamento;1;1;;;;;1
21/08/2010;10:06:00;238;sem vítima;500;BR-116/PR;Sul;Saida de Pista;1;2;;;;;1
22/08/2010;20:11:00;491;sem vítima;350;BR-116/PR;Norte;Colisão Traseira;1;2;;;;;1
23/08/2010;21:43:00;628;sem vítima;32,4;BR-116/PR;Norte;Tombamento;1;1;;;;;1
23/08/2010;20:05:00;591;sem vítima;56;BR-116/PR;Norte;Choque - Cancela de Pedagio;1;1;;;;;1
23/08/2010;04:42:00;134;sem vítima;394;BR-116/PR;Sul;Saida de Pista;1;1;;;;;1
24/08/2010;23:46:00;631;sem vítima;31,1;BR-116/PR;Norte;Colisão Lateral;2;6;;;;;1
24/08/2010;22:58:00;623;sem vítima;51;BR-116/PR;Norte;Saida de Pista;1;2;;;;;1