data;horario;n_da_ocorrencia;tipo_de_ocorrencia;km;trecho;sentido;tipo_de_acidente;caminhao;ilesos;levemente_feridos;moderadamente_feridos;gravemente_feridos;mortos;3
01/10/2010;12:07:00;239;sem vítima;42;BR-116/PR;Sul;Colisão Lateral;1;3;;;;;1
01/10/2010;15:29:00;301;sem vítima;548,7;BR-116/PR;Sul;Engavetamento;3;8;;;;;1
01/10/2010;15:30:00;302;sem vítima;46;BR-116/PR;Sul;Engavetamento;2;8;;;;;1
01/10/2010;16:13:00;326;sem vítima;349;BR-116/PR;Sul;Colisão Traseira;2;2;;;;;1
01/10/2010;18:41:00;379;sem vítima;426,6;BR-116/PR;Norte;Colisão Lateral;1;2;;;;;1
01/10/2010;21:35:00;430;sem vítima;348;BR-116/PR;Sul;Colisão Traseira;1;4;;;;;1
01/10/2010;23:27:00;464;sem vítima;554;BR-116/PR;Sul;Colisão Traseira;2;2;;;;;1
02/10/2010;05:27:00;107;sem vítima;518;BR-116/PR;Sul;Colisão Traseira;2;2;;;;;1
02/10/2010;06:21:00;112;sem vítima;549;BR-116/PR;Sul;Saida de Pista;1;1;;;;;1
02/10/2010;13:19:00;276;sem vítima;337;BR-116/PR;Sul;Engavetamento;1;4;;;;;1
02/10/2010;19:13:00;405;sem vítima;370;BR-116/PR;Sul;Colisão Traseira;1;3;;;;;1
02/10/2010;19:16:00;407;sem vítima;543;BR-116/PR;Sul;Colisão Lateral;2;2;;;;;1
02/10/2010;21:07:00;436;sem vítima;395,5;BR-116/PR;Sul;Saida de Pista;1;1;;;;;1
02/10/2010;22:12:00;453;sem vítima;329;BR-116/PR;Norte;Saida de Pista;1;1;;;;;1
02/10/2010;23:26:00;472;sem vítima;441;BR-116/PR;Norte;Saida de Pista;1;1;;;;;1
03/10/2010;12:10:00;286;com vítima;332,7;BR-116/PR;Sul;Colisão Traseira;1;1;3;2;;;2
03/10/2010;16:04:00;352;com vítima;32,5;BR-116/PR;Norte;Tombamento;1;1;1;;;;1
03/10/2010;19:03:00;440;com vítima;417;BR-116/PR;Norte;Queda de Moto;1;2;1;;;;1
03/10/2010;20:17:00;461;com vítima;445,5;BR-116/PR;Norte;Colisão Traseira;1;2;1;;;;1
03/10/2010;21:09:00;491;com vítima;25,5;BR-116/PR;Norte;Colisão Traseira;2;1;1;;;;1
04/10/2010;00:16:00;9;com vítima;14;BR-116/CW;Sul;Colisão Traseira;1;2;1;;;;1
04/10/2010;06:30:00;135;sem vítima;314;BR-116/PR;Norte;Colisão Traseira;2;2;;;;;1
04/10/2010;14:22:00;317;sem vítima;479;BR-116/PR;Sul;Outros;1;1;;;;;1
04/10/2010;15:22:00;341;sem vítima;390;BR-116/PR;Norte;Choque - Poste;1;1;;;;;1
04/10/2010;16:22:00;373;sem vítima;479;BR-116/PR;Sul;Saida de Pista;1;1;;;;;1
04/10/2010;17:01:00;392;com vítima;285;BR-116/PR;Norte;Colisão Lateral;1;3;1;;;;1
04/10/2010;18:08:00;414;com vítima;346,5;BR-116/PR;Norte;Engavetamento;3;2;2;;;;1
04/10/2010;21:53:00;532;sem vítima;313,5;BR-116/PR;Norte;Colisão Traseira;2;2;;;;;1
05/10/2010;00:29:00;14;sem vítima;485;BR-116/PR;Sul;Saida de Pista;1;1;;;;;1
05/10/2010;02:22:00;50;sem vítima;9,5;BR-116/PR;Sul;Capotamento;1;1;;;;;1
05/10/2010;03:51:00;73;sem vítima;453,7;BR-116/PR;Norte;Saida de Pista;1;3;;;;;1
05/10/2010;05:24:00;110;sem vítima;478;BR-116/PR;Norte;Colisão Traseira;2;2;;;;;1
05/10/2010;14:38:00;303;sem vítima;399;BR-116/PR;Norte;Tombamento;1;1;;;;;1
05/10/2010;17:09:00;383;sem vítima;336,5;BR-116/PR;Sul;Tombamento;1;1;;;;;1
05/10/2010;20:27:00;439;sem vítima;543;BR-116/PR;Sul;Choque - Outros;1;1;;;;;1
06/10/2010;00:20:00;9;com vítima;493;BR-116/PR;Norte;Colisão Traseira;2;2;1;;;1;3
06/10/2010;04:45:00;93;sem vítima;494,7;BR-116/PR;Norte;Saida de Pista;1;1;;;;;1
06/10/2010;09:41:00;251;sem vítima;355,8;BR-116/PR;Norte;Colisão Traseira;1;4;;;;;1
06/10/2010;09:45:00;253;sem vítima;522,4;BR-116/PR;Sul;Colisão Lateral;2;2;;;;;1
06/10/2010;10:11:00;264;sem vítima;390,2;BR-116/PR;Norte;Saida de Pista;1;3;;;;;1
06/10/2010;12:27:00;315;com vítima;391,5;BR-116/PR;Sul;Capotamento;1;0;1;;;;1
06/10/2010;12:49:00;326;com vítima;391;BR-116/PR;Sul;Colisão Traseira;1;1;;2;;;2
06/10/2010;14:22:00;344;sem vítima;279;BR-116/PR;Sul;Colisão Lateral;1;2;;;;;1
06/10/2010;17:05:00;428;sem vítima;327;BR-116/PR;Norte;Colisão Lateral;1;4;;;;;1
06/10/2010;19:15:00;506;sem vítima;336;BR-116/PR;Sul;Colisão Lateral;1;3;;;;;1
06/10/2010;19:22:00;507;sem vítima;284,4;BR-116/PR;Sul;Colisão Traseira;1;2;;;;;1
06/10/2010;21:50:00;546;sem vítima;42;BR-116/PR;Sul;Colisão Traseira;3;4;;;;;1
06/10/2010;23:10:00;583;com vítima;337;BR-116/PR;Sul;Atropelamento - Morador;1;2;;;1;;2
07/10/2010;03:03:00;55;sem vítima;420;BR-116/PR;Norte;Saida de Pista;1;1;;;;;1
07/10/2010;03:24:00;57;sem vítima;452;BR-116/PR;Norte;Travessia Canteiro Central;1;1;;;;;1
07/10/2010;05:24:00;86;sem vítima;299;BR-116/PR;Norte;Engavetamento;3;4;;;;;1
07/10/2010;07:56:00;158;sem vítima;282;BR-116/PR;Norte;Colisão Lateral;1;2;;;;;1
07/10/2010;11:59:00;282;sem vítima;548;BR-116/PR;Sul;Saida de Pista;1;1;;;;;1
07/10/2010;13:16:00;299;sem vítima;33,4;BR-116/PR;Norte;Saida de Pista;1;1;;;;;1
08/10/2010;02:50:00;68;com vítima;43;BR-116/PR;Norte;Tombamento;1;0;;1;;;2
08/10/2010;05:18:00;110;com vítima;65,5;BR-116/PR;Sul;Saida de Pista;1;0;1;;;;1
08/10/2010;07:27:00;140;sem vítima;341,1;BR-116/PR;Norte;Saida de Pista;1;2;;;;;1
08/10/2010;08:35:00;177;sem vítima;394;BR-116/PR;Norte;Capotamento;1;2;;;;;1
08/10/2010;10:48:00;266;sem vítima;352,1;BR-116/PR;Norte;Não Def;1;2;;;;;1
08/10/2010;15:16:00;372;sem vítima;28;BR-116/PR;Norte;Tombamento;1;1;;;;;1
08/10/2010;18:08:00;463;sem vítima;274;BR-116/PR;Norte;Colisão Lateral;1;3;;;;;1
09/10/2010;05:43:00;104;sem vítima;352;BR-116/PR;Norte;Colisão Lateral;1;2;;;;;1
09/10/2010;08:11:00;156;com vítima;515,2;BR-116/PR;Norte;Colisão Traseira;1;1;3;;;;1
09/10/2010;09:15:00;180;sem vítima;269;BR-116/PR;Sul;Saida de Pista;1;1;;;;;1
09/10/2010;16:28:00;337;sem vítima;385;BR-116/PR;Norte;Saida de Pista;1;1;;;;;1
10/10/2010;00:23:00;8;sem vítima;50,4;BR-116/PR;Norte;Tombamento;1;1;;;;;1
10/10/2010;02:24:00;42;sem vítima;50,3;BR-116/PR;Norte;Tombamento;1;1;;;;;1
10/10/2010;07:55:00;117;sem vítima;299;BR-116/PR;Sul;Choque - Cancela de Pedagio;1;1;;;;;1
10/10/2010;08:24:00;132;sem vítima;57;BR-116/PR;Norte;Colisão Lateral;1;3;;;;;1
10/10/2010;15:40:00;277;sem vítima;56;BR-116/PR;Norte;Colisão Lateral;1;3;;;;;1
11/10/2010;03:27:00;77;sem vítima;523;BR-116/PR;Sul;Tombamento;1;1;;;;;1
11/10/2010;04:11:00;86;sem vítima;567;BR-116/PR;Norte;Choque - Talude;1;2;;;;;1
11/10/2010;06:00:00;108;sem vítima;370;BR-116/PR;Norte;Choque - Defensa, barreira ou "submarino";1;1;;;;;1
11/10/2010;06:13:00;112;sem vítima;8;BR-116/PR;Sul;Saida de Pista;1;1;;;;;1
11/10/2010;08:10:00;155;sem vítima;544,1;BR-116/PR;Sul;Choque - Talude;1;1;;;;;1
12/10/2010;07:54:00;183;sem vítima;7,8;BR-116/PR;Sul;Saida de Pista;1;1;;;;;1
12/10/2010;13:07:00;281;com vítima;509;BR-116/PR;Norte;Tombamento;1;0;2;1;;;2
12/10/2010;15:13:00;326;sem vítima;353,7;BR-116/PR;Sul;Engavetamento;1;6;;;;;1
12/10/2010;15:16:00;328;sem vítima;511,5;BR-116/PR;Norte;Saida de Pista;1;1;;;;;1
13/10/2010;07:30:00;189;sem vítima;459,75;BR-116/PR;Sul;Choque - Suporte de Sinalização;1;1;;;;;1
13/10/2010;12:58:00;323;com vítima;315;BR-116/PR;Norte;Colisão Lateral;1;2;1;;;;1
13/10/2010;15:13:00;362;sem vítima;282;BR-116/PR;Norte;Engavetamento;1;4;;;;;1
13/10/2010;21:49:00;530;sem vítima;466;BR-116/PR;Norte;Tombamento;1;1;;;;;1
13/10/2010;22:21:00;534;sem vítima;511,5;BR-116/PR;Norte;Tombamento;1;1;;;;;1
14/10/2010;01:55:00;58;sem vítima;462;BR-116/PR;Norte;Saida de Pista;1;1;;;;;1
14/10/2010;02:40:00;64;sem vítima;415;BR-116/PR;Norte;Colisão Traseira;1;3;;;;;1
14/10/2010;02:53:00;65;com vítima;478,4;BR-116/PR;Norte;Saida de Pista;1;0;1;;;;1
14/10/2010;05:59:00;114;sem vítima;312;BR-116/PR;Norte;Colisão Traseira;2;2;;;;;1
14/10/2010;06:15:00;120;sem vítima;48,5;BR-116/PR;Sul;Tombamento;1;1;;;;;1
14/10/2010;06:45:00;133;sem vítima;57,5;BR-116/PR;Norte;Tombamento;1;2;;;;;1
14/10/2010;06:48:00;137;sem vítima;5;BR-116/PR;Norte;Colisão Traseira;2;3;;;;;1
14/10/2010;09:47:00;223;sem vítima;65,9;BR-116/PR;Sul;Colisão Lateral;1;6;;;;;1
15/10/2010;02:26:00;41;sem vítima;360,1;BR-116/PR;Norte;Colisão Lateral;1;2;;;;;1
15/10/2010;04:25:00;66;sem vítima;560,5;BR-116/PR;Sul;Choque - Defensa, barreira ou "submarino";1;2;;;;;1
15/10/2010;05:30:00;84;sem vítima;28,5;BR-116/PR;Norte;Saida de Pista;1;1;;;;;1
15/10/2010;08:15:00;159;com vítima;550;BR-116/PR;Norte;Tombamento;1;0;1;;;;1
15/10/2010;13:42:00;300;sem vítima;383;BR-116/PR;Sul;Colisão Traseira;2;2;;;;;1
15/10/2010;15:01:00;331;sem vítima;568;BR-116/PR;Norte;Colisão Lateral;1;3;;;;;1
15/10/2010;16:58:00;410;sem vítima;360;BR-116/PR;Sul;Colisão Lateral;1;2;;;;;1
16/10/2010;02:14:00;57;com vítima;408;BR-116/PR;Norte;Tombamento;1;0;1;;;;1
16/10/2010;04:43:00;79;sem vítima;512;BR-116/PR;Sul;Colisão Traseira;2;2;;;;;1
16/10/2010;05:51:00;94;sem vítima;407,4;BR-116/PR;Norte;Saida de Pista;1;1;;;;;1
16/10/2010;06:08:00;102;com vítima;544,5;BR-116/PR;Sul;Tombamento;1;0;1;;;;1
16/10/2010;14:17:00;278;com vítima;39,5;BR-116/PR;Sul;Saida de Pista;1;0;1;;;;1
16/10/2010;14:32:00;282;sem vítima;42;BR-116/PR;Norte;Saida de Pista;1;2;;;;;1
16/10/2010;14:49:00;287;sem vítima;45;BR-116/PR;Sul;Saida de Pista;1;1;;;;;1
17/10/2010;01:59:00;21;com vítima;568;BR-116/PR;Norte;Tombamento;1;0;;;;1;3
17/10/2010;12:36:00;209;com vítima;351;BR-116/PR;Norte;Engavetamento;2;5;;;2;;2
17/10/2010;16:06:00;283;com vítima;510,5;BR-116/PR;Norte;Colisão Lateral;1;25;5;1;1;;2
17/10/2010;18:55:00;352;sem vítima;414;BR-116/PR;Norte;Saida de Pista;1;1;;;;;1
17/10/2010;21:01:00;384;com vítima;284,3;BR-116/PR;Norte;Engavetamento;1;9;1;;;;1
17/10/2010;23:47:00;434;sem vítima;43;BR-116/PR;Norte;Saida de Pista;1;2;;;;;1
18/10/2010;03:14:00;82;sem vítima;352;BR-116/PR;Norte;Colisão Lateral;2;3;;;;;1
18/10/2010;08:03:00;193;sem vítima;357,1;BR-116/PR;Sul;Saida de Pista;1;1;;;;;1
18/10/2010;10:49:00;246;sem vítima;360,3;BR-116/PR;Norte;Colisão Lateral;2;3;;;;;1
18/10/2010;15:35:00;348;sem vítima;500,5;BR-116/PR;Norte;Tombamento;1;2;;;;;1
18/10/2010;19:33:00;443;sem vítima;280;BR-116/PR;Sul;Colisão Traseira;1;3;;;;;1
19/10/2010;00:04:00;3;sem vítima;426;BR-116/PR;Sul;Choque - Outros;1;1;;;;;1
19/10/2010;04:05:00;115;sem vítima;468,1;BR-116/PR;Sul;Saida de Pista;1;1;;;;;1
19/10/2010;07:01:00;171;sem vítima;315,2;BR-116/PR;Norte;Saida de Pista;1;1;;;;;1
19/10/2010;07:33:00;186;com vítima;309,8;BR-116/PR;Sul;Colisão Traseira;2;1;1;;;;1
19/10/2010;07:46:00;193;sem vítima;9,9;BR-116/CW;Sul;Colisão Lateral;1;2;;;;;1
19/10/2010;16:12:00;390;sem vítima;289;BR-116/PR;Sul;Colisão Traseira;1;2;;;;;1
19/10/2010;18:25:00;456;sem vítima;349;BR-116/PR;Sul;Colisão Traseira;1;2;;;;;1
20/10/2010;01:29:00;56;sem vítima;466;BR-116/PR;Norte;Colisão Traseira;2;4;;;;;1
20/10/2010;02:37:00;77;sem vítima;1;BR-116/PR;Sul;Choque - Defensa, barreira ou "submarino";1;1;;;;;1
20/10/2010;03:40:00;91;sem vítima;459;BR-116/PR;Sul;Saida de Pista;1;3;;;;;1
20/10/2010;06:23:00;133;sem vítima;406;BR-116/PR;Sul;Colisão Traseira;1;6;;;;;1
20/10/2010;21:36:00;512;com vítima;384;BR-116/PR;Sul;Colisão Traseira;3;2;1;;;;1
21/10/2010;05:34:00;119;sem vítima;58;BR-116/PR;Sul;Colisão Lateral;2;2;;;;;1
21/10/2010;08:20:00;177;sem vítima;360;BR-116/PR;Norte;Tombamento;2;2;;;;;1
21/10/2010;08:54:00;188;sem vítima;299,8;BR-116/PR;Sul;Colisão Lateral;2;4;;;;;1
21/10/2010;16:41:00;374;com vítima;560;BR-116/PR;Sul;Tombamento;1;0;1;;;;1
21/10/2010;22:46:00;536;sem vítima;508,3;BR-116/PR;Norte;Colisão Traseira;1;2;;;;;1
22/10/2010;14:54:00;373;sem vítima;269,2;BR-116/PR;Norte;Colisão Traseira;1;2;;;;;1
22/10/2010;14:56:00;375;sem vítima;444;BR-116/PR;Sul;Colisão Lateral;1;3;;;;;1
23/10/2010;04:32:00;73;com vítima;545;BR-116/PR;Norte;Tombamento;1;2;;1;;;2
23/10/2010;06:30:00;101;sem vítima;515;BR-116/PR;Norte;Colisão Traseira;1;4;;;;;1
23/10/2010;09:17:00;173;sem vítima;509;BR-116/PR;Sul;Choque - Talude;1;3;;;;;1
23/10/2010;18:15:00;357;sem vítima;383;BR-116/PR;Sul;Colisão Traseira;2;2;;;;;1
23/10/2010;21:03:00;393;sem vítima;300,5;BR-116/PR;Sul;Colisão Traseira;1;2;;;;;1
24/10/2010;08:48:00;163;sem vítima;349;BR-116/PR;Sul;Saida de Pista;1;1;;;;;1
24/10/2010;08:58:00;167;com vítima;18,5;BR-116/PR;Norte;Tombamento;1;1;1;;;;1
24/10/2010;12:25:00;226;com vítima;28,1;BR-116/PR;Norte;Tombamento;2;1;1;;;;1
24/10/2010;12:50:00;233;sem vítima;351,3;BR-116/PR;Norte;Engavetamento;1;5;;;;;1
24/10/2010;15:25:00;278;sem vítima;40,7;BR-116/PR;Norte;Colisão Traseira;1;2;;;;;1
24/10/2010;22:15:00;480;sem vítima;303,5;BR-116/PR;Norte;Colisão Lateral;1;4;;;;;1
25/10/2010;00:18:00;6;sem vítima;294;BR-116/PR;Sul;Colisão Traseira;2;3;;;;;1
25/10/2010;01:21:00;25;sem vítima;506;BR-116/PR;Norte;Colisão Lateral;1;2;;;;;1
25/10/2010;04:41:00;93;com vítima;303;BR-116/PR;Norte;Engavetamento;5;3;1;;1;;2
25/10/2010;07:17:00;129;sem vítima;281,3;BR-116/PR;Norte;Colisão Traseira;2;3;;;;;1
25/10/2010;17:56:00;427;sem vítima;541,5;BR-116/PR;Sul;Tombamento;1;3;;;;;1
25/10/2010;18:37:00;438;sem vítima;485,5;BR-116/PR;Sul;Saida de Pista;1;1;;;;;1
25/10/2010;19:33:00;452;sem vítima;513,5;BR-116/PR;Norte;Saida de Pista;1;1;;;;;1
25/10/2010;22:57:00;489;com vítima;32,4;BR-116/PR;Norte;Tombamento;1;0;1;;;;1
26/10/2010;06:15:00;100;sem vítima;3;BR-116/PR;Norte;Colisão Lateral;1;2;;;;;1
26/10/2010;07:38:00;125;sem vítima;504;BR-116/PR;Sul;Saida de Pista;1;1;;;;;1
26/10/2010;11:27:00;220;sem vítima;49,5;BR-116/PR;Sul;Colisão Traseira;1;4;;;;;1
26/10/2010;12:40:00;229;com vítima;543;BR-116/PR;Norte;Colisão Traseira;2;1;1;;;;1
26/10/2010;15:59:00;301;sem vítima;547;BR-116/PR;Sul;Tombamento;1;1;;;;;1
26/10/2010;17:21:00;326;sem vítima;360;BR-116/PR;Norte;Colisão Traseira;1;3;;;;;1
27/10/2010;01:15:00;32;com vítima;419;BR-116/PR;Sul;Tombamento;1;1;1;;;;1
27/10/2010;03:54:00;80;com vítima;416,2;BR-116/PR;Norte;Tombamento;1;0;1;;;;1
27/10/2010;06:39:00;123;sem vítima;541,3;BR-116/PR;Sul;Saida de Pista;1;1;;;;;1
27/10/2010;09:10:00;196;sem vítima;542;BR-116/PR;Sul;Colisão Lateral;1;2;;;;;1
27/10/2010;10:50:00;249;com vítima;514;BR-116/PR;Norte;Colisão Traseira;2;2;2;;;;1
27/10/2010;10:58:00;251;com vítima;284,8;BR-116/PR;Norte;Saida de Pista;1;0;1;;;;1
27/10/2010;17:37:00;411;com vítima;406;BR-116/PR;Norte;Colisão Lateral;2;2;1;;;;1
27/10/2010;20:47:00;474;sem vítima;433;BR-116/PR;Norte;Colisão Traseira;1;2;;;;;1
27/10/2010;21:31:00;488;sem vítima;398;BR-116/PR;Sul;Tombamento;1;1;;;;;1
27/10/2010;22:02:00;529;com vítima;550;BR-116/PR;Norte;Tombamento;1;0;1;;;;1
28/10/2010;00:34:00;19;sem vítima;377;BR-116/PR;Sul;Colisão Traseira;2;2;;;;;1
28/10/2010;00:46:00;25;sem vítima;377;BR-116/PR;Sul;Colisão Traseira;1;1;;;;;1
28/10/2010;02:17:00;47;sem vítima;336;BR-116/PR;Sul;Colisão Traseira;1;2;;;;;1
28/10/2010;02:52:00;55;sem vítima;512,7;BR-116/PR;Sul;Saida de Pista;1;1;;;;;1
28/10/2010;04:18:00;87;com vítima;514,2;BR-116/PR;Norte;Colisão Traseira;2;1;;2;;;2
28/10/2010;08:31:00;160;sem vítima;337;BR-116/PR;Norte;Colisão Lateral;1;3;;;;;1
28/10/2010;09:29:00;192;com vítima;40;BR-116/PR;Sul;Saida de Pista;1;0;1;;;;1
28/10/2010;11:16:00;233;com vítima;349;BR-116/PR;Sul;Colisão Traseira;1;4;1;;;;1
28/10/2010;12:39:00;272;sem vítima;0,5;BR-116/CW;Sul;Colisão Lateral;1;2;;;;;1
28/10/2010;14:10:00;297;com vítima;362;BR-116/PR;Norte;Tombamento;2;1;;1;;;2
28/10/2010;15:11:00;315;sem vítima;291,5;BR-116/PR;Norte;Colisão Traseira;2;2;;;;;1
28/10/2010;20:04:00;431;sem vítima;52;BR-116/PR;Norte;Colisão Traseira;2;2;;;;;1
29/10/2010;01:35:00;32;sem vítima;340,3;BR-116/PR;Sul;Colisão Traseira;2;2;;;;;1
29/10/2010;02:26:00;54;sem vítima;336;BR-116/PR;Norte;Tombamento;1;1;;;;;1
29/10/2010;03:20:00;64;sem vítima;543;BR-116/PR;Sul;Colisão Traseira;2;2;;;;;1
29/10/2010;08:40:00;158;sem vítima;278;BR-116/PR;Norte;Colisão Lateral;1;2;;;;;1
29/10/2010;15:17:00;315;sem vítima;306,3;BR-116/PR;Sul;Colisão Traseira;1;2;;;;;1
29/10/2010;18:48:00;432;sem vítima;343,5;BR-116/PR;Sul;Colisão Lateral;1;3;;;;;1
29/10/2010;22:54:00;526;com vítima;513,4;BR-116/PR;Norte;Tombamento;1;0;;;;1;3
30/10/2010;05:20:00;64;sem vítima;352,8;BR-116/PR;Norte;Tombamento;1;1;;;;;1
30/10/2010;06:08:00;76;sem vítima;533,4;BR-116/PR;Sul;Colisão Traseira;2;2;;;;;1
30/10/2010;06:33:00;81;sem vítima;282;BR-116/PR;Norte;Colisão Lateral;1;3;;;;;1
30/10/2010;08:17:00;113;sem vítima;8;BR-116/PR;Sul;Tombamento;1;1;;;;;1
30/10/2010;08:42:00;122;sem vítima;43;BR-116/PR;Norte;Tombamento;1;1;;;;;1
30/10/2010;13:19:00;223;com vítima;511;BR-116/PR;Sul;Colisão Traseira;1;3;1;;;;1
31/10/2010;00:07:00;2;sem vítima;279;BR-116/PR;Norte;Não Def;1;2;;;;;1
31/10/2010;08:51:00;150;com vítima;4;BR-116/CW;Sul;Tombamento;1;1;2;;;;1
31/10/2010;18:05:00;320;com vítima;314,8;BR-116/PR;Norte;Tombamento;1;0;;;1;1;3
01/11/2010;04:52:00;92;sem vítima;343;BR-116/PR;Norte;Colisão Frontal;1;2;;;;;1
01/11/2010;05:13:00;95;sem vítima;425;BR-116/PR;Norte;Saida de Pista;1;1;;;;;1
01/11/2010;07:14:00;129;sem vítima;556;BR-116/PR;Sul;Saida de Pista;1;1;;;;;1
01/11/2010;12:48:00;239;com vítima;347,5;BR-116/PR;Norte;Tombamento;1;0;1;;;;1
01/11/2010;14:51:00;274;sem vítima;271;BR-116/PR;Sul;Colisão Lateral;1;2;;;;;1
01/11/2010;20:48:00;429;com vítima;32,5;BR-116/PR;Norte;Tombamento;1;0;;1;;1;3
01/11/2010;23:32:00;460;com vítima;506;BR-116/PR;Sul;Tombamento;1;1;;1;;;2
02/11/2010;13:58:00;271;sem vítima;292;BR-116/PR;Norte;Colisão Traseira;1;3;;;;;1
03/11/2010;18:55:00;399;sem vítima;353;BR-116/PR;Norte;Colisão Frontal;2;2;;;;;1
03/11/2010;22:37:00;453;com vítima;32,4;BR-116/PR;Norte;Tombamento;1;0;1;;;;1
04/11/2010;07:00:00;111;sem vítima;503;BR-116/PR;Sul;Tombamento;1;1;;;;;1
04/11/2010;08:04:00;147;com vítima;550;BR-116/PR;Norte;Tombamento;1;0;1;;;;1
04/11/2010;08:30:00;156;com vítima;504;BR-116/PR;Norte;Tombamento;1;0;;1;;;2
04/11/2010;13:18:00;265;sem vítima;511,8;BR-116/PR;Norte;Choque - Talude;1;2;;;;;1
04/11/2010;15:54:00;330;sem vítima;279;BR-116/PR;Norte;Engavetamento;3;4;;;;;1
04/11/2010;16:00:00;333;com vítima;402,3;BR-116/PR;Sul;Tombamento;1;1;1;;;;1
04/11/2010;17:44:00;362;sem vítima;275,5;BR-116/PR;Norte;Colisão Lateral;1;4;;;;;1
04/11/2010;23:03:00;474;sem vítima;345,7;BR-116/PR;Norte;Colisão Traseira;2;2;;;;;1
05/11/2010;05:08:00;96;sem vítima;568,1;BR-116/PR;Sul;Tombamento;1;1;;;;;1
05/11/2010;10:47:00;239;sem vítima;488,5;BR-116/PR;Sul;Choque - Objeto sobre a pista;3;3;;;;;1
05/11/2010;11:18:00;249;com vítima;514,9;BR-116/PR;Norte;Colisão Traseira;3;2;2;2;;;2
05/11/2010;12:58:00;267;sem vítima;515,2;BR-116/PR;Norte;Colisão Traseira;1;2;;;;;1
05/11/2010;15:25:00;323;sem vítima;299;BR-116/PR;Sul;Colisão Lateral;1;2;;;;;1
05/11/2010;20:01:00;467;sem vítima;345,5;BR-116/PR;Norte;Colisão Traseira;1;5;;;;;1
06/11/2010;00:16:00;9;sem vítima;445;BR-116/PR;Norte;Tombamento;1;1;;;;;1
06/11/2010;06:34:00;76;com vítima;40;BR-116/PR;Sul;Tombamento;2;1;;1;;;2
06/11/2010;13:36:00;176;com vítima;289,9;BR-116/PR;Sul;Colisão Traseira;1;5;;1;4;;2
06/11/2010;14:56:00;201;sem vítima;346;BR-116/PR;Sul;Choque - Talude;1;2;;;;;1
06/11/2010;22:05:00;378;com vítima;317;BR-116/PR;Sul;Colisão Traseira;1;1;1;;2;;2
07/11/2010;04:28:00;61;sem vítima;384;BR-116/PR;Norte;Saida de Pista;1;1;;;;;1
07/11/2010;06:47:00;83;sem vítima;364;BR-116/PR;Norte;Tombamento;1;1;;;;;1
07/11/2010;08:35:00;129;sem vítima;426;BR-116/PR;Norte;Tombamento;1;1;;;;;1
07/11/2010;17:33:00;302;com vítima;311;BR-116/PR;Norte;Colisão Traseira;1;4;1;;;;1
07/11/2010;20:46:00;397;sem vítima;370;BR-116/PR;Norte;Colisão Traseira;1;2;;;;;1
08/11/2010;04:51:00;70;sem vítima;499,5;BR-116/PR;Sul;Tombamento;1;1;;;;;1
08/11/2010;07:38:00;121;sem vítima;351,5;BR-116/PR;Norte;Colisão Lateral;2;2;;;;;1
08/11/2010;14:30:00;270;com vítima;353,8;BR-116/PR;Sul;Colisão Frontal;1;1;;;1;1;3
08/11/2010;16:11:00;304;sem vítima;548,6;BR-116/PR;Sul;Capotamento;1;2;;;;;1
08/11/2010;18:24:00;352;sem vítima;375,5;BR-116/PR;Norte;Colisão Lateral;2;2;;;;;1
09/11/2010;01:47:00;25;sem vítima;365;BR-116/PR;Sul;Tombamento;1;1;;;;;1
09/11/2010;06:18:00;87;sem vítima;316;BR-116/PR;Norte;Tombamento;1;2;;;;;1
09/11/2010;09:41:00;180;com vítima;562,6;BR-116/PR;Sul;Choque - Talude;1;1;1;;;;1
09/11/2010;16:36:00;343;com vítima;359;BR-116/PR;Sul;Colisão Lateral;2;1;1;;;;1
09/11/2010;17:08:00;348;com vítima;518,5;BR-116/PR;Sul;Tombamento;1;0;2;;;;1
10/11/2010;04:25:00;76;sem vítima;442;BR-116/PR;Sul;Saida de Pista;1;1;;;;;1
10/11/2010;06:34:00;102;sem vítima;4;BR-116/CW;Sul;Tombamento;1;1;;;;;1
10/11/2010;10:14:00;215;sem vítima;269;BR-116/PR;Sul;Colisão Traseira;2;2;;;;;1
10/11/2010;13:29:00;287;sem vítima;355,5;BR-116/PR;Norte;Colisão Traseira;1;4;;;;;1
10/11/2010;13:48:00;293;sem vítima;66,2;BR-116/PR;Norte;Colisão Traseira;1;2;;;;;1
10/11/2010;18:50:00;398;sem vítima;291,8;BR-116/PR;Norte;Colisão Lateral;1;2;;;;;1
10/11/2010;19:26:00;406;sem vítima;33;BR-116/PR;Norte;Tombamento;1;1;;;;;1
10/11/2010;22:43:00;442;sem vítima;555;BR-116/PR;Norte;Não Def;1;1;;;;;1
11/11/2010;23:43:00;443;com vítima;555;BR-116/PR;Norte;Não Def;1;1;1;;;;1
11/11/2010;03:50:00;54;sem vítima;318;BR-116/PR;Norte;Saida de Pista;1;1;;;;;1
11/11/2010;05:03:00;72;sem vítima;463,7;BR-116/PR;Sul;Colisão Traseira;2;2;;;;;1
11/11/2010;05:24:00;77;sem vítima;411,5;BR-116/PR;Sul;Colisão Transversal;1;2;;;;;1
11/11/2010;08:34:00;155;sem vítima;292,5;BR-116/PR;Sul;Tombamento;1;1;;;;;1
11/11/2010;12:10:00;269;sem vítima;550,3;BR-116/PR;Norte;Tombamento;1;1;;;;;1
11/11/2010;15:46:00;345;sem vítima;426,6;BR-116/PR;Norte;Colisão Lateral;1;3;;;;;1