data;horario;n_da_ocorrencia;tipo_de_ocorrencia;km;trecho;sentido;tipo_de_acidente;caminhao;ilesos;levemente_feridos;moderadamente_feridos;gravemente_feridos;mortos;3
11/11/2010;17:06:00;379;com vítima;274;BR-116/PR;Norte;Atropelamento - Usuário;1;1;1;;;;1
11/11/2010;17:17:00;383;com vítima;544;BR-116/PR;Norte;Tombamento;1;0;1;;;;1
11/11/2010;19:58:00;425;com vítima;349;BR-116/PR;Norte;Tombamento;1;0;1;;;;1
11/11/2010;21:17:00;440;sem vítima;312;BR-116/PR;Sul;Não Def;2;3;;;;;1
11/11/2010;23:52:00;480;sem vítima;332;BR-116/PR;Sul;Colisão Lateral;2;2;;;;;1
12/11/2010;01:40:00;35;com vítima;481,5;BR-116/PR;Sul;Tombamento;1;0;;;1;;2
12/11/2010;04:56:00;73;sem vítima;344,5;BR-116/PR;Sul;Colisão Lateral;2;3;;;;;1
12/11/2010;06:16:00;103;com vítima;433;BR-116/PR;Norte;Tombamento;1;9;1;;;;1
12/11/2010;09:23:00;203;com vítima;453;BR-116/PR;Sul;Capotamento;1;1;1;;;;1
12/11/2010;13:26:00;293;sem vítima;315,3;BR-116/PR;Norte;Colisão Lateral;2;2;;;;;1
12/11/2010;15:21:00;329;com vítima;512;BR-116/PR;Norte;Capotamento;1;0;;;;1;3
12/11/2010;15:52:00;337;com vítima;515,7;BR-116/PR;Norte;Atropelamento - Andarilho;1;1;;;;1;3
12/11/2010;16:15:00;347;sem vítima;515;BR-116/PR;Norte;Colisão Traseira;1;2;;;;;1
12/11/2010;17:20:00;386;sem vítima;548;BR-116/PR;Sul;Tombamento;1;1;;;;;1
12/11/2010;17:11:00;399;sem vítima;548,5;BR-116/PR;Sul;Saida de Pista;1;5;;;;;1
12/11/2010;18:03:00;402;sem vítima;561,5;BR-116/PR;Sul;Colisão Traseira;1;5;;;;;1
12/11/2010;18:04:00;404;sem vítima;515;BR-116/PR;Norte;Colisão Traseira;1;6;;;;;1
13/11/2010;00:30:00;10;sem vítima;555,2;BR-116/PR;Norte;Choque - Defensa, barreira ou "submarino";1;3;;;;;1
13/11/2010;02:15:00;35;sem vítima;517,9;BR-116/PR;Norte;Saida de Pista;1;3;;;;;1
13/11/2010;06:08:00;91;sem vítima;284;BR-116/PR;Norte;Colisão Lateral;1;2;;;;;1
13/11/2010;07:10:00;105;sem vítima;515;BR-116/PR;Norte;Colisão Lateral;1;6;;;;;1
13/11/2010;18:00:00;378;sem vítima;335,6;BR-116/PR;Sul;Colisão Traseira;1;4;;;;;1
13/11/2010;19:02:00;398;sem vítima;40;BR-116/PR;Sul;Saida de Pista;1;2;;;;;1
14/11/2010;07:18:00;112;com vítima;23,8;BR-116/PR;Norte;Saida de Pista;1;0;1;;;;1
14/11/2010;11:11:00;188;sem vítima;426;BR-116/PR;Norte;Choque - Objeto sobre a pista;1;1;;;;;1
14/11/2010;13:11:00;216;sem vítima;476,8;BR-116/PR;Sul;Engavetamento;1;9;;;;;1
15/11/2010;11:15:00;224;sem vítima;542;BR-116/PR;Sul;Choque - Objeto sobre a pista;2;4;;;;;1
15/11/2010;15:43:00;342;sem vítima;477;BR-116/PR;Norte;Colisão Traseira;1;3;;;;;1
15/11/2010;19:07:00;437;sem vítima;513,9;BR-116/PR;Norte;Colisão Traseira;1;4;;;;;1
15/11/2010;21:02:00;478;sem vítima;369;BR-116/PR;Norte;Colisão Traseira;1;5;;;;;1
15/11/2010;21:03:00;479;sem vítima;57;BR-116/PR;Sul;Colisão Lateral;1;2;;;;;1
15/11/2010;21:20:00;484;com vítima;565;BR-116/PR;Sul;Colisão Traseira;2;1;1;;;;1
16/11/2010;11:00:00;181;com vítima;351;BR-116/PR;Norte;Colisão Traseira;1;1;2;;;;1
16/11/2010;15:57:00;272;sem vítima;540;BR-116/PR;Norte;Colisão Traseira;1;2;;;;;1
16/11/2010;18:46:00;329;sem vítima;279,7;BR-116/PR;Sul;Colisão Traseira;1;21;;;;;1
16/11/2010;19:10:00;331;sem vítima;516;BR-116/PR;Norte;Colisão Traseira;2;2;;;;;1
16/11/2010;22:22:00;366;sem vítima;33;BR-116/PR;Norte;Outros;1;1;;;;;1
17/11/2010;02:22:00;42;sem vítima;470,5;BR-116/PR;Norte;Choque - Talude;1;1;;;;;1
17/11/2010;19:20:00;350;sem vítima;560;BR-116/PR;Sul;Choque - Defensa, barreira ou "submarino";1;1;;;;;1
17/11/2010;20:00:00;361;sem vítima;46;BR-116/PR;Sul;Choque - Defensa, barreira ou "submarino";1;2;;;;;1
17/11/2010;21:41:00;386;com vítima;396,1;BR-116/PR;Norte;Atropelamento - Andarilho;1;1;;;;1;3
17/11/2010;23:30:00;400;com vítima;359;BR-116/PR;Sul;Colisão Frontal;2;2;1;;;;1
18/11/2010;05:32:00;101;sem vítima;400,7;BR-116/PR;Norte;Colisão Traseira;2;2;;;;;1
18/11/2010;15:58:00;372;sem vítima;298;BR-116/PR;Norte;Colisão Traseira;1;2;;;;;1
18/11/2010;20:44:00;467;com vítima;15,3;BR-116/CW;Norte;Atropelamento - Morador;1;1;;;;1;3
18/11/2010;21:13:00;474;sem vítima;394,9;BR-116/PR;Norte;Tombamento;1;1;;;;;1
18/11/2010;23:38:00;495;sem vítima;305;BR-116/PR;Norte;Colisão Traseira;2;2;;;;;1
19/11/2010;04:05:00;66;sem vítima;305,4;BR-116/PR;Norte;Colisão Traseira;1;2;;;;;1
19/11/2010;17:36:00;373;sem vítima;275;BR-116/PR;Norte;Colisão Traseira;1;3;;;;;1
20/11/2010;00:29:00;11;sem vítima;63;BR-116/PR;Norte;Colisão Lateral;2;3;;;;;1
20/11/2010;00:37:00;12;sem vítima;548,3;BR-116/PR;Sul;Choque - Suporte de Sinalização;1;1;;;;;1
20/11/2010;03:29:00;49;sem vítima;19;BR-116/PR;Sul;Saida de Pista;1;2;;;;;1
20/11/2010;05:11:00;73;sem vítima;481,3;BR-116/PR;Norte;Saida de Pista;1;1;;;;;1
20/11/2010;08:24:00;136;sem vítima;521;BR-116/PR;Norte;Tombamento;1;1;;;;;1
20/11/2010;09:31:00;158;sem vítima;553;BR-116/PR;Sul;Tombamento;1;1;;;;;1
20/11/2010;11:05:00;195;sem vítima;12;BR-116/CW;Norte;Saida de Pista;1;4;;;;;1
21/11/2010;03:19:00;46;com vítima;533,1;BR-116/PR;Sul;Colisão Traseira;2;1;2;;;;1
21/11/2010;05:11:00;63;com vítima;401;BR-116/PR;Norte;Tombamento;1;0;1;;;;1
21/11/2010;06:59:00;77;sem vítima;544,4;BR-116/PR;Norte;Tombamento;1;1;;;;;1
21/11/2010;07:53:00;98;sem vítima;15,8;BR-116/PR;Norte;Tombamento;1;1;;;;;1
21/11/2010;22:45:00;463;sem vítima;385;BR-116/PR;Norte;Tombamento;1;1;;;;;1
21/11/2010;23:16:00;472;sem vítima;510;BR-116/PR;Norte;Colisão Lateral;3;3;;;;;1
22/11/2010;06:58:00;91;sem vítima;560;BR-116/PR;Sul;Saida de Pista;2;2;;;;;1
22/11/2010;09:25:00;148;sem vítima;29;BR-116/PR;Norte;Tombamento;1;3;;;;;1
22/11/2010;10:31:00;174;com vítima;2;BR-116/PR;Norte;Tombamento;1;0;1;;;;1
22/11/2010;10:58:00;182;com vítima;511;BR-116/PR;Sul;Colisão Lateral;1;1;;1;;;2
22/11/2010;12:50:00;207;sem vítima;350;BR-116/PR;Sul;Choque - Talude;2;2;;;;;1
22/11/2010;18:08:00;308;sem vítima;359,9;BR-116/PR;Norte;Colisão Traseira;3;4;;;;;1
22/11/2010;18:27:00;313;com vítima;282,8;BR-116/PR;Sul;Colisão Lateral;1;1;1;;;;1
22/11/2010;21:08:00;358;sem vítima;462;BR-116/PR;Sul;Saida de Pista;1;1;;;;;1
22/11/2010;21:45:00;363;sem vítima;282,5;BR-116/PR;Norte;Colisão Traseira;1;3;;;;;1
23/11/2010;03:15:00;43;sem vítima;41,8;BR-116/PR;Sul;Tombamento;1;2;;;;;1
23/11/2010;04:07:00;51;sem vítima;543;BR-116/PR;Norte;Colisão Traseira;2;2;;;;;1
23/11/2010;04:23:00;53;sem vítima;494,5;BR-116/PR;Sul;Tombamento;1;1;;;;;1
23/11/2010;04:26:00;55;com vítima;447,3;BR-116/PR;Norte;Colisão Lateral;2;1;2;;;;1
23/11/2010;06:13:00;76;sem vítima;38;BR-116/PR;Sul;Tombamento;1;1;;;;;1
23/11/2010;06:22:00;77;com vítima;357,5;BR-116/PR;Norte;Colisão Traseira;3;2;;1;;;2
23/11/2010;09:46:00;137;sem vítima;514;BR-116/PR;Norte;Colisão Traseira;2;2;;;;;1
23/11/2010;16:15:00;288;com vítima;7,6;BR-116/PR;Sul;Saida de Pista;1;0;1;;;;1
23/11/2010;23:31:00;439;sem vítima;379;BR-116/PR;Sul;Tombamento;1;2;;;;;1
24/11/2010;00:13:00;5;com vítima;302;BR-116/PR;Norte;Tombamento;1;2;1;;;;1
24/11/2010;02:40:00;46;sem vítima;470,6;BR-116/PR;Norte;Choque - Talude;1;1;;;;;1
24/11/2010;02:41:00;48;sem vítima;502;BR-116/PR;Sul;Colisão Lateral;1;2;;;;;1
24/11/2010;03:09:00;52;sem vítima;543;BR-116/PR;Sul;Choque - Defensa, barreira ou "submarino";1;1;;;;;1
24/11/2010;05:49:00;80;com vítima;553;BR-116/PR;Sul;Colisão Traseira;2;0;1;1;;;2
24/11/2010;06:52:00;93;sem vítima;38;BR-116/PR;Sul;Colisão Traseira;2;2;;;;;1
24/11/2010;14:34:00;276;com vítima;48;BR-116/PR;Sul;Saida de Pista;1;0;2;;;;1
24/11/2010;16:20:00;324;sem vítima;543;BR-116/PR;Sul;Choque - Cancela de Pedagio;1;1;;;;;1
24/11/2010;16:55:00;330;com vítima;40;BR-116/PR;Norte;Tombamento;1;0;1;;;;1
24/11/2010;18:26:00;362;com vítima;514,2;BR-116/PR;Norte;Tombamento;1;0;1;;;;1
25/11/2010;01:56:00;39;sem vítima;561,5;BR-116/PR;Sul;Outros - Sequência;1;5;;;;;1
25/11/2010;03:06:00;61;com vítima;559;BR-116/PR;Sul;Outros - Sequência;2;0;1;1;;;2
25/11/2010;07:15:00;107;com vítima;551;BR-116/PR;Sul;Tombamento;1;0;;1;;;2
25/11/2010;17:17:00;332;sem vítima;342;BR-116/PR;Norte;Colisão Lateral;4;4;;;;;1
25/11/2010;23:28:00;490;sem vítima;302;BR-116/PR;Norte;Colisão Traseira;2;2;;;;;1
25/11/2010;23:31:00;492;sem vítima;503;BR-116/PR;Sul;Tombamento;1;1;;;;;1
26/11/2010;00:08:00;1;sem vítima;462,3;BR-116/PR;Sul;Colisão Traseira;1;4;;;;;1
26/11/2010;04:39:00;58;sem vítima;354,2;BR-116/PR;Norte;Engavetamento;3;4;;;;;1
26/11/2010;05:09:00;64;sem vítima;28;BR-116/PR;Norte;Saida de Pista;1;1;;;;;1
26/11/2010;05:13:00;65;sem vítima;385,8;BR-116/PR;Sul;Colisão Traseira;2;2;;;;;1
26/11/2010;17:09:00;323;sem vítima;523,4;BR-116/PR;Sul;Outros - Sequência;1;1;;;;;1
26/11/2010;17:11:00;324;sem vítima;52;BR-116/PR;Norte;Colisão Lateral;1;2;;;;;1
26/11/2010;21:17:00;394;sem vítima;332;BR-116/PR;Sul;Colisão Traseira;1;2;;;;;1
27/11/2010;00:03:00;2;sem vítima;460,2;BR-116/PR;Norte;Tombamento;1;2;;;;;1
27/11/2010;01:38:00;32;com vítima;323;BR-116/PR;Sul;Colisão Traseira;1;1;1;;;;1
27/11/2010;03:38:00;54;sem vítima;511,4;BR-116/PR;Sul;Tombamento;1;1;;;;;1
27/11/2010;04:17:00;63;sem vítima;275;BR-116/PR;Norte;Colisão Traseira;1;3;;;;;1
27/11/2010;06:12:00;89;sem vítima;482,7;BR-116/PR;Sul;Saida de Pista;1;2;;;;;1
27/11/2010;08:06:00;148;sem vítima;271;BR-116/PR;Sul;Colisão Traseira;1;4;;;;;1
27/11/2010;16:19:00;333;sem vítima;284,5;BR-116/PR;Sul;Choque - Defensa, barreira ou "submarino";1;3;;;;;1
27/11/2010;16:46:00;357;com vítima;552;BR-116/PR;Sul;Choque - Talude;1;0;;1;;;2
27/11/2010;22:43:00;449;sem vítima;8,8;BR-116/PR;Sul;Saida de Pista;1;1;;;;;1
28/11/2010;07:03:00;79;sem vítima;503,3;BR-116/PR;Sul;Tombamento;1;1;;;;;1
28/11/2010;12:07:00;191;com vítima;514;BR-116/PR;Norte;Queda de Moto;1;1;1;;;;1
28/11/2010;13:29:00;208;com vítima;397,3;BR-116/PR;Sul;Capotamento;1;14;5;;1;;2
28/11/2010;13:51:00;214;com vítima;287;BR-116/PR;Sul;Atropelamento - Ciclista;1;2;;;1;;2
28/11/2010;19:35:00;361;sem vítima;282;BR-116/PR;Norte;Colisão Lateral;1;3;;;;;1
28/11/2010;21:59:00;397;com vítima;467,3;BR-116/PR;Norte;Choque - Talude;1;0;1;;;;1
29/11/2010;14:04:00;307;sem vítima;23;BR-116/PR;Sul;Colisão Traseira;1;3;;;;;1
29/11/2010;17:36:00;399;sem vítima;480,3;BR-116/PR;Norte;Tombamento;1;1;;;;;1
29/11/2010;21:22:00;457;sem vítima;349;BR-116/PR;Norte;Choque - Talude;1;1;;;;;1
29/11/2010;23:36:00;491;com vítima;54;BR-116/PR;Norte;Colisão Traseira;2;1;;1;;;2
30/11/2010;11:13:00;252;com vítima;12,5;BR-116/PR;Sul;Choque - Objeto sobre a pista;1;2;;;;1;3
30/11/2010;12:41:00;275;com vítima;316,8;BR-116/PR;Sul;Colisão Traseira;1;1;1;;;;1
30/11/2010;15:17:00;311;com vítima;8;BR-116/PR;Sul;Saida de Pista;1;2;1;;;;1
30/11/2010;18:08:00;388;com vítima;32,5;BR-116/PR;Norte;Tombamento;1;0;;1;;;2
30/11/2010;18:30:00;395;com vítima;508,5;BR-116/PR;Norte;Atropelamento - Morador;1;1;;;1;1;3
30/11/2010;19:04:00;407;sem vítima;511;BR-116/PR;Sul;Choque - Suporte de Sinalização;1;1;;;;;1
30/11/2010;21:41:00;445;sem vítima;344;BR-116/PR;Sul;Colisão Lateral;2;2;;;;;1
30/11/2010;22:41:00;446;sem vítima;344;BR-116/PR;Sul;Colisão Lateral;2;2;;;;;1
01/12/2010;01:41:00;31;sem vítima;468,1;BR-116/PR;Norte;Saida de Pista;1;1;;;;;1
01/12/2010;05:28:00;81;sem vítima;418,5;BR-116/PR;Norte;Saida de Pista;1;2;;;;;1
01/12/2010;06:01:00;90;sem vítima;337,5;BR-116/PR;Norte;Colisão Traseira;1;2;;;;;1
01/12/2010;06:13:00;94;sem vítima;319,4;BR-116/PR;Norte;Colisão Lateral;3;3;;;;;1
01/12/2010;11:00:00;217;com vítima;446,5;BR-116/PR;Norte;Colisão Traseira;1;1;;;;1;3
01/12/2010;11:53:00;240;com vítima;307,1;BR-116/PR;Sul;Colisão Lateral;1;1;;1;;;2
01/12/2010;15:42:00;320;com vítima;340;BR-116/PR;Sul;Colisão Lateral;1;2;;1;;;2
01/12/2010;22:29:00;453;sem vítima;24;BR-116/PR;Norte;Saida de Pista;1;1;;;;;1
01/12/2010;23:04:00;463;sem vítima;524,2;BR-116/PR;Norte;Saida de Pista;1;1;;;;;1
02/12/2010;01:07:00;14;sem vítima;342;BR-116/PR;Sul;Colisão Traseira;1;2;;;;;1
02/12/2010;01:27:00;19;sem vítima;545;BR-116/PR;Norte;Saida de Pista;1;1;;;;;1
02/12/2010;04:33:00;46;sem vítima;462;BR-116/PR;Sul;Saida de Pista;1;2;;;;;1
02/12/2010;06:55:00;80;sem vítima;350;BR-116/PR;Norte;Colisão Traseira;2;2;;;;;1
02/12/2010;07:14:00;87;sem vítima;404;BR-116/PR;Norte;Saida de Pista;1;1;;;;;1
02/12/2010;07:35:00;94;com vítima;282;BR-116/PR;Norte;Colisão Traseira;1;2;1;;;;1
02/12/2010;08:41:00;127;sem vítima;56;BR-116/PR;Sul;Colisão Lateral;2;2;;;;;1
02/12/2010;09:02:00;137;com vítima;24;BR-116/PR;Norte;Tombamento;1;0;1;;;;1
02/12/2010;09:58:00;170;sem vítima;489;BR-116/PR;Sul;Saida de Pista;1;1;;;;;1
02/12/2010;13:25:00;238;sem vítima;383,4;BR-116/PR;Norte;Colisão Traseira;2;2;;;;;1
03/12/2010;02:09:00;38;sem vítima;347;BR-116/PR;Norte;Saida de Pista;1;1;;;;;1
03/12/2010;02:10:00;39;sem vítima;482,1;BR-116/PR;Sul;Choque - Defensa, barreira ou "submarino";1;1;;;;;1
03/12/2010;04:32:00;59;sem vítima;470,9;BR-116/PR;Norte;Saida de Pista;1;1;;;;;1
03/12/2010;05:04:00;65;sem vítima;65,5;BR-116/PR;Norte;Colisão Lateral;2;2;;;;;1
03/12/2010;08:12:00;121;sem vítima;351,9;BR-116/PR;Sul;Choque - Suporte de Sinalização;1;1;;;;;1
03/12/2010;16:28:00;311;sem vítima;22;BR-116/PR;Norte;Não Def;1;2;;;;;1
03/12/2010;16:29:00;315;com vítima;277;BR-116/PR;Norte;Colisão Traseira;1;1;;1;;;2
03/12/2010;20:13:00;403;com vítima;310;BR-116/PR;Norte;Queda de Moto;1;1;;;1;;2
04/12/2010;00:28:00;9;sem vítima;378;BR-116/PR;Norte;Saida de Pista;1;2;;;;;1
04/12/2010;02:00:00;42;sem vítima;353,8;BR-116/PR;Sul;Choque - Veiculo parado no acostamento;1;2;;;;;1
04/12/2010;04:07:00;74;sem vítima;437;BR-116/PR;Sul;Saida de Pista;1;1;;;;;1
04/12/2010;05:00:00;83;sem vítima;553,8;BR-116/PR;Sul;Colisão Lateral;2;2;;;;;1
04/12/2010;05:26:00;85;com vítima;416;BR-116/PR;Sul;Saida de Pista;1;0;1;;;;1
04/12/2010;07:59:00;138;com vítima;418;BR-116/PR;Sul;Colisão Traseira;2;1;1;;;;1
04/12/2010;14:43:00;290;com vítima;364,3;BR-116/PR;Norte;Tombamento;1;0;2;;;;1
04/12/2010;18:49:00;386;sem vítima;541,6;BR-116/PR;Sul;Tombamento;1;2;;;;;1
04/12/2010;19:50:00;401;sem vítima;568;BR-116/PR;Norte;Choque - Talude;1;3;;;;;1
05/12/2010;00:04:00;2;sem vítima;543,6;BR-116/PR;Sul;Colisão Traseira;2;2;;;;;1
05/12/2010;00:33:00;11;sem vítima;536;BR-116/PR;Sul;Saida de Pista;1;1;;;;;1
05/12/2010;08:12:00;101;com vítima;511,1;BR-116/PR;Norte;Outros;1;0;1;;;;1
05/12/2010;09:58:00;137;sem vítima;511,7;BR-116/PR;Norte;Colisão Traseira;2;2;;;;;1
05/12/2010;11:10:00;164;sem vítima;550;BR-116/PR;Norte;Saida de Pista;1;1;;;;;1
05/12/2010;11:24:00;173;com vítima;25;BR-116/PR;Norte;Tombamento;1;0;1;;1;;2
05/12/2010;19:33:00;343;com vítima;373;BR-116/PR;Norte;Queda de Moto;1;2;1;;;;1
06/12/2010;01:14:00;26;com vítima;334;BR-116/PR;Norte;Colisão Traseira;2;1;;;1;;2
06/12/2010;02:00:00;38;sem vítima;560;BR-116/PR;Sul;Saida de Pista;1;1;;;;;1
06/12/2010;06:59:00;85;sem vítima;283,7;BR-116/PR;Norte;Colisão Traseira;1;5;;;;;1
06/12/2010;07:02:00;86;sem vítima;282,1;BR-116/PR;Norte;Colisão Traseira;2;4;;;;;1
06/12/2010;12:38:00;236;com vítima;33;BR-116/PR;Norte;Tombamento;1;0;;1;;;2
06/12/2010;14:31:00;273;sem vítima;347;BR-116/PR;Sul;Choque - Talude;1;1;;;;;1
06/12/2010;15:06:00;283;com vítima;69;BR-116/PR;Norte;Tombamento;1;0;1;;;;1
06/12/2010;15:36:00;293;sem vítima;285;BR-116/PR;Sul;Tombamento;1;2;;;;;1
06/12/2010;16:19:00;317;sem vítima;347;BR-116/PR;Norte;Saida de Pista;1;1;;;;;1
06/12/2010;18:10:00;386;sem vítima;299;BR-116/PR;Norte;Colisão Lateral;1;1;;;;;1
06/12/2010;21:45:00;431;sem vítima;550;BR-116/PR;Norte;Saida de Pista;1;1;;;;;1
06/12/2010;23:25:00;453;sem vítima;496;BR-116/PR;Norte;Saida de Pista;1;1;;;;;1
07/12/2010;16:02:00;386;sem vítima;280;BR-116/PR;Norte;Colisão Traseira;2;2;;;;;1
07/12/2010;16:28:00;396;com vítima;33;BR-116/PR;Norte;Tombamento;1;0;1;;;;1
07/12/2010;04:19:00;43;sem vítima;549,5;BR-116/PR;Norte;Tombamento;1;1;;;;;1
07/12/2010;14:27:00;338;com vítima;279,5;BR-116/PR;Norte;Tombamento;1;1;1;;;;1
08/12/2010;01:47:00;35;com vítima;316,2;BR-116/PR;Sul;Tombamento;1;0;1;;;;1
08/12/2010;08:12:00;207;sem vítima;477;BR-116/PR;Sul;Colisão Traseira;3;4;;;;;1
08/12/2010;14:07:00;370;sem vítima;426;BR-116/PR;Norte;Colisão Traseira;2;2;;;;;1
08/12/2010;15:54:00;408;com vítima;543;BR-116/PR;Norte;Colisão Traseira;2;4;;1;;;2
08/12/2010;20:59:00;525;sem vítima;284;BR-116/PR;Sul;Colisão Traseira;1;2;;;;;1
08/12/2010;21:24:00;531;com vítima;274;BR-116/PR;Norte;Colisão Traseira;1;1;2;;;;1
08/12/2010;22:17:00;543;com vítima;550;BR-116/PR;Norte;Tombamento;1;0;1;;;;1
09/12/2010;01:26:00;22;sem vítima;499;BR-116/PR;Norte;Outros;2;2;;;;;1
09/12/2010;04:25:00;48;sem vítima;566,9;BR-116/PR;Sul;Choque - Talude;1;1;;;;;1
09/12/2010;04:44:00;55;sem vítima;321;BR-116/PR;Sul;Saida de Pista;1;1;;;;;1
09/12/2010;05:16:00;62;sem vítima;376,1;BR-116/PR;Norte;Saida de Pista;1;1;;;;;1
09/12/2010;06:00:00;73;sem vítima;285,1;BR-116/PR;Norte;Colisão Lateral;1;2;;;;;1
09/12/2010;12:20:00;219;com vítima;289;BR-116/PR;Norte;Capotamento;2;3;1;;;;1
09/12/2010;22:08:00;414;sem vítima;485;BR-116/PR;Norte;Colisão Traseira;2;2;;;;;1
10/12/2010;00:38:00;8;com vítima;326,5;BR-116/PR;Sul;Colisão Frontal;1;1;;2;;1;3
10/12/2010;02:07:00;33;sem vítima;513,1;BR-116/PR;Norte;Saida de Pista;1;1;;;;;1
10/12/2010;03:54:00;52;sem vítima;522;BR-116/PR;Norte;Tombamento;1;1;;;;;1
10/12/2010;13:46:00;284;sem vítima;280;BR-116/PR;Sul;Engavetamento;2;6;;;;;1
10/12/2010;15:51:00;321;com vítima;291,2;BR-116/PR;Sul;Tombamento;1;0;2;;;;1
10/12/2010;17:43:00;372;com vítima;511;BR-116/PR;Norte;Colisão Traseira;1;1;3;;;;1
10/12/2010;23:49:00;473;com vítima;486;BR-116/PR;Sul;Tombamento;1;0;1;;;;1
11/12/2010;02:43:00;40;sem vítima;517,3;BR-116/PR;Sul;Saida de Pista;1;2;;;;;1
11/12/2010;04:05:00;57;sem vítima;351;BR-116/PR;Sul;Choque - Defensa, barreira ou "submarino";1;1;;;;;1
11/12/2010;05:03:00;66;sem vítima;499;BR-116/PR;Sul;Tombamento;1;1;;;;;1
11/12/2010;05:55:00;76;sem vítima;521,5;BR-116/PR;Sul;Saida de Pista;1;1;;;;;1
11/12/2010;07:57:00;117;sem vítima;46,8;BR-116/PR;Sul;Choque - Defensa, barreira ou "submarino";1;1;;;;;1
11/12/2010;13:58:00;271;sem vítima;509;BR-116/PR;Sul;Tombamento;1;1;;;;;1
11/12/2010;16:41:00;335;sem vítima;485;BR-116/PR;Sul;Colisão Traseira;2;2;;;;;1
11/12/2010;17:11:00;351;sem vítima;7,8;BR-116/PR;Sul;Outros;3;3;;;;;1
11/12/2010;23:30:00;454;com vítima;305,7;BR-116/PR;Norte;Colisão Traseira;1;1;;1;1;;2
12/12/2010;08:28:00;128;sem vítima;42,9;BR-116/PR;Norte;Saida de Pista;1;1;;;;;1
12/12/2010;08:49:00;136;com vítima;42,8;BR-116/PR;Norte;Tombamento;1;0;1;1;;;2
12/12/2010;11:31:00;185;com vítima;360;BR-116/PR;Sul;Tombamento;1;0;1;;;;1
12/12/2010;12:54:00;215;sem vítima;303;BR-116/PR;Sul;Colisão Lateral;1;3;;;;;1
12/12/2010;18:37:00;367;sem vítima;541;BR-116/PR;Sul;Saida de Pista;1;1;;;;;1
12/12/2010;19:27:00;387;sem vítima;548;BR-116/PR;Sul;Colisão Traseira;1;4;;;;;1
12/12/2010;20:49:00;422;com vítima;560;BR-116/PR;Sul;Tombamento;1;0;2;;;;1
12/12/2010;23:23:00;467;sem vítima;347;BR-116/PR;Norte;Colisão Lateral;1;2;;;;;1
13/12/2010;02:56:00;50;sem vítima;483;BR-116/PR;Norte;Tombamento;1;1;;;;;1
13/12/2010;00:47:00;21;com vítima;278;BR-116/PR;Norte;Colisão Lateral;1;3;1;;;;1
13/12/2010;10:43:00;229;sem vítima;277;BR-116/PR;Norte;Colisão Lateral;2;2;;;;;1
13/12/2010;11:30:00;245;com vítima;29;BR-116/PR;Norte;Engavetamento;2;5;2;;;;1
13/12/2010;14:28:00;296;sem vítima;59;BR-116/PR;Norte;Capotamento;1;1;;;;;1
13/12/2010;14:36:00;300;sem vítima;470;BR-116/PR;Sul;Saida de Pista;1;1;;;;;1
13/12/2010;18:40:00;416;sem vítima;568;BR-116/PR;Norte;Outros;1;1;;;;;1
14/12/2010;00:12:00;5;sem vítima;353,4;BR-116/PR;Norte;Tombamento;1;1;;;;;1
14/12/2010;04:12:00;67;sem vítima;515,7;BR-116/PR;Sul;Tombamento;1;1;;;;;1
14/12/2010;14:22:00;259;sem vítima;450,5;BR-116/PR;Norte;Colisão Lateral;1;2;;;;;1
14/12/2010;15:28:00;289;com vítima;514;BR-116/PR;Norte;Tombamento;1;0;1;;;;1
14/12/2010;16:48:00;321;sem vítima;405;BR-116/PR;Norte;Saida de Pista;1;1;;;;;1
14/12/2010;17:34:00;335;sem vítima;516,8;BR-116/PR;Norte;Colisão Traseira;1;3;;;;;1
14/12/2010;17:55:00;339;sem vítima;567;BR-116/PR;Sul;Saida de Pista;1;1;;;;;1
14/12/2010;20:00:00;391;sem vítima;561,5;BR-116/PR;Sul;Engavetamento;3;5;;;;;1
14/12/2010;21:04:00;409;com vítima;480;BR-116/PR;Norte;Colisão Lateral;1;1;;;;1;3
14/12/2010;21:11:00;411;sem vítima;370;BR-116/PR;Norte;Colisão Traseira;2;2;;;;;1
14/12/2010;21:21:00;412;sem vítima;407;BR-116/PR;Sul;Saida de Pista;1;1;;;;;1
14/12/2010;21:28:00;413;com vítima;271,3;BR-116/PR;Norte;Colisão Traseira;2;2;;;1;;2
14/12/2010;22:17:00;423;sem vítima;269,6;BR-116/PR;Sul;Colisão Lateral;1;3;;;;;1
14/12/2010;23:18:00;435;sem vítima;522;BR-116/PR;Sul;Saida de Pista;1;1;;;;;1
15/12/2010;01:37:00;34;sem vítima;466,6;BR-116/PR;Norte;Colisão Traseira;2;5;;;;;1
15/12/2010;01:40:00;35;sem vítima;30,2;BR-116/PR;Norte;Tombamento;1;1;;;;;1
15/12/2010;03:23:00;59;sem vítima;555,8;BR-116/PR;Norte;Saida de Pista;1;3;;;;;1
15/12/2010;06:48:00;192;sem vítima;517;BR-116/PR;Norte;Colisão Traseira;2;2;;;;;1
15/12/2010;07:29:00;225;com vítima;511;BR-116/PR;Sul;Tombamento;1;0;1;;;;1
15/12/2010;12:39:00;356;sem vítima;429,1;BR-116/PR;Norte;Saida de Pista;1;2;;;;;1
15/12/2010;13:15:00;366;sem vítima;12;BR-116/PR;Norte;Saida de Pista;1;1;;;;;1
15/12/2010;14:56:00;409;sem vítima;279,1;BR-116/PR;Norte;Colisão Traseira;1;2;;;;;1