data;horario;n_da_ocorrencia;tipo_de_ocorrencia;km;trecho;sentido;tipo_de_acidente;caminhao;ilesos;levemente_feridos;moderadamente_feridos;gravemente_feridos;mortos;3
15/12/2010;15:12:00;415;sem vítima;518;BR-116/PR;Sul;Colisão Traseira;2;2;;;;;1
15/12/2010;16:43:00;445;sem vítima;291,6;BR-116/PR;Norte;Colisão Transversal;1;3;;;;;1
15/12/2010;17:27:00;463;com vítima;518;BR-116/PR;Sul;Atropelamento - Usuário;1;1;;1;;;2
16/12/2010;06:20:00;189;com vítima;46,7;BR-116/PR;Sul;Capotamento;1;0;1;;;;1
16/12/2010;11:00:00;302;com vítima;550;BR-116/PR;Norte;Saida de Pista;1;0;;1;;;2
16/12/2010;11:35:00;316;sem vítima;428;BR-116/PR;Norte;Choque - Suporte de Sinalização;1;3;;;;;1
16/12/2010;11:37:00;317;sem vítima;339;BR-116/PR;Sul;Colisão Lateral;2;2;;;;;1
16/12/2010;14:06:00;354;com vítima;340;BR-116/PR;Sul;Colisão Lateral;1;1;;1;;;2
16/12/2010;14:25:00;359;com vítima;289;BR-116/PR;Sul;Colisão Traseira;2;1;1;;;;1
16/12/2010;16:48:00;404;sem vítima;426;BR-116/PR;Sul;Colisão Traseira;2;2;;;;;1
16/12/2010;18:44:00;450;sem vítima;360,3;BR-116/PR;Sul;Colisão Lateral;2;3;;;;;1
16/12/2010;20:36:00;483;sem vítima;299;BR-116/PR;Sul;Engavetamento;4;4;;;;;1
16/12/2010;21:08:00;492;com vítima;365,1;BR-116/PR;Norte;Colisão Traseira;3;2;;;;1;3
16/12/2010;21:43:00;497;sem vítima;301,6;BR-116/PR;Norte;Colisão Traseira;1;3;;;;;1
16/12/2010;22:31:00;515;sem vítima;496,5;BR-116/PR;Norte;Colisão Lateral;2;2;;;;;1
16/12/2010;23:32:00;529;sem vítima;66,5;BR-116/PR;Norte;Tombamento;1;1;;;;;1
17/12/2010;01:39:00;27;sem vítima;567;BR-116/PR;Norte;Saida de Pista;1;2;;;;;1
17/12/2010;02:53:00;37;sem vítima;356;BR-116/PR;Norte;Tombamento;1;1;;;;;1
17/12/2010;05:06:00;68;com vítima;318,3;BR-116/PR;Sul;Colisão Traseira;2;1;;;;1;3
17/12/2010;11:31:00;200;sem vítima;342,8;BR-116/PR;Norte;Colisão Traseira;1;2;;;;;1
17/12/2010;13:24:00;238;com vítima;270;BR-116/PR;Norte;Colisão Lateral;1;1;1;;1;;2
17/12/2010;14:46:00;263;com vítima;323;BR-116/PR;Sul;Colisão Traseira;2;1;1;;;;1
17/12/2010;15:24:00;281;sem vítima;356;BR-116/PR;Sul;Colisão Lateral;1;2;;;;;1
17/12/2010;15:58:00;298;sem vítima;65;BR-116/PR;Norte;Choque - Defensa, barreira ou "submarino";1;1;;;;;1
17/12/2010;17:05:00;329;sem vítima;326,5;BR-116/PR;Sul;Colisão Traseira;2;2;;;;;1
17/12/2010;17:32:00;345;sem vítima;295;BR-116/PR;Norte;Colisão Lateral;1;4;;;;;1
17/12/2010;18:18:00;362;sem vítima;335,8;BR-116/PR;Sul;Colisão Traseira;1;3;;;;;1
17/12/2010;18:32:00;366;sem vítima;291;BR-116/PR;Norte;Colisão Lateral;1;2;;;;;1
17/12/2010;19:35:00;380;com vítima;322,5;BR-116/PR;Sul;Colisão Traseira;1;3;;1;;;2
17/12/2010;21:02:00;404;sem vítima;0;BR-116/PR;Norte;Colisão Traseira;2;3;;;;;1
18/12/2010;02:28:00;43;sem vítima;31,4;BR-116/PR;Sul;Outros;1;1;;;;;1
18/12/2010;05:42:00;73;sem vítima;538,1;BR-116/PR;Sul;Capotamento;1;2;;;;;1
18/12/2010;11:20:00;221;com vítima;281;BR-116/PR;Norte;Colisão Traseira;1;1;1;;;;1
18/12/2010;12:02:00;230;com vítima;522;BR-116/PR;Sul;Saida de Pista;1;1;1;;;;1
18/12/2010;12:28:00;242;com vítima;561,5;BR-116/PR;Sul;Engavetamento;3;2;1;;;;1
18/12/2010;16:45:00;323;sem vítima;390;BR-116/PR;Norte;Objeto lançado contra veículo;1;1;;;;;1
18/12/2010;16:52:00;329;sem vítima;325;BR-116/PR;Sul;Saida de Pista;1;2;;;;;1
19/12/2010;09:30:00;179;com vítima;504,7;BR-116/PR;Norte;Tombamento;1;0;;;;1;3
19/12/2010;13:53:00;249;sem vítima;363,6;BR-116/PR;Norte;Colisão Traseira;2;4;;;;;1
19/12/2010;16:05:00;325;sem vítima;550,4;BR-116/PR;Norte;Tombamento;1;1;;;;;1
19/12/2010;17:19:00;362;sem vítima;56;BR-116/PR;Sul;Colisão Traseira;1;2;;;;;1
19/12/2010;18:14:00;397;sem vítima;299;BR-116/PR;Norte;Colisão Lateral;1;2;;;;;1
19/12/2010;18:18:00;399;sem vítima;282,2;BR-116/PR;Norte;Colisão Lateral;1;2;;;;;1
19/12/2010;20:29:00;441;sem vítima;284;BR-116/PR;Norte;Engavetamento;1;7;;;;;1
20/12/2010;10:45:00;229;sem vítima;477;BR-116/PR;Norte;Saida de Pista;1;1;;;;;1
20/12/2010;14:43:00;311;com vítima;399,9;BR-116/PR;Sul;Tombamento;1;0;1;;;;1
20/12/2010;17:23:00;410;com vítima;276;BR-116/PR;Norte;Colisão Traseira;1;3;1;;;;1
20/12/2010;20:29:00;476;com vítima;327;BR-116/PR;Sul;Colisão Traseira;1;2;1;;;;1
20/12/2010;23:39:00;531;com vítima;46;BR-116/PR;Sul;Choque - Defensa, barreira ou "submarino";1;1;1;;;;1
21/12/2010;02:14:00;41;sem vítima;551;BR-116/PR;Norte;Saida de Pista;1;4;;;;;1
21/12/2010;03:47:00;59;sem vítima;567,9;BR-116/PR;Norte;Saida de Pista;1;1;;;;;1
21/12/2010;03:47:00;61;sem vítima;306;BR-116/PR;Norte;Colisão Lateral;1;3;;;;;1
21/12/2010;05:03:00;73;sem vítima;560;BR-116/PR;Sul;Saida de Pista;1;2;;;;;1
21/12/2010;07:45:00;117;com vítima;515;BR-116/PR;Sul;Tombamento;1;0;1;;;;1
21/12/2010;08:02:00;125;sem vítima;426,6;BR-116/PR;Norte;Colisão Traseira;2;2;;;;;1
21/12/2010;08:03:00;126;sem vítima;281,5;BR-116/PR;Sul;Colisão Lateral;2;2;;;;;1
21/12/2010;11:33:00;217;com vítima;316,5;BR-116/PR;Sul;Saida de Pista;1;0;1;;;;1
21/12/2010;15:34:00;285;sem vítima;56;BR-116/PR;Sul;Choque - Defensa, barreira ou "submarino";1;6;;;;;1
21/12/2010;16:20:00;301;sem vítima;515;BR-116/PR;Norte;Tombamento;1;3;;;;;1
21/12/2010;17:22:00;332;sem vítima;561;BR-116/PR;Sul;Colisão Traseira;1;4;;;;;1
21/12/2010;18:46:00;371;sem vítima;545;BR-116/PR;Norte;Colisão Lateral;1;4;;;;;1
21/12/2010;22:09:00;440;sem vítima;352;BR-116/PR;Sul;Colisão Traseira;1;4;;;;;1
21/12/2010;23:47:00;472;sem vítima;393;BR-116/PR;Sul;Saida de Pista;1;1;;;;;1
22/12/2010;05:51:00;108;sem vítima;541,1;BR-116/PR;Sul;Tombamento;1;2;;;;;1
22/12/2010;07:48:00;147;sem vítima;426;BR-116/PR;Norte;Colisão Traseira;1;6;;;;;1
22/12/2010;14:59:00;306;com vítima;45,8;BR-116/PR;Sul;Engavetamento;1;3;1;;;;1
22/12/2010;15:13:00;310;com vítima;45;BR-116/PR;Sul;Colisão Frontal;1;2;1;;;;1
22/12/2010;15:14:00;311;com vítima;339,6;BR-116/PR;Norte;Tombamento;1;0;1;;;;1
22/12/2010;18:39:00;394;sem vítima;270;BR-116/PR;Sul;Choque - Defensa, barreira ou "submarino";1;2;;;;;1
22/12/2010;19:29:00;414;com vítima;336,5;BR-116/PR;Norte;Atropelamento - Ambulante;1;1;;;1;;2
23/12/2010;02:42:00;42;sem vítima;330;BR-116/PR;Sul;Colisão Traseira;2;3;;;;;1
23/12/2010;03:03:00;48;sem vítima;321;BR-116/PR;Norte;Saida de Pista;1;1;;;;;1
23/12/2010;03:36:00;54;sem vítima;358;BR-116/PR;Norte;Colisão Lateral;2;2;;;;;1
23/12/2010;04:18:00;66;sem vítima;296;BR-116/PR;Sul;Colisão Traseira;1;11;;;;;1
23/12/2010;06:59:00;110;sem vítima;288;BR-116/PR;Norte;Tombamento;1;2;;;;;1
23/12/2010;10:52:00;229;com vítima;292;BR-116/PR;Norte;Colisão Transversal;2;0;3;;;;1
23/12/2010;10:55:00;232;com vítima;309,95;BR-116/PR;Sul;Colisão Traseira;1;1;;;;1;3
23/12/2010;11:48:00;252;sem vítima;560;BR-116/PR;Sul;Saida de Pista;1;1;;;;;1
23/12/2010;14:47:00;316;com vítima;8;BR-116/PR;Sul;Choque - Defensa, barreira ou "submarino";1;0;;;1;;2
23/12/2010;15:24:00;333;sem vítima;299;BR-116/PR;Sul;Colisão Traseira;1;2;;;;;1
23/12/2010;15:46:00;348;sem vítima;296,6;BR-116/PR;Norte;Saida de Pista;1;1;;;;;1
23/12/2010;17:54:00;398;sem vítima;541,4;BR-116/PR;Sul;Saida de Pista;1;1;;;;;1
23/12/2010;17:59:00;402;sem vítima;541,4;BR-116/PR;Sul;Não Def;1;1;;;;;1
23/12/2010;19:49:00;445;sem vítima;345,8;BR-116/PR;Norte;Colisão Traseira;2;2;;;;;1
23/12/2010;20:11:00;456;sem vítima;426;BR-116/PR;Sul;Colisão Lateral;3;3;;;;;1
23/12/2010;20:25:00;465;sem vítima;503,8;BR-116/PR;Sul;Saida de Pista;1;1;;;;;1
23/12/2010;23:25:00;510;com vítima;557,7;BR-116/PR;Sul;Colisão Traseira;2;3;1;;;;1
24/12/2010;06:15:00;84;sem vítima;546;BR-116/PR;Sul;Tombamento;1;1;;;;;1
24/12/2010;15:49:00;282;sem vítima;461;BR-116/PR;Sul;Tombamento;1;1;;;;;1
24/12/2010;16:34:00;294;com vítima;504,1;BR-116/PR;Sul;Tombamento;1;0;1;;;;1
26/12/2010;12:10:00;186;com vítima;400,5;BR-116/PR;Norte;Choque - Objeto sobre a pista;1;36;;1;;;2
26/12/2010;16:02:00;277;sem vítima;42;BR-116/PR;Sul;Colisão Traseira;1;3;;;;;1
26/12/2010;22:56:00;446;sem vítima;324;BR-116/PR;Norte;Colisão Lateral;1;5;;;;;1
27/12/2010;01:17:00;23;sem vítima;307;BR-116/PR;Norte;Tombamento;1;2;;;;;1
27/12/2010;03:08:00;39;sem vítima;511;BR-116/PR;Norte;Colisão Traseira;1;3;;;;;1
27/12/2010;05:43:00;64;sem vítima;336,5;BR-116/PR;Sul;Colisão Lateral;1;3;;;;;1
27/12/2010;07:32:00;95;sem vítima;401,6;BR-116/PR;Sul;Colisão Traseira;1;5;;;;;1
27/12/2010;15:17:00;272;sem vítima;33;BR-116/PR;Norte;Tombamento;1;1;;;;;1
27/12/2010;18:00:00;339;sem vítima;360;BR-116/PR;Sul;Colisão Lateral;2;3;;;;;1
27/12/2010;20:42:00;381;com vítima;312;BR-116/PR;Norte;Colisão Traseira;1;1;1;;;;1
28/12/2010;10:06:00;201;sem vítima;558;BR-116/PR;Norte;Saida de Pista;1;1;;;;;1
28/12/2010;14:27:00;273;sem vítima;541;BR-116/PR;Sul;Colisão Lateral;1;2;;;;;1
28/12/2010;17:07:00;356;com vítima;273;BR-116/PR;Sul;Tombamento;1;0;1;;;;1
28/12/2010;17:58:00;374;com vítima;15,7;BR-116/PR;Norte;Tombamento;1;0;1;;;;1
28/12/2010;23:03:00;456;sem vítima;302;BR-116/PR;Sul;Colisão Lateral;1;2;;;;;1
29/12/2010;06:46:00;100;sem vítima;349,3;BR-116/PR;Sul;Choque - Defensa, barreira ou "submarino";1;1;;;;;1
29/12/2010;07:55:00;125;com vítima;33;BR-116/PR;Norte;Tombamento;1;0;1;;;;1
29/12/2010;17:50:00;375;sem vítima;386,9;BR-116/PR;Norte;Colisão Traseira;1;7;;;;;1
30/12/2010;02:47:00;45;sem vítima;371;BR-116/PR;Sul;Colisão Lateral;1;2;;;;;1
30/12/2010;16:53:00;344;sem vítima;68;BR-116/PR;Norte;Colisão Traseira;1;2;;;;;1
30/12/2010;22:55:00;472;sem vítima;7,7;BR-116/PR;Sul;Saida de Pista;1;3;;;;;1
31/12/2010;04:46:00;69;sem vítima;548,4;BR-116/PR;Sul;Saida de Pista;1;2;;;;;1
31/12/2010;17:01:00;291;sem vítima;541;BR-116/PR;Sul;Saida de Pista;1;2;;;;;1
31/12/2010;19:34:00;343;sem vítima;24;BR-116/PR;Norte;Saida de Pista;1;1;;;;;1
02/01/2011;12:42:00;205;com vítima;316,1;BR-116/PR;Norte;Tombamento;1;0;1;;;;1
02/01/2011;13:47:00;222;sem vítima;333;BR-116/PR;Norte;Saida de Pista;1;2;;;;;1
02/01/2011;18:08:00;366;sem vítima;347;BR-116/PR;Norte;Colisão Lateral;1;5;;;;;1
02/01/2011;20:57:00;457;sem vítima;352;BR-116/PR;Sul;Colisão Traseira;1;2;;;;;1
02/01/2011;18:28:00;375;sem vítima;352,8;BR-116/PR;Norte;Colisão Lateral;1;2;;;;;1
02/01/2011;15:15:00;265;sem vítima;386;BR-116/PR;Norte;Colisão Traseira;1;4;;;;;1
02/01/2011;03:21:00;40;sem vítima;521,6;BR-116/PR;Sul;Saida de Pista;1;1;;;;;1
02/01/2011;09:44:00;129;sem vítima;551,7;BR-116/PR;Norte;Tombamento;1;1;;;;;1
02/01/2011;08:21:00;98;com vítima;564,4;BR-116/PR;Norte;Capotamento;1;5;1;;;;1
03/01/2011;13:14:00;262;sem vítima;12,3;BR-116/CW;Norte;Saida de Pista;1;3;;;;;1
03/01/2011;09:35:00;166;sem vítima;291,5;BR-116/PR;Sul;Saida de Pista;1;1;;;;;1
03/01/2011;10:34:00;189;sem vítima;349;BR-116/PR;Norte;Colisão Traseira;1;2;;;;;1
03/01/2011;16:49:00;338;sem vítima;369;BR-116/PR;Norte;Colisão Lateral;1;2;;;;;1
03/01/2011;17:11:00;351;com vítima;404;BR-116/PR;Sul;Colisão Traseira;1;6;1;;;;1
03/01/2011;17:50:00;373;sem vítima;495;BR-116/PR;Norte;Capotamento;1;5;;;;;1
03/01/2011;15:06:00;294;sem vítima;509;BR-116/PR;Sul;Saida de Pista;1;4;;;;;1
03/01/2011;13:54:00;272;sem vítima;514;BR-116/PR;Norte;Capotamento;1;10;;;;;1
04/01/2011;02:41:00;46;sem vítima;313;BR-116/PR;Norte;Colisão Traseira;2;2;;;;;1
04/01/2011;17:41:00;406;sem vítima;319;BR-116/PR;Norte;Colisão Traseira;1;4;;;;;1
04/01/2011;06:05:00;92;com vítima;335;BR-116/PR;Sul;Capotamento;1;2;1;;;;1
04/01/2011;20:28:00;479;sem vítima;409,95;BR-116/PR;Sul;Saida de Pista;1;1;;;;;1
04/01/2011;04:45:00;76;sem vítima;455,7;BR-116/PR;Norte;Atropelamento de Animal;1;4;;;;;1
04/01/2011;14:36:00;308;sem vítima;528;BR-116/PR;Sul;Saida de Pista;1;1;;;;;1
05/01/2011;21:54:00;457;com vítima;39,9;BR-116/PR;Sul;Saida de Pista;1;0;1;;;;1
05/01/2011;13:17:00;268;sem vítima;43;BR-116/PR;Norte;Não Def;1;1;;;;;1
05/01/2011;13:06:00;267;sem vítima;44;BR-116/PR;Sul;Atropelamento - Andarilho;1;1;;;;;1
05/01/2011;01:47:00;30;sem vítima;349,4;BR-116/PR;Sul;Choque - Talude;1;1;;;;;1
06/01/2011;00:30:00;3;sem vítima;349,2;BR-116/PR;Sul;Colisão Traseira;2;2;;;;;1
06/01/2011;10:34:00;242;sem vítima;547;BR-116/PR;Sul;Tombamento;1;1;;;;;1
06/01/2011;16:40:00;376;com vítima;550;BR-116/PR;Norte;Tombamento;1;0;4;;;;1
07/01/2011;09:43:00;170;com vítima;32,5;BR-116/PR;Norte;Tombamento;1;0;2;;;;1
07/01/2011;17:58:00;358;sem vítima;357,4;BR-116/PR;Sul;Saida de Pista;1;1;;;;;1
07/01/2011;22:55:00;441;sem vítima;360;BR-116/PR;Sul;Saida de Pista;1;1;;;;;1
07/01/2011;02:31:00;38;sem vítima;485;BR-116/PR;Sul;Saida de Pista;1;1;;;;;1
07/01/2011;05:35:00;69;sem vítima;511,5;BR-116/PR;Norte;Tombamento;1;2;;;;;1
07/01/2011;02:34:00;39;sem vítima;515;BR-116/PR;Norte;Saida de Pista;1;1;;;;;1
07/01/2011;18:24:00;367;com vítima;524,5;BR-116/PR;Sul;Atropelamento - Ciclista;1;1;;;;1;3
07/01/2011;21:47:00;427;sem vítima;541;BR-116/PR;Sul;Saida de Pista;1;3;;;;;1
07/01/2011;16:38:00;326;sem vítima;547;BR-116/PR;Norte;Choque - Talude;1;1;;;;;1
08/01/2011;11:45:00;279;sem vítima;425,5;BR-116/PR;Norte;Não Def;1;2;;;;;1
08/01/2011;17:34:00;412;sem vítima;439;BR-116/PR;Sul;Saida de Pista;1;2;;;;;1
08/01/2011;11:12:00;270;sem vítima;508;BR-116/PR;Sul;Colisão Lateral;1;2;;;;;1
08/01/2011;14:28:00;326;com vítima;511,5;BR-116/PR;Norte;Tombamento;1;0;1;;;;1
08/01/2011;17:41:00;417;sem vítima;549,3;BR-116/PR;Sul;Outros;1;1;;;;;1
09/01/2011;18:08:00;424;sem vítima;343;BR-116/PR;Norte;Colisão Traseira;1;4;;;;;1
09/01/2011;13:35:00;294;com vítima;360;BR-116/PR;Sul;Tombamento;1;2;1;;;;1
10/01/2011;14:05:00;254;sem vítima;43;BR-116/PR;Norte;Saida de Pista;1;1;;;;;1
10/01/2011;23:46:00;440;com vítima;283,5;BR-116/PR;Norte;Colisão Traseira;1;3;2;3;;;2
10/01/2011;22:22:00;419;sem vítima;349,5;BR-116/PR;Sul;Colisão Lateral;1;2;;;;;1
10/01/2011;01:02:00;12;sem vítima;360;BR-116/PR;Norte;Saida de Pista;1;1;;;;;1
10/01/2011;17:21:00;330;sem vítima;360;BR-116/PR;Sul;Colisão Traseira;2;3;;;;;1
10/01/2011;18:41:00;365;sem vítima;541;BR-116/PR;Sul;Saida de Pista;1;1;;;;;1
10/01/2011;01:51:00;24;sem vítima;541,5;BR-116/PR;Sul;Saida de Pista;1;2;;;;;1
10/01/2011;15:23:00;282;com vítima;560;BR-116/PR;Sul;Colisão Traseira;1;6;;;;1;3
11/01/2011;09:40:00;175;sem vítima;380,5;BR-116/PR;Norte;Tombamento;1;3;;;;;1
11/01/2011;03:42:00;54;sem vítima;405;BR-116/PR;Norte;Outros;1;1;;;;;1
11/01/2011;18:57:00;366;sem vítima;425,3;BR-116/PR;Sul;Queda de Moto;1;2;;;;;1
11/01/2011;10:07:00;182;sem vítima;450;BR-116/PR;Norte;Saida de Pista;1;3;;;;;1
11/01/2011;20:29:00;401;com vítima;498;BR-116/PR;Norte;Colisão Traseira;2;1;1;;;;1
11/01/2011;07:49:00;119;sem vítima;519;BR-116/PR;Sul;Saida de Pista;1;1;;;;;1
12/01/2011;07:38:00;117;sem vítima;335;BR-116/PR;Sul;Colisão Traseira;1;2;;;;;1
12/01/2011;05:15:00;63;sem vítima;353,9;BR-116/PR;Norte;Tombamento;1;1;;;;;1
12/01/2011;04:42:00;56;sem vítima;430;BR-116/PR;Sul;Tombamento;1;1;;;;;1
12/01/2011;22:18:00;453;com vítima;550;BR-116/PR;Norte;Tombamento;1;0;;1;;;2
12/01/2011;14:26:00;293;sem vítima;553;BR-116/PR;Sul;Colisão Traseira;2;2;;;;;1
12/01/2011;16:50:00;376;sem vítima;560;BR-116/PR;Sul;Outros;1;1;;;;;1
12/01/2011;16:40:00;369;sem vítima;567,8;BR-116/PR;Norte;Saida de Pista;1;1;;;;;1
13/01/2011;14:03:00;317;sem vítima;16,3;BR-116/CW;Sul;Engavetamento;1;3;;;;;1
13/01/2011;20:58:00;502;sem vítima;56;BR-116/PR;Norte;Saida de Pista;1;1;;;;;1
13/01/2011;22:20:00;524;sem vítima;320;BR-116/PR;Norte;Colisão Traseira;1;2;;;;;1
13/01/2011;02:09:00;40;com vítima;380,5;BR-116/PR;Sul;Colisão Traseira;1;1;;1;;;2
13/01/2011;06:28:00;118;sem vítima;414,3;BR-116/PR;Norte;Saida de Pista;1;3;;;;;1
14/01/2011;03:37:00;78;sem vítima;0;BR-116/PR;Sul;Atropelamento de Animal;1;1;;;;;1
14/01/2011;16:18:00;337;sem vítima;56;BR-116/PR;Norte;Colisão Traseira;1;5;;;;;1
14/01/2011;19:56:00;425;sem vítima;67,9;BR-116/PR;Norte;Atropelamento de Animal;1;3;;;;;1
14/01/2011;15:45:00;329;com vítima;324,5;BR-116/PR;Sul;Colisão Lateral;1;3;;1;;;2
14/01/2011;13:24:00;279;sem vítima;347,5;BR-116/PR;Norte;Tombamento;1;1;;;;;1
14/01/2011;01:36:00;47;sem vítima;406;BR-116/PR;Norte;Colisão Lateral;2;3;;;;;1
14/01/2011;14:56:00;303;com vítima;424;BR-116/PR;Norte;Tombamento;1;1;2;;;;1
14/01/2011;15:33:00;321;sem vítima;543;BR-116/PR;Norte;Colisão Traseira;2;2;;;;;1
14/01/2011;16:38:00;342;sem vítima;545,1;BR-116/PR;Sul;Saida de Pista;1;1;;;;;1
15/01/2011;13:26:00;263;sem vítima;7,8;BR-116/PR;Sul;Saida de Pista;1;3;;;;;1
15/01/2011;06:35:00;108;com vítima;273,3;BR-116/PR;Sul;Colisão Traseira;1;3;2;;;;1
15/01/2011;04:30:00;73;com vítima;388;BR-116/PR;Norte;Colisão Traseira;2;3;1;;;;1
15/01/2011;09:42:00;186;sem vítima;470,5;BR-116/PR;Norte;Saida de Pista;1;1;;;;;1
15/01/2011;00:36:00;14;sem vítima;510,3;BR-116/PR;Sul;Capotamento;1;1;;;;;1
15/01/2011;18:41:00;386;sem vítima;522,9;BR-116/PR;Norte;Choque - Talude;1;1;;;;;1
16/01/2011;18:11:00;388;com vítima;304,2;BR-116/PR;Norte;Atropelamento - Outros;1;1;2;;;1;3
16/01/2011;21:45:00;453;com vítima;348;BR-116/PR;Norte;Engavetamento;1;6;2;;;;1
16/01/2011;08:44:00;201;com vítima;550,5;BR-116/PR;Norte;Tombamento;1;0;1;;;;1
16/01/2011;18:56:00;403;sem vítima;560;BR-116/PR;Sul;Saida de Pista;1;2;;;;;1
17/01/2011;18:15:00;360;sem vítima;52;BR-116/PR;Norte;Colisão Traseira;1;2;;;;;1
17/01/2011;23:20:00;450;sem vítima;57;BR-116/PR;Norte;Colisão Traseira;1;5;;;;;1
17/01/2011;06:55:00;130;sem vítima;59;BR-116/PR;Sul;Tombamento;1;1;;;;;1
17/01/2011;22:54:00;440;com vítima;313,5;BR-116/PR;Norte;Colisão Traseira;2;1;1;;;;1
17/01/2011;11:09:00;217;sem vítima;326;BR-116/PR;Norte;Colisão Lateral;2;2;;;;;1
17/01/2011;07:21:00;136;com vítima;361;BR-116/PR;Norte;Colisão Lateral;1;1;3;1;;;2
17/01/2011;06:12:00;120;sem vítima;433,5;BR-116/PR;Sul;Saida de Pista;1;1;;;;;1
18/01/2011;04:18:00;61;sem vítima;50,9;BR-116/PR;Sul;Colisão Traseira;2;3;;;;;1
18/01/2011;23:31:00;414;com vítima;69;BR-116/PR;Norte;Tombamento;1;2;1;;;;1
18/01/2011;13:09:00;242;com vítima;291,6;BR-116/PR;Sul;Colisão Lateral;1;1;1;;;;1
18/01/2011;11:04:00;207;com vítima;308;BR-116/PR;Sul;Colisão Lateral;1;1;;;;1;3
18/01/2011;13:50:00;252;sem vítima;386;BR-116/PR;Norte;Saida de Pista;1;2;;;;;1
18/01/2011;17:21:00;337;sem vítima;402;BR-116/PR;Sul;Colisão Lateral;2;2;;;;;1
19/01/2011;16:16:00;314;sem vítima;61,1;BR-116/PR;Sul;Capotamento;1;4;;;;;1
19/01/2011;12:29:00;236;sem vítima;405;BR-116/PR;Norte;Saida de Pista;1;1;;;;;1
19/01/2011;08:51:00;140;sem vítima;477;BR-116/PR;Sul;Colisão Traseira;1;3;;;;;1
19/01/2011;20:36:00;392;sem vítima;544;BR-116/PR;Norte;Colisão Lateral;1;2;;;;;1
19/01/2011;15:25:00;291;sem vítima;567,2;BR-116/PR;Sul;Saida de Pista;1;1;;;;;1
20/01/2011;09:51:00;172;sem vítima;57;BR-116/PR;Sul;Colisão Traseira;2;2;;;;;1
20/01/2011;14:46:00;272;sem vítima;283,1;BR-116/PR;Norte;Saida de Pista;1;2;;;;;1
20/01/2011;06:20:00;84;sem vítima;337;BR-116/PR;Norte;Saida de Pista;1;1;;;;;1
20/01/2011;03:13:00;50;sem vítima;360,6;BR-116/PR;Norte;Capotamento;1;1;;;;;1
20/01/2011;01:19:00;24;sem vítima;370;BR-116/PR;Sul;Colisão Traseira;2;2;;;;;1
20/01/2011;10:58:00;197;com vítima;429;BR-116/PR;Norte;Tombamento;1;0;;1;;;2
20/01/2011;16:11:00;313;sem vítima;528;BR-116/PR;Sul;Choque - Poste;1;1;;;;;1
20/01/2011;15:39:00;298;sem vítima;545;BR-116/PR;Norte;Saida de Pista;2;4;;;;;1
21/01/2011;20:27:00;427;sem vítima;39,2;BR-116/PR;Sul;Colisão Traseira;1;2;;;;;1
21/01/2011;05:29:00;88;sem vítima;284,8;BR-116/PR;Norte;Colisão Traseira;2;2;;;;;1
21/01/2011;22:05:00;456;sem vítima;289;BR-116/PR;Sul;Choque - Objeto sobre a pista;2;2;;;;;1
21/01/2011;17:13:00;356;sem vítima;485;BR-116/PR;Norte;Colisão Traseira;1;3;;;;;1
21/01/2011;08:53:00;158;com vítima;505;BR-116/PR;Sul;Queda de Moto;1;1;;1;;;2
21/01/2011;15:03:00;295;com vítima;548;BR-116/PR;Sul;Saida de Pista;1;0;1;;;;1
22/01/2011;22:57:00;463;sem vítima;32,5;BR-116/PR;Norte;Capotamento;1;1;;;;;1
22/01/2011;07:56:00;152;sem vítima;269,5;BR-116/PR;Norte;Colisão Traseira;1;2;;;;;1
22/01/2011;17:41:00;361;sem vítima;279;BR-116/PR;Norte;Colisão Frontal;1;6;;;;;1
22/01/2011;04:00:00;88;com vítima;307,1;BR-116/PR;Sul;Colisão Transversal;1;7;2;;;;1
22/01/2011;23:08:00;467;com vítima;420,5;BR-116/PR;Norte;Colisão Traseira;2;3;1;;;;1
22/01/2011;13:24:00;258;com vítima;458,5;BR-116/PR;Sul;Saida de Pista;1;2;2;;;;1
22/01/2011;10:30:00;216;com vítima;488,5;BR-116/PR;Sul;Atropelamento - Ciclista;1;1;;1;;;2
23/01/2011;18:24:00;353;com vítima;18,4;BR-116/PR;Norte;Tombamento;1;2;;1;;;2
23/01/2011;21:38:00;415;com vítima;28,5;BR-116/PR;Norte;Tombamento;1;0;1;;;;1
23/01/2011;12:20:00;200;sem vítima;31;BR-116/PR;Sul;Colisão Traseira;2;2;;;;;1
23/01/2011;21:59:00;420;sem vítima;299;BR-116/PR;Norte;Choque - Defensa, barreira ou "submarino";1;1;;;;;1
23/01/2011;10:23:00;174;com vítima;323;BR-116/PR;Sul;Capotamento;1;1;1;;;;1
23/01/2011;19:33:00;377;sem vítima;354;BR-116/PR;Norte;Tombamento;1;1;;;;;1
24/01/2011;22:20:00;480;sem vítima;349,4;BR-116/PR;Norte;Colisão Traseira;2;2;;;;;1
24/01/2011;07:08:00;154;com vítima;362;BR-116/PR;Sul;Colisão Lateral;1;1;;1;;;2
24/01/2011;13:02:00;301;com vítima;364,5;BR-116/PR;Norte;Tombamento;1;1;;;1;;2
24/01/2011;16:50:00;379;com vítima;563;BR-116/PR;Norte;Atropelamento - Morador;2;3;;;;1;3
25/01/2011;19:34:00;482;com vítima;314;BR-116/PR;Norte;Colisão Traseira;1;1;1;;;;1