data;horario;n_da_ocorrencia;tipo_de_ocorrencia;km;trecho;sentido;tipo_de_acidente;caminhao;ilesos;levemente_feridos;moderadamente_feridos;gravemente_feridos;mortos;3
25/01/2011;18:14:00;450;sem vítima;422,9;BR-116/PR;Sul;Colisão Lateral;1;7;;;;;1
26/01/2011;01:04:00;26;sem vítima;408,9;BR-116/PR;Sul;Saida de Pista;1;1;;;;;1
27/01/2011;16:52:00;354;sem vítima;57;BR-116/PR;Sul;Colisão Lateral;1;2;;;;;1
27/01/2011;07:10:00;102;com vítima;275,8;BR-116/PR;Norte;Colisão Traseira;1;9;4;;;;1
27/01/2011;15:40:00;312;sem vítima;301;BR-116/PR;Norte;Colisão Lateral;1;3;;;;;1
27/01/2011;21:33:00;463;sem vítima;320,9;BR-116/PR;Sul;Choque - Arvore;1;1;;;;;1
27/01/2011;15:27:00;308;com vítima;336,5;BR-116/PR;Norte;Atropelamento - Morador;1;1;;;1;;2
27/01/2011;22:12:00;475;com vítima;459,8;BR-116/PR;Norte;Travessia Canteiro Central;1;27;1;;;;1
27/01/2011;03:58:00;75;sem vítima;550;BR-116/PR;Norte;Tombamento;1;1;;;;;1
27/01/2011;16:48:00;350;sem vítima;559,8;BR-116/PR;Sul;Choque - Defensa, barreira ou "submarino";1;1;;;;;1
28/01/2011;19:55:00;422;sem vítima;8;BR-116/PR;Sul;Choque - Defensa, barreira ou "submarino";1;1;;;;;1
28/01/2011;17:59:00;380;com vítima;33;BR-116/PR;Norte;Tombamento;1;1;1;;;;1
28/01/2011;07:46:00;116;com vítima;33;BR-116/PR;Sul;Colisão Traseira;1;1;2;;;;1
28/01/2011;09:41:00;174;sem vítima;311,8;BR-116/PR;Norte;Saida de Pista;1;1;;;;;1
28/01/2011;16:02:00;334;sem vítima;349,5;BR-116/PR;Sul;Colisão Traseira;3;3;;;;;1
28/01/2011;03:19:00;58;sem vítima;485;BR-116/PR;Sul;Choque - Defensa, barreira ou "submarino";1;1;;;;;1
29/01/2011;08:59:00;170;sem vítima;56;BR-116/PR;Sul;Colisão Lateral;2;2;;;;;1
29/01/2011;12:52:00;248;sem vítima;269;BR-116/PR;Sul;Colisão Traseira;1;3;;;;;1
30/01/2011;19:30:00;451;sem vítima;296;BR-116/PR;Norte;Colisão Traseira;1;2;;;;;1
30/01/2011;19:27:00;450;sem vítima;400;BR-116/PR;Norte;Colisão Lateral;1;3;;;;;1
30/01/2011;00:06:00;3;sem vítima;476;BR-116/PR;Norte;Colisão Traseira;1;2;;;;;1
30/01/2011;17:02:00;383;sem vítima;521;BR-116/PR;Norte;Colisão Traseira;1;5;;;;;1
30/01/2011;19:22:00;449;sem vítima;550;BR-116/PR;Norte;Tombamento;1;1;;;;;1
30/01/2011;08:06:00;163;sem vítima;567;BR-116/PR;Norte;Colisão Lateral;1;4;;;;;1
31/01/2011;17:13:00;371;sem vítima;33;BR-116/PR;Norte;Tombamento;1;1;;;;;1
31/01/2011;21:48:00;462;sem vítima;50;BR-116/PR;Sul;Saida de Pista;1;1;;;;;1
31/01/2011;21:01:00;452;sem vítima;299;BR-116/PR;Sul;Colisão Traseira;1;4;;;;;1
31/01/2011;22:42:00;478;sem vítima;391;BR-116/PR;Norte;Tombamento;1;1;;;;;1
01/02/2011;01:51:00;61;sem vítima;24;BR-116/PR;Sul;Colisão Traseira;2;2;;;;;1
01/02/2011;21:17:00;478;com vítima;47,1;BR-116/PR;Sul;Tombamento;1;0;;1;;;2
01/02/2011;15:18:00;364;sem vítima;55;BR-116/PR;Norte;Tombamento;2;3;;;;;1
01/02/2011;03:44:00;123;sem vítima;357,5;BR-116/PR;Sul;Saida de Pista;1;2;;;;;1
01/02/2011;06:25:00;156;sem vítima;364;BR-116/PR;Norte;Colisão Traseira;2;3;;;;;1
01/02/2011;06:07:00;153;sem vítima;491;BR-116/PR;Norte;Tombamento;2;2;;;;;1
02/02/2011;00:30:00;7;sem vítima;4;BR-116/PR;Sul;Tombamento;1;1;;;;;1
02/02/2011;14:46:00;375;sem vítima;269;BR-116/PR;Sul;Colisão Lateral;1;2;;;;;1
02/02/2011;06:51:00;169;com vítima;458,3;BR-116/PR;Norte;Saida de Pista;1;0;2;;;;1
02/02/2011;13:57:00;352;sem vítima;499,5;BR-116/PR;Sul;Saida de Pista;2;2;;;;;1
02/02/2011;13:11:00;333;sem vítima;561,8;BR-116/PR;Norte;Saida de Pista;1;1;;;;;1
03/02/2011;18:23:00;377;sem vítima;23;BR-116/PR;Sul;Tombamento;1;1;;;;;1
03/02/2011;06:31:00;125;sem vítima;426;BR-116/PR;Norte;Saida de Pista;2;4;;;;;1
03/02/2011;14:13:00;276;sem vítima;515,4;BR-116/PR;Norte;Saida de Pista;1;1;;;;;1
03/02/2011;04:57:00;105;sem vítima;528,7;BR-116/PR;Norte;Tombamento;1;1;;;;;1
03/02/2011;07:41:00;148;sem vítima;550;BR-116/PR;Norte;Colisão Traseira;2;2;;;;;1
04/02/2011;22:33:00;409;sem vítima;67;BR-116/PR;Norte;Outros;1;2;;;;;1
04/02/2011;04:11:00;52;sem vítima;430;BR-116/PR;Norte;Choque - Objeto sobre a pista;3;3;;;;;1
04/02/2011;07:09:00;86;sem vítima;543;BR-116/PR;Norte;Colisão Traseira;2;2;;;;;1
05/02/2011;17:46:00;338;sem vítima;0,5;BR-116/CW;Sul;Colisão Lateral;1;6;;;;;1
05/02/2011;18:45:00;367;sem vítima;291;BR-116/PR;Sul;Colisão Traseira;1;5;;;;;1
05/02/2011;16:30:00;316;sem vítima;467,1;BR-116/PR;Norte;Colisão Traseira;1;2;;;;;1
05/02/2011;00:05:00;4;sem vítima;519,2;BR-116/PR;Norte;Choque - Talude;1;1;;;;;1
06/02/2011;22:44:00;429;sem vítima;473,8;BR-116/PR;Norte;Saida de Pista;1;1;;;;;1
06/02/2011;20:36:00;405;sem vítima;543;BR-116/PR;Norte;Colisão Traseira;2;2;;;;;1
07/02/2011;03:34:00;70;sem vítima;349,4;BR-116/PR;Norte;Colisão Traseira;1;2;;;;;1
07/02/2011;03:46:00;74;com vítima;402;BR-116/PR;Norte;Colisão Traseira;2;1;;1;;1;3
07/02/2011;15:22:00;301;sem vítima;516,9;BR-116/PR;Sul;Tombamento;1;1;;;;;1
08/02/2011;08:23:00;152;sem vítima;271,4;BR-116/PR;Norte;Colisão Lateral;1;3;;;;;1
08/02/2011;04:07:00;81;sem vítima;309,3;BR-116/PR;Norte;Colisão Traseira;2;3;;;;;1
08/02/2011;03:01:00;67;sem vítima;394;BR-116/PR;Sul;Colisão Lateral;2;2;;;;;1
08/02/2011;18:38:00;406;sem vítima;399,5;BR-116/PR;Sul;Saida de Pista;1;1;;;;;1
08/02/2011;00:17:00;11;sem vítima;517,4;BR-116/PR;Sul;Colisão Lateral;2;2;;;;;1
08/02/2011;05:53:00;100;sem vítima;518,25;BR-116/PR;Sul;Colisão Traseira;2;2;;;;;1
09/02/2011;14:28:00;354;sem vítima;19;BR-116/PR;Sul;Colisão Traseira;2;2;;;;;1
09/02/2011;10:30:00;282;com vítima;279;BR-116/PR;Sul;Colisão Lateral;2;4;1;;;;1
09/02/2011;23:53:00;533;sem vítima;351;BR-116/PR;Sul;Choque - Defensa, barreira ou "submarino";1;2;;;;;1
09/02/2011;23:04:00;509;sem vítima;360,3;BR-116/PR;Sul;Tombamento;1;1;;;;;1
09/02/2011;17:36:00;420;sem vítima;515,5;BR-116/PR;Norte;Saida de Pista;1;1;;;;;1
10/02/2011;12:13:00;285;sem vítima;24,5;BR-116/PR;Norte;Capotamento;1;3;;;;;1
10/02/2011;08:41:00;187;sem vítima;57;BR-116/PR;Sul;Colisão Lateral;1;2;;;;;1
10/02/2011;05:42:00;122;com vítima;334;BR-116/PR;Norte;Colisão Traseira;2;1;1;;;;1
10/02/2011;07:22:00;148;sem vítima;335,95;BR-116/PR;Norte;Colisão Traseira;3;4;;;;;1
10/02/2011;09:06:00;201;sem vítima;336,5;BR-116/PR;Sul;Colisão Traseira;2;3;;;;;1
10/02/2011;14:55:00;337;sem vítima;343;BR-116/PR;Norte;Colisão Lateral;2;4;;;;;1
10/02/2011;16:49:00;377;sem vítima;357,9;BR-116/PR;Sul;Saida de Pista;1;1;;;;;1
10/02/2011;15:21:00;347;com vítima;457,6;BR-116/PR;Sul;Capotamento;1;0;;1;;;2
10/02/2011;06:57:00;137;sem vítima;474;BR-116/PR;Norte;Tombamento;1;1;;;;;1
10/02/2011;15:29:00;351;com vítima;478;BR-116/PR;Norte;Colisão Traseira;2;1;1;1;;;2
10/02/2011;08:51:00;196;sem vítima;503,5;BR-116/PR;Sul;Tombamento;1;1;;;;;1
10/02/2011;15:38:00;353;sem vítima;505,8;BR-116/PR;Norte;Saida de Pista;1;1;;;;;1
10/02/2011;23:09:00;504;com vítima;561;BR-116/PR;Sul;Capotamento;1;1;;;;1;3
11/02/2011;08:31:00;143;sem vítima;70,8;BR-116/PR;Sul;Atropelamento - Funcionário;1;3;;;;;1
11/02/2011;06:04:00;89;sem vítima;292;BR-116/PR;Norte;Colisão Lateral;1;6;;;;;1
11/02/2011;07:24:00;107;sem vítima;348;BR-116/PR;Sul;Colisão Lateral;2;2;;;;;1
11/02/2011;02:29:00;37;sem vítima;357,5;BR-116/PR;Norte;Colisão Lateral;1;6;;;;;1
11/02/2011;01:23:00;28;sem vítima;361,3;BR-116/PR;Norte;Colisão Traseira;1;3;;;;;1
11/02/2011;04:43:00;65;sem vítima;374,5;BR-116/PR;Sul;Saida de Pista;1;1;;;;;1
11/02/2011;06:23:00;94;sem vítima;390;BR-116/PR;Sul;Colisão Traseira;2;2;;;;;1
11/02/2011;06:03:00;88;sem vítima;426;BR-116/PR;Sul;Choque - Outros;1;1;;;;;1
11/02/2011;22:55:00;505;sem vítima;430;BR-116/PR;Norte;Tombamento;1;1;;;;;1
11/02/2011;11:17:00;209;sem vítima;543;BR-116/PR;Norte;Colisão Traseira;1;7;;;;;1
12/02/2011;10:11:00;159;sem vítima;8,1;BR-116/PR;Sul;Colisão Lateral;2;2;;;;;1
12/02/2011;10:13:00;161;com vítima;8,1;BR-116/PR;Sul;Colisão Traseira;2;1;;1;;;2
12/02/2011;19:06:00;356;com vítima;360,3;BR-116/PR;Norte;Tombamento;2;1;1;;;;1
12/02/2011;03:31:00;48;sem vítima;455,2;BR-116/PR;Norte;Colisão Traseira;1;5;;;;;1
12/02/2011;17:19:00;291;sem vítima;484,5;BR-116/PR;Norte;Capotamento;1;3;;;;;1
12/02/2011;00:44:00;10;sem vítima;515;BR-116/PR;Sul;Colisão Traseira;2;2;;;;;1
12/02/2011;05:26:00;70;sem vítima;530,9;BR-116/PR;Sul;Saida de Pista;1;2;;;;;1
13/02/2011;14:42:00;204;com vítima;360,4;BR-116/PR;Sul;Tombamento;1;0;;;;1;3
13/02/2011;04:31:00;36;sem vítima;384;BR-116/PR;Sul;Colisão Traseira;1;2;;;;;1
13/02/2011;06:29:00;61;sem vítima;426;BR-116/PR;Sul;Colisão Traseira;1;6;;;;;1
13/02/2011;00:39:00;8;sem vítima;511,3;BR-116/PR;Norte;Tombamento;1;1;;;;;1
13/02/2011;11:23:00;146;sem vítima;544;BR-116/PR;Norte;Tombamento;1;2;;;;;1
13/02/2011;19:17:00;310;sem vítima;547,5;BR-116/PR;Norte;Colisão Lateral;2;2;;;;;1
14/02/2011;15:29:00;282;com vítima;281,5;BR-116/PR;Norte;Engavetamento;1;3;1;;1;;2
14/02/2011;01:49:00;37;sem vítima;299;BR-116/PR;Norte;Colisão Traseira;2;2;;;;;1
14/02/2011;14:49:00;269;com vítima;459,8;BR-116/PR;Sul;Saida de Pista;1;0;1;;;;1
14/02/2011;03:24:00;56;sem vítima;531;BR-116/PR;Sul;Choque - Defensa, barreira ou "submarino";1;1;;;;;1
14/02/2011;18:43:00;343;sem vítima;541;BR-116/PR;Sul;Saida de Pista;1;1;;;;;1
15/02/2011;09:35:00;169;sem vítima;37,1;BR-116/PR;Sul;Colisão Lateral;2;2;;;;;1
15/02/2011;08:59:00;151;sem vítima;43;BR-116/PR;Sul;Não Def;1;1;;;;;1
15/02/2011;14:54:00;272;sem vítima;44;BR-116/PR;Sul;Saida de Pista;1;1;;;;;1
15/02/2011;19:43:00;394;sem vítima;57;BR-116/PR;Norte;Não Def;1;2;;;;;1
15/02/2011;05:16:00;81;com vítima;315;BR-116/PR;Norte;Colisão Traseira;2;1;1;;;;1
15/02/2011;19:31:00;390;sem vítima;426;BR-116/PR;Sul;Colisão Traseira;1;2;;;;;1
15/02/2011;05:41:00;89;sem vítima;485,4;BR-116/PR;Sul;Saida de Pista;1;1;;;;;1
15/02/2011;22:25:00;431;sem vítima;510;BR-116/PR;Sul;Colisão Lateral;1;7;;;;;1
15/02/2011;09:57:00;180;sem vítima;522;BR-116/PR;Sul;Saida de Pista;2;2;;;;;1
15/02/2011;15:01:00;276;sem vítima;541;BR-116/PR;Sul;Não Def;1;1;;;;;1
16/02/2011;06:44:00;122;sem vítima;32,4;BR-116/PR;Norte;Tombamento;1;3;;;;;1
16/02/2011;17:42:00;361;sem vítima;287;BR-116/PR;Norte;Colisão Lateral;1;3;;;;;1
16/02/2011;02:22:00;66;sem vítima;306;BR-116/PR;Sul;Outros;8;8;;;;;1
16/02/2011;04:13:00;82;sem vítima;386,6;BR-116/PR;Sul;Saida de Pista;1;1;;;;;1
16/02/2011;13:24:00;263;sem vítima;399;BR-116/PR;Norte;Colisão Traseira;2;4;;;;;1
16/02/2011;13:33:00;266;com vítima;478;BR-116/PR;Norte;Colisão Frontal;1;1;;1;;;2
16/02/2011;05:19:00;92;sem vítima;485,7;BR-116/PR;Sul;Choque - Defensa, barreira ou "submarino";1;1;;;;;1
16/02/2011;07:49:00;137;sem vítima;556;BR-116/PR;Norte;Tombamento;1;2;;;;;1
16/02/2011;06:20:00;111;com vítima;561;BR-116/PR;Norte;Tombamento;2;1;1;;;;1
17/02/2011;03:54:00;73;sem vítima;299,5;BR-116/PR;Norte;Colisão Traseira;1;3;;;;;1
17/02/2011;16:05:00;340;sem vítima;341;BR-116/PR;Sul;Colisão Traseira;2;3;;;;;1
17/02/2011;04:53:00;87;sem vítima;368,8;BR-116/PR;Norte;Tombamento;1;2;;;;;1
17/02/2011;05:08:00;89;sem vítima;371,9;BR-116/PR;Norte;Colisão Lateral;1;2;;;;;1
17/02/2011;17:13:00;365;sem vítima;503;BR-116/PR;Norte;Colisão Traseira;2;3;;;;;1
18/02/2011;03:18:00;73;sem vítima;32;BR-116/PR;Norte;Tombamento;1;1;;;;;1
18/02/2011;07:48:00;144;sem vítima;391;BR-116/PR;Sul;Saida de Pista;1;1;;;;;1
18/02/2011;19:30:00;390;sem vítima;394;BR-116/PR;Norte;Tombamento;1;1;;;;;1
18/02/2011;05:31:00;105;sem vítima;426;BR-116/PR;Norte;Colisão Traseira;2;2;;;;;1
19/02/2011;00:31:00;16;sem vítima;338,4;BR-116/PR;Sul;Colisão Traseira;1;6;;;;;1
19/02/2011;04:28:00;92;sem vítima;356,5;BR-116/PR;Norte;Colisão Lateral;3;5;;;;;1
19/02/2011;04:17:00;88;sem vítima;402;BR-116/PR;Sul;Colisão Traseira;1;2;;;;;1
19/02/2011;06:40:00;124;com vítima;478;BR-116/PR;Sul;Atropelamento de Animal;1;3;2;;;;1
19/02/2011;22:13:00;468;sem vítima;519;BR-116/PR;Norte;Saida de Pista;1;1;;;;;1
19/02/2011;17:12:00;366;sem vítima;549;BR-116/PR;Sul;Colisão Transversal;1;5;;;;;1
19/02/2011;07:45:00;143;sem vítima;556;BR-116/PR;Sul;Saida de Pista;1;1;;;;;1
20/02/2011;18:21:00;359;sem vítima;0,5;BR-116/PR;Norte;Tombamento;1;2;;;;;1
20/02/2011;19:06:00;381;sem vítima;369,5;BR-116/PR;Norte;Engavetamento;1;10;;;;;1
20/02/2011;15:43:00;285;sem vítima;370,9;BR-116/PR;Norte;Saida de Pista;1;1;;;;;1
20/02/2011;14:08:00;238;com vítima;443,4;BR-116/PR;Norte;Tombamento;1;0;1;;;;1
21/02/2011;22:09:00;415;sem vítima;57;BR-116/PR;Norte;Colisão Traseira;2;2;;;;;1
22/02/2011;18:37:00;412;com vítima;30;BR-116/PR;Sul;Choque - Defensa, barreira ou "submarino";1;0;1;;;;1
22/02/2011;19:05:00;417;sem vítima;282;BR-116/PR;Sul;Colisão Traseira;1;3;;;;;1
22/02/2011;21:17:00;449;sem vítima;369,8;BR-116/PR;Sul;Colisão Lateral;2;2;;;;;1
22/02/2011;22:36:00;468;sem vítima;426;BR-116/PR;Norte;Colisão Traseira;2;2;;;;;1
22/02/2011;19:29:00;424;sem vítima;426,9;BR-116/PR;Sul;Colisão Lateral;1;4;;;;;1
22/02/2011;12:32:00;246;sem vítima;503,8;BR-116/PR;Sul;Saida de Pista;1;1;;;;;1
23/02/2011;07:51:00;137;sem vítima;70;BR-116/PR;Sul;Colisão Lateral;3;3;;;;;1
23/02/2011;23:03:00;456;sem vítima;335;BR-116/PR;Sul;Outros;1;1;;;;;1
23/02/2011;23:52:00;467;sem vítima;361,1;BR-116/PR;Sul;Colisão Lateral;2;2;;;;;1
23/02/2011;18:13:00;364;sem vítima;370;BR-116/PR;Norte;Colisão Traseira;2;3;;;;;1
23/02/2011;20:01:00;406;sem vítima;426;BR-116/PR;Norte;Colisão Traseira;1;5;;;;;1
23/02/2011;05:29:00;95;sem vítima;431,2;BR-116/PR;Sul;Tombamento;1;2;;;;;1
23/02/2011;08:25:00;153;sem vítima;510,1;BR-116/PR;Sul;Saida de Pista;1;1;;;;;1
23/02/2011;07:07:00;118;sem vítima;545,5;BR-116/PR;Norte;Tombamento;1;1;;;;;1
24/02/2011;14:20:00;280;com vítima;33;BR-116/PR;Norte;Tombamento;1;0;1;;;;1
24/02/2011;20:31:00;413;sem vítima;48;BR-116/PR;Sul;Colisão Lateral;2;2;;;;;1
24/02/2011;10:02:00;201;sem vítima;505,5;BR-116/PR;Sul;Saida de Pista;1;1;;;;;1
24/02/2011;16:40:00;338;sem vítima;527;BR-116/PR;Sul;Saida de Pista;1;1;;;;;1
24/02/2011;07:08:00;119;sem vítima;554;BR-116/PR;Sul;Colisão Traseira;2;2;;;;;1
24/02/2011;12:52:00;253;sem vítima;561,8;BR-116/PR;Sul;Tombamento;1;1;;;;;1
25/02/2011;13:22:00;236;sem vítima;1;BR-116/CW;Sul;Colisão Traseira;1;1;;;;;1
25/02/2011;14:11:00;252;sem vítima;29;BR-116/PR;Norte;Saida de Pista;1;1;;;;;1
25/02/2011;16:26:00;307;com vítima;42,1;BR-116/PR;Sul;Colisão Traseira;2;1;1;;;;1
25/02/2011;16:39:00;312;com vítima;284,9;BR-116/PR;Sul;Tombamento;1;0;1;;;;1
25/02/2011;22:40:00;407;sem vítima;357,5;BR-116/PR;Sul;Saida de Pista;1;1;;;;;1
25/02/2011;06:07:00;80;com vítima;478,8;BR-116/PR;Norte;Tombamento;1;1;1;;;;1
25/02/2011;06:03:00;79;sem vítima;513,5;BR-116/PR;Norte;Tombamento;2;2;;;;;1
25/02/2011;09:51:00;172;sem vítima;523;BR-116/PR;Sul;Não Def;2;3;;;;;1
26/02/2011;10:09:00;211;sem vítima;9,5;BR-116/PR;Sul;Saida de Pista;1;1;;;;;1
26/02/2011;06:10:00;101;sem vítima;16,9;BR-116/CW;Norte;Colisão Lateral;2;2;;;;;1
26/02/2011;15:21:00;298;sem vítima;371;BR-116/PR;Sul;Colisão Traseira;1;3;;;;;1
26/02/2011;06:37:00;106;sem vítima;390,2;BR-116/PR;Norte;Colisão Traseira;1;2;;;;;1
26/02/2011;22:58:00;471;sem vítima;461;BR-116/PR;Sul;Tombamento;1;1;;;;;1
26/02/2011;08:48:00;170;sem vítima;507,5;BR-116/PR;Sul;Saida de Pista;1;1;;;;;1
26/02/2011;23:30:00;488;com vítima;544;BR-116/PR;Norte;Tombamento;1;0;;;;1;3
27/02/2011;17:46:00;323;com vítima;71;BR-116/PR;Sul;Colisão Traseira;1;2;2;5;;;2
27/02/2011;15:22:00;264;sem vítima;370,5;BR-116/PR;Sul;Colisão Lateral;1;5;;;;;1
27/02/2011;22:30:00;418;sem vítima;519,1;BR-116/PR;Norte;Colisão Traseira;2;2;;;;;1
27/02/2011;22:33:00;419;sem vítima;522,8;BR-116/PR;Norte;Saida de Pista;1;1;;;;;1
28/02/2011;19:48:00;297;com vítima;5;BR-116/PR;Norte;Colisão Traseira;2;1;1;1;;;2
28/02/2011;11:56:00;165;sem vítima;6;BR-116/PR;Norte;Colisão Lateral;1;3;;;;;1
28/02/2011;02:06:00;25;com vítima;310,2;BR-116/PR;Norte;Choque - Talude;1;3;1;1;;;2
28/02/2011;22:46:00;335;sem vítima;352,9;BR-116/PR;Norte;Tombamento;1;3;;;;;1
28/02/2011;23:37:00;347;sem vítima;382;BR-116/PR;Norte;Saida de Pista;1;1;;;;;1
28/02/2011;07:12:00;63;sem vítima;541;BR-116/PR;Sul;Choque - Defensa, barreira ou "submarino";1;2;;;;;1
28/02/2011;14:24:00;202;sem vítima;559,95;BR-116/PR;Sul;Saida de Pista;1;1;;;;;1
01/03/2011;11:36:00;277;sem vítima;23;BR-116/PR;Sul;Saida de Pista;2;3;;;;;1
01/03/2011;09:16:00;213;sem vítima;57,2;BR-116/PR;Norte;Colisão Lateral;1;2;;;;;1
01/03/2011;17:57:00;410;sem vítima;269;BR-116/PR;Sul;Colisão Traseira;1;2;;;;;1
01/03/2011;00:07:00;3;sem vítima;352,8;BR-116/PR;Sul;Colisão Traseira;1;2;;;;;1
01/03/2011;16:47:00;395;sem vítima;368;BR-116/PR;Sul;Saida de Pista;1;2;;;;;1
01/03/2011;08:01:00;186;sem vítima;485,7;BR-116/PR;Sul;Colisão Frontal;1;1;;;;;1
01/03/2011;19:51:00;444;sem vítima;518;BR-116/PR;Sul;Colisão Traseira;2;2;;;;;1
01/03/2011;02:33:00;40;sem vítima;529,9;BR-116/PR;Sul;Saida de Pista;1;4;;;;;1
01/03/2011;01:33:00;20;sem vítima;568;BR-116/PR;Norte;Outros;2;2;;;;;1
02/03/2011;08:41:00;182;com vítima;14,5;BR-116/CW;Sul;Colisão Traseira;1;3;2;;;;1
02/03/2011;08:18:00;169;sem vítima;19,9;BR-116/PR;Norte;Saida de Pista;1;1;;;;;1
02/03/2011;22:26:00;446;sem vítima;30;BR-116/PR;Norte;Saida de Pista;1;2;;;;;1
02/03/2011;20:14:00;415;sem vítima;40;BR-116/PR;Norte;Colisão Lateral;2;2;;;;;1
02/03/2011;00:45:00;22;sem vítima;350;BR-116/PR;Norte;Colisão Traseira;2;2;;;;;1
02/03/2011;11:00:00;238;sem vítima;353;BR-116/PR;Norte;Tombamento;1;1;;;;;1
02/03/2011;03:47:00;81;sem vítima;371,9;BR-116/PR;Norte;Tombamento;1;1;;;;;1
02/03/2011;13:26:00;289;sem vítima;479;BR-116/PR;Norte;Colisão Traseira;1;3;;;;;1
02/03/2011;00:24:00;12;sem vítima;510;BR-116/PR;Sul;Capotamento;1;2;;;;;1
02/03/2011;08:43:00;183;sem vítima;510;BR-116/PR;Sul;Saida de Pista;1;1;;;;;1
02/03/2011;07:57:00;162;sem vítima;512;BR-116/PR;Sul;Colisão Lateral;1;4;;;;;1
03/03/2011;06:25:00;112;sem vítima;6;BR-116/CW;Sul;Colisão Lateral;1;4;;;;;1
03/03/2011;21:59:00;455;com vítima;48;BR-116/PR;Sul;Colisão Lateral;1;1;;1;;;2
03/03/2011;02:32:00;40;sem vítima;64,5;BR-116/PR;Norte;Colisão Traseira;2;2;;;;;1
03/03/2011;06:03:00;106;com vítima;287;BR-116/PR;Norte;Saida de Pista;1;1;2;;;;1
03/03/2011;17:09:00;352;sem vítima;342;BR-116/PR;Norte;Colisão Lateral;1;2;;;;;1
03/03/2011;00:32:00;10;sem vítima;375;BR-116/PR;Sul;Saida de Pista;1;1;;;;;1
03/03/2011;05:19:00;93;sem vítima;418;BR-116/PR;Sul;Saida de Pista;1;1;;;;;1
03/03/2011;17:35:00;362;sem vítima;426,6;BR-116/PR;Sul;Colisão Lateral;1;2;;;;;1
03/03/2011;22:54:00;475;sem vítima;498;BR-116/PR;Norte;Saida de Pista;1;1;;;;;1
03/03/2011;10:47:00;230;sem vítima;550;BR-116/PR;Sul;Colisão Traseira;2;2;;;;;1
04/03/2011;08:51:00;185;sem vítima;17,3;BR-116/CW;Sul;Saida de Pista;1;1;;;;;1
04/03/2011;07:16:00;148;sem vítima;283,7;BR-116/PR;Norte;Colisão Lateral;1;3;;;;;1
04/03/2011;22:20:00;486;sem vítima;317;BR-116/PR;Sul;Colisão Lateral;1;2;;;;;1
04/03/2011;08:50:00;184;sem vítima;516,9;BR-116/PR;Norte;Colisão Frontal;2;2;;;;;1
05/03/2011;13:03:00;311;sem vítima;14;BR-116/CW;Norte;Colisão Traseira;1;5;;;;;1
05/03/2011;11:23:00;265;sem vítima;299;BR-116/PR;Sul;Colisão Traseira;1;2;;;;;1
05/03/2011;08:00:00;176;sem vítima;329;BR-116/PR;Sul;Colisão Traseira;2;2;;;;;1
05/03/2011;05:36:00;117;com vítima;338;BR-116/PR;Sul;Colisão Traseira;1;3;1;;;;1
05/03/2011;13:39:00;326;sem vítima;339;BR-116/PR;Sul;Colisão Traseira;1;2;;;;;1
05/03/2011;11:01:00;251;sem vítima;349;BR-116/PR;Sul;Colisão Lateral;1;2;;;;;1
05/03/2011;19:13:00;461;com vítima;353,9;BR-116/PR;Norte;Tombamento;1;0;2;;;;1
05/03/2011;00:09:00;5;sem vítima;438,3;BR-116/PR;Sul;Tombamento;1;1;;;;;1
05/03/2011;11:00:00;250;sem vítima;464;BR-116/PR;Sul;Outros - Sequência;2;3;;;;;1
05/03/2011;02:03:00;45;sem vítima;486;BR-116/PR;Sul;Colisão Lateral;1;8;;;;;1
05/03/2011;10:48:00;245;sem vítima;542;BR-116/PR;Sul;Colisão Lateral;1;2;;;;;1
06/03/2011;14:05:00;222;com vítima;371;BR-116/PR;Sul;Tombamento;1;0;1;;;;1
06/03/2011;06:13:00;98;sem vítima;485;BR-116/PR;Norte;Saida de Pista;1;1;;;;;1
06/03/2011;19:32:00;305;sem vítima;498;BR-116/PR;Sul;Tombamento;1;1;;;;;1
06/03/2011;20:14:00;313;sem vítima;513;BR-116/PR;Norte;Tombamento;1;1;;;;;1
06/03/2011;02:44:00;49;sem vítima;515,5;BR-116/PR;Norte;Tombamento;1;1;;;;;1
08/03/2011;09:24:00;135;sem vítima;5,6;BR-116/PR;Norte;Saida de Pista;1;1;;;;;1
08/03/2011;06:56:00;78;sem vítima;269,2;BR-116/PR;Sul;Colisão Transversal;1;4;;;;;1
08/03/2011;23:48:00;452;sem vítima;321;BR-116/PR;Norte;Colisão Traseira;3;3;;;;;1
08/03/2011;12:59:00;208;sem vítima;370,1;BR-116/PR;Norte;Colisão Lateral;1;2;;;;;1
08/03/2011;14:05:00;233;sem vítima;415;BR-116/PR;Norte;Colisão Lateral;2;3;;;;;1
08/03/2011;23:40:00;446;sem vítima;511,6;BR-116/PR;Norte;Tombamento;1;1;;;;;1
09/03/2011;12:00:00;179;sem vítima;5,5;BR-116/PR;Norte;Tombamento;1;2;;;;;1
09/03/2011;07:46:00;97;sem vítima;57,5;BR-116/PR;Norte;Colisão Traseira;2;2;;;;;1
09/03/2011;23:11:00;393;sem vítima;357,5;BR-116/PR;Sul;Tombamento;1;1;;;;;1
09/03/2011;08:32:00;113;com vítima;459,8;BR-116/PR;Sul;Tombamento;1;0;1;;;;1
10/03/2011;01:00:00;18;com vítima;311,4;BR-116/PR;Sul;Capotamento;1;0;;1;;;2
10/03/2011;19:11:00;400;sem vítima;387;BR-116/PR;Norte;Colisão Traseira;2;2;;;;;1
10/03/2011;16:07:00;325;sem vítima;513;BR-116/PR;Norte;Colisão Traseira;2;3;;;;;1