data;horario;n_da_ocorrencia;tipo_de_ocorrencia;km;trecho;sentido;tipo_de_acidente;caminhao;ilesos;levemente_feridos;moderadamente_feridos;gravemente_feridos;mortos;3
11/03/2011;14:26:00;291;com vítima;279;BR-116/PR;Sul;Colisão Traseira;1;1;;;1;;2
11/03/2011;11:45:00;246;sem vítima;310,1;BR-116/PR;Sul;Colisão Lateral;2;2;;;;;1
11/03/2011;14:04:00;288;com vítima;543;BR-116/PR;Sul;Saida de Pista;1;0;;1;;;2
12/03/2011;04:05:00;76;sem vítima;7,8;BR-116/PR;Sul;Travessia Canteiro Central;1;1;;;;;1
12/03/2011;11:20:00;206;sem vítima;279;BR-116/PR;Norte;Saida de Pista;1;2;;;;;1
12/03/2011;11:26:00;210;sem vítima;279;BR-116/PR;Norte;Colisão Traseira;1;2;;;;;1
12/03/2011;23:06:00;415;com vítima;357,5;BR-116/PR;Sul;Colisão Traseira;2;1;1;;;;1
13/03/2011;10:45:00;199;sem vítima;11;BR-116/PR;Norte;Colisão Traseira;1;3;;;;;1
13/03/2011;16:55:00;317;sem vítima;18,8;BR-116/PR;Norte;Colisão Traseira;2;2;;;;;1
13/03/2011;19:33:00;367;com vítima;23;BR-116/PR;Norte;Engavetamento;4;3;;1;;;2
13/03/2011;09:54:00;187;sem vítima;348;BR-116/PR;Sul;Colisão Lateral;1;4;;;;;1
13/03/2011;20:05:00;371;sem vítima;353,6;BR-116/PR;Norte;Tombamento;1;1;;;;;1
13/03/2011;21:08:00;391;com vítima;353,8;BR-116/PR;Norte;Capotamento;2;8;2;;;;1
13/03/2011;18:48:00;355;sem vítima;558;BR-116/PR;Norte;Não Def;2;2;;;;;1
14/03/2011;01:37:00;27;sem vítima;371,3;BR-116/PR;Norte;Saida de Pista;1;2;;;;;1
14/03/2011;13:31:00;250;sem vítima;372;BR-116/PR;Sul;Colisão Traseira;1;2;;;;;1
14/03/2011;06:22:00;77;com vítima;443;BR-116/PR;Norte;Capotamento;1;0;1;;;;1
14/03/2011;08:57:00;135;sem vítima;467;BR-116/PR;Norte;Colisão Lateral;2;2;;;;;1
14/03/2011;06:53:00;89;sem vítima;513,5;BR-116/PR;Norte;Tombamento;1;1;;;;;1
15/03/2011;02:04:00;42;sem vítima;426;BR-116/PR;Sul;Choque - Defensa, barreira ou "submarino";1;1;;;;;1
16/03/2011;07:07:00;100;sem vítima;33;BR-116/PR;Norte;Tombamento;1;1;;;;;1
16/03/2011;22:35:00;391;sem vítima;307,5;BR-116/PR;Sul;Colisão Lateral;2;3;;;;;1
16/03/2011;06:43:00;91;sem vítima;359;BR-116/PR;Sul;Colisão Lateral;1;2;;;;;1
16/03/2011;05:59:00;78;sem vítima;376;BR-116/PR;Sul;Saida de Pista;1;1;;;;;1
17/03/2011;17:04:00;310;sem vítima;22,6;BR-116/PR;Norte;Tombamento;1;2;;;;;1
17/03/2011;00:46:00;9;com vítima;306;BR-116/PR;Sul;Engavetamento;3;7;;1;;;2
17/03/2011;12:08:00;218;com vítima;308;BR-116/PR;Norte;Colisão Lateral;1;1;1;;;;1
17/03/2011;21:01:00;377;sem vítima;511,8;BR-116/PR;Norte;Colisão Traseira;1;2;;;;;1
17/03/2011;15:33:00;274;sem vítima;516,8;BR-116/PR;Sul;Saida de Pista;1;1;;;;;1
17/03/2011;07:21:00;88;sem vítima;548;BR-116/PR;Norte;Tombamento;1;1;;;;;1
18/03/2011;22:32:00;475;sem vítima;21,3;BR-116/PR;Norte;Outros - Sequência;2;2;;;;;1
18/03/2011;11:24:00;252;sem vítima;334;BR-116/PR;Norte;Outros;1;1;;;;;1
18/03/2011;19:57:00;430;sem vítima;381;BR-116/PR;Sul;Colisão Lateral;2;2;;;;;1
18/03/2011;06:21:00;111;sem vítima;488,3;BR-116/PR;Sul;Tombamento;1;1;;;;;1
18/03/2011;18:11:00;398;sem vítima;499,5;BR-116/PR;Sul;Saida de Pista;1;2;;;;;1
18/03/2011;09:56:00;207;sem vítima;515;BR-116/PR;Norte;Tombamento;1;1;;;;;1
18/03/2011;06:04:00;109;sem vítima;563;BR-116/PR;Sul;Tombamento;1;2;;;;;1
19/03/2011;09:54:00;205;com vítima;41,5;BR-116/PR;Sul;Colisão Traseira;2;1;;;;1;3
19/03/2011;09:25:00;192;com vítima;42,3;BR-116/PR;Sul;Choque - Defensa, barreira ou "submarino";1;0;;1;;;2
19/03/2011;12:19:00;254;com vítima;360;BR-116/PR;Norte;Colisão Lateral;1;1;1;;;;1
19/03/2011;06:59:00;135;sem vítima;365;BR-116/PR;Sul;Saida de Pista;1;1;;;;;1
19/03/2011;18:40:00;390;sem vítima;390;BR-116/PR;Norte;Saida de Pista;1;1;;;;;1
19/03/2011;17:17:00;351;sem vítima;457,5;BR-116/PR;Sul;Saida de Pista;1;2;;;;;1
19/03/2011;08:48:00;175;sem vítima;485;BR-116/PR;Sul;Colisão Lateral;2;2;;;;;1
19/03/2011;19:09:00;398;sem vítima;542,8;BR-116/PR;Sul;Colisão Traseira;2;2;;;;;1
19/03/2011;20:58:00;425;sem vítima;547;BR-116/PR;Norte;Saida de Pista;1;4;;;;;1
19/03/2011;01:11:00;41;com vítima;561;BR-116/PR;Sul;Capotamento;1;0;1;;;;1
20/03/2011;12:39:00;246;sem vítima;14;BR-116/PR;Norte;Colisão Traseira;2;2;;;;;1
20/03/2011;17:19:00;351;sem vítima;18;BR-116/CW;Norte;Colisão Lateral;1;3;;;;;1
20/03/2011;04:14:00;82;com vítima;271;BR-116/PR;Norte;Colisão Lateral;1;2;;;2;3;3
20/03/2011;05:20:00;99;sem vítima;283,8;BR-116/PR;Norte;Saida de Pista;1;1;;;;;1
20/03/2011;21:44:00;443;sem vítima;347,6;BR-116/PR;Sul;Colisão Traseira;1;2;;;;;1
20/03/2011;13:46:00;271;com vítima;357,4;BR-116/PR;Norte;Tombamento;1;0;;;;1;3
20/03/2011;20:45:00;420;com vítima;385;BR-116/PR;Norte;Colisão Traseira;1;2;1;;;;1
20/03/2011;22:05:00;451;sem vítima;401;BR-116/PR;Norte;Colisão Traseira;1;2;;;;;1
20/03/2011;13:38:00;268;sem vítima;542;BR-116/PR;Sul;Colisão Traseira;2;2;;;;;1
20/03/2011;17:57:00;363;sem vítima;545,3;BR-116/PR;Norte;Engavetamento;4;6;;;;;1
20/03/2011;05:29:00;101;com vítima;545,9;BR-116/PR;Sul;Engavetamento;2;12;1;;;;1
20/03/2011;17:03:00;344;sem vítima;550,4;BR-116/PR;Norte;Tombamento;1;1;;;;;1
21/03/2011;10:48:00;236;com vítima;290;BR-116/PR;Norte;Tombamento;1;1;1;;;;1
21/03/2011;18:48:00;380;sem vítima;294;BR-116/PR;Sul;Colisão Lateral;1;3;;;;;1
21/03/2011;02:07:00;42;com vítima;325,4;BR-116/PR;Norte;Colisão Traseira;2;1;;1;;;2
21/03/2011;03:59:00;77;com vítima;330,2;BR-116/PR;Sul;Colisão Traseira;2;1;;;;1;3
21/03/2011;01:14:00;24;sem vítima;351;BR-116/PR;Norte;Colisão Traseira;2;2;;;;;1
21/03/2011;09:26:00;197;com vítima;364,5;BR-116/PR;Norte;Colisão Frontal;1;1;;;1;;2
21/03/2011;01:57:00;39;sem vítima;368,7;BR-116/PR;Norte;Saida de Pista;1;3;;;;;1
21/03/2011;17:04:00;338;sem vítima;370;BR-116/PR;Norte;Não Def;1;2;;;;;1
21/03/2011;16:54:00;336;sem vítima;390;BR-116/PR;Norte;Colisão Traseira;1;2;;;;;1
21/03/2011;05:27:00;109;com vítima;403;BR-116/PR;Sul;Tombamento;1;0;1;;;;1
21/03/2011;00:16:00;5;sem vítima;506,2;BR-116/PR;Norte;Colisão Traseira;2;2;;;;;1
21/03/2011;15:13:00;300;sem vítima;560;BR-116/PR;Sul;Saida de Pista;1;1;;;;;1
22/03/2011;12:28:00;275;sem vítima;29;BR-116/PR;Norte;Choque - Defensa, barreira ou "submarino";1;1;;;;;1
22/03/2011;07:00:00;158;sem vítima;54,7;BR-116/PR;Sul;Colisão Traseira;2;3;;;;;1
22/03/2011;14:54:00;330;sem vítima;275,5;BR-116/PR;Sul;Colisão Traseira;1;3;;;;;1
22/03/2011;05:42:00;124;com vítima;318;BR-116/PR;Sul;Choque - Defensa, barreira ou "submarino";1;0;1;;;;1
22/03/2011;11:46:00;267;sem vítima;366,5;BR-116/PR;Norte;Choque - Defensa, barreira ou "submarino";1;2;;;;;1
22/03/2011;23:46:00;513;sem vítima;440,5;BR-116/PR;Norte;Colisão Traseira;2;2;;;;;1
22/03/2011;08:53:00;208;sem vítima;542;BR-116/PR;Norte;Colisão Traseira;2;2;;;;;1
22/03/2011;05:52:00;129;sem vítima;544;BR-116/PR;Norte;Saida de Pista;1;1;;;;;1
23/03/2011;04:25:00;70;sem vítima;20;BR-116/PR;Norte;Colisão Traseira;1;2;;;;;1
23/03/2011;09:05:00;145;com vítima;32,5;BR-116/PR;Norte;Tombamento;1;0;1;;;;1
23/03/2011;18:25:00;388;sem vítima;345;BR-116/PR;Sul;Colisão Traseira;2;6;;;;;1
23/03/2011;15:30:00;280;com vítima;410;BR-116/PR;Sul;Queda de Moto;1;1;;;1;;2
23/03/2011;08:23:00;124;com vítima;443,5;BR-116/PR;Norte;Tombamento;1;0;1;;;;1
23/03/2011;22:01:00;446;com vítima;489;BR-116/PR;Sul;Saida de Pista;1;1;1;;;;1
23/03/2011;04:06:00;62;sem vítima;492,5;BR-116/PR;Norte;Choque - Talude;1;1;;;;;1
23/03/2011;04:35:00;73;com vítima;510,99;BR-116/PR;Norte;Colisão Traseira;2;2;1;;;;1
24/03/2011;01:26:00;30;sem vítima;308;BR-116/PR;Norte;Tombamento;2;2;;;;;1
24/03/2011;01:28:00;31;sem vítima;317;BR-116/PR;Norte;Não Def;2;2;;;;;1
24/03/2011;12:46:00;254;com vítima;350;BR-116/PR;Sul;Colisão Traseira;2;1;2;;;;1
24/03/2011;00:51:00;16;sem vítima;472;BR-116/PR;Norte;Tombamento;1;1;;;;;1
24/03/2011;15:38:00;315;sem vítima;494,7;BR-116/PR;Norte;Tombamento;1;1;;;;;1
24/03/2011;17:19:00;351;sem vítima;511;BR-116/PR;Norte;Colisão Traseira;1;2;;;;;1
24/03/2011;14:35:00;283;com vítima;545,4;BR-116/PR;Norte;Tombamento;1;0;1;1;;;2
25/03/2011;11:00:00;195;sem vítima;57,5;BR-116/PR;Sul;Colisão Traseira;2;3;;;;;1
25/03/2011;07:56:00;110;sem vítima;282;BR-116/PR;Norte;Colisão Traseira;1;2;;;;;1
25/03/2011;08:02:00;111;com vítima;346;BR-116/PR;Sul;Colisão Lateral;2;8;4;;;;1
25/03/2011;05:01:00;61;sem vítima;347;BR-116/PR;Norte;Saida de Pista;1;2;;;;;1
25/03/2011;04:58:00;60;sem vítima;353;BR-116/PR;Norte;Colisão Traseira;3;5;;;;;1
25/03/2011;07:03:00;88;sem vítima;513,7;BR-116/PR;Norte;Saida de Pista;1;3;;;;;1
25/03/2011;09:22:00;149;sem vítima;515,6;BR-116/PR;Norte;Saida de Pista;1;1;;;;;1
26/03/2011;03:50:00;91;sem vítima;6;BR-116/PR;Sul;Colisão Lateral;2;2;;;;;1
26/03/2011;11:53:00;244;sem vítima;28;BR-116/PR;Norte;Saida de Pista;1;3;;;;;1
26/03/2011;12:27:00;251;sem vítima;299;BR-116/PR;Sul;Colisão Traseira;1;5;;;;;1
26/03/2011;03:23:00;84;sem vítima;379,8;BR-116/PR;Norte;Saida de Pista;1;2;;;;;1
26/03/2011;05:23:00;111;sem vítima;426;BR-116/PR;Norte;Choque - Defensa, barreira ou "submarino";1;3;;;;;1
26/03/2011;16:05:00;325;com vítima;513,3;BR-116/PR;Norte;Tombamento;1;0;1;;;;1
26/03/2011;11:14:00;233;sem vítima;514,7;BR-116/PR;Sul;Tombamento;1;1;;;;;1
26/03/2011;07:22:00;149;sem vítima;546,5;BR-116/PR;Sul;Tombamento;1;1;;;;;1
27/03/2011;11:05:00;196;sem vítima;62;BR-116/PR;Norte;Colisão Traseira;1;5;;;;;1
27/03/2011;15:42:00;285;com vítima;491;BR-116/PR;Sul;Tombamento;1;0;1;;;;1
27/03/2011;11:28:00;207;com vítima;512;BR-116/PR;Norte;Tombamento;1;1;1;;;;1
27/03/2011;08:55:00;162;sem vítima;555,6;BR-116/PR;Norte;Saida de Pista;1;1;;;;;1
28/03/2011;00:22:00;11;com vítima;32,5;BR-116/PR;Norte;Tombamento;1;0;1;;;;1
28/03/2011;04:17:00;68;com vítima;343;BR-116/PR;Norte;Colisão Frontal;3;1;2;;1;1;3
28/03/2011;07:55:00;140;sem vítima;447;BR-116/PR;Norte;Saida de Pista;1;1;;;;;1
28/03/2011;03:16:00;61;sem vítima;545,6;BR-116/PR;Sul;Saida de Pista;1;2;;;;;1
29/03/2011;14:47:00;281;sem vítima;26;BR-116/PR;Norte;Tombamento;1;3;;;;;1
29/03/2011;13:16:00;253;sem vítima;46,5;BR-116/PR;Sul;Choque - Outros;2;2;;;;;1
29/03/2011;15:18:00;288;com vítima;301,8;BR-116/PR;Sul;Capotamento;1;0;;;;1;3
29/03/2011;07:03:00;135;sem vítima;332,9;BR-116/PR;Norte;Saida de Pista;1;1;;;;;1
29/03/2011;15:00:00;285;sem vítima;338,5;BR-116/PR;Sul;Colisão Traseira;2;5;;;;;1
29/03/2011;02:00:00;57;com vítima;360;BR-116/PR;Sul;Colisão Frontal;2;2;;;1;;2
29/03/2011;02:13:00;61;sem vítima;390,5;BR-116/PR;Sul;Colisão Lateral;2;2;;;;;1
29/03/2011;12:47:00;245;com vítima;402,9;BR-116/PR;Norte;Colisão Lateral;1;1;1;;;;1
29/03/2011;21:30:00;407;com vítima;423;BR-116/PR;Sul;Colisão Traseira;2;1;;1;;;2
29/03/2011;05:33:00;104;sem vítima;435;BR-116/PR;Norte;Saida de Pista;1;1;;;;;1
29/03/2011;01:36:00;46;sem vítima;516;BR-116/PR;Norte;Colisão Traseira;1;2;;;;;1
29/03/2011;07:10:00;138;sem vítima;516,6;BR-116/PR;Sul;Colisão Traseira;1;2;;;;;1
29/03/2011;10:23:00;214;sem vítima;534,6;BR-116/PR;Norte;Tombamento;2;2;;;;;1
30/03/2011;15:38:00;332;sem vítima;12;BR-116/PR;Norte;Colisão Lateral;2;2;;;;;1
30/03/2011;09:32:00;206;com vítima;313,7;BR-116/PR;Norte;Colisão Traseira;1;1;1;;;;1
30/03/2011;05:16:00;97;sem vítima;351;BR-116/PR;Norte;Saida de Pista;1;1;;;;;1
30/03/2011;00:55:00;24;sem vítima;394;BR-116/PR;Norte;Saida de Pista;1;3;;;;;1
30/03/2011;18:09:00;391;sem vítima;435;BR-116/PR;Norte;Colisão Traseira;2;2;;;;;1
30/03/2011;02:04:00;53;sem vítima;497;BR-116/PR;Sul;Saida de Pista;1;1;;;;;1
30/03/2011;19:35:00;415;com vítima;546;BR-116/PR;Sul;Engavetamento;2;5;1;;;;1
31/03/2011;12:38:00;240;sem vítima;13;BR-116/PR;Norte;Saida de Pista;1;1;;;;;1
31/03/2011;06:32:00;113;sem vítima;23;BR-116/PR;Sul;Colisão Traseira;2;5;;;;;1
31/03/2011;10:23:00;207;sem vítima;55,5;BR-116/PR;Sul;Colisão Traseira;2;2;;;;;1
31/03/2011;21:16:00;401;sem vítima;350,3;BR-116/PR;Norte;Colisão Lateral;2;2;;;;;1
31/03/2011;23:01:00;438;com vítima;353,6;BR-116/PR;Sul;Colisão Frontal;1;2;;;1;;2
31/03/2011;09:32:00;189;com vítima;357,5;BR-116/PR;Sul;Colisão Traseira;2;1;1;;;;1
31/03/2011;09:08:00;180;sem vítima;360;BR-116/PR;Norte;Colisão Traseira;1;4;;;;;1
31/03/2011;21:13:00;400;sem vítima;399;BR-116/PR;Norte;Saida de Pista;1;1;;;;;1
31/03/2011;15:10:00;281;sem vítima;464;BR-116/PR;Sul;Tombamento;1;1;;;;;1
31/03/2011;10:45:00;216;sem vítima;520;BR-116/PR;Norte;Saida de Pista;1;1;;;;;1
31/03/2011;05:44:00;107;sem vítima;565;BR-116/PR;Sul;Saida de Pista;1;1;;;;;1
01/04/2011;07:21:00;109;sem vítima;10,1;BR-116/PR;Sul;Saida de Pista;1;1;;;;;1
01/04/2011;17:14:00;334;sem vítima;17,1;BR-116/PR;Sul;Saida de Pista;1;1;;;;;1
01/04/2011;19:34:00;378;com vítima;50,5;BR-116/PR;Sul;Tombamento;1;0;;1;;;2
01/04/2011;08:33:00;145;sem vítima;280;BR-116/PR;Norte;Colisão Lateral;1;2;;;;;1
01/04/2011;06:18:00;85;sem vítima;306,5;BR-116/PR;Norte;Colisão Traseira;2;2;;;;;1
01/04/2011;14:13:00;254;sem vítima;351,9;BR-116/PR;Sul;Saida de Pista;1;1;;;;;1
01/04/2011;02:10:00;38;com vítima;491,4;BR-116/PR;Norte;Tombamento;1;2;2;;;;1
01/04/2011;07:27:00;112;sem vítima;503,4;BR-116/PR;Sul;Saida de Pista;1;1;;;;;1
01/04/2011;14:20:00;256;sem vítima;506;BR-116/PR;Norte;Saida de Pista;1;1;;;;;1
01/04/2011;03:29:00;52;sem vítima;535;BR-116/PR;Norte;Colisão Lateral;1;2;;;;;1
02/04/2011;15:54:00;262;sem vítima;16;BR-116/CW;Sul;Colisão Traseira;1;5;;;;;1
02/04/2011;20:18:00;331;sem vítima;37;BR-116/PR;Norte;Tombamento;1;1;;;;;1
02/04/2011;17:31:00;290;sem vítima;57;BR-116/PR;Norte;Colisão Traseira;1;2;;;;;1
02/04/2011;14:21:00;228;com vítima;301;BR-116/PR;Sul;Atropelamento - Morador;1;1;;;;1;3
02/04/2011;05:05:00;72;sem vítima;310;BR-116/PR;Norte;Tombamento;1;2;;;;;1
02/04/2011;14:12:00;226;com vítima;394,2;BR-116/PR;Sul;Capotamento;1;0;;1;;;2
02/04/2011;00:48:00;17;com vítima;407,9;BR-116/PR;Sul;Colisão Traseira;1;4;1;;;;1
02/04/2011;18:52:00;312;com vítima;425,6;BR-116/PR;Sul;Atropelamento - Andarilho;1;1;;;;1;3
02/04/2011;21:11:00;345;com vítima;441,2;BR-116/PR;Norte;Colisão Lateral;1;1;;;;1;3
02/04/2011;11:04:00;184;sem vítima;516,8;BR-116/PR;Sul;Saida de Pista;1;2;;;;;1
03/04/2011;21:17:00;389;sem vítima;55;BR-116/PR;Norte;Colisão Traseira;2;3;;;;;1
03/04/2011;18:29:00;344;sem vítima;56;BR-116/PR;Sul;Colisão Traseira;2;2;;;;;1
03/04/2011;19:43:00;366;sem vítima;56;BR-116/PR;Norte;Colisão Traseira;1;2;;;;;1
03/04/2011;19:16:00;360;com vítima;291;BR-116/PR;Norte;Atropelamento - Morador;1;1;;;;1;3
03/04/2011;06:21:00;106;com vítima;359,9;BR-116/PR;Sul;Colisão Frontal;1;1;;1;;;2
03/04/2011;03:09:00;63;sem vítima;399;BR-116/PR;Norte;Saida de Pista;1;1;;;;;1
03/04/2011;14:02:00;247;sem vítima;490;BR-116/PR;Sul;Saida de Pista;1;1;;;;;1
04/04/2011;11:31:00;247;com vítima;279,8;BR-116/PR;Norte;Atropelamento - Morador;1;1;;;;1;3
04/04/2011;13:29:00;284;com vítima;331;BR-116/PR;Sul;Colisão Traseira;1;1;1;;;;1
04/04/2011;01:39:00;37;sem vítima;392,2;BR-116/PR;Norte;Saida de Pista;1;1;;;;;1
04/04/2011;04:13:00;73;sem vítima;422,1;BR-116/PR;Norte;Choque - Outros;1;2;;;;;1
04/04/2011;21:42:00;457;sem vítima;433,5;BR-116/PR;Sul;Tombamento;1;1;;;;;1
04/04/2011;01:44:00;39;com vítima;447;BR-116/PR;Norte;Colisão Traseira;1;2;2;;;;1
04/04/2011;17:47:00;398;com vítima;545;BR-116/PR;Norte;Tombamento;1;0;;1;;;2
05/04/2011;21:34:00;460;com vítima;55,5;BR-116/PR;Norte;Colisão Traseira;2;2;;1;;;2
05/04/2011;08:18:00;154;sem vítima;277,2;BR-116/PR;Sul;Engavetamento;2;8;;;;;1
05/04/2011;06:45:00;112;sem vítima;379,5;BR-116/PR;Norte;Saida de Pista;1;1;;;;;1
05/04/2011;02:35:00;54;sem vítima;426,6;BR-116/PR;Sul;Colisão Traseira;3;3;;;;;1
06/04/2011;14:23:00;293;sem vítima;284,8;BR-116/PR;Sul;Tombamento;1;1;;;;;1
06/04/2011;20:32:00;435;sem vítima;341,8;BR-116/PR;Norte;Choque - Talude;1;2;;;;;1
06/04/2011;21:30:00;442;com vítima;356;BR-116/PR;Norte;Tombamento;1;0;1;;;;1
06/04/2011;02:58:00;68;sem vítima;371,7;BR-116/PR;Norte;Saida de Pista;1;2;;;;;1
06/04/2011;06:01:00;116;sem vítima;376,5;BR-116/PR;Sul;Tombamento;1;1;;;;;1
07/04/2011;12:10:00;259;com vítima;32,5;BR-116/PR;Norte;Tombamento;1;0;1;;;;1
07/04/2011;10:42:00;227;sem vítima;57;BR-116/PR;Sul;Colisão Traseira;2;2;;;;;1
07/04/2011;11:08:00;239;sem vítima;305,8;BR-116/PR;Sul;Saida de Pista;1;1;;;;;1
07/04/2011;04:40:00;93;sem vítima;370,8;BR-116/PR;Sul;Colisão Lateral;2;2;;;;;1
07/04/2011;13:58:00;282;com vítima;479;BR-116/PR;Norte;Colisão Traseira;2;2;;1;;;2
07/04/2011;22:41:00;449;sem vítima;485,7;BR-116/PR;Sul;Choque - Veiculo parado na pista;2;2;;;;;1
07/04/2011;19:18:00;402;com vítima;550;BR-116/PR;Norte;Tombamento;1;0;1;;;;1
08/04/2011;22:04:00;434;sem vítima;25;BR-116/PR;Norte;Choque - Objeto sobre a pista;1;4;;;;;1
08/04/2011;23:20:00;457;sem vítima;67,5;BR-116/PR;Norte;Colisão Traseira;2;2;;;;;1
08/04/2011;23:19:00;456;sem vítima;348;BR-116/PR;Sul;Colisão Lateral;3;3;;;;;1
08/04/2011;22:57:00;447;sem vítima;351;BR-116/PR;Sul;Colisão Traseira;1;2;;;;;1
08/04/2011;14:41:00;287;sem vítima;504;BR-116/PR;Sul;Saida de Pista;1;1;;;;;1
08/04/2011;07:03:00;133;com vítima;511;BR-116/PR;Norte;Tombamento;1;1;1;;;;1
08/04/2011;04:10:00;86;com vítima;548,2;BR-116/PR;Sul;Tombamento;1;0;1;;;;1
08/04/2011;07:39:00;149;sem vítima;550;BR-116/PR;Norte;Tombamento;1;1;;;;;1
09/04/2011;09:18:00;136;com vítima;270,5;BR-116/PR;Norte;Engavetamento;1;15;1;;;;1
09/04/2011;07:32:00;92;sem vítima;289;BR-116/PR;Norte;Saida de Pista;1;2;;;;;1
09/04/2011;01:00:00;16;sem vítima;428;BR-116/PR;Sul;Saida de Pista;1;1;;;;;1
09/04/2011;00:14:00;3;com vítima;463,5;BR-116/PR;Sul;Capotamento;1;0;;1;;;2
09/04/2011;17:24:00;266;com vítima;470;BR-116/PR;Norte;Saida de Pista;1;1;2;;;;1
09/04/2011;14:37:00;204;sem vítima;471;BR-116/PR;Sul;Saida de Pista;1;1;;;;;1
09/04/2011;05:12:00;65;sem vítima;504;BR-116/PR;Sul;Saida de Pista;1;1;;;;;1
09/04/2011;12:47:00;185;sem vítima;550;BR-116/PR;Sul;Tombamento;1;2;;;;;1
09/04/2011;16:42:00;249;com vítima;557;BR-116/PR;Sul;Colisão Traseira;1;1;2;;;;1
10/04/2011;15:09:00;215;sem vítima;31;BR-116/PR;Norte;Tombamento;1;1;;;;;1
10/04/2011;23:41:00;382;sem vítima;69,5;BR-116/PR;Norte;Tombamento;1;1;;;;;1
10/04/2011;06:06:00;75;sem vítima;344,2;BR-116/PR;Norte;Tombamento;1;1;;;;;1
10/04/2011;12:02:00;164;sem vítima;357,8;BR-116/PR;Norte;Colisão Lateral;2;2;;;;;1
10/04/2011;15:42:00;231;com vítima;409,4;BR-116/PR;Norte;Tombamento;1;0;1;;;;1
10/04/2011;15:10:00;216;sem vítima;514,3;BR-116/PR;Norte;Choque - Talude;1;2;;;;;1
10/04/2011;14:54:00;211;sem vítima;515;BR-116/PR;Norte;Colisão Traseira;1;3;;;;;1
10/04/2011;05:08:00;67;com vítima;545;BR-116/PR;Norte;Tombamento;1;0;;1;;;2
10/04/2011;12:36:00;174;com vítima;552;BR-116/PR;Sul;Saida de Pista;1;0;;;1;;2
11/04/2011;09:49:00;199;sem vítima;279;BR-116/PR;Norte;Colisão Lateral;1;2;;;;;1
11/04/2011;14:51:00;291;sem vítima;358,7;BR-116/PR;Sul;Colisão Traseira;2;2;;;;;1
11/04/2011;16:14:00;339;sem vítima;468,5;BR-116/PR;Norte;Saida de Pista;1;1;;;;;1
11/04/2011;03:46:00;73;sem vítima;481,5;BR-116/PR;Norte;Saida de Pista;1;1;;;;;1
12/04/2011;04:28:00;82;sem vítima;411,9;BR-116/PR;Norte;Tombamento;1;1;;;;;1
12/04/2011;06:59:00;130;sem vítima;435,9;BR-116/PR;Norte;Saida de Pista;1;1;;;;;1
12/04/2011;14:22:00;331;sem vítima;544;BR-116/PR;Norte;Saida de Pista;1;1;;;;;1
12/04/2011;17:17:00;400;com vítima;550,4;BR-116/PR;Norte;Tombamento;1;0;;2;;;2
13/04/2011;22:10:00;516;sem vítima;10;BR-116/PR;Norte;Tombamento;1;1;;;;;1
13/04/2011;21:35:00;444;com vítima;283;BR-116/PR;Sul;Colisão Traseira;1;2;1;;;;1
13/04/2011;21:39:00;445;sem vítima;299;BR-116/PR;Sul;Colisão Traseira;2;2;;;;;1
13/04/2011;17:38:00;387;sem vítima;344;BR-116/PR;Sul;Colisão Traseira;2;2;;;;;1
13/04/2011;06:17:00;105;com vítima;357;BR-116/PR;Norte;Colisão Lateral;2;10;1;;;;1
13/04/2011;00:07:00;5;sem vítima;426,6;BR-116/PR;Sul;Colisão Traseira;2;2;;;;;1
13/04/2011;23:08:00;527;sem vítima;478,4;BR-116/PR;Norte;Saida de Pista;1;1;;;;;1
14/04/2011;08:53:00;175;com vítima;16,5;BR-116/CW;Sul;Engavetamento;1;11;1;;;;1
14/04/2011;04:32:00;93;sem vítima;53,4;BR-116/PR;Sul;Saida de Pista;1;1;;;;;1
14/04/2011;19:29:00;397;com vítima;269;BR-116/PR;Norte;Atropelamento - Outros;1;1;1;;;;1
14/04/2011;21:41:00;445;sem vítima;341,5;BR-116/PR;Sul;Colisão Traseira;2;2;;;;;1
14/04/2011;22:25:00;453;sem vítima;341,5;BR-116/PR;Sul;Colisão Traseira;2;2;;;;;1
14/04/2011;20:23:00;408;sem vítima;345;BR-116/PR;Norte;Colisão Traseira;1;3;;;;;1
14/04/2011;19:26:00;395;sem vítima;357,6;BR-116/PR;Sul;Colisão Traseira;2;4;;;;;1
14/04/2011;05:37:00;104;sem vítima;415,7;BR-116/PR;Norte;Saida de Pista;1;1;;;;;1
15/04/2011;07:38:00;154;com vítima;271;BR-116/PR;Norte;Colisão Lateral;1;6;2;;;;1
15/04/2011;07:07:00;142;sem vítima;283;BR-116/PR;Sul;Colisão Lateral;1;4;;;;;1
15/04/2011;23:41:00;574;sem vítima;344,8;BR-116/PR;Sul;Colisão Traseira;1;2;;;;;1
15/04/2011;09:05:00;195;sem vítima;348;BR-116/PR;Sul;Colisão Lateral;4;6;;;;;1
15/04/2011;15:32:00;351;sem vítima;402;BR-116/PR;Sul;Colisão Traseira;1;4;;;;;1
15/04/2011;05:40:00;118;com vítima;473;BR-116/PR;Sul;Saida de Pista;1;0;2;;;;1
15/04/2011;01:32:00;42;sem vítima;490,7;BR-116/PR;Norte;Saida de Pista;1;1;;;;;1
15/04/2011;11:48:00;271;com vítima;544,8;BR-116/PR;Norte;Tombamento;1;1;1;;;;1
16/04/2011;09:58:00;170;sem vítima;63;BR-116/PR;Sul;Colisão Traseira;2;2;;;;;1
16/04/2011;14:56:00;253;sem vítima;512,4;BR-116/PR;Sul;Tombamento;1;1;;;;;1