data;horario;n_da_ocorrencia;tipo_de_ocorrencia;km;trecho;sentido;tipo_de_acidente;caminhao;ilesos;levemente_feridos;moderadamente_feridos;gravemente_feridos;mortos;3
16/04/2011;03:52:00;66;sem vítima;537,5;BR-116/PR;Sul;Saida de Pista;1;1;;;;;1
16/04/2011;06:32:00;103;sem vítima;569;BR-116/PR;Sul;Choque - Defensa, barreira ou "submarino";1;1;;;;;1
17/04/2011;10:06:00;152;sem vítima;46;BR-116/PR;Sul;Colisão Traseira;2;2;;;;;1
17/04/2011;10:10:00;154;sem vítima;476;BR-116/PR;Norte;Tombamento;1;1;;;;;1
18/04/2011;22:21:00;384;sem vítima;285,3;BR-116/PR;Sul;Colisão Traseira;2;7;;;;;1
18/04/2011;05:25:00;69;com vítima;346,5;BR-116/PR;Norte;Tombamento;1;0;1;;;;1
18/04/2011;23:15:00;406;sem vítima;514;BR-116/PR;Sul;Saida de Pista;1;1;;;;;1
18/04/2011;22:50:00;397;com vítima;558;BR-116/PR;Norte;Colisão Traseira;2;1;1;;;;1
19/04/2011;05:07:00;66;sem vítima;36,1;BR-116/PR;Sul;Saida de Pista;1;1;;;;;1
19/04/2011;10:48:00;204;sem vítima;364,1;BR-116/PR;Sul;Colisão Lateral;2;3;;;;;1
19/04/2011;14:14:00;258;com vítima;424;BR-116/PR;Norte;Saida de Pista;1;1;;1;;;2
19/04/2011;17:08:00;330;com vítima;515;BR-116/PR;Norte;Tombamento;1;0;;;;1;3
19/04/2011;19:59:00;378;sem vítima;515,5;BR-116/PR;Norte;Saida de Pista;1;1;;;;;1
19/04/2011;02:48:00;40;sem vítima;537;BR-116/PR;Norte;Colisão Traseira;1;2;;;;;1
19/04/2011;08:44:00;147;sem vítima;548,8;BR-116/PR;Sul;Tombamento;1;1;;;;;1
19/04/2011;07:35:00;118;com vítima;567;BR-116/PR;Sul;Saida de Pista;1;0;;1;;;2
20/04/2011;20:58:00;428;com vítima;33;BR-116/PR;Norte;Tombamento;1;0;1;;;;1
20/04/2011;08:23:00;164;com vítima;66,2;BR-116/PR;Sul;Saida de Pista;1;0;1;;;;1
20/04/2011;10:26:00;213;sem vítima;71;BR-116/PR;Sul;Outros;1;1;;;;;1
20/04/2011;04:56:00;86;sem vítima;285;BR-116/PR;Norte;Choque - Defensa, barreira ou "submarino";1;2;;;;;1
20/04/2011;00:13:00;4;com vítima;330;BR-116/PR;Norte;Colisão Traseira;2;1;;1;;;2
20/04/2011;17:19:00;356;com vítima;406;BR-116/PR;Norte;Colisão Traseira;2;1;;1;;;2
20/04/2011;21:35:00;438;sem vítima;425,5;BR-116/PR;Sul;Colisão Lateral;1;5;;;;;1
20/04/2011;21:46:00;441;sem vítima;477,3;BR-116/PR;Sul;Colisão Traseira;2;2;;;;;1
20/04/2011;00:05:00;2;sem vítima;501;BR-116/PR;Norte;Colisão Traseira;1;3;;;;;1
21/04/2011;10:12:00;235;sem vítima;48,3;BR-116/PR;Sul;Colisão Traseira;2;2;;;;;1
21/04/2011;17:25:00;497;sem vítima;62,2;BR-116/PR;Sul;Colisão Traseira;1;2;;;;;1
21/04/2011;07:31:00;155;sem vítima;299;BR-116/PR;Sul;Colisão Lateral;1;2;;;;;1
21/04/2011;08:48:00;186;sem vítima;299;BR-116/PR;Sul;Colisão Lateral;1;6;;;;;1
21/04/2011;03:36:00;86;sem vítima;322;BR-116/PR;Sul;Colisão Traseira;1;3;;;;;1
21/04/2011;15:26:00;425;sem vítima;330;BR-116/PR;Sul;Colisão Lateral;1;2;;;;;1
21/04/2011;16:11:00;453;com vítima;331;BR-116/PR;Sul;Atropelamento - Outros;1;1;;1;;;2
21/04/2011;11:19:00;279;sem vítima;349;BR-116/PR;Sul;Colisão Lateral;2;4;;;;;1
21/04/2011;10:36:00;251;sem vítima;354;BR-116/PR;Sul;Colisão Lateral;1;2;;;;;1
21/04/2011;16:14:00;457;sem vítima;354,3;BR-116/PR;Sul;Colisão Lateral;1;2;;;;;1
21/04/2011;17:45:00;507;sem vítima;355,1;BR-116/PR;Sul;Colisão Traseira;1;2;;;;;1
21/04/2011;13:54:00;368;sem vítima;355,5;BR-116/PR;Sul;Colisão Lateral;1;2;;;;;1
21/04/2011;19:19:00;559;sem vítima;359,4;BR-116/PR;Norte;Colisão Traseira;2;2;;;;;1
21/04/2011;15:18:00;419;sem vítima;372;BR-116/PR;Norte;Colisão Traseira;1;3;;;;;1
21/04/2011;07:18:00;152;sem vítima;426;BR-116/PR;Norte;Colisão Lateral;1;2;;;;;1
21/04/2011;20:53:00;599;com vítima;511;BR-116/PR;Sul;Saida de Pista;2;1;1;;;;1
21/04/2011;00:47:00;24;sem vítima;515;BR-116/PR;Sul;Tombamento;1;2;;;;;1
21/04/2011;23:12:00;645;com vítima;515,5;BR-116/PR;Norte;Colisão Traseira;1;3;1;;;;1
21/04/2011;10:14:00;237;sem vítima;542;BR-116/PR;Sul;Colisão Traseira;1;3;;;;;1
22/04/2011;04:57:00;68;sem vítima;360,8;BR-116/PR;Sul;Tombamento;1;1;;;;;1
23/04/2011;20:52:00;336;sem vítima;357;BR-116/PR;Norte;Colisão Lateral;1;16;;;;;1
24/04/2011;10:55:00;189;sem vítima;29;BR-116/PR;Norte;Engavetamento;1;6;;;;;1
24/04/2011;07:48:00;125;com vítima;347,8;BR-116/PR;Norte;Tombamento;1;0;1;;;;1
24/04/2011;17:02:00;338;sem vítima;356;BR-116/PR;Norte;Colisão Lateral;1;2;;;;;1
24/04/2011;18:42:00;373;com vítima;357;BR-116/PR;Norte;Colisão Frontal;2;8;2;2;;;2
24/04/2011;18:13:00;366;com vítima;470,8;BR-116/PR;Norte;Colisão Frontal;3;8;1;;;;1
24/04/2011;22:28:00;457;com vítima;510,5;BR-116/PR;Sul;Colisão Traseira;1;5;1;;;;1
24/04/2011;19:57:00;402;com vítima;511;BR-116/PR;Sul;Colisão Traseira;1;5;1;;;;1
24/04/2011;14:46:00;267;sem vítima;542;BR-116/PR;Sul;Colisão Traseira;1;6;;;;;1
24/04/2011;23:33:00;475;com vítima;561,6;BR-116/PR;Sul;Colisão Traseira;1;3;2;;;;1
25/04/2011;09:32:00;149;sem vítima;272;BR-116/PR;Sul;Colisão Traseira;1;2;;;;;1
25/04/2011;17:04:00;305;sem vítima;343,8;BR-116/PR;Sul;Engavetamento;1;6;;;;;1
25/04/2011;18:42:00;333;sem vítima;511;BR-116/PR;Norte;Saida de Pista;1;1;;;;;1
26/04/2011;11:54:00;210;sem vítima;14,5;BR-116/CW;Norte;Choque - Defensa, barreira ou "submarino";1;2;;;;;1
26/04/2011;17:26:00;326;sem vítima;16,5;BR-116/CW;Sul;Colisão Traseira;1;4;;;;;1
26/04/2011;02:34:00;37;sem vítima;51;BR-116/PR;Norte;Saida de Pista;1;1;;;;;1
26/04/2011;17:15:00;324;sem vítima;305;BR-116/PR;Sul;Tombamento;1;1;;;;;1
26/04/2011;06:39:00;79;sem vítima;351,1;BR-116/PR;Sul;Colisão Frontal;3;3;;;;;1
26/04/2011;17:02:00;321;sem vítima;460;BR-116/PR;Norte;Saida de Pista;1;1;;;;;1
26/04/2011;22:44:00;405;sem vítima;522,95;BR-116/PR;Norte;Colisão Traseira;2;2;;;;;1
26/04/2011;23:16:00;412;sem vítima;538,9;BR-116/PR;Norte;Choque - Defensa, barreira ou "submarino";1;1;;;;;1
26/04/2011;17:45:00;333;sem vítima;561,8;BR-116/PR;Norte;Colisão Traseira;1;2;;;;;1
26/04/2011;07:52:00;104;sem vítima;567;BR-116/PR;Sul;Tombamento;1;1;;;;;1
27/04/2011;13:19:00;277;sem vítima;337;BR-116/PR;Norte;Colisão Lateral;1;2;;;;;1
27/04/2011;18:27:00;383;sem vítima;364;BR-116/PR;Norte;Colisão Lateral;1;3;;;;;1
27/04/2011;01:11:00;22;sem vítima;377,8;BR-116/PR;Sul;Colisão Traseira;1;2;;;;;1
27/04/2011;22:14:00;426;com vítima;479,5;BR-116/PR;Sul;Colisão Traseira;1;2;1;;;;1
28/04/2011;16:00:00;276;com vítima;40;BR-116/PR;Sul;Colisão Frontal;1;2;1;;;;1
28/04/2011;17:14:00;316;sem vítima;44,2;BR-116/PR;Sul;Saida de Pista;1;2;;;;;1
28/04/2011;20:42:00;377;sem vítima;345;BR-116/PR;Norte;Não Def;1;2;;;;;1
28/04/2011;13:23:00;232;sem vítima;352,5;BR-116/PR;Sul;Colisão Traseira;1;2;;;;;1
28/04/2011;20:06:00;368;sem vítima;360,2;BR-116/PR;Sul;Tombamento;1;1;;;;;1
28/04/2011;22:29:00;399;sem vítima;405;BR-116/PR;Norte;Saida de Pista;1;4;;;;;1
28/04/2011;04:06:00;55;sem vítima;485;BR-116/PR;Sul;Colisão Traseira;2;2;;;;;1
28/04/2011;06:24:00;85;sem vítima;494;BR-116/PR;Sul;Colisão Traseira;2;2;;;;;1
28/04/2011;15:09:00;256;com vítima;504;BR-116/PR;Norte;Tombamento;1;1;2;;;;1
28/04/2011;09:52:00;171;sem vítima;524;BR-116/PR;Sul;Tombamento;1;1;;;;;1
28/04/2011;17:07:00;311;sem vítima;541,5;BR-116/PR;Sul;Saida de Pista;1;3;;;;;1
29/04/2011;05:20:00;81;sem vítima;284,7;BR-116/PR;Sul;Colisão Lateral;1;2;;;;;1
29/04/2011;13:18:00;257;sem vítima;299;BR-116/PR;Sul;Colisão Lateral;1;2;;;;;1
29/04/2011;14:43:00;279;sem vítima;353;BR-116/PR;Sul;Colisão Traseira;2;2;;;;;1
29/04/2011;22:51:00;427;sem vítima;394;BR-116/PR;Sul;Colisão Traseira;2;2;;;;;1
29/04/2011;19:00:00;366;com vítima;457;BR-116/PR;Sul;Saida de Pista;1;0;;;;1;3
29/04/2011;11:24:00;228;com vítima;551;BR-116/PR;Sul;Tombamento;1;0;;1;;;2
30/04/2011;10:58:00;186;com vítima;32,5;BR-116/PR;Norte;Tombamento;1;0;1;;;;1
30/04/2011;11:47:00;203;com vítima;290;BR-116/PR;Sul;Choque - Veiculo parado no acostamento;1;5;1;;;;1
30/04/2011;04:10:00;57;sem vítima;307;BR-116/PR;Norte;Colisão Traseira;2;3;;;;;1
30/04/2011;08:07:00;122;sem vítima;426;BR-116/PR;Norte;Colisão Traseira;2;2;;;;;1
01/05/2011;04:55:00;82;sem vítima;330;BR-116/PR;Norte;Saida de Pista;1;2;;;;;1
01/05/2011;10:52:00;185;sem vítima;426;BR-116/PR;Norte;Colisão Traseira;1;2;;;;;1
01/05/2011;07:49:00;125;sem vítima;430;BR-116/PR;Norte;Choque - Outros;1;1;;;;;1
01/05/2011;07:15:00;116;sem vítima;551;BR-116/PR;Norte;Tombamento;1;1;;;;;1
02/05/2011;05:08:00;56;sem vítima;289,2;BR-116/PR;Norte;Colisão Traseira;1;2;;;;;1
02/05/2011;19:41:00;337;sem vítima;301,9;BR-116/PR;Sul;Saida de Pista;1;4;;;;;1
02/05/2011;15:35:00;270;sem vítima;509,8;BR-116/PR;Sul;Tombamento;1;1;;;;;1
03/05/2011;14:14:00;254;sem vítima;274;BR-116/PR;Sul;Colisão Traseira;1;2;;;;;1
03/05/2011;21:31:00;384;com vítima;284;BR-116/PR;Sul;Colisão Traseira;1;1;1;1;;;2
03/05/2011;22:51:00;401;com vítima;394;BR-116/PR;Norte;Colisão Traseira;2;1;;1;;;2
03/05/2011;07:13:00;94;com vítima;478;BR-116/PR;Sul;Colisão Traseira;1;1;2;;;;1
03/05/2011;21:39:00;385;com vítima;486;BR-116/PR;Norte;Colisão Traseira;2;1;;1;;;2
03/05/2011;00:50:00;10;sem vítima;503,5;BR-116/PR;Sul;Tombamento;1;1;;;;;1
03/05/2011;07:51:00;108;com vítima;511;BR-116/PR;Norte;Capotamento;1;0;;;;2;3
03/05/2011;00:00:00;1;sem vítima;537;BR-116/PR;Norte;Colisão Traseira;2;2;;;;;1
04/05/2011;20:49:00;378;sem vítima;45,5;BR-116/PR;Norte;Colisão Lateral;2;2;;;;;1
04/05/2011;06:46:00;76;sem vítima;351,5;BR-116/PR;Norte;Colisão Traseira;1;2;;;;;1
04/05/2011;02:33:00;31;sem vítima;426;BR-116/PR;Norte;Colisão Traseira;2;2;;;;;1
04/05/2011;14:40:00;256;sem vítima;504;BR-116/PR;Norte;Tombamento;1;1;;;;;1
04/05/2011;09:10:00;148;com vítima;551;BR-116/PR;Norte;Tombamento;1;0;;1;;;2
05/05/2011;09:42:00;201;com vítima;276,6;BR-116/PR;Sul;Colisão Traseira;1;2;1;;;;1
05/05/2011;07:53:00;139;sem vítima;289;BR-116/PR;Norte;Colisão Traseira;1;6;;;;;1
05/05/2011;10:52:00;228;sem vítima;429;BR-116/PR;Norte;Objeto lançado contra veículo;1;1;;;;;1
05/05/2011;05:26:00;100;sem vítima;514,1;BR-116/PR;Norte;Tombamento;1;1;;;;;1
05/05/2011;09:50:00;206;com vítima;555;BR-116/PR;Norte;Tombamento;1;0;1;1;;;2
06/05/2011;06:11:00;99;sem vítima;470;BR-116/PR;Norte;Colisão Lateral;2;3;;;;;1
06/05/2011;17:10:00;362;com vítima;491;BR-116/PR;Sul;Colisão Lateral;2;1;1;;;;1
06/05/2011;14:04:00;278;sem vítima;515;BR-116/PR;Norte;Saida de Pista;1;2;;;;;1
07/05/2011;05:05:00;73;sem vítima;13;BR-116/PR;Sul;Saida de Pista;1;1;;;;;1
07/05/2011;04:49:00;68;com vítima;278;BR-116/PR;Sul;Tombamento;1;0;1;;;;1
07/05/2011;04:50:00;71;sem vítima;316;BR-116/PR;Norte;Saida de Pista;1;1;;;;;1
07/05/2011;21:01:00;351;sem vítima;401,9;BR-116/PR;Norte;Saida de Pista;1;1;;;;;1
07/05/2011;15:44:00;277;sem vítima;426,6;BR-116/PR;Norte;Colisão Lateral;1;3;;;;;1
07/05/2011;23:56:00;405;com vítima;435,5;BR-116/PR;Sul;Colisão Traseira;1;1;1;;;;1
07/05/2011;04:24:00;61;sem vítima;449;BR-116/PR;Norte;Choque - Objeto sobre a pista;1;3;;;;;1
07/05/2011;02:14:00;40;com vítima;479;BR-116/PR;Sul;Tombamento;1;2;;1;;;2
07/05/2011;08:22:00;128;com vítima;546;BR-116/PR;Norte;Capotamento;1;2;1;;;;1
08/05/2011;15:38:00;292;sem vítima;20;BR-116/PR;Norte;Colisão Traseira;2;2;;;;;1
08/05/2011;13:01:00;241;sem vítima;23;BR-116/PR;Norte;Tombamento;1;1;;;;;1
08/05/2011;10:02:00;199;com vítima;32,5;BR-116/PR;Norte;Tombamento;1;1;;;1;;2
08/05/2011;00:48:00;23;sem vítima;453;BR-116/PR;Norte;Saida de Pista;1;1;;;;;1
08/05/2011;20:24:00;392;sem vítima;485;BR-116/PR;Sul;Colisão Lateral;1;6;;;;;1
09/05/2011;04:31:00;58;sem vítima;284;BR-116/PR;Norte;Colisão Traseira;1;2;;;;;1
09/05/2011;14:14:00;238;sem vítima;337;BR-116/PR;Norte;Colisão Lateral;1;6;;;;;1
09/05/2011;05:59:00;78;com vítima;376,5;BR-116/PR;Norte;Tombamento;1;0;1;;;;1
09/05/2011;19:43:00;349;sem vítima;453,5;BR-116/PR;Norte;Colisão Lateral;1;2;;;;;1
09/05/2011;02:14:00;35;sem vítima;511,35;BR-116/PR;Norte;Tombamento;1;1;;;;;1
10/05/2011;03:48:00;61;sem vítima;37;BR-116/PR;Sul;Saida de Pista;1;1;;;;;1
10/05/2011;05:09:00;77;sem vítima;40;BR-116/PR;Sul;Colisão Lateral;1;3;;;;;1
10/05/2011;06:54:00;92;sem vítima;527,6;BR-116/PR;Norte;Saida de Pista;1;1;;;;;1
10/05/2011;04:20:00;70;sem vítima;550,8;BR-116/PR;Sul;Tombamento;1;1;;;;;1
10/05/2011;20:45:00;363;com vítima;564;BR-116/PR;Sul;Atropelamento - Morador;1;1;;;;2;3
11/05/2011;10:00:00;165;sem vítima;273,1;BR-116/PR;Norte;Colisão Traseira;1;2;;;;;1
11/05/2011;06:49:00;75;sem vítima;522;BR-116/PR;Sul;Colisão Traseira;2;2;;;;;1
12/05/2011;22:58:00;410;com vítima;26;BR-116/PR;Norte;Tombamento;1;0;1;;;;1
12/05/2011;08:01:00;122;com vítima;274,3;BR-116/PR;Norte;Queda de Moto;1;1;1;;;;1
12/05/2011;16:44:00;318;sem vítima;359;BR-116/PR;Norte;Colisão Lateral;1;3;;;;;1
12/05/2011;10:50:00;205;sem vítima;477;BR-116/PR;Sul;Colisão Traseira;2;2;;;;;1
12/05/2011;01:32:00;30;sem vítima;482;BR-116/PR;Norte;Saida de Pista;1;1;;;;;1
13/05/2011;00:27:00;12;sem vítima;30;BR-116/PR;Norte;Tombamento;1;1;;;;;1
13/05/2011;04:43:00;63;sem vítima;44,6;BR-116/PR;Norte;Colisão Traseira;2;2;;;;;1
13/05/2011;22:08:00;365;com vítima;285;BR-116/PR;Sul;Colisão Traseira;1;3;1;;;;1
13/05/2011;09:12:00;129;sem vítima;340,3;BR-116/PR;Sul;Colisão Lateral;2;2;;;;;1
13/05/2011;06:29:00;79;com vítima;348,1;BR-116/PR;Norte;Colisão Frontal;1;1;1;1;;;2
13/05/2011;01:55:00;31;sem vítima;351,1;BR-116/PR;Norte;Tombamento;1;2;;;;;1
13/05/2011;20:15:00;336;sem vítima;426;BR-116/PR;Sul;Colisão Lateral;2;2;;;;;1
13/05/2011;09:53:00;144;sem vítima;545;BR-116/PR;Norte;Tombamento;1;1;;;;;1
13/05/2011;05:51:00;75;sem vítima;568;BR-116/PR;Sul;Choque - Defensa, barreira ou "submarino";1;1;;;;;1
14/05/2011;02:39:00;51;com vítima;32,5;BR-116/PR;Norte;Colisão Traseira;1;2;2;1;;;2
14/05/2011;22:51:00;368;com vítima;39,7;BR-116/PR;Sul;Saida de Pista;1;0;2;;;;1
14/05/2011;21:43:00;358;com vítima;40,4;BR-116/PR;Sul;Colisão Traseira;2;4;1;;;;1
14/05/2011;07:16:00;119;sem vítima;366,5;BR-116/PR;Norte;Colisão Lateral;1;2;;;;;1
14/05/2011;02:07:00;42;sem vítima;393;BR-116/PR;Norte;Colisão Traseira;2;3;;;;;1
14/05/2011;19:31:00;337;com vítima;413,4;BR-116/PR;Sul;Atropelamento - Morador;1;5;;;;1;3
14/05/2011;20:49:00;346;com vítima;509;BR-116/PR;Sul;Saida de Pista;1;0;1;;;;1
14/05/2011;19:27:00;333;sem vítima;541;BR-116/PR;Sul;Saida de Pista;1;1;;;;;1
15/05/2011;16:30:00;251;sem vítima;39;BR-116/PR;Sul;Choque - Defensa, barreira ou "submarino";1;1;;;;;1
15/05/2011;22:48:00;344;sem vítima;355;BR-116/PR;Norte;Tombamento;1;2;;;;;1
15/05/2011;15:56:00;233;sem vítima;461;BR-116/PR;Norte;Colisão Traseira;2;2;;;;;1
15/05/2011;15:13:00;216;com vítima;514,8;BR-116/PR;Sul;Choque - Talude;1;0;;1;1;;2
15/05/2011;01:49:00;26;sem vítima;545;BR-116/PR;Norte;Tombamento;1;1;;;;;1
15/05/2011;12:56:00;184;com vítima;550;BR-116/PR;Norte;Tombamento;1;0;1;;;;1
16/05/2011;11:36:00;165;com vítima;8;BR-116/PR;Sul;Saida de Pista;1;0;1;;;;1
16/05/2011;23:00:00;342;sem vítima;14,5;BR-116/PR;Norte;Saida de Pista;1;1;;;;;1
16/05/2011;07:11:00;86;sem vítima;280;BR-116/PR;Norte;Colisão Traseira;1;2;;;;;1
16/05/2011;04:34:00;60;com vítima;315,4;BR-116/PR;Norte;Colisão Traseira;2;1;;1;;;2
16/05/2011;08:46:00;118;com vítima;317;BR-116/PR;Norte;Engavetamento;2;8;1;;;;1
16/05/2011;18:38:00;291;sem vítima;344,3;BR-116/PR;Sul;Engavetamento;4;4;;;;;1
16/05/2011;16:02:00;238;com vítima;349;BR-116/PR;Sul;Colisão Frontal;2;2;2;1;;;2
16/05/2011;18:56:00;294;sem vítima;353,8;BR-116/PR;Norte;Saida de Pista;1;1;;;;;1
16/05/2011;05:42:00;71;sem vítima;357,5;BR-116/PR;Norte;Colisão Lateral;1;2;;;;;1
16/05/2011;07:24:00;89;sem vítima;426;BR-116/PR;Norte;Colisão Traseira;1;2;;;;;1
16/05/2011;08:21:00;111;com vítima;513,5;BR-116/PR;Norte;Tombamento;1;0;1;;;;1
16/05/2011;23:34:00;351;sem vítima;523,3;BR-116/PR;Sul;Colisão Traseira;2;3;;;;;1
16/05/2011;18:18:00;284;sem vítima;528;BR-116/PR;Sul;Saida de Pista;1;1;;;;;1
16/05/2011;20:29:00;310;com vítima;548;BR-116/PR;Sul;Outros;1;0;1;;;;1
16/05/2011;14:47:00;211;sem vítima;568,15;BR-116/PR;Norte;Saida de Pista;1;4;;;;;1
17/05/2011;14:02:00;273;sem vítima;299;BR-116/PR;Norte;Colisão Traseira;1;2;;;;;1
17/05/2011;19:25:00;368;com vítima;299,3;BR-116/PR;Norte;Colisão Traseira;1;1;;1;;;2
17/05/2011;22:00:00;401;sem vítima;344,2;BR-116/PR;Sul;Engavetamento;3;4;;;;;1
17/05/2011;05:43:00;86;sem vítima;439;BR-116/PR;Sul;Saida de Pista;1;1;;;;;1
17/05/2011;09:41:00;183;sem vítima;537;BR-116/PR;Sul;Colisão Transversal;1;3;;;;;1
18/05/2011;14:40:00;230;sem vítima;58;BR-116/PR;Sul;Colisão Traseira;2;3;;;;;1
18/05/2011;05:48:00;76;com vítima;69,8;BR-116/PR;Sul;Colisão Traseira;1;1;1;;;;1
18/05/2011;21:10:00;359;sem vítima;299;BR-116/PR;Sul;Não Def;2;2;;;;;1
18/05/2011;14:16:00;224;sem vítima;331;BR-116/PR;Norte;Não Def;1;1;;;;;1
18/05/2011;07:39:00;105;com vítima;351,5;BR-116/PR;Norte;Colisão Lateral;7;6;;2;;;2
18/05/2011;06:10:00;80;sem vítima;383,8;BR-116/PR;Norte;Tombamento;1;1;;;;;1
18/05/2011;22:04:00;378;sem vítima;425,9;BR-116/PR;Norte;Saida de Pista;1;1;;;;;1
18/05/2011;03:06:00;45;sem vítima;505,2;BR-116/PR;Sul;Tombamento;1;1;;;;;1
18/05/2011;07:47:00;111;com vítima;516;BR-116/PR;Norte;Colisão Traseira;2;1;1;;;;1
19/05/2011;06:39:00;76;com vítima;28,5;BR-116/PR;Norte;Tombamento;1;0;;;;1;3
19/05/2011;14:06:00;244;com vítima;32,5;BR-116/PR;Norte;Tombamento;1;0;;;1;;2
19/05/2011;12:59:00;217;sem vítima;39;BR-116/PR;Sul;Colisão Traseira;1;2;;;;;1
19/05/2011;08:23:00;119;sem vítima;278;BR-116/PR;Norte;Colisão Lateral;1;4;;;;;1
19/05/2011;15:02:00;264;sem vítima;281,8;BR-116/PR;Norte;Saida de Pista;1;2;;;;;1
19/05/2011;19:03:00;360;sem vítima;406;BR-116/PR;Norte;Colisão Traseira;2;3;;;;;1
19/05/2011;23:31:00;417;sem vítima;485;BR-116/PR;Norte;Colisão Traseira;2;2;;;;;1
19/05/2011;23:36:00;422;sem vítima;511,7;BR-116/PR;Norte;Tombamento;1;2;;;;;1
19/05/2011;21:56:00;397;com vítima;515;BR-116/PR;Norte;Capotamento;1;0;;1;1;;2
19/05/2011;01:20:00;18;sem vítima;515,1;BR-116/PR;Norte;Saida de Pista;1;1;;;;;1
20/05/2011;05:14:00;64;sem vítima;23;BR-116/PR;Sul;Colisão Traseira;2;2;;;;;1
20/05/2011;04:05:00;44;sem vítima;57;BR-116/PR;Sul;Colisão Lateral;1;2;;;;;1
20/05/2011;20:36:00;359;com vítima;322;BR-116/PR;Sul;Engavetamento;1;3;;;;1;3
20/05/2011;02:04:00;28;sem vítima;323;BR-116/PR;Norte;Atropelamento de Animal;1;1;;;;;1
20/05/2011;16:52:00;282;sem vítima;348,7;BR-116/PR;Norte;Colisão Lateral;1;4;;;;;1
20/05/2011;10:30:00;181;com vítima;357;BR-116/PR;Sul;Tombamento;4;2;;1;1;;2
20/05/2011;05:22:00;66;sem vítima;370;BR-116/PR;Norte;Colisão Traseira;1;10;;;;;1
20/05/2011;15:48:00;258;sem vítima;432,1;BR-116/PR;Norte;Saida de Pista;1;1;;;;;1
20/05/2011;00:34:00;8;com vítima;441;BR-116/PR;Sul;Saida de Pista;1;0;1;;;;1
21/05/2011;16:23:00;297;sem vítima;282;BR-116/PR;Norte;Colisão Lateral;1;4;;;;;1
21/05/2011;01:16:00;31;sem vítima;338,8;BR-116/PR;Sul;Colisão Transversal;1;2;;;;;1
21/05/2011;06:54:00;109;sem vítima;511;BR-116/PR;Sul;Tombamento;1;1;;;;;1
21/05/2011;04:40:00;76;sem vítima;528;BR-116/PR;Sul;Tombamento;1;1;;;;;1
22/05/2011;19:14:00;325;sem vítima;413,3;BR-116/PR;Norte;Colisão Lateral;1;4;;;;;1
22/05/2011;23:28:00;391;sem vítima;469;BR-116/PR;Norte;Choque - Objeto sobre a pista;1;1;;;;;1
22/05/2011;20:44:00;345;sem vítima;518,7;BR-116/PR;Norte;Colisão Traseira;2;2;;;;;1
23/05/2011;05:48:00;89;sem vítima;282,5;BR-116/PR;Norte;Colisão Traseira;2;4;;;;;1
23/05/2011;12:29:00;233;sem vítima;285;BR-116/PR;Sul;Colisão Traseira;1;4;;;;;1
23/05/2011;06:16:00;94;sem vítima;361;BR-116/PR;Norte;Tombamento;1;1;;;;;1
23/05/2011;08:00:00;128;sem vítima;426,6;BR-116/PR;Norte;Colisão Traseira;2;3;;;;;1
23/05/2011;23:50:00;443;com vítima;528,3;BR-116/PR;Sul;Tombamento;1;0;;1;;;2
24/05/2011;14:14:00;244;com vítima;279,5;BR-116/PR;Sul;Atropelamento - Usuário;1;1;;;;1;3
24/05/2011;10:57:00;194;sem vítima;301,5;BR-116/PR;Norte;Colisão Traseira;2;2;;;;;1
24/05/2011;23:17:00;406;com vítima;307,2;BR-116/PR;Sul;Engavetamento;6;6;;;1;;2
24/05/2011;13:12:00;229;sem vítima;325,5;BR-116/PR;Sul;Saida de Pista;2;5;;;;;1
24/05/2011;22:12:00;377;sem vítima;344,3;BR-116/PR;Sul;Saida de Pista;1;1;;;;;1
24/05/2011;05:55:00;78;sem vítima;351;BR-116/PR;Norte;Tombamento;1;1;;;;;1
24/05/2011;02:57:00;37;sem vítima;483;BR-116/PR;Sul;Saida de Pista;1;1;;;;;1
25/05/2011;17:55:00;365;com vítima;17;BR-116/CW;Norte;Engavetamento;1;3;1;;;;1
25/05/2011;11:41:00;230;sem vítima;281;BR-116/PR;Norte;Colisão Lateral;2;2;;;;;1
25/05/2011;18:19:00;370;sem vítima;420;BR-116/PR;Sul;Saida de Pista;1;1;;;;;1
25/05/2011;07:58:00;125;sem vítima;445,1;BR-116/PR;Sul;Colisão Lateral;2;2;;;;;1
25/05/2011;18:48:00;378;sem vítima;462,8;BR-116/PR;Sul;Colisão Traseira;2;3;;;;;1
25/05/2011;04:16:00;79;com vítima;525,5;BR-116/PR;Norte;Colisão Lateral;2;0;1;1;;;2
25/05/2011;19:25:00;388;com vítima;550,8;BR-116/PR;Sul;Tombamento;1;0;;;1;;2
25/05/2011;11:23:00;220;com vítima;551;BR-116/PR;Norte;Tombamento;1;0;1;;;;1
26/05/2011;03:39:00;85;sem vítima;33;BR-116/PR;Sul;Tombamento;1;1;;;;;1
26/05/2011;22:26:00;434;sem vítima;348,4;BR-116/PR;Sul;Saida de Pista;1;2;;;;;1
26/05/2011;19:07:00;373;sem vítima;496,1;BR-116/PR;Norte;Saida de Pista;1;1;;;;;1
26/05/2011;23:43:00;452;sem vítima;562;BR-116/PR;Sul;Outros;1;1;;;;;1
27/05/2011;09:42:00;204;sem vítima;59,5;BR-116/PR;Sul;Tombamento;1;1;;;;;1
27/05/2011;07:32:00;138;sem vítima;280;BR-116/PR;Norte;Tombamento;1;2;;;;;1