data;horario;n_da_ocorrencia;tipo_de_ocorrencia;km;trecho;sentido;tipo_de_acidente;caminhao;ilesos;levemente_feridos;moderadamente_feridos;gravemente_feridos;mortos;3
27/05/2011;06:23:00;117;sem vítima;291;BR-116/PR;Norte;Colisão Traseira;1;2;;;;;1
27/05/2011;14:05:00;275;sem vítima;299;BR-116/PR;Sul;Colisão Traseira;2;2;;;;;1
27/05/2011;14:52:00;288;com vítima;347,1;BR-116/PR;Norte;Colisão Frontal;2;1;;;1;;2
27/05/2011;09:44:00;205;sem vítima;548,5;BR-116/PR;Sul;Tombamento;1;2;;;;;1
27/05/2011;09:54:00;210;sem vítima;548,5;BR-116/PR;Sul;Colisão Traseira;2;2;;;;;1
28/05/2011;23:35:00;435;sem vítima;407;BR-116/PR;Norte;Colisão Traseira;1;2;;;;;1
28/05/2011;15:10:00;261;com vítima;499,5;BR-116/PR;Sul;Tombamento;1;0;;1;;;2
28/05/2011;06:20:00;86;sem vítima;506;BR-116/PR;Norte;Saida de Pista;1;1;;;;;1
28/05/2011;10:12:00;186;sem vítima;515,5;BR-116/PR;Norte;Colisão Traseira;2;2;;;;;1
29/05/2011;16:07:00;308;sem vítima;56;BR-116/PR;Norte;Colisão Traseira;1;3;;;;;1
29/05/2011;16:57:00;348;sem vítima;58,3;BR-116/PR;Norte;Colisão Traseira;2;2;;;;;1
29/05/2011;00:39:00;13;com vítima;271;BR-116/PR;Norte;Colisão Traseira;1;2;1;;;;1
30/05/2011;20:00:00;501;sem vítima;29;BR-116/PR;Norte;Tombamento;1;1;;;;;1
30/05/2011;11:33:00;329;sem vítima;286;BR-116/PR;Norte;Colisão Lateral;2;3;;;;;1
31/05/2011;20:01:00;414;com vítima;48;BR-116/PR;Sul;Colisão Traseira;1;1;;2;;;2
31/05/2011;05:14:00;101;sem vítima;306,1;BR-116/PR;Norte;Tombamento;1;2;;;;;1
31/05/2011;10:27:00;232;sem vítima;427,1;BR-116/PR;Sul;Colisão Traseira;1;2;;;;;1
31/05/2011;06:25:00;112;sem vítima;512;BR-116/PR;Sul;Colisão Traseira;2;2;;;;;1
31/05/2011;18:00:00;390;sem vítima;548,7;BR-116/PR;Sul;Tombamento;1;1;;;;;1
01/06/2011;23:06:00;470;com vítima;28,6;BR-116/PR;Norte;Tombamento;1;;1;1;;;2
01/06/2011;17:57:00;380;sem vítima;395,2;BR-116/PR;Sul;Tombamento;1;1;;;;;1
01/06/2011;00:43:00;33;com vítima;483,3;BR-116/PR;Norte;Colisão Traseira;2;;;1;;;2
02/06/2011;07:06:00;84;sem vítima;1,5;BR-116/PR;Sul;Colisão Traseira;2;2;;;;;1
02/06/2011;11:08:00;212;com vítima;14;BR-116/CW;Sul;Capotamento;1;;1;;;;1
02/06/2011;06:01:00;71;com vítima;23,5;BR-116/PR;Sul;Colisão Traseira;1;;;1;;;2
02/06/2011;04:43:00;60;com vítima;28;BR-116/PR;Norte;Capotamento;1;;1;;;;1
02/06/2011;22:24:00;416;sem vítima;32,5;BR-116/PR;Norte;Capotamento;1;2;;;;;1
02/06/2011;02:31:00;31;sem vítima;463,5;BR-116/PR;Norte;Colisão Lateral;2;2;;;;;1
02/06/2011;06:49:00;82;com vítima;498,9;BR-116/PR;Sul;Saida de Pista;1;;2;;;;1
03/06/2011;08:43:00;139;sem vítima;32,5;BR-116/PR;Norte;Tombamento;1;1;;;;;1
03/06/2011;06:51:00;82;sem vítima;338;BR-116/PR;Sul;Tombamento;1;2;;;;;1
03/06/2011;14:43:00;272;com vítima;358;BR-116/PR;Sul;Colisão Lateral;2;;;1;;;2
03/06/2011;21:08:00;400;sem vítima;443;BR-116/PR;Sul;Colisão Traseira;1;2;;;;;1
03/06/2011;17:39:00;347;com vítima;550,5;BR-116/PR;Norte;Tombamento;1;;1;;;;1
04/06/2011;12:40:00;186;com vítima;291;BR-116/PR;Sul;Colisão Traseira;1;46;2;;;;1
04/06/2011;02:36:00;33;com vítima;322,5;BR-116/PR;Sul;Queda de Moto;1;4;1;;;;1
04/06/2011;12:36:00;183;sem vítima;384,3;BR-116/PR;Sul;Choque - Defensa, barreira ou "submarino";1;1;;;;;1
04/06/2011;15:10:00;223;sem vítima;426;BR-116/PR;Sul;Colisão Lateral;1;4;;;;;1
04/06/2011;00:07:00;3;com vítima;443;BR-116/PR;Sul;Engavetamento;1;1;2;;;;1
04/06/2011;00:09:00;4;com vítima;443;BR-116/PR;Norte;Engavetamento;1;6;2;;;;1
04/06/2011;02:42:00;34;sem vítima;443,1;BR-116/PR;Norte;Engavetamento;1;2;;;;;1
06/06/2011;16:47:00;348;sem vítima;33,8;BR-116/PR;Norte;Tombamento;1;1;;;;;1
06/06/2011;08:57:00;149;sem vítima;545;BR-116/PR;Norte;Colisão Traseira;2;4;;;;;1
06/06/2011;10:26:00;195;sem vítima;560,6;BR-116/PR;Sul;Colisão Traseira;1;3;;;;;1
07/06/2011;13:30:00;305;sem vítima;33;BR-116/PR;Sul;Tombamento;1;1;;;;;1
07/06/2011;11:59:00;272;com vítima;52;BR-116/PR;Sul;Choque - Defensa, barreira ou "submarino";1;2;1;;;;1
07/06/2011;12:36:00;285;sem vítima;59;BR-116/PR;Norte;Saida de Pista;1;3;;;;;1
07/06/2011;06:03:00;107;com vítima;380;BR-116/PR;Norte;Tombamento;1;;;1;;;2
07/06/2011;16:57:00;374;sem vítima;396;BR-116/PR;Norte;Colisão Lateral;1;1;;;;;1
07/06/2011;14:34:00;331;sem vítima;416,8;BR-116/PR;Norte;Capotamento;3;1;;;;;1
07/06/2011;12:01:00;274;sem vítima;444,8;BR-116/PR;Sul;Colisão Traseira;1;1;;;;;1
07/06/2011;14:06:00;317;sem vítima;509;BR-116/PR;Sul;Saida de Pista;1;1;;;;;1
08/06/2011;06:43:00;124;com vítima;10;BR-116/PR;Norte;Colisão Traseira;1;;;1;;;2
08/06/2011;23:28:00;511;sem vítima;24,7;BR-116/PR;Sul;Colisão Traseira;2;2;;;;;1
08/06/2011;23:57:00;514;sem vítima;28,5;BR-116/PR;Norte;Tombamento;1;4;;;;;1
08/06/2011;23:02:00;504;sem vítima;57;BR-116/PR;Sul;Colisão Lateral;2;40;;;;;1
08/06/2011;05:16:00;99;sem vítima;273;BR-116/PR;Norte;Saida de Pista;1;3;;;;;1
08/06/2011;22:34:00;490;com vítima;511;BR-116/PR;Sul;Colisão Lateral;3;1;;1;;;2
08/06/2011;20:22:00;448;com vítima;555;BR-116/PR;Norte;Colisão Traseira;1;1;1;;;;1
09/06/2011;12:15:00;196;sem vítima;12;BR-116/CW;Norte;Colisão Lateral;1;1;;;;;1
09/06/2011;16:06:00;266;sem vítima;28,5;BR-116/PR;Norte;Colisão Traseira;1;1;;;;;1
09/06/2011;07:34:00;96;sem vítima;33,5;BR-116/PR;Norte;Saida de Pista;1;2;;;;;1
09/06/2011;18:09:00;308;sem vítima;270,7;BR-116/PR;Norte;Colisão Lateral;1;2;;;;;1
09/06/2011;12:13:00;195;sem vítima;280;BR-116/PR;Norte;Colisão Lateral;1;3;;;;;1
09/06/2011;07:32:00;93;sem vítima;291,5;BR-116/PR;Sul;Colisão Lateral;1;2;;;;;1
09/06/2011;09:29:00;141;sem vítima;390;BR-116/PR;Norte;Colisão Lateral;1;1;;;;;1
09/06/2011;04:40:00;59;sem vítima;515,25;BR-116/PR;Sul;Saida de Pista;1;2;;;;;1
09/06/2011;15:50:00;261;sem vítima;550,5;BR-116/PR;Norte;Colisão Traseira;2;1;;;;;1
10/06/2011;04:09:00;66;sem vítima;43,6;BR-116/PR;Norte;Tombamento;1;1;;;;;1
10/06/2011;08:47:00;156;com vítima;272,1;BR-116/PR;Sul;Colisão Lateral;1;;1;;;;1
10/06/2011;20:57:00;409;com vítima;278,7;BR-116/PR;Sul;Colisão Traseira;2;;1;;;;1
10/06/2011;08:32:00;145;sem vítima;292;BR-116/PR;Norte;Colisão Lateral;1;6;;;;;1
10/06/2011;23:17:00;454;com vítima;307;BR-116/PR;Norte;Colisão Traseira;1;;1;;;;1
10/06/2011;11:15:00;228;com vítima;326,5;BR-116/PR;Norte;Tombamento;1;1;4;;;;1
10/06/2011;05:37:00;85;sem vítima;344,1;BR-116/PR;Norte;Tombamento;1;1;;;;;1
10/06/2011;21:18:00;418;com vítima;371,9;BR-116/PR;Sul;Colisão Traseira;2;3;1;;;;1
10/06/2011;08:37:00;151;com vítima;410,9;BR-116/PR;Norte;Tombamento;1;;1;;;;1
10/06/2011;19:14:00;372;sem vítima;427;BR-116/PR;Norte;Colisão Lateral;1;2;;;;;1
10/06/2011;03:03:00;53;sem vítima;481,7;BR-116/PR;Norte;Choque - Talude;1;1;;;;;1
11/06/2011;02:07:00;37;sem vítima;271;BR-116/PR;Norte;Colisão Traseira;3;1;;;;;1
11/06/2011;07:15:00;111;com vítima;324,5;BR-116/PR;Norte;Tombamento;1;;;1;;;2
12/06/2011;15:39:00;197;sem vítima;32,4;BR-116/PR;Norte;Tombamento;1;2;;;;;1
12/06/2011;18:36:00;256;com vítima;42,8;BR-116/PR;Norte;Saida de Pista;1;2;;1;;;2
12/06/2011;15:11:00;190;com vítima;284;BR-116/PR;Norte;Colisão Traseira;1;1;1;;;;1
12/06/2011;15:10:00;189;sem vítima;325;BR-116/PR;Norte;Choque - Defensa, barreira ou "submarino";1;1;;;;;1
12/06/2011;10:21:00;123;com vítima;346,7;BR-116/PR;Norte;Colisão Lateral;1;;1;;;;1
12/06/2011;21:44:00;296;com vítima;411;BR-116/PR;Norte;Engavetamento;4;;1;;;;1
12/06/2011;22:46:00;315;com vítima;444;BR-116/PR;Norte;Colisão Traseira;2;;3;;;;1
12/06/2011;18:07:00;247;sem vítima;521;BR-116/PR;Sul;Atropelamento de Animal;1;5;;;;;1
13/06/2011;06:55:00;96;com vítima;278,6;BR-116/PR;Norte;Colisão Lateral;2;;1;;;;1
13/06/2011;18:50:00;332;com vítima;472,7;BR-116/PR;Sul;Colisão Lateral;1;1;1;;;;1
13/06/2011;06:50:00;92;sem vítima;480,7;BR-116/PR;Norte;Colisão Lateral;1;2;;;;;1
13/06/2011;02:17:00;38;sem vítima;550;BR-116/PR;Norte;Tombamento;1;1;;;;;1
14/06/2011;04:50:00;82;sem vítima;307;BR-116/PR;Sul;Choque - Outros;1;2;;;;;1
14/06/2011;03:16:00;61;sem vítima;337;BR-116/PR;Norte;Colisão Traseira;2;1;;;;;1
14/06/2011;19:29:00;364;sem vítima;353,4;BR-116/PR;Sul;Outros;1;2;;;;;1
14/06/2011;17:47:00;335;sem vítima;446;BR-116/PR;Sul;Colisão Traseira;1;2;;;;;1
14/06/2011;00:47:00;23;sem vítima;491,3;BR-116/PR;Sul;Tombamento;1;1;;;;;1
14/06/2011;03:34:00;70;sem vítima;544;BR-116/PR;Norte;Tombamento;1;4;;;;;1
14/06/2011;11:37:00;212;sem vítima;560;BR-116/PR;Sul;Saida de Pista;1;1;;;;;1
15/06/2011;07:04:00;117;sem vítima;30;BR-116/PR;Sul;Saida de Pista;1;1;;;;;1
15/06/2011;06:20:00;105;com vítima;33;BR-116/PR;Sul;Colisão Traseira;2;1;1;;;;1
15/06/2011;12:55:00;272;sem vítima;54,3;BR-116/PR;Sul;Colisão Traseira;1;2;;;;;1
15/06/2011;06:56:00;115;sem vítima;272;BR-116/PR;Norte;Colisão Lateral;1;1;;;;;1
15/06/2011;03:44:00;63;sem vítima;329;BR-116/PR;Norte;Choque - Outros;1;4;;;;;1
15/06/2011;02:58:00;50;sem vítima;353,3;BR-116/PR;Norte;Tombamento;1;5;;;;;1
16/06/2011;08:02:00;134;sem vítima;18;BR-116/CW;Sul;Colisão Traseira;1;2;;;;;1
16/06/2011;08:14:00;137;com vítima;271;BR-116/PR;Sul;Engavetamento;2;1;1;;;;1
16/06/2011;15:50:00;308;sem vítima;279,8;BR-116/PR;Norte;Capotamento;1;6;;;;;1
16/06/2011;05:02:00;85;com vítima;472;BR-116/PR;Sul;Colisão Traseira;2;1;1;;;;1
16/06/2011;01:37:00;42;sem vítima;510;BR-116/PR;Norte;Colisão Traseira;2;1;;;;;1
17/06/2011;22:42:00;455;com vítima;15,6;BR-116/CW;Sul;Atropelamento - Usuário;1;;2;;;;1
17/06/2011;08:03:00;122;sem vítima;44,1;BR-116/PR;Norte;Colisão Traseira;1;3;;;;;1
17/06/2011;23:56:00;478;sem vítima;270,2;BR-116/PR;Sul;Colisão Traseira;2;1;;;;;1
17/06/2011;10:44:00;219;sem vítima;273;BR-116/PR;Sul;Saida de Pista;1;3;;;;;1
17/06/2011;23:41:00;470;sem vítima;304,9;BR-116/PR;Norte;Tombamento;1;2;;;;;1
17/06/2011;21:35:00;439;sem vítima;388,1;BR-116/PR;Sul;Choque - Objeto sobre a pista;2;1;;;;;1
17/06/2011;13:26:00;280;sem vítima;426;BR-116/PR;Sul;Colisão Lateral;2;3;;;;;1
18/06/2011;19:18:00;386;com vítima;273;BR-116/PR;Sul;Colisão Traseira;1;2;1;;;;1
18/06/2011;15:25:00;298;com vítima;281;BR-116/PR;Sul;Tombamento;1;1;;1;;1;3
18/06/2011;15:00:00;286;com vítima;291;BR-116/PR;Norte;Colisão Lateral;1;;1;;;;1
18/06/2011;11:31:00;238;sem vítima;351,6;BR-116/PR;Sul;Colisão Traseira;2;3;;;;;1
18/06/2011;01:24:00;20;sem vítima;473;BR-116/PR;Sul;Colisão Traseira;1;1;;;;;1
18/06/2011;01:31:00;23;com vítima;486;BR-116/PR;Sul;Colisão Lateral;1;;1;1;;;2
18/06/2011;10:59:00;221;sem vítima;497,5;BR-116/PR;Sul;Saida de Pista;1;1;;;;;1
19/06/2011;23:27:00;442;sem vítima;274,1;BR-116/PR;Norte;Colisão Traseira;2;1;;;;;1
19/06/2011;23:55:00;454;sem vítima;407,2;BR-116/PR;Norte;Capotamento;1;2;;;;;1
19/06/2011;16:03:00;287;sem vítima;497,5;BR-116/PR;Norte;Tombamento;1;1;;;;;1
20/06/2011;10:11:00;169;com vítima;43,2;BR-116/PR;Norte;Outros;1;4;1;;;;1
20/06/2011;08:58:00;143;sem vítima;545;BR-116/PR;Sul;Tombamento;1;2;;;;;1
21/06/2011;05:14:00;77;sem vítima;515;BR-116/PR;Sul;Choque - Defensa, barreira ou "submarino";1;7;;;;;1
21/06/2011;05:39:00;80;com vítima;545;BR-116/PR;Norte;Colisão Lateral;1;4;1;;;;1
21/06/2011;12:35:00;239;com vítima;562;BR-116/PR;Sul;Colisão Traseira;1;1;1;;;;1
22/06/2011;11:41:00;259;sem vítima;275;BR-116/PR;Sul;Colisão Traseira;1;3;;;;;1
22/06/2011;07:26:00;134;sem vítima;407,2;BR-116/PR;Norte;Colisão Traseira;1;4;;;;;1
22/06/2011;14:40:00;307;sem vítima;501,4;BR-116/PR;Sul;Colisão Lateral;1;1;;;;;1
22/06/2011;13:03:00;286;sem vítima;515,5;BR-116/PR;Sul;Colisão Traseira;1;1;;;;;1
23/06/2011;05:46:00;93;sem vítima;6;BR-116/PR;Norte;Colisão Traseira;1;7;;;;;1
23/06/2011;04:49:00;82;sem vítima;8;BR-116/PR;Sul;Colisão Traseira;1;1;;;;;1
23/06/2011;09:02:00;172;sem vítima;23,5;BR-116/PR;Sul;Colisão Traseira;2;2;;;;;1
23/06/2011;10:00:00;203;sem vítima;33;BR-116/PR;Norte;Saida de Pista;1;4;;;;;1
23/06/2011;06:24:00;100;com vítima;354;BR-116/PR;Norte;Colisão Traseira;1;;3;;;;1
23/06/2011;02:29:00;50;sem vítima;354;BR-116/PR;Sul;Saida de Pista;1;2;;;;;1
23/06/2011;13:26:00;290;sem vítima;361;BR-116/PR;Norte;Colisão Lateral;1;5;;;;;1
23/06/2011;04:01:00;70;sem vítima;501,4;BR-116/PR;Sul;Tombamento;1;2;;;;;1
23/06/2011;18:44:00;392;sem vítima;550;BR-116/PR;Norte;Tombamento;1;4;;;;;1
23/06/2011;04:51:00;84;com vítima;560;BR-116/PR;Sul;Colisão Traseira;1;3;1;;;;1
23/06/2011;05:24:00;90;sem vítima;561;BR-116/PR;Norte;Tombamento;1;2;;;;;1
24/06/2011;16:17:00;286;sem vítima;2,2;BR-116/PR;Sul;Colisão Lateral;2;2;;;;;1
24/06/2011;02:15:00;51;sem vítima;343,6;BR-116/PR;Sul;Colisão Lateral;2;5;;;;;1
25/06/2011;16:09:00;267;com vítima;16,8;BR-116/PR;Norte;Saida de Pista;1;;2;;;;1
25/06/2011;20:22:00;344;sem vítima;31;BR-116/PR;Norte;Colisão Traseira;1;1;;;;;1
25/06/2011;01:05:00;20;sem vítima;397,3;BR-116/PR;Norte;Colisão Traseira;2;1;;;;;1
25/06/2011;13:36:00;232;sem vítima;449,5;BR-116/PR;Sul;Colisão Lateral;1;1;;;;;1
25/06/2011;15:18:00;256;sem vítima;493,3;BR-116/PR;Sul;Colisão Traseira;1;4;;;;;1
25/06/2011;07:22:00;126;com vítima;509,5;BR-116/PR;Norte;Tombamento;1;1;1;;;;1
26/06/2011;12:52:00;235;com vítima;5;BR-116/PR;Sul;Tombamento;1;1;1;1;;;2
26/06/2011;15:47:00;296;sem vítima;283;BR-116/PR;Norte;Colisão Traseira;1;3;;;;;1
26/06/2011;15:25:00;287;sem vítima;370;BR-116/PR;Norte;Colisão Traseira;1;1;;;;;1
26/06/2011;17:11:00;340;sem vítima;511;BR-116/PR;Norte;Colisão Lateral;1;2;;;;;1
26/06/2011;11:55:00;215;sem vítima;544;BR-116/PR;Sul;Colisão Lateral;1;2;;;;;1
26/06/2011;12:33:00;229;com vítima;549;BR-116/PR;Sul;Colisão Lateral;1;4;;1;;;2
26/06/2011;19:12:00;400;sem vítima;561,8;BR-116/PR;Sul;Tombamento;1;4;;;;;1
27/06/2011;23:40:00;433;com vítima;279;BR-116/PR;Sul;Saida de Pista;1;;3;;;;1
27/06/2011;00:48:00;13;sem vítima;284;BR-116/PR;Norte;Tombamento;1;3;;;;;1
27/06/2011;18:17:00;360;sem vítima;304;BR-116/PR;Norte;Tombamento;1;4;;;;;1
27/06/2011;06:42:00;111;com vítima;317,5;BR-116/PR;Norte;Colisão Traseira;2;1;;;;1;3
27/06/2011;09:31:00;173;sem vítima;320;BR-116/PR;Norte;Colisão Lateral;1;3;;;;;1
27/06/2011;04:54:00;88;com vítima;357,5;BR-116/PR;Sul;Colisão Lateral;1;4;1;;;;1
27/06/2011;06:38:00;109;sem vítima;360,5;BR-116/PR;Norte;Colisão Traseira;1;2;;;;;1
27/06/2011;22:55:00;423;sem vítima;402;BR-116/PR;Norte;Saida de Pista;1;2;;;;;1
27/06/2011;20:29:00;388;sem vítima;459;BR-116/PR;Norte;Choque - Suporte de Sinalização;1;1;;;;;1
27/06/2011;00:21:00;7;sem vítima;541,6;BR-116/PR;Norte;Colisão Frontal;1;2;;;;;1
27/06/2011;18:49:00;368;sem vítima;543;BR-116/PR;Norte;Colisão Traseira;2;1;;;;;1
28/06/2011;05:20:00;66;sem vítima;269;BR-116/PR;Norte;Tombamento;1;1;;;;;1
28/06/2011;16:04:00;291;com vítima;269,4;BR-116/PR;Norte;Tombamento;1;;1;;;;1
28/06/2011;10:35:00;199;sem vítima;275,9;BR-116/PR;Sul;Tombamento;1;2;;;;;1
28/06/2011;06:31:00;79;sem vítima;503;BR-116/PR;Norte;Colisão Traseira;1;3;;;;;1
29/06/2011;07:26:00;120;com vítima;32;BR-116/PR;Norte;Tombamento;1;1;;1;1;;2
29/06/2011;06:34:00;104;com vítima;279;BR-116/PR;Norte;Colisão Traseira;1;;1;;;;1
29/06/2011;07:05:00;112;sem vítima;279;BR-116/PR;Norte;Colisão Traseira;1;1;;;;;1
29/06/2011;01:33:00;31;sem vítima;279;BR-116/PR;Norte;Tombamento;1;2;;;;;1
29/06/2011;12:15:00;232;sem vítima;401,3;BR-116/PR;Norte;Tombamento;1;1;;;;;1
29/06/2011;07:17:00;116;sem vítima;486,5;BR-116/PR;Sul;Colisão Traseira;1;2;;;;;1
29/06/2011;09:01:00;152;com vítima;569;BR-116/PR;Sul;Atropelamento - Usuário;1;1;1;;;;1
30/06/2011;05:49:00;85;com vítima;13;BR-116/PR;Norte;Saida de Pista;1;;1;;;;1
30/06/2011;13:57:00;263;sem vítima;26;BR-116/PR;Sul;Tombamento;1;2;;;;;1
30/06/2011;04:00:00;63;sem vítima;70,3;BR-116/PR;Norte;Outros;1;1;;;;;1
30/06/2011;12:13:00;234;sem vítima;349;BR-116/PR;Norte;Colisão Traseira;2;1;;;;;1
30/06/2011;01:11:00;19;sem vítima;370;BR-116/PR;Norte;Colisão Traseira;2;2;;;;;1
30/06/2011;08:58:00;162;sem vítima;402;BR-116/PR;Norte;Colisão Traseira;2;2;;;;;1
30/06/2011;09:27:00;180;sem vítima;426;BR-116/PR;Sul;Colisão Traseira;1;1;;;;;1
30/06/2011;23:51:00;456;sem vítima;460;BR-116/PR;Sul;Tombamento;1;1;;;;;1
01/07/2011;02:11:00;36;sem vítima;2,5;BR-116/PR;Sul;Saida de Pista;1;2;;;;;1
01/07/2011;20:10:00;380;com vítima;14;BR-116/CW;Sul;Colisão Traseira;1;1;3;;;;1
01/07/2011;06:05:00;99;com vítima;29,5;BR-116/PR;Norte;Tombamento;1;1;;1;;;2
01/07/2011;19:24:00;371;sem vítima;32;BR-116/PR;Norte;Não Def;1;1;;;;;1
01/07/2011;05:02:00;86;sem vítima;322,3;BR-116/PR;Norte;Colisão Lateral;2;4;;;;;1
01/07/2011;03:37:00;62;com vítima;360,9;BR-116/PR;Norte;Tombamento;1;0;1;;;;1
01/07/2011;06:00:00;95;com vítima;499;BR-116/PR;Sul;Saida de Pista;1;0;1;;;;1
01/07/2011;22:34:00;414;sem vítima;499;BR-116/PR;Sul;Tombamento;1;1;;;;;1
01/07/2011;19:12:00;366;sem vítima;509;BR-116/PR;Sul;Não Def;1;2;;;;;1
01/07/2011;12:17:00;241;com vítima;548;BR-116/PR;Sul;Tombamento;1;1;1;;;;1
01/07/2011;12:35:00;246;sem vítima;548,1;BR-116/PR;Sul;Colisão Traseira;2;2;;;;;1
02/07/2011;13:42:00;241;sem vítima;323;BR-116/PR;Sul;Não Def;2;2;;;;;1
02/07/2011;06:51:00;106;sem vítima;427;BR-116/PR;Sul;Colisão Lateral;2;2;;;;;1
02/07/2011;11:01:00;208;sem vítima;498;BR-116/PR;Norte;Colisão Traseira;2;2;;;;;1
02/07/2011;13:10:00;234;sem vítima;519;BR-116/PR;Sul;Saida de Pista;1;1;;;;;1
04/07/2011;00:03:00;6;com vítima;17;BR-116/PR;Norte;Tombamento;1;0;1;;;;1
04/07/2011;09:04:00;154;com vítima;33,2;BR-116/PR;Norte;Tombamento;1;0;1;;;;1
04/07/2011;14:06:00;250;sem vítima;270,5;BR-116/PR;Norte;Colisão Traseira;1;4;;;;;1
04/07/2011;05:55:00;92;com vítima;334;BR-116/PR;Norte;Saida de Pista;1;0;1;;;;1
04/07/2011;04:50:00;76;sem vítima;459;BR-116/PR;Sul;Tombamento;1;1;;;;;1
05/07/2011;19:33:00;363;sem vítima;30;BR-116/PR;Norte;Colisão Traseira;2;2;;;;;1
05/07/2011;00:33:00;16;sem vítima;31;BR-116/PR;Sul;Objeto lançado contra veículo;1;6;;;;;1
05/07/2011;19:20:00;357;sem vítima;56;BR-116/PR;Sul;Colisão Traseira;2;2;;;;;1
05/07/2011;03:32:00;63;com vítima;364,8;BR-116/PR;Norte;Saida de Pista;1;0;1;;;;1
05/07/2011;03:19:00;58;sem vítima;415;BR-116/PR;Norte;Saida de Pista;1;1;;;;;1
05/07/2011;02:04:00;44;com vítima;471;BR-116/PR;Norte;Tombamento;1;2;2;;;;1
06/07/2011;16:29:00;305;sem vítima;269;BR-116/PR;Sul;Engavetamento;1;4;;;;;1
06/07/2011;03:34:00;49;sem vítima;380,1;BR-116/PR;Sul;Saida de Pista;1;1;;;;;1
06/07/2011;16:30:00;306;com vítima;520,1;BR-116/PR;Norte;Tombamento;2;1;1;;;;1
06/07/2011;05:30:00;69;com vítima;537,5;BR-116/PR;Norte;Tombamento;1;0;;1;;;2
07/07/2011;05:18:00;76;sem vítima;32,5;BR-116/PR;Norte;Tombamento;1;1;;;;;1
07/07/2011;12:21:00;223;sem vítima;37;BR-116/PR;Norte;Colisão Traseira;1;3;;;;;1
07/07/2011;17:36:00;338;sem vítima;280,5;BR-116/PR;Norte;Colisão Traseira;1;2;;;;;1
07/07/2011;20:51:00;387;sem vítima;298,8;BR-116/PR;Sul;Colisão Traseira;1;2;;;;;1
07/07/2011;06:31:00;93;com vítima;434;BR-116/PR;Sul;Choque - Defensa, barreira ou "submarino";1;0;1;;;;1
07/07/2011;00:44:00;16;sem vítima;450,2;BR-116/PR;Sul;Saida de Pista;1;1;;;;;1
07/07/2011;20:59:00;390;sem vítima;497,5;BR-116/PR;Norte;Colisão Lateral;1;4;;;;;1
07/07/2011;08:12:00;130;com vítima;511,65;BR-116/PR;Norte;Tombamento;1;0;1;;;;1
07/07/2011;23:04:00;419;sem vítima;537;BR-116/PR;Sul;Saida de Pista;1;1;;;;;1
08/07/2011;14:54:00;282;sem vítima;62,3;BR-116/PR;Sul;Colisão Lateral;1;2;;;;;1
08/07/2011;10:27:00;206;sem vítima;285,4;BR-116/PR;Norte;Colisão Traseira;1;5;;;;;1
08/07/2011;02:08:00;39;com vítima;333,3;BR-116/PR;Norte;Capotamento;1;0;1;;;;1
08/07/2011;01:42:00;31;sem vítima;359,3;BR-116/PR;Sul;Tombamento;1;1;;;;;1
08/07/2011;04:17:00;73;sem vítima;526;BR-116/PR;Norte;Saida de Pista;1;1;;;;;1
09/07/2011;12:48:00;248;sem vítima;11,3;BR-116/PR;Sul;Colisão Traseira;1;5;;;;;1
09/07/2011;23:39:00;439;sem vítima;16;BR-116/PR;Norte;Atropelamento de Animal;1;2;;;;;1
09/07/2011;17:08:00;328;com vítima;32,5;BR-116/PR;Norte;Tombamento;1;0;;1;;;2
09/07/2011;00:12:00;4;com vítima;48;BR-116/PR;Norte;Atropelamento - Morador;1;1;;;;1;3
09/07/2011;14:20:00;270;com vítima;340,3;BR-116/PR;Sul;Colisão Traseira;1;1;1;1;;;2
09/07/2011;04:19:00;84;sem vítima;526;BR-116/PR;Norte;Saida de Pista;1;1;;;;;1
10/07/2011;15:28:00;242;sem vítima;485,2;BR-116/PR;Sul;Saida de Pista;1;3;;;;;1
10/07/2011;16:07:00;260;sem vítima;513;BR-116/PR;Norte;Saida de Pista;1;2;;;;;1
10/07/2011;20:39:00;366;sem vítima;544;BR-116/PR;Norte;Tombamento;2;2;;;;;1
11/07/2011;03:18:00;42;sem vítima;362,5;BR-116/PR;Norte;Outros - Sequência;1;1;;;;;1
11/07/2011;19:51:00;368;sem vítima;426,6;BR-116/PR;Sul;Colisão Traseira;1;2;;;;;1
11/07/2011;10:19:00;182;com vítima;476;BR-116/PR;Sul;Atropelamento - Morador;1;1;1;;;;1
11/07/2011;00:20:00;6;sem vítima;511,2;BR-116/PR;Norte;Tombamento;1;1;;;;;1
12/07/2011;18:17:00;376;sem vítima;42,8;BR-116/PR;Norte;Tombamento;1;1;;;;;1
12/07/2011;14:43:00;276;sem vítima;290;BR-116/PR;Norte;Colisão Lateral;1;2;;;;;1
13/07/2011;22:05:00;422;com vítima;305,9;BR-116/PR;Norte;Saida de Pista;1;0;;1;;;2
13/07/2011;03:13:00;55;sem vítima;317,6;BR-116/PR;Sul;Choque - Defensa, barreira ou "submarino";1;7;;;;;1
13/07/2011;04:50:00;79;sem vítima;491,8;BR-116/PR;Sul;Saida de Pista;1;1;;;;;1
13/07/2011;14:21:00;249;sem vítima;517;BR-116/PR;Norte;Colisão Traseira;1;3;;;;;1
14/07/2011;11:24:00;233;com vítima;33;BR-116/PR;Norte;Tombamento;1;0;1;1;;;2