data;horario;n_da_ocorrencia;tipo_de_ocorrencia;km;trecho;sentido;tipo_de_acidente;caminhao;ilesos;levemente_feridos;moderadamente_feridos;gravemente_feridos;mortos;3
14/07/2011;13:13:00;263;sem vítima;47,6;BR-116/PR;Sul;Colisão Lateral;1;4;;;;;1
14/07/2011;13:55:00;275;sem vítima;291,9;BR-116/PR;Sul;Colisão Traseira;2;2;;;;;1
14/07/2011;06:27:00;84;sem vítima;328,5;BR-116/PR;Norte;Saida de Pista;1;1;;;;;1
14/07/2011;23:40:00;467;com vítima;356;BR-116/PR;Norte;Tombamento;1;0;1;;;;1
14/07/2011;21:01:00;435;com vítima;511,5;BR-116/PR;Norte;Capotamento;1;0;;1;;;2
14/07/2011;05:16:00;77;sem vítima;525,5;BR-116/PR;Sul;Colisão Lateral;2;2;;;;;1
15/07/2011;16:23:00;334;sem vítima;294;BR-116/PR;Sul;Colisão Lateral;1;2;;;;;1
15/07/2011;07:23:00;103;com vítima;515,6;BR-116/PR;Sul;Tombamento;1;0;1;;;;1
16/07/2011;00:01:00;1;sem vítima;14;BR-116/PR;Norte;Atropelamento de Animal;1;1;;;;;1
16/07/2011;00:44:00;14;com vítima;68,5;BR-116/PR;Norte;Colisão Traseira;2;2;1;;;;1
16/07/2011;07:42:00;109;sem vítima;279;BR-116/PR;Norte;Colisão Traseira;1;4;;;;;1
16/07/2011;08:00:00;118;sem vítima;457,9;BR-116/PR;Sul;Colisão Lateral;1;4;;;;;1
17/07/2011;23:28:00;405;sem vítima;313,4;BR-116/PR;Norte;Colisão Traseira;2;2;;;;;1
17/07/2011;08:32:00;136;sem vítima;350;BR-116/PR;Norte;Colisão Traseira;1;2;;;;;1
18/07/2011;11:38:00;211;sem vítima;9,7;BR-116/CW;Norte;Saida de Pista;1;1;;;;;1
18/07/2011;09:25:00;168;sem vítima;269,2;BR-116/PR;Norte;Colisão Traseira;1;4;;;;;1
18/07/2011;11:41:00;213;com vítima;269,7;BR-116/PR;Sul;Colisão Traseira;2;2;1;;;;1
18/07/2011;14:10:00;259;sem vítima;370;BR-116/PR;Sul;Colisão Traseira;1;3;;;;;1
18/07/2011;06:15:00;84;com vítima;445,6;BR-116/PR;Norte;Colisão Traseira;1;3;2;;;;1
19/07/2011;17:02:00;322;sem vítima;279;BR-116/PR;Sul;Colisão Traseira;1;2;;;;;1
19/07/2011;23:41:00;430;sem vítima;295;BR-116/PR;Norte;Colisão Lateral;1;4;;;;;1
19/07/2011;09:26:00;164;sem vítima;418,2;BR-116/PR;Sul;Saida de Pista;1;1;;;;;1
19/07/2011;09:43:00;176;com vítima;503,4;BR-116/PR;Sul;Tombamento;1;0;;1;;;2
19/07/2011;14:39:00;273;sem vítima;510,8;BR-116/PR;Sul;Colisão Lateral;1;2;;;;;1
20/07/2011;10:27:00;184;sem vítima;282,4;BR-116/PR;Norte;Colisão Traseira;1;4;;;;;1
20/07/2011;18:45:00;364;sem vítima;300,5;BR-116/PR;Sul;Outros;1;4;;;;;1
20/07/2011;06:19:00;67;sem vítima;346;BR-116/PR;Norte;Colisão Traseira;1;3;;;;;1
20/07/2011;20:45:00;387;sem vítima;348;BR-116/PR;Sul;Colisão Lateral;1;7;;;;;1
21/07/2011;16:51:00;362;com vítima;24;BR-116/PR;Norte;Colisão Lateral;1;3;;;1;;2
21/07/2011;18:08:00;399;com vítima;26;BR-116/PR;Norte;Engavetamento;3;3;;;1;;2
21/07/2011;15:11:00;313;sem vítima;294;BR-116/PR;Norte;Colisão Lateral;1;4;;;;;1
21/07/2011;11:07:00;231;sem vítima;343,5;BR-116/PR;Sul;Colisão Traseira;2;4;;;;;1
21/07/2011;05:32:00;81;sem vítima;349,5;BR-116/PR;Sul;Tombamento;2;2;;;;;1
21/07/2011;01:25:00;29;com vítima;359;BR-116/PR;Sul;Tombamento;2;0;2;;;;1
21/07/2011;05:43:00;83;sem vítima;381,5;BR-116/PR;Norte;Colisão Traseira;1;3;;;;;1
21/07/2011;20:00:00;427;sem vítima;499,2;BR-116/PR;Sul;Tombamento;1;2;;;;;1
22/07/2011;19:06:00;370;sem vítima;334;BR-116/PR;Sul;Colisão Traseira;1;4;;;;;1
22/07/2011;23:40:00;462;sem vítima;348,2;BR-116/PR;Sul;Engavetamento;2;5;;;;;1
22/07/2011;12:54:00;265;com vítima;349,5;BR-116/PR;Norte;Tombamento;1;16;9;6;;;2
22/07/2011;09:06:00;181;sem vítima;356;BR-116/PR;Norte;Colisão Traseira;2;2;;;;;1
22/07/2011;13:31:00;278;sem vítima;370;BR-116/PR;Norte;Colisão Traseira;1;2;;;;;1
22/07/2011;04:59:00;82;com vítima;419;BR-116/PR;Norte;Tombamento;1;0;;;;1;3
22/07/2011;22:01:00;431;sem vítima;449;BR-116/PR;Norte;Não Def;1;1;;;;;1
22/07/2011;21:03:00;413;sem vítima;449,9;BR-116/PR;Norte;Saida de Pista;1;1;;;;;1
22/07/2011;21:54:00;429;sem vítima;461,2;BR-116/PR;Norte;Colisão Traseira;1;2;;;;;1
22/07/2011;09:47:00;205;sem vítima;513;BR-116/PR;Sul;Saida de Pista;1;1;;;;;1
22/07/2011;23:51:00;468;sem vítima;546;BR-116/PR;Sul;Saida de Pista;1;2;;;;;1
22/07/2011;09:56:00;212;sem vítima;548;BR-116/PR;Sul;Engavetamento;3;11;;;;;1
23/07/2011;15:04:00;277;sem vítima;269,8;BR-116/PR;Sul;Engavetamento;1;7;;;;;1
23/07/2011;16:04:00;307;sem vítima;286;BR-116/PR;Sul;Choque - Defensa, barreira ou "submarino";1;1;;;;;1
23/07/2011;04:46:00;68;sem vítima;347,1;BR-116/PR;Sul;Colisão Traseira;1;4;;;;;1
23/07/2011;05:27:00;77;sem vítima;450,1;BR-116/PR;Sul;Tombamento;1;1;;;;;1
23/07/2011;04:53:00;72;sem vítima;490;BR-116/PR;Norte;Atropelamento de Animal;1;3;;;;;1
23/07/2011;04:28:00;66;sem vítima;491,2;BR-116/PR;Sul;Atropelamento de Animal;1;2;;;;;1
23/07/2011;09:50:00;168;sem vítima;533;BR-116/PR;Sul;Saida de Pista;1;2;;;;;1
23/07/2011;12:49:00;242;sem vítima;560,4;BR-116/PR;Sul;Colisão Traseira;2;2;;;;;1
24/07/2011;11:21:00;185;sem vítima;56;BR-116/PR;Norte;Colisão Traseira;1;2;;;;;1
24/07/2011;10:14:00;164;sem vítima;343;BR-116/PR;Sul;Outros;1;2;;;;;1
24/07/2011;08:19:00;120;sem vítima;445,3;BR-116/PR;Norte;Colisão Lateral;2;3;;;;;1
24/07/2011;08:30:00;139;sem vítima;548;BR-116/PR;Sul;Choque - Suporte de Sinalização;1;1;;;;;1
25/07/2011;23:57:00;445;sem vítima;345,2;BR-116/PR;Sul;Engavetamento;1;5;;;;;1
25/07/2011;20:39:00;393;com vítima;516;BR-116/PR;Norte;Tombamento;1;1;1;;;;1
26/07/2011;18:41:00;391;com vítima;12,5;BR-116/CW;Norte;Colisão Traseira;1;1;;;;1;3
26/07/2011;14:12:00;277;sem vítima;344;BR-116/PR;Sul;Saida de Pista;2;2;;;;;1
26/07/2011;10:00:00;193;sem vítima;485;BR-116/PR;Norte;Colisão Traseira;2;3;;;;;1
27/07/2011;01:18:00;24;sem vítima;320,5;BR-116/PR;Norte;Tombamento;1;1;;;;;1
27/07/2011;06:17:00;93;com vítima;438,1;BR-116/PR;Norte;Tombamento;1;0;1;;;;1
28/07/2011;01:42:00;30;com vítima;8;BR-116/CW;Sul;Tombamento;1;0;;1;;;2
28/07/2011;04:59:00;68;sem vítima;60,8;BR-116/PR;Sul;Saida de Pista;1;1;;;;;1
28/07/2011;12:06:00;226;sem vítima;70;BR-116/PR;Norte;Tombamento;1;2;;;;;1
28/07/2011;08:46:00;145;sem vítima;301,5;BR-116/PR;Norte;Choque - Veiculo parado na pista;2;4;;;;;1
28/07/2011;06:10:00;82;sem vítima;414;BR-116/PR;Sul;Colisão Traseira;2;2;;;;;1
29/07/2011;22:04:00;428;sem vítima;322;BR-116/PR;Sul;Colisão Traseira;2;3;;;;;1
29/07/2011;02:47:00;53;com vítima;513,7;BR-116/PR;Norte;Tombamento;1;0;;;;1;3
29/07/2011;06:58:00;103;com vítima;564;BR-116/PR;Sul;Tombamento;1;0;;1;;;2
29/07/2011;08:11:00;140;sem vítima;564;BR-116/PR;Sul;Colisão Traseira;1;2;;;;;1
30/07/2011;05:56:00;83;com vítima;32;BR-116/PR;Norte;Tombamento;1;0;2;;;;1
30/07/2011;08:33:00;125;sem vítima;39;BR-116/PR;Sul;Saida de Pista;1;1;;;;;1
30/07/2011;06:26:00;88;sem vítima;44;BR-116/PR;Norte;Choque - Defensa, barreira ou "submarino";1;1;;;;;1
30/07/2011;23:19:00;418;sem vítima;52;BR-116/PR;Norte;Colisão Lateral;1;5;;;;;1
30/07/2011;09:18:00;146;com vítima;341,8;BR-116/PR;Sul;Colisão Traseira;1;1;;1;;;2
30/07/2011;18:01:00;327;sem vítima;370;BR-116/PR;Sul;Colisão Traseira;2;2;;;;;1
30/07/2011;01:45:00;26;com vítima;403,5;BR-116/PR;Norte;Tombamento;1;1;1;1;;;2
30/07/2011;21:48:00;393;sem vítima;410;BR-116/PR;Norte;Saida de Pista;1;1;;;;;1
30/07/2011;05:13:00;75;com vítima;507;BR-116/PR;Sul;Saida de Pista;1;1;;;1;;2
30/07/2011;06:52:00;95;sem vítima;511,6;BR-116/PR;Norte;Saida de Pista;1;1;;;;;1
30/07/2011;00:07:00;4;sem vítima;543;BR-116/PR;Sul;Colisão Traseira;2;2;;;;;1
30/07/2011;08:48:00;130;sem vítima;545;BR-116/PR;Norte;Tombamento;1;1;;;;;1
31/07/2011;15:24:00;205;sem vítima;23;BR-116/PR;Norte;Tombamento;1;2;;;;;1
31/07/2011;10:09:00;131;sem vítima;30;BR-116/PR;Sul;Saida de Pista;2;2;;;;;1
31/07/2011;12:42:00;165;sem vítima;33,4;BR-116/PR;Norte;Outros - Sequência;2;6;;;;;1
31/07/2011;01:45:00;19;sem vítima;348,8;BR-116/PR;Sul;Tombamento;1;1;;;;;1
31/07/2011;23:44:00;382;sem vítima;524;BR-116/PR;Norte;Saida de Pista;1;1;;;;;1
31/07/2011;07:37:00;90;com vítima;548;BR-116/PR;Sul;Tombamento;1;0;;1;;;2
31/07/2011;08:18:00;100;com vítima;551,5;BR-116/PR;Norte;Tombamento;1;0;1;;;;1
31/07/2011;07:58:00;95;sem vítima;568;BR-116/PR;Norte;Colisão Traseira;3;4;;;;;1
01/08/2011;06:13:00;106;sem vítima;12,7;BR-116/PR;Norte;Colisão Traseira;2;2;;;;;1
01/08/2011;04:53:00;84;sem vítima;13;BR-116/PR;Norte;Colisão Traseira;2;2;;;;;1
01/08/2011;21:16:00;448;com vítima;351,7;BR-116/PR;Sul;Colisão Frontal;1;4;1;;;;1
01/08/2011;08:59:00;157;sem vítima;543;BR-116/PR;Norte;Colisão Traseira;2;2;;;;;1
01/08/2011;13:12:00;246;sem vítima;548,8;BR-116/PR;Sul;Capotamento;1;4;;;;;1
01/08/2011;14:21:00;279;sem vítima;556;BR-116/PR;Norte;Colisão Traseira;2;2;;;;;1
02/08/2011;18:29:00;422;sem vítima;37,2;BR-116/PR;Sul;Colisão Traseira;2;5;;;;;1
02/08/2011;09:37:00;198;sem vítima;279;BR-116/PR;Norte;Colisão Lateral;1;2;;;;;1
02/08/2011;09:57:00;210;sem vítima;281;BR-116/PR;Norte;Colisão Lateral;1;3;;;;;1
02/08/2011;09:40:00;203;sem vítima;290;BR-116/PR;Norte;Colisão Lateral;2;2;;;;;1
02/08/2011;10:11:00;213;sem vítima;305;BR-116/PR;Norte;Colisão Lateral;2;2;;;;;1
02/08/2011;23:12:00;525;sem vítima;323;BR-116/PR;Norte;Saida de Pista;1;1;;;;;1
02/08/2011;08:49:00;178;sem vítima;331,7;BR-116/PR;Norte;Colisão Traseira;1;2;;;;;1
02/08/2011;14:48:00;315;com vítima;362;BR-116/PR;Sul;Tombamento;1;0;1;;;;1
02/08/2011;00:10:00;6;com vítima;515,7;BR-116/PR;Norte;Tombamento;1;0;1;;;;1
02/08/2011;01:50:00;38;sem vítima;516,5;BR-116/PR;Sul;Saida de Pista;1;1;;;;;1
03/08/2011;16:32:00;317;com vítima;33;BR-116/PR;Norte;Tombamento;1;0;1;;;;1
03/08/2011;08:13:00;134;sem vítima;58,4;BR-116/PR;Norte;Saida de Pista;1;2;;;;;1
03/08/2011;18:17:00;348;sem vítima;285;BR-116/PR;Sul;Colisão Traseira;1;4;;;;;1
03/08/2011;05:25:00;96;sem vítima;442,5;BR-116/PR;Norte;Saida de Pista;1;1;;;;;1
04/08/2011;23:52:00;491;sem vítima;41,8;BR-116/PR;Norte;Choque - Defensa, barreira ou "submarino";1;2;;;;;1
04/08/2011;01:50:00;48;sem vítima;305,8;BR-116/PR;Norte;Colisão Traseira;2;2;;;;;1
04/08/2011;22:35:00;464;sem vítima;420;BR-116/PR;Norte;Não Def;2;2;;;;;1
04/08/2011;12:07:00;270;com vítima;485;BR-116/PR;Sul;Engavetamento;2;4;;1;;;2
04/08/2011;14:23:00;295;com vítima;544,4;BR-116/PR;Norte;Tombamento;1;0;1;;;;1
05/08/2011;02:33:00;56;com vítima;17;BR-116/PR;Norte;Tombamento;1;1;1;;;;1
05/08/2011;11:37:00;221;sem vítima;269,1;BR-116/PR;Sul;Engavetamento;2;3;;;;;1
05/08/2011;14:01:00;259;sem vítima;291;BR-116/PR;Sul;Não Def;1;2;;;;;1
05/08/2011;19:29:00;406;sem vítima;297;BR-116/PR;Norte;Saida de Pista;1;2;;;;;1
05/08/2011;11:15:00;216;sem vítima;309,8;BR-116/PR;Sul;Colisão Traseira;1;2;;;;;1
05/08/2011;10:43:00;208;sem vítima;384,8;BR-116/PR;Sul;Colisão Lateral;1;2;;;;;1
05/08/2011;04:54:00;85;sem vítima;446;BR-116/PR;Sul;Tombamento;1;1;;;;;1
05/08/2011;11:21:00;217;com vítima;459,8;BR-116/PR;Sul;Tombamento;1;0;1;;;;1
05/08/2011;14:55:00;279;sem vítima;488;BR-116/PR;Sul;Colisão Lateral;1;2;;;;;1
06/08/2011;12:44:00;238;sem vítima;15,6;BR-116/PR;Sul;Saida de Pista;1;1;;;;;1
06/08/2011;16:09:00;319;sem vítima;320;BR-116/PR;Norte;Colisão Lateral;2;2;;;;;1
06/08/2011;03:21:00;43;sem vítima;477,8;BR-116/PR;Sul;Colisão Traseira;1;4;;;;;1
06/08/2011;01:24:00;31;com vítima;478,5;BR-116/PR;Sul;Tombamento;1;0;1;;;;1
07/08/2011;08:19:00;110;sem vítima;551,8;BR-116/PR;Sul;Tombamento;1;1;;;;;1
08/08/2011;22:26:00;409;sem vítima;344,5;BR-116/PR;Sul;Engavetamento;3;5;;;;;1
08/08/2011;03:03:00;42;com vítima;359;BR-116/PR;Sul;Tombamento;1;0;1;;;;1
08/08/2011;13:35:00;244;com vítima;504;BR-116/PR;Norte;Tombamento;1;0;;1;;;2
09/08/2011;10:18:00;180;sem vítima;8;BR-116/PR;Sul;Colisão Lateral;1;3;;;;;1
09/08/2011;16:03:00;292;sem vítima;8;BR-116/PR;Sul;Colisão Traseira;1;2;;;;;1
09/08/2011;15:46:00;285;com vítima;10,5;BR-116/CW;Norte;Tombamento;1;0;2;;;;1
09/08/2011;04:43:00;63;sem vítima;28,5;BR-116/PR;Sul;Atropelamento de Animal;1;4;;;;;1
09/08/2011;08:02:00;116;sem vítima;33;BR-116/PR;Norte;Saida de Pista;1;1;;;;;1
09/08/2011;23:24:00;426;com vítima;38;BR-116/PR;Norte;Atropelamento - Andarilho;1;1;;;;1;3
09/08/2011;08:15:00;122;sem vítima;40,5;BR-116/PR;Sul;Choque - Outros;1;1;;;;;1
09/08/2011;16:40:00;308;sem vítima;278,9;BR-116/PR;Sul;Choque - Defensa, barreira ou "submarino";1;2;;;;;1
09/08/2011;20:18:00;370;sem vítima;368;BR-116/PR;Norte;Colisão Lateral;2;2;;;;;1
09/08/2011;08:05:00;118;sem vítima;375,3;BR-116/PR;Norte;Tombamento;1;1;;;;;1
09/08/2011;16:30:00;304;sem vítima;391;BR-116/PR;Sul;Saida de Pista;1;1;;;;;1
09/08/2011;08:51:00;137;sem vítima;485;BR-116/PR;Sul;Colisão Traseira;1;3;;;;;1
09/08/2011;12:05:00;221;sem vítima;513,35;BR-116/PR;Norte;Tombamento;1;3;;;;;1
09/08/2011;17:37:00;330;sem vítima;533,5;BR-116/PR;Norte;Saida de Pista;1;2;;;;;1
09/08/2011;08:20:00;125;sem vítima;543;BR-116/PR;Sul;Colisão Traseira;2;2;;;;;1
09/08/2011;14:28:00;264;sem vítima;545;BR-116/PR;Norte;Saida de Pista;1;2;;;;;1
10/08/2011;10:46:00;200;com vítima;7,3;BR-116/PR;Sul;Colisão Lateral;3;2;1;;;;1
10/08/2011;11:37:00;217;sem vítima;54,5;BR-116/PR;Norte;Colisão Traseira;1;2;;;;;1
10/08/2011;13:31:00;252;com vítima;59,2;BR-116/PR;Norte;Colisão Traseira;1;3;;1;;;2
10/08/2011;21:06:00;385;sem vítima;343;BR-116/PR;Norte;Colisão Lateral;2;2;;;;;1
10/08/2011;10:16:00;190;sem vítima;365,7;BR-116/PR;Sul;Colisão Frontal;2;2;;;;;1
10/08/2011;01:59:00;46;sem vítima;543;BR-116/PR;Sul;Colisão Lateral;1;2;;;;;1
10/08/2011;07:43:00;116;sem vítima;543;BR-116/PR;Sul;Colisão Traseira;2;2;;;;;1
10/08/2011;21:46:00;395;com vítima;545;BR-116/PR;Norte;Colisão Traseira;1;1;1;;;;1
11/08/2011;20:13:00;400;sem vítima;28;BR-116/PR;Norte;Colisão Traseira;1;3;;;;;1
11/08/2011;19:07:00;382;sem vítima;57;BR-116/PR;Sul;Colisão Lateral;1;2;;;;;1
11/08/2011;11:58:00;233;sem vítima;269;BR-116/PR;Sul;Colisão Lateral;1;2;;;;;1
11/08/2011;09:29:00;168;com vítima;280;BR-116/PR;Norte;Colisão Lateral;1;1;1;;;;1
11/08/2011;07:48:00;116;sem vítima;280,2;BR-116/PR;Norte;Colisão Lateral;1;4;;;;;1
11/08/2011;10:52:00;212;sem vítima;281;BR-116/PR;Norte;Colisão Traseira;3;4;;;;;1
11/08/2011;11:04:00;218;com vítima;339,2;BR-116/PR;Norte;Colisão Frontal;1;1;1;1;;;2
11/08/2011;03:37:00;47;com vítima;359,8;BR-116/PR;Sul;Colisão Lateral;2;1;1;;;;1
11/08/2011;04:35:00;65;sem vítima;360,6;BR-116/PR;Norte;Tombamento;1;1;;;;;1
11/08/2011;18:41:00;376;sem vítima;393;BR-116/PR;Norte;Colisão Traseira;1;3;;;;;1
11/08/2011;06:13:00;81;com vítima;475,7;BR-116/PR;Norte;Tombamento;1;0;1;;;;1
11/08/2011;04:07:00;58;sem vítima;478;BR-116/PR;Sul;Colisão Traseira;1;3;;;;;1
11/08/2011;23:38:00;451;sem vítima;504,3;BR-116/PR;Norte;Tombamento;1;1;;;;;1
11/08/2011;16:09:00;317;sem vítima;569;BR-116/PR;Sul;Saida de Pista;1;1;;;;;1
12/08/2011;06:44:00;104;sem vítima;282,7;BR-116/PR;Norte;Colisão Lateral;1;3;;;;;1
12/08/2011;11:26:00;241;sem vítima;284;BR-116/PR;Norte;Colisão Lateral;1;2;;;;;1
12/08/2011;13:49:00;277;com vítima;286;BR-116/PR;Norte;Choque - Suporte de Sinalização;1;2;1;;;;1
12/08/2011;22:57:00;453;com vítima;336;BR-116/PR;Sul;Atropelamento - Usuário;1;1;;1;;;2
12/08/2011;16:40:00;354;sem vítima;337,1;BR-116/PR;Norte;Colisão Frontal;1;2;;;;;1
12/08/2011;04:17:00;72;sem vítima;447,7;BR-116/PR;Norte;Choque - Poste;1;1;;;;;1
12/08/2011;12:32:00;262;sem vítima;480,5;BR-116/PR;Norte;Saida de Pista;1;1;;;;;1
12/08/2011;19:42:00;407;sem vítima;499;BR-116/PR;Sul;Tombamento;1;2;;;;;1
12/08/2011;00:24:00;9;sem vítima;537;BR-116/PR;Norte;Colisão Traseira;1;2;;;;;1
13/08/2011;05:44:00;101;sem vítima;10;BR-116/PR;Sul;Saida de Pista;1;1;;;;;1
13/08/2011;05:38:00;99;com vítima;46;BR-116/PR;Sul;Tombamento;1;0;1;;;;1
13/08/2011;09:35:00;163;sem vítima;279;BR-116/PR;Norte;Colisão Traseira;1;3;;;;;1
13/08/2011;02:15:00;58;com vítima;345;BR-116/PR;Norte;Colisão Lateral;2;47;4;1;1;;2
13/08/2011;23:17:00;430;sem vítima;360,6;BR-116/PR;Sul;Tombamento;1;1;;;;;1
13/08/2011;01:15:00;37;sem vítima;386;BR-116/PR;Sul;Saida de Pista;1;1;;;;;1
13/08/2011;12:38:00;220;sem vítima;444,8;BR-116/PR;Sul;Colisão Traseira;1;2;;;;;1
13/08/2011;07:52:00;124;com vítima;449;BR-116/PR;Norte;Colisão Traseira;1;1;2;1;;;2
14/08/2011;19:27:00;364;sem vítima;56;BR-116/PR;Sul;Colisão Lateral;1;6;;;;;1
14/08/2011;21:30:00;400;sem vítima;298,4;BR-116/PR;Norte;Colisão Traseira;1;4;;;;;1
14/08/2011;05:53:00;77;sem vítima;391;BR-116/PR;Norte;Colisão Traseira;2;2;;;;;1
14/08/2011;00:20:00;7;com vítima;548,5;BR-116/PR;Sul;Tombamento;1;0;1;;;;1
15/08/2011;07:04:00;88;com vítima;32,5;BR-116/PR;Norte;Tombamento;1;0;1;;;;1
15/08/2011;13:41:00;251;sem vítima;273,8;BR-116/PR;Norte;Engavetamento;2;4;;;;;1
16/08/2011;13:23:00;259;sem vítima;301;BR-116/PR;Norte;Objeto lançado contra veículo;1;2;;;;;1
16/08/2011;12:49:00;250;com vítima;370;BR-116/PR;Sul;Incêndio;1;1;1;;;;1
16/08/2011;08:23:00;139;com vítima;400,4;BR-116/PR;Norte;Atropelamento - Outros;1;1;1;;;;1
16/08/2011;06:35:00;95;sem vítima;408,3;BR-116/PR;Norte;Saida de Pista;1;2;;;;;1
16/08/2011;07:01:00;106;sem vítima;411,3;BR-116/PR;Norte;Saida de Pista;1;1;;;;;1
17/08/2011;14:50:00;319;com vítima;294;BR-116/PR;Norte;Capotamento;1;1;1;;;;1
17/08/2011;05:58:00;100;sem vítima;334,2;BR-116/PR;Norte;Colisão Lateral;1;3;;;;;1
17/08/2011;18:44:00;427;sem vítima;346;BR-116/PR;Sul;Engavetamento;3;4;;;;;1
17/08/2011;00:28:00;14;com vítima;360;BR-116/PR;Norte;Tombamento;1;0;;;;1;3
17/08/2011;06:08:00;101;sem vítima;376,5;BR-116/PR;Sul;Choque - Defensa, barreira ou "submarino";1;1;;;;;1
18/08/2011;05:14:00;74;sem vítima;17,8;BR-116/PR;Sul;Colisão Traseira;2;2;;;;;1
18/08/2011;00:57:00;20;com vítima;28,5;BR-116/PR;Norte;Tombamento;1;0;1;1;;;2
18/08/2011;06:07:00;82;sem vítima;39;BR-116/PR;Sul;Colisão Traseira;2;2;;;;;1
18/08/2011;12:46:00;259;sem vítima;49;BR-116/PR;Sul;Colisão Lateral;1;2;;;;;1
18/08/2011;06:22:00;85;sem vítima;276;BR-116/PR;Norte;Colisão Lateral;1;3;;;;;1
18/08/2011;10:44:00;217;sem vítima;279,6;BR-116/PR;Sul;Colisão Lateral;1;2;;;;;1
18/08/2011;12:38:00;258;com vítima;443;BR-116/PR;Norte;Colisão Traseira;2;1;1;;;;1
19/08/2011;06:14:00;86;sem vítima;39,7;BR-116/PR;Sul;Saida de Pista;2;2;;;;;1
19/08/2011;22:56:00;424;sem vítima;45,6;BR-116/PR;Sul;Colisão Traseira;1;2;;;;;1
19/08/2011;10:57:00;191;com vítima;458,3;BR-116/PR;Norte;Tombamento;1;0;1;;;;1
19/08/2011;17:18:00;310;sem vítima;508,8;BR-116/PR;Sul;Colisão Lateral;1;1;;;;;1
19/08/2011;17:19:00;311;sem vítima;518;BR-116/PR;Norte;Colisão Lateral;1;4;;;;;1
19/08/2011;18:34:00;345;sem vítima;567,2;BR-116/PR;Sul;Saida de Pista;1;1;;;;;1
20/08/2011;14:08:00;228;com vítima;299;BR-116/PR;Sul;Colisão Traseira;1;2;;1;;;2
20/08/2011;00:25:00;12;sem vítima;352,8;BR-116/PR;Sul;Saida de Pista;1;3;;;;;1
20/08/2011;05:49:00;75;sem vítima;357,5;BR-116/PR;Norte;Colisão Frontal;2;2;;;;;1
20/08/2011;23:00:00;383;sem vítima;426;BR-116/PR;Norte;Colisão Traseira;1;3;;;;;1
20/08/2011;23:05:00;384;sem vítima;480;BR-116/PR;Sul;Colisão Lateral;2;2;;;;;1
20/08/2011;22:54:00;380;sem vítima;501,9;BR-116/PR;Sul;Saida de Pista;1;1;;;;;1
20/08/2011;15:42:00;261;com vítima;550;BR-116/PR;Norte;Tombamento;1;0;1;;;;1
21/08/2011;11:47:00;193;com vítima;475;BR-116/PR;Sul;Capotamento;1;0;;2;;;2
22/08/2011;22:31:00;392;sem vítima;394,9;BR-116/PR;Norte;Colisão Frontal;1;3;;;;;1
22/08/2011;17:15:00;303;sem vítima;426,6;BR-116/PR;Norte;Colisão Traseira;2;3;;;;;1
22/08/2011;13:08:00;225;sem vítima;434,5;BR-116/PR;Sul;Saida de Pista;1;2;;;;;1
22/08/2011;03:04:00;45;sem vítima;442;BR-116/PR;Norte;Colisão Traseira;2;3;;;;;1
22/08/2011;14:56:00;254;sem vítima;485;BR-116/PR;Norte;Colisão Traseira;2;2;;;;;1
22/08/2011;11:26:00;195;sem vítima;548;BR-116/PR;Sul;Colisão Lateral;1;3;;;;;1
22/08/2011;19:29:00;355;sem vítima;561;BR-116/PR;Sul;Tombamento;1;1;;;;;1
23/08/2011;21:27:00;401;com vítima;32,5;BR-116/PR;Norte;Tombamento;1;0;1;1;;;2
23/08/2011;08:42:00;143;sem vítima;51;BR-116/PR;Norte;Saida de Pista;1;1;;;;;1
23/08/2011;14:42:00;266;sem vítima;285;BR-116/PR;Norte;Colisão Frontal;1;3;;;;;1
23/08/2011;10:10:00;178;sem vítima;349,4;BR-116/PR;Sul;Colisão Traseira;1;2;;;;;1
23/08/2011;20:28:00;388;sem vítima;358;BR-116/PR;Sul;Colisão Traseira;2;2;;;;;1
23/08/2011;00:45:00;13;sem vítima;370;BR-116/PR;Sul;Choque - Cancela de Pedagio;1;2;;;;;1
23/08/2011;11:17:00;200;sem vítima;376;BR-116/PR;Norte;Colisão Traseira;1;2;;;;;1
23/08/2011;16:13:00;306;com vítima;561;BR-116/PR;Sul;Saida de Pista;1;1;;;1;;2
24/08/2011;10:11:00;191;com vítima;275,7;BR-116/PR;Sul;Colisão Traseira;1;2;1;;;;1
24/08/2011;12:54:00;239;sem vítima;326,5;BR-116/PR;Norte;Saida de Pista;1;1;;;;;1
24/08/2011;22:22:00;417;sem vítima;370;BR-116/PR;Sul;Colisão Traseira;1;15;;;;;1
24/08/2011;19:26:00;373;sem vítima;373;BR-116/PR;Sul;Colisão Lateral;2;2;;;;;1
24/08/2011;03:38:00;54;com vítima;384;BR-116/PR;Sul;Colisão Lateral;1;1;1;;;;1
24/08/2011;19:37:00;377;com vítima;426,6;BR-116/PR;Norte;Colisão Traseira;2;1;1;;;;1
24/08/2011;20:39:00;390;sem vítima;426,6;BR-116/PR;Sul;Colisão Traseira;1;3;;;;;1
24/08/2011;08:00:00;132;com vítima;517,7;BR-116/PR;Norte;Tombamento;1;1;1;1;;;2
24/08/2011;02:36:00;41;sem vítima;545;BR-116/PR;Norte;Tombamento;1;1;;;;;1
25/08/2011;10:11:00;203;com vítima;8,4;BR-116/PR;Sul;Saida de Pista;1;0;1;;;;1
25/08/2011;14:11:00;281;sem vítima;63,5;BR-116/PR;Norte;Saida de Pista;1;1;;;;;1
25/08/2011;10:31:00;212;sem vítima;69,9;BR-116/PR;Sul;Colisão Traseira;1;2;;;;;1