data;horario;n_da_ocorrencia;tipo_de_ocorrencia;km;trecho;sentido;tipo_de_acidente;caminhao;ilesos;levemente_feridos;moderadamente_feridos;gravemente_feridos;mortos;3
25/08/2011;16:44:00;345;sem vítima;270;BR-116/PR;Sul;Colisão Lateral;1;2;;;;;1
25/08/2011;15:31:00;314;sem vítima;350,4;BR-116/PR;Norte;Engavetamento;3;3;;;;;1
25/08/2011;01:50:00;33;sem vítima;432,8;BR-116/PR;Norte;Atropelamento de Animal;2;3;;;;;1
25/08/2011;07:54:00;125;sem vítima;543;BR-116/PR;Norte;Colisão Traseira;2;2;;;;;1
26/08/2011;22:44:00;449;com vítima;276;BR-116/PR;Norte;Atropelamento - Andarilho;1;1;;;;1;3
26/08/2011;06:12:00;96;sem vítima;436;BR-116/PR;Sul;Saida de Pista;1;1;;;;;1
26/08/2011;15:20:00;312;sem vítima;476,5;BR-116/PR;Norte;Saida de Pista;1;1;;;;;1
26/08/2011;06:20:00;98;com vítima;503;BR-116/PR;Sul;Tombamento;1;0;;1;;;2
26/08/2011;03:07:00;60;sem vítima;563;BR-116/PR;Sul;Colisão Traseira;2;2;;;;;1
27/08/2011;05:43:00;92;sem vítima;29;BR-116/PR;Sul;Choque - Talude;1;1;;;;;1
27/08/2011;11:05:00;213;sem vítima;300;BR-116/PR;Sul;Tombamento;1;1;;;;;1
27/08/2011;08:26:00;146;sem vítima;311;BR-116/PR;Norte;Capotamento;1;1;;;;;1
27/08/2011;00:00:00;1;sem vítima;339;BR-116/PR;Sul;Colisão Traseira;2;4;;;;;1
27/08/2011;03:39:00;64;com vítima;359,2;BR-116/PR;Sul;Tombamento;1;0;1;;;;1
27/08/2011;06:51:00;110;com vítima;384,2;BR-116/PR;Norte;Colisão Traseira;1;1;1;1;;;2
27/08/2011;21:26:00;411;sem vítima;395,5;BR-116/PR;Norte;Choque - Objeto sobre a pista;2;4;;;;;1
27/08/2011;01:24:00;36;com vítima;413,6;BR-116/PR;Norte;Tombamento;1;0;1;;;;1
27/08/2011;07:18:00;116;sem vítima;458,1;BR-116/PR;Norte;Saida de Pista;1;1;;;;;1
27/08/2011;04:59:00;83;sem vítima;505,3;BR-116/PR;Sul;Saida de Pista;1;1;;;;;1
28/08/2011;07:43:00;116;sem vítima;52;BR-116/PR;Norte;Colisão Traseira;1;3;;;;;1
28/08/2011;14:47:00;254;sem vítima;293;BR-116/PR;Sul;Colisão Traseira;1;2;;;;;1
28/08/2011;17:18:00;321;sem vítima;317,5;BR-116/PR;Norte;Colisão Traseira;1;4;;;;;1
28/08/2011;19:06:00;353;com vítima;546,5;BR-116/PR;Sul;Atropelamento - Morador;1;1;;;1;;2
29/08/2011;21:26:00;470;sem vítima;306;BR-116/PR;Norte;Colisão Traseira;2;3;;;;;1
29/08/2011;10:20:00;216;sem vítima;340,2;BR-116/PR;Norte;Colisão Lateral;1;3;;;;;1
29/08/2011;17:55:00;411;sem vítima;347;BR-116/PR;Sul;Capotamento;1;4;;;;;1
29/08/2011;00:49:00;19;sem vítima;472,8;BR-116/PR;Norte;Saida de Pista;1;1;;;;;1
30/08/2011;07:04:00;137;sem vítima;8;BR-116/PR;Sul;Saida de Pista;1;1;;;;;1
30/08/2011;15:39:00;342;sem vítima;12;BR-116/CW;Sul;Choque - Outros;1;1;;;;;1
30/08/2011;08:10:00;163;sem vítima;289,5;BR-116/PR;Norte;Colisão Lateral;1;2;;;;;1
30/08/2011;06:20:00;121;com vítima;304,8;BR-116/PR;Sul;Saida de Pista;1;0;1;;;;1
30/08/2011;01:35:00;43;sem vítima;319,6;BR-116/PR;Norte;Tombamento;1;1;;;;;1
30/08/2011;05:35:00;108;sem vítima;324,2;BR-116/PR;Norte;Colisão Traseira;1;3;;;;;1
30/08/2011;22:26:00;458;sem vítima;346;BR-116/PR;Norte;Colisão Traseira;1;2;;;;;1
30/08/2011;06:07:00;118;sem vítima;388;BR-116/PR;Norte;Colisão Lateral;1;2;;;;;1
30/08/2011;23:50:00;485;sem vítima;446,1;BR-116/PR;Norte;Atropelamento de Animal;1;1;;;;;1
30/08/2011;06:41:00;131;com vítima;498,25;BR-116/PR;Norte;Tombamento;1;0;1;;;;1
30/08/2011;16:16:00;358;sem vítima;565;BR-116/PR;Sul;Outros - Sequência;1;1;;;;;1
31/08/2011;05:53:00;108;sem vítima;7,5;BR-116/PR;Norte;Colisão Frontal;1;2;;;;;1
31/08/2011;22:45:00;451;sem vítima;63,5;BR-116/PR;Sul;Saida de Pista;1;1;;;;;1
31/08/2011;16:50:00;354;sem vítima;330;BR-116/PR;Norte;Outros;1;1;;;;;1
31/08/2011;07:23:00;133;com vítima;349,5;BR-116/PR;Norte;Colisão Lateral;2;2;1;;;;1
31/08/2011;07:10:00;126;sem vítima;483;BR-116/PR;Norte;Tombamento;1;1;;;;;1
31/08/2011;03:12:00;62;sem vítima;537,5;BR-116/PR;Sul;Saida de Pista;1;2;;;;;1
31/08/2011;15:19:00;320;com vítima;550;BR-116/PR;Norte;Tombamento;1;0;1;;;;1
01/09/2011;01:17:00;29;sem vítima;48,1;BR-116/PR;Sul;Colisão Traseira;2;3;;;;;1
01/09/2011;21:51:00;446;sem vítima;279,8;BR-116/PR;Sul;Colisão Traseira;1;2;;;;;1
01/09/2011;06:56:00;117;sem vítima;316;BR-116/PR;Norte;Tombamento;1;1;;;;;1
01/09/2011;08:03:00;151;sem vítima;317,5;BR-116/PR;Norte;Colisão Traseira;2;2;;;;;1
01/09/2011;00:24:00;6;com vítima;413;BR-116/PR;Sul;Capotamento;1;0;1;;;;1
01/09/2011;04:27:00;85;com vítima;414;BR-116/PR;Norte;Colisão Lateral;2;1;1;;;;1
01/09/2011;09:13:00;187;sem vítima;457,5;BR-116/PR;Norte;Saida de Pista;1;1;;;;;1
02/09/2011;13:03:00;307;com vítima;295;BR-116/PR;Norte;Colisão Traseira;1;3;1;;;;1
02/09/2011;00:03:00;3;sem vítima;304,1;BR-116/PR;Norte;Capotamento;1;1;;;;;1
02/09/2011;06:04:00;132;sem vítima;390,7;BR-116/PR;Norte;Colisão Traseira;2;14;;;;;1
02/09/2011;17:43:00;416;sem vítima;426;BR-116/PR;Sul;Colisão Traseira;2;2;;;;;1
03/09/2011;16:06:00;354;sem vítima;279,6;BR-116/PR;Norte;Colisão Lateral;1;5;;;;;1
03/09/2011;10:27:00;243;com vítima;280;BR-116/PR;Sul;Colisão Traseira;1;2;1;;;;1
03/09/2011;17:43:00;393;sem vítima;284;BR-116/PR;Sul;Saida de Pista;1;3;;;;;1
03/09/2011;09:04:00;208;sem vítima;349,3;BR-116/PR;Sul;Colisão Lateral;2;2;;;;;1
03/09/2011;00:17:00;10;sem vítima;371;BR-116/PR;Sul;Colisão Lateral;1;2;;;;;1
03/09/2011;06:50:00;147;sem vítima;410;BR-116/PR;Norte;Tombamento;1;2;;;;;1
03/09/2011;21:41:00;463;sem vítima;471;BR-116/PR;Norte;Saida de Pista;1;1;;;;;1
03/09/2011;17:36:00;390;sem vítima;519;BR-116/PR;Sul;Colisão Lateral;1;2;;;;;1
03/09/2011;09:03:00;206;sem vítima;550,5;BR-116/PR;Norte;Tombamento;1;1;;;;;1
03/09/2011;15:51:00;349;sem vítima;567;BR-116/PR;Sul;Choque - Defensa, barreira ou "submarino";1;1;;;;;1
04/09/2011;14:57:00;282;sem vítima;53;BR-116/PR;Norte;Colisão Traseira;1;3;;;;;1
04/09/2011;15:19:00;292;sem vítima;57;BR-116/PR;Norte;Colisão Traseira;2;2;;;;;1
04/09/2011;06:01:00;90;com vítima;58,5;BR-116/PR;Norte;Saida de Pista;1;1;;1;;;2
04/09/2011;04:49:00;74;sem vítima;60,9;BR-116/PR;Sul;Atropelamento de Animal;1;1;;;;;1
04/09/2011;00:14:00;9;com vítima;280;BR-116/PR;Sul;Colisão Traseira;1;7;2;;;;1
04/09/2011;17:51:00;375;sem vítima;280;BR-116/PR;Sul;Colisão Lateral;2;3;;;;;1
04/09/2011;18:52:00;405;sem vítima;283,7;BR-116/PR;Norte;Colisão Traseira;1;4;;;;;1
05/09/2011;07:39:00;157;sem vítima;282;BR-116/PR;Norte;Colisão Traseira;1;6;;;;;1
05/09/2011;17:55:00;440;sem vítima;370;BR-116/PR;Sul;Colisão Traseira;2;2;;;;;1
05/09/2011;02:08:00;56;sem vítima;401;BR-116/PR;Norte;Capotamento;1;2;;;;;1
05/09/2011;06:33:00;128;sem vítima;472,1;BR-116/PR;Sul;Saida de Pista;1;1;;;;;1
05/09/2011;23:48:00;550;sem vítima;516,9;BR-116/PR;Sul;Saida de Pista;1;1;;;;;1
06/09/2011;17:01:00;434;sem vítima;14,2;BR-116/CW;Norte;Engavetamento;2;5;;;;;1
06/09/2011;06:40:00;124;com vítima;29,8;BR-116/PR;Sul;Choque - Talude;1;0;1;;;;1
06/09/2011;19:02:00;475;sem vítima;283;BR-116/PR;Sul;Choque - Defensa, barreira ou "submarino";1;2;;;;;1
06/09/2011;20:09:00;504;sem vítima;360;BR-116/PR;Norte;Outros;1;1;;;;;1
06/09/2011;20:46:00;521;com vítima;394;BR-116/PR;Norte;Colisão Traseira;1;0;;2;;2;3
06/09/2011;16:19:00;393;com vítima;504,5;BR-116/PR;Norte;Tombamento;1;0;1;;;;1
06/09/2011;18:35:00;462;com vítima;544;BR-116/PR;Norte;Tombamento;1;0;;1;;;2
06/09/2011;23:44:00;575;sem vítima;560;BR-116/PR;Sul;Tombamento;1;2;;;;;1
07/09/2011;16:50:00;355;sem vítima;307,5;BR-116/PR;Sul;Colisão Traseira;1;3;;;;;1
07/09/2011;13:00:00;261;sem vítima;320;BR-116/PR;Sul;Colisão Lateral;1;5;;;;;1
07/09/2011;14:52:00;297;sem vítima;337,9;BR-116/PR;Norte;Saida de Pista;1;3;;;;;1
07/09/2011;13:13:00;263;sem vítima;401,3;BR-116/PR;Norte;Colisão Lateral;1;2;;;;;1
07/09/2011;22:11:00;459;sem vítima;485;BR-116/PR;Norte;Colisão Traseira;1;2;;;;;1
07/09/2011;22:11:00;460;com vítima;520,2;BR-116/PR;Sul;Colisão Lateral;2;1;1;;;;1
07/09/2011;05:52:00;80;sem vítima;528,5;BR-116/PR;Norte;Tombamento;1;1;;;;;1
07/09/2011;17:48:00;369;sem vítima;543;BR-116/PR;Sul;Colisão Lateral;2;2;;;;;1
07/09/2011;11:48:00;237;com vítima;550;BR-116/PR;Norte;Tombamento;1;0;;1;;;2
07/09/2011;12:46:00;253;sem vítima;551,1;BR-116/PR;Norte;Colisão Traseira;1;5;;;;;1
08/09/2011;11:06:00;237;com vítima;47,3;BR-116/PR;Norte;Capotamento;1;2;1;;;;1
08/09/2011;06:15:00;115;sem vítima;440;BR-116/PR;Norte;Saida de Pista;1;1;;;;;1
08/09/2011;23:04:00;431;sem vítima;518;BR-116/PR;Sul;Colisão Traseira;2;3;;;;;1
08/09/2011;20:59:00;402;com vítima;564;BR-116/PR;Sul;Tombamento;1;0;1;;;;1
09/09/2011;17:41:00;381;sem vítima;284;BR-116/PR;Norte;Colisão Lateral;1;2;;;;;1
09/09/2011;23:35:00;508;sem vítima;398,1;BR-116/PR;Sul;Colisão Traseira;1;5;;;;;1
09/09/2011;18:15:00;394;sem vítima;439,3;BR-116/PR;Sul;Saida de Pista;1;1;;;;;1
09/09/2011;02:32:00;53;com vítima;514,4;BR-116/PR;Norte;Capotamento;1;0;2;;;;1
09/09/2011;22:28:00;475;sem vítima;516,9;BR-116/PR;Sul;Tombamento;1;1;;;;;1
09/09/2011;21:37:00;457;sem vítima;543;BR-116/PR;Sul;Colisão Lateral;2;2;;;;;1
10/09/2011;08:04:00;130;com vítima;28;BR-116/PR;Norte;Tombamento;1;1;1;;;;1
10/09/2011;13:33:00;238;com vítima;42,5;BR-116/PR;Norte;Tombamento;1;0;1;1;;;2
10/09/2011;01:53:00;50;com vítima;327;BR-116/PR;Sul;Tombamento;1;1;1;;;;1
10/09/2011;01:06:00;30;com vítima;365,5;BR-116/PR;Norte;Colisão Lateral;1;34;5;;;;1
11/09/2011;13:05:00;293;com vítima;51,5;BR-116/PR;Norte;Colisão Traseira;3;2;1;1;;;2
11/09/2011;09:18:00;183;sem vítima;61;BR-116/PR;Sul;Saida de Pista;1;1;;;;;1
11/09/2011;13:00:00;291;com vítima;301,6;BR-116/PR;Norte;Colisão Lateral;1;4;1;;;;1
11/09/2011;07:37:00;141;sem vítima;506,5;BR-116/PR;Norte;Tombamento;1;1;;;;;1
12/09/2011;14:50:00;303;com vítima;474,5;BR-116/PR;Norte;Saida de Pista;1;0;;1;;;2
12/09/2011;01:35:00;33;com vítima;545,5;BR-116/PR;Norte;Saida de Pista;1;0;;1;;;2
13/09/2011;08:04:00;146;sem vítima;359;BR-116/PR;Norte;Colisão Lateral;1;6;;;;;1
13/09/2011;04:18:00;94;com vítima;462;BR-116/PR;Norte;Colisão Traseira;2;0;1;1;1;;2
13/09/2011;11:07:00;229;sem vítima;477,3;BR-116/PR;Norte;Saida de Pista;1;1;;;;;1
13/09/2011;04:43:00;102;com vítima;511,1;BR-116/PR;Norte;Tombamento;1;0;1;;;;1
13/09/2011;09:46:00;197;sem vítima;511,3;BR-116/PR;Norte;Tombamento;1;1;;;;;1
13/09/2011;16:34:00;362;com vítima;550,4;BR-116/PR;Norte;Tombamento;1;0;1;;;;1
13/09/2011;14:01:00;304;sem vítima;558;BR-116/PR;Sul;Colisão Traseira;2;2;;;;;1
14/09/2011;06:32:00;121;sem vítima;8,9;BR-116/CW;Sul;Colisão Lateral;1;2;;;;;1
14/09/2011;21:30:00;462;com vítima;39;BR-116/PR;Sul;Colisão Traseira;1;1;2;;;;1
14/09/2011;00:43:00;12;sem vítima;353,3;BR-116/PR;Norte;Tombamento;1;1;;;;;1
14/09/2011;06:24:00;118;sem vítima;360,1;BR-116/PR;Sul;Colisão Lateral;2;2;;;;;1
14/09/2011;23:11:00;480;sem vítima;364,5;BR-116/PR;Norte;Colisão Lateral;2;2;;;;;1
14/09/2011;23:24:00;485;sem vítima;410,5;BR-116/PR;Norte;Capotamento;1;1;;;;;1
15/09/2011;11:17:00;213;sem vítima;351,7;BR-116/PR;Sul;Colisão Traseira;1;2;;;;;1
15/09/2011;00:36:00;13;sem vítima;355,3;BR-116/PR;Norte;Tombamento;1;2;;;;;1
15/09/2011;23:04:00;448;sem vítima;485;BR-116/PR;Norte;Outros;1;2;;;;;1
15/09/2011;14:21:00;281;sem vítima;543;BR-116/PR;Sul;Colisão Traseira;2;2;;;;;1
15/09/2011;20:39:00;418;sem vítima;550;BR-116/PR;Norte;Colisão Traseira;2;2;;;;;1
16/09/2011;10:02:00;176;sem vítima;15;BR-116/CW;Sul;Colisão Traseira;2;3;;;;;1
16/09/2011;23:11:00;417;sem vítima;59;BR-116/PR;Sul;Choque - Defensa, barreira ou "submarino";1;1;;;;;1
16/09/2011;04:59:00;75;sem vítima;287,6;BR-116/PR;Norte;Choque - Poste;1;1;;;;;1
16/09/2011;21:46:00;395;sem vítima;511;BR-116/PR;Norte;Tombamento;1;2;;;;;1
16/09/2011;18:29:00;351;com vítima;516;BR-116/PR;Norte;Colisão Traseira;2;2;1;;;;1
16/09/2011;05:19:00;77;com vítima;548;BR-116/PR;Sul;Saida de Pista;1;0;;1;;;2
16/09/2011;05:45:00;83;sem vítima;548,2;BR-116/PR;Sul;Saida de Pista;1;1;;;;;1
16/09/2011;06:09:00;85;com vítima;568;BR-116/PR;Norte;Saida de Pista;1;0;1;;;;1
17/09/2011;11:38:00;203;sem vítima;404,7;BR-116/PR;Norte;Colisão Traseira;1;3;;;;;1
17/09/2011;03:52:00;65;sem vítima;536,5;BR-116/PR;Norte;Tombamento;1;1;;;;;1
17/09/2011;10:40:00;192;sem vítima;537;BR-116/PR;Sul;Saida de Pista;1;2;;;;;1
17/09/2011;06:38:00;102;com vítima;545;BR-116/PR;Norte;Choque - Talude;1;0;1;;;;1
17/09/2011;08:09:00;132;sem vítima;548,5;BR-116/PR;Sul;Saida de Pista;1;1;;;;;1
18/09/2011;14:57:00;256;sem vítima;269,6;BR-116/PR;Sul;Colisão Lateral;1;4;;;;;1
18/09/2011;13:18:00;216;sem vítima;280,2;BR-116/PR;Norte;Saida de Pista;1;2;;;;;1
18/09/2011;13:11:00;214;sem vítima;347;BR-116/PR;Sul;Tombamento;2;2;;;;;1
18/09/2011;00:15:00;6;sem vítima;512;BR-116/PR;Norte;Choque - Talude;1;1;;;;;1
19/09/2011;14:37:00;326;sem vítima;273,3;BR-116/PR;Sul;Colisão Traseira;3;5;;;;;1
19/09/2011;00:58:00;14;sem vítima;344,2;BR-116/PR;Norte;Tombamento;1;2;;;;;1
19/09/2011;07:25:00;123;sem vítima;415,5;BR-116/PR;Sul;Saida de Pista;1;2;;;;;1
20/09/2011;04:32:00;88;sem vítima;2,2;BR-116/PR;Norte;Choque - Objeto sobre a pista;1;1;;;;;1
20/09/2011;03:04:00;63;sem vítima;43,3;BR-116/PR;Sul;Saida de Pista;1;1;;;;;1
20/09/2011;11:53:00;279;sem vítima;398;BR-116/PR;Norte;Colisão Lateral;2;2;;;;;1
20/09/2011;22:18:00;506;sem vítima;421;BR-116/PR;Norte;Tombamento;1;1;;;;;1
20/09/2011;22:54:00;520;sem vítima;486;BR-116/PR;Norte;Colisão Traseira;2;2;;;;;1
20/09/2011;08:21:00;175;sem vítima;543;BR-116/PR;Norte;Colisão Traseira;2;3;;;;;1
20/09/2011;22:45:00;517;sem vítima;548,7;BR-116/PR;Sul;Tombamento;1;1;;;;;1
21/09/2011;08:14:00;131;com vítima;360,2;BR-116/PR;Sul;Tombamento;1;0;1;;;;1
21/09/2011;19:10:00;382;sem vítima;392;BR-116/PR;Norte;Saida de Pista;1;1;;;;;1
21/09/2011;02:10:00;35;sem vítima;477;BR-116/PR;Norte;Choque - Objeto sobre a pista;1;3;;;;;1
21/09/2011;01:44:00;31;sem vítima;525;BR-116/PR;Norte;Colisão Lateral;2;2;;;;;1
22/09/2011;22:34:00;429;sem vítima;13,8;BR-116/PR;Sul;Choque - Arvore;1;2;;;;;1
22/09/2011;13:56:00;267;com vítima;23;BR-116/PR;Norte;Tombamento;1;0;1;;;;1
22/09/2011;11:09:00;226;sem vítima;384,9;BR-116/PR;Norte;Colisão Transversal;1;3;;;;;1
22/09/2011;07:10:00;109;com vítima;420;BR-116/PR;Norte;Colisão Lateral;2;1;1;;;;1
22/09/2011;21:58:00;421;sem vítima;465;BR-116/PR;Sul;Saida de Pista;1;1;;;;;1
22/09/2011;12:27:00;246;sem vítima;485;BR-116/PR;Norte;Colisão Lateral;2;2;;;;;1
22/09/2011;06:29:00;98;sem vítima;545,5;BR-116/PR;Sul;Tombamento;1;1;;;;;1
23/09/2011;19:16:00;439;sem vítima;28;BR-116/PR;Norte;Tombamento;1;1;;;;;1
23/09/2011;10:00:00;225;sem vítima;350,5;BR-116/PR;Norte;Colisão Traseira;2;3;;;;;1
23/09/2011;11:18:00;258;sem vítima;351,5;BR-116/PR;Sul;Colisão Lateral;2;3;;;;;1
23/09/2011;19:51:00;453;sem vítima;475,5;BR-116/PR;Norte;Colisão Lateral;1;2;;;;;1
23/09/2011;08:54:00;184;sem vítima;514;BR-116/PR;Norte;Saida de Pista;1;1;;;;;1
23/09/2011;10:54:00;240;sem vítima;515;BR-116/PR;Norte;Saida de Pista;1;3;;;;;1
24/09/2011;21:23:00;374;sem vítima;32,5;BR-116/PR;Norte;Tombamento;1;1;;;;;1
24/09/2011;12:56:00;221;com vítima;269,4;BR-116/PR;Sul;Colisão Traseira;1;3;1;;;;1
24/09/2011;04:46:00;73;com vítima;353,5;BR-116/PR;Norte;Tombamento;1;0;;1;;;2
24/09/2011;10:02:00;167;sem vítima;367;BR-116/PR;Norte;Colisão Traseira;1;5;;;;;1
24/09/2011;22:35:00;388;sem vítima;370;BR-116/PR;Sul;Colisão Traseira;1;2;;;;;1
24/09/2011;05:46:00;86;sem vítima;422;BR-116/PR;Sul;Tombamento;1;1;;;;;1
24/09/2011;06:18:00;92;sem vítima;499,35;BR-116/PR;Sul;Saida de Pista;1;2;;;;;1
24/09/2011;03:10:00;47;sem vítima;558;BR-116/PR;Sul;Saida de Pista;1;3;;;;;1
25/09/2011;15:33:00;229;sem vítima;16;BR-116/PR;Norte;Tombamento;1;2;;;;;1
25/09/2011;10:50:00;143;sem vítima;53,2;BR-116/PR;Sul;Saida de Pista;1;1;;;;;1
25/09/2011;09:12:00;114;sem vítima;62;BR-116/PR;Norte;Colisão Traseira;1;6;;;;;1
25/09/2011;05:36:00;61;sem vítima;515,4;BR-116/PR;Norte;Capotamento;1;2;;;;;1
25/09/2011;08:32:00;104;sem vítima;542;BR-116/PR;Norte;Colisão Traseira;2;2;;;;;1
25/09/2011;07:46:00;90;sem vítima;550,4;BR-116/PR;Norte;Tombamento;1;3;;;;;1
25/09/2011;09:00:00;109;com vítima;560;BR-116/PR;Sul;Outros;1;5;4;2;;;2
26/09/2011;19:17:00;395;com vítima;338,7;BR-116/PR;Norte;Outros - Sequência;1;1;1;;;;1
26/09/2011;08:37:00;152;sem vítima;366,8;BR-116/PR;Sul;Colisão Traseira;2;2;;;;;1
27/09/2011;21:53:00;462;sem vítima;57;BR-116/PR;Norte;Colisão Traseira;2;2;;;;;1
27/09/2011;09:14:00;177;sem vítima;370;BR-116/PR;Sul;Colisão Lateral;2;2;;;;;1
27/09/2011;14:32:00;294;sem vítima;399;BR-116/PR;Norte;Colisão Lateral;1;2;;;;;1
27/09/2011;19:49:00;419;sem vítima;460,8;BR-116/PR;Sul;Colisão Traseira;1;3;;;;;1
27/09/2011;06:08:00;101;sem vítima;493,5;BR-116/PR;Sul;Tombamento;1;2;;;;;1
27/09/2011;06:39:00;111;com vítima;503;BR-116/PR;Sul;Tombamento;1;0;1;;;;1
27/09/2011;03:23:00;66;sem vítima;511,7;BR-116/PR;Sul;Tombamento;1;2;;;;;1
28/09/2011;08:07:00;178;sem vítima;19,5;BR-116/PR;Sul;Colisão Traseira;2;3;;;;;1
28/09/2011;01:38:00;39;sem vítima;24,3;BR-116/PR;Norte;Tombamento;1;1;;;;;1
28/09/2011;06:43:00;137;com vítima;33;BR-116/PR;Norte;Choque - Defensa, barreira ou "submarino";1;0;1;1;;;2
28/09/2011;14:45:00;329;sem vítima;398;BR-116/PR;Norte;Colisão Lateral;1;3;;;;;1
28/09/2011;07:32:00;159;com vítima;458,9;BR-116/PR;Norte;Saida de Pista;1;0;1;;;;1
28/09/2011;05:14:00;110;sem vítima;485;BR-116/PR;Sul;Choque - Defensa, barreira ou "submarino";1;1;;;;;1
28/09/2011;07:16:00;149;sem vítima;513;BR-116/PR;Norte;Colisão Traseira;2;2;;;;;1
29/09/2011;07:38:00;157;sem vítima;281;BR-116/PR;Norte;Colisão Lateral;1;2;;;;;1
29/09/2011;15:54:00;386;sem vítima;291,5;BR-116/PR;Sul;Colisão Lateral;2;2;;;;;1
29/09/2011;16:07:00;395;sem vítima;340,8;BR-116/PR;Sul;Colisão Lateral;2;2;;;;;1
29/09/2011;14:01:00;332;sem vítima;344,2;BR-116/PR;Sul;Colisão Traseira;1;5;;;;;1
29/09/2011;10:49:00;254;sem vítima;352,2;BR-116/PR;Norte;Colisão Traseira;2;2;;;;;1
29/09/2011;09:48:00;225;sem vítima;359;BR-116/PR;Norte;Colisão Lateral;1;4;;;;;1
29/09/2011;07:00:00;138;sem vítima;546;BR-116/PR;Sul;Tombamento;1;1;;;;;1
30/09/2011;05:56:00;112;sem vítima;0,3;BR-116/PR;Norte;Tombamento;1;1;;;;;1
30/09/2011;01:19:00;48;sem vítima;23;BR-116/PR;Sul;Tombamento;1;1;;;;;1
30/09/2011;16:07:00;358;sem vítima;269,7;BR-116/PR;Norte;Engavetamento;1;6;;;;;1
30/09/2011;06:35:00;125;sem vítima;284,4;BR-116/PR;Norte;Colisão Traseira;1;3;;;;;1
30/09/2011;06:06:00;114;sem vítima;287;BR-116/PR;Sul;Colisão Lateral;1;5;;;;;1
30/09/2011;21:06:00;480;com vítima;331,5;BR-116/PR;Sul;Engavetamento;3;1;1;1;;;2
30/09/2011;18:21:00;416;com vítima;332;BR-116/PR;Sul;Queda de Moto;1;2;1;;;;1
30/09/2011;20:16:00;460;com vítima;336;BR-116/PR;Norte;Atropelamento - Morador;1;3;;;;1;3
30/09/2011;02:22:00;64;sem vítima;394,7;BR-116/PR;Sul;Tombamento;1;1;;;;;1
30/09/2011;22:44:00;503;sem vítima;433;BR-116/PR;Norte;Tombamento;1;1;;;;;1
30/09/2011;04:32:00;97;com vítima;511,5;BR-116/PR;Norte;Tombamento;1;0;1;;;;1
01/10/2011;17:40:00;395;com vítima;357,3;BR-116/PR;Sul;Colisão Lateral;2;2;1;;;;1
01/10/2011;00:53:00;19;sem vítima;417,95;BR-116/PR;Norte;Saida de Pista;1;3;;;;;1
01/10/2011;07:11:00;113;com vítima;426,2;BR-116/PR;Sul;Tombamento;1;0;1;;;;1
02/10/2011;17:46:00;295;com vítima;28;BR-116/PR;Norte;Tombamento;1;1;1;;;;1
02/10/2011;16:17:00;260;sem vítima;351,5;BR-116/PR;Norte;Colisão Traseira;3;4;;;;;1
02/10/2011;05:59:00;77;sem vítima;444,3;BR-116/PR;Norte;Tombamento;1;2;;;;;1
02/10/2011;17:23:00;288;sem vítima;466,1;BR-116/PR;Sul;Colisão Frontal;1;4;;;;;1
02/10/2011;14:41:00;224;sem vítima;486;BR-116/PR;Norte;Colisão Traseira;1;3;;;;;1
02/10/2011;17:18:00;286;sem vítima;514,8;BR-116/PR;Sul;Saida de Pista;1;1;;;;;1
02/10/2011;13:39:00;201;sem vítima;551,5;BR-116/PR;Norte;Colisão Lateral;2;2;;;;;1
02/10/2011;09:06:00;133;com vítima;568;BR-116/PR;Norte;Choque - Defensa, barreira ou "submarino";1;0;1;;;;1
03/10/2011;00:36:00;9;sem vítima;15;BR-116/PR;Norte;Tombamento;1;2;;;;;1
03/10/2011;11:03:00;215;sem vítima;24;BR-116/PR;Norte;Saida de Pista;1;1;;;;;1
03/10/2011;05:22:00;81;com vítima;282,2;BR-116/PR;Norte;Colisão Traseira;3;0;2;;1;2;3
03/10/2011;09:29:00;168;com vítima;288;BR-116/PR;Norte;Colisão Traseira;2;1;1;;;;1
03/10/2011;07:42:00;118;com vítima;294;BR-116/PR;Norte;Colisão Traseira;1;2;;1;;;2
03/10/2011;15:51:00;309;sem vítima;337;BR-116/PR;Sul;Colisão Lateral;1;2;;;;;1
03/10/2011;22:29:00;429;sem vítima;350;BR-116/PR;Norte;Colisão Traseira;2;2;;;;;1
03/10/2011;13:38:00;256;sem vítima;352;BR-116/PR;Sul;Colisão Traseira;1;3;;;;;1
03/10/2011;11:20:00;218;com vítima;479,1;BR-116/PR;Norte;Tombamento;1;1;1;;;;1
03/10/2011;20:12:00;398;sem vítima;511;BR-116/PR;Sul;Tombamento;1;1;;;;;1
03/10/2011;23:46:00;456;sem vítima;515,4;BR-116/PR;Norte;Tombamento;1;2;;;;;1
04/10/2011;12:44:00;212;com vítima;5;BR-116/PR;Norte;Tombamento;1;0;1;;;;1
04/10/2011;07:46:00;93;sem vítima;69,8;BR-116/PR;Norte;Tombamento;1;1;;;;;1
04/10/2011;10:08:00;164;sem vítima;280;BR-116/PR;Sul;Saida de Pista;1;1;;;;;1
04/10/2011;08:51:00;124;com vítima;500,6;BR-116/PR;Sul;Tombamento;1;0;1;;;;1
04/10/2011;04:25:00;56;sem vítima;517,7;BR-116/PR;Norte;Outros;1;1;;;;;1
04/10/2011;06:26:00;70;sem vítima;521,8;BR-116/PR;Norte;Colisão Traseira;2;2;;;;;1
04/10/2011;01:53:00;29;sem vítima;525,5;BR-116/PR;Sul;Saida de Pista;1;1;;;;;1