data;horario;n_da_ocorrencia;tipo_de_ocorrencia;km;trecho;sentido;tipo_de_acidente;caminhao;ilesos;levemente_feridos;moderadamente_feridos;gravemente_feridos;mortos;3
04/10/2011;07:59:00;100;com vítima;544,5;BR-116/PR;Norte;Tombamento;2;5;1;;;;1
04/10/2011;01:14:00;19;sem vítima;549;BR-116/PR;Sul;Outros;1;1;;;;;1
04/10/2011;15:34:00;265;sem vítima;550;BR-116/PR;Norte;Tombamento;1;1;;;;;1
04/10/2011;01:03:00;15;sem vítima;556;BR-116/PR;Sul;Colisão Traseira;2;2;;;;;1
05/10/2011;03:32:00;61;sem vítima;16,5;BR-116/PR;Sul;Saida de Pista;1;1;;;;;1
05/10/2011;14:46:00;307;com vítima;334;BR-116/PR;Norte;Colisão Traseira;1;1;1;;;;1
05/10/2011;18:08:00;385;sem vítima;341;BR-116/PR;Sul;Engavetamento;3;3;;;;;1
05/10/2011;16:13:00;343;com vítima;355,8;BR-116/PR;Sul;Colisão Lateral;1;1;1;;;;1
06/10/2011;20:50:00;467;sem vítima;19;BR-116/PR;Sul;Colisão Traseira;2;2;;;;;1
06/10/2011;13:29:00;300;sem vítima;282;BR-116/PR;Norte;Colisão Lateral;1;2;;;;;1
06/10/2011;15:12:00;333;sem vítima;315;BR-116/PR;Sul;Colisão Lateral;1;3;;;;;1
06/10/2011;11:23:00;260;sem vítima;364,5;BR-116/PR;Norte;Colisão Traseira;2;2;;;;;1
06/10/2011;05:15:00;101;com vítima;482;BR-116/PR;Sul;Tombamento;1;0;1;2;;;2
06/10/2011;01:16:00;28;sem vítima;514,8;BR-116/PR;Sul;Tombamento;1;1;;;;;1
07/10/2011;19:46:00;460;sem vítima;6;BR-116/CW;Sul;Engavetamento;1;6;;;;;1
07/10/2011;09:50:00;235;com vítima;10;BR-116/CW;Norte;Colisão Traseira;1;1;;1;;;2
07/10/2011;00:23:00;14;com vítima;45,5;BR-116/PR;Sul;Saida de Pista;1;0;1;;;;1
07/10/2011;19:06:00;443;com vítima;291,5;BR-116/PR;Sul;Colisão Lateral;2;1;1;;;;1
07/10/2011;21:42:00;480;sem vítima;307;BR-116/PR;Sul;Colisão Traseira;2;2;;;;;1
07/10/2011;06:16:00;126;sem vítima;327;BR-116/PR;Sul;Colisão Transversal;1;4;;;;;1
07/10/2011;08:00:00;169;sem vítima;340,9;BR-116/PR;Sul;Colisão Lateral;1;6;;;;;1
07/10/2011;15:44:00;370;sem vítima;345,6;BR-116/PR;Sul;Colisão Traseira;2;2;;;;;1
07/10/2011;16:34:00;389;com vítima;359;BR-116/PR;Sul;Tombamento;1;0;1;;;;1
07/10/2011;02:16:00;59;com vítima;383;BR-116/PR;Sul;Colisão Traseira;2;2;3;2;;;2
07/10/2011;11:10:00;277;sem vítima;401;BR-116/PR;Sul;Colisão Traseira;3;4;;;;;1
07/10/2011;16:21:00;381;com vítima;445,7;BR-116/PR;Sul;Colisão Traseira;1;1;1;;;;1
07/10/2011;11:19:00;279;sem vítima;518;BR-116/PR;Sul;Saida de Pista;1;1;;;;;1
08/10/2011;08:29:00;153;sem vítima;1,2;BR-116/CW;Sul;Colisão Traseira;1;4;;;;;1
08/10/2011;08:36:00;156;sem vítima;56;BR-116/PR;Sul;Colisão Traseira;2;2;;;;;1
08/10/2011;07:21:00;127;com vítima;347,5;BR-116/PR;Sul;Colisão Lateral;2;4;3;1;;;2
08/10/2011;23:58:00;483;sem vítima;430;BR-116/PR;Sul;Saida de Pista;1;1;;;;;1
08/10/2011;22:47:00;455;sem vítima;561,5;BR-116/PR;Sul;Colisão Traseira;2;2;;;;;1
09/10/2011;12:42:00;205;sem vítima;1;BR-116/PR;Norte;Colisão Traseira;2;2;;;;;1
09/10/2011;15:31:00;259;sem vítima;33;BR-116/PR;Sul;Saida de Pista;1;2;;;;;1
09/10/2011;07:09:00;106;sem vítima;43;BR-116/PR;Norte;Tombamento;1;1;;;;;1
09/10/2011;01:41:00;15;com vítima;316;BR-116/PR;Sul;Colisão Lateral;1;3;1;;;;1
09/10/2011;17:06:00;293;sem vítima;330,4;BR-116/PR;Sul;Colisão Traseira;1;8;;;;;1
09/10/2011;12:23:00;201;sem vítima;356;BR-116/PR;Sul;Colisão Lateral;1;2;;;;;1
09/10/2011;16:10:00;277;com vítima;359,8;BR-116/PR;Norte;Tombamento;2;2;1;;;;1
09/10/2011;09:31:00;146;com vítima;488,8;BR-116/PR;Sul;Atropelamento - Usuário;1;1;;;;1;3
09/10/2011;20:44:00;365;com vítima;508,9;BR-116/PR;Norte;Colisão Traseira;2;1;;;;1;3
09/10/2011;22:26:00;389;sem vítima;519;BR-116/PR;Sul;Saida de Pista;1;1;;;;;1
09/10/2011;09:51:00;156;sem vítima;560;BR-116/PR;Sul;Colisão Traseira;2;5;;;;;1
10/10/2011;07:53:00;106;sem vítima;272;BR-116/PR;Norte;Colisão Lateral;2;2;;;;;1
10/10/2011;08:58:00;142;sem vítima;273;BR-116/PR;Norte;Colisão Lateral;1;3;;;;;1
10/10/2011;19:43:00;379;sem vítima;445;BR-116/PR;Sul;Choque - Talude;1;1;;;;;1
11/10/2011;21:04:00;385;sem vítima;24;BR-116/PR;Norte;Choque - Talude;1;1;;;;;1
11/10/2011;14:29:00;258;sem vítima;277,5;BR-116/PR;Sul;Engavetamento;1;9;;;;;1
11/10/2011;05:39:00;59;sem vítima;347;BR-116/PR;Norte;Tombamento;1;2;;;;;1
11/10/2011;07:55:00;98;sem vítima;349,2;BR-116/PR;Sul;Colisão Traseira;1;3;;;;;1
11/10/2011;16:45:00;308;sem vítima;380,4;BR-116/PR;Norte;Colisão Traseira;2;3;;;;;1
11/10/2011;04:19:00;48;com vítima;393,1;BR-116/PR;Sul;Atropelamento - Andarilho;1;1;;1;;;2
11/10/2011;07:31:00;90;com vítima;550,4;BR-116/PR;Norte;Tombamento;1;2;1;;;;1
11/10/2011;23:55:00;438;sem vítima;557;BR-116/PR;Sul;Colisão Traseira;2;3;;;;;1
11/10/2011;00:01:00;1;com vítima;567,9;BR-116/PR;Norte;Choque - Talude;1;0;;;;1;3
12/10/2011;05:04:00;98;sem vítima;336,1;BR-116/PR;Sul;Tombamento;2;2;;;;;1
12/10/2011;12:22:00;235;sem vítima;336,4;BR-116/PR;Sul;Colisão Traseira;1;2;;;;;1
12/10/2011;17:03:00;323;sem vítima;338,4;BR-116/PR;Norte;Colisão Lateral;2;2;;;;;1
12/10/2011;13:33:00;252;sem vítima;489;BR-116/PR;Norte;Choque - Defensa, barreira ou "submarino";1;1;;;;;1
12/10/2011;10:24:00;202;com vítima;504;BR-116/PR;Norte;Tombamento;1;0;2;;;;1
12/10/2011;19:04:00;376;sem vítima;528;BR-116/PR;Sul;Colisão Lateral;1;2;;;;;1
13/10/2011;05:52:00;109;sem vítima;357,5;BR-116/PR;Sul;Colisão Lateral;2;2;;;;;1
13/10/2011;05:50:00;107;sem vítima;431;BR-116/PR;Norte;Saida de Pista;1;2;;;;;1
13/10/2011;22:34:00;423;sem vítima;447,8;BR-116/PR;Norte;Choque - Outros;2;2;;;;;1
13/10/2011;21:40:00;409;com vítima;511;BR-116/PR;Sul;Choque - Defensa, barreira ou "submarino";1;0;1;;;;1
13/10/2011;08:51:00;163;sem vítima;567,9;BR-116/PR;Norte;Saida de Pista;1;2;;;;;1
14/10/2011;13:15:00;273;sem vítima;3;BR-116/PR;Norte;Saida de Pista;1;1;;;;;1
14/10/2011;11:13:00;233;com vítima;34;BR-116/PR;Norte;Capotamento;1;0;1;;;;1
14/10/2011;09:32:00;190;sem vítima;562;BR-116/PR;Sul;Saida de Pista;1;1;;;;;1
15/10/2011;07:42:00;148;sem vítima;513,4;BR-116/PR;Norte;Choque - Defensa, barreira ou "submarino";2;3;;;;;1
15/10/2011;10:23:00;206;com vítima;518,6;BR-116/PR;Sul;Colisão Traseira;1;2;1;;;;1
15/10/2011;09:49:00;191;sem vítima;545;BR-116/PR;Sul;Capotamento;2;2;;;;;1
16/10/2011;23:11:00;457;sem vítima;493;BR-116/PR;Norte;Tombamento;1;2;;;;;1
16/10/2011;16:12:00;305;sem vítima;517;BR-116/PR;Norte;Capotamento;1;2;;;;;1
16/10/2011;17:05:00;331;com vítima;544;BR-116/PR;Norte;Capotamento;1;1;1;;;;1
16/10/2011;19:12:00;386;sem vítima;560;BR-116/PR;Sul;Saida de Pista;1;1;;;;;1
16/10/2011;18:45:00;372;sem vítima;562,8;BR-116/PR;Sul;Saida de Pista;1;1;;;;;1
16/10/2011;08:45:00;138;sem vítima;567,3;BR-116/PR;Sul;Saida de Pista;1;3;;;;;1
17/10/2011;06:50:00;131;com vítima;52;BR-116/PR;Norte;Saida de Pista;1;0;1;;;;1
17/10/2011;07:28:00;147;sem vítima;273;BR-116/PR;Norte;Choque - Objeto sobre a pista;3;3;;;;;1
17/10/2011;09:37:00;215;com vítima;291,5;BR-116/PR;Sul;Colisão Traseira;1;0;1;;;;1
17/10/2011;08:29:00;174;sem vítima;518;BR-116/PR;Norte;Saida de Pista;1;2;;;;;1
18/10/2011;17:25:00;363;sem vítima;269,3;BR-116/PR;Norte;Atropelamento - Morador;2;2;;;;;1
18/10/2011;23:06:00;460;sem vítima;424;BR-116/PR;Norte;Saida de Pista;1;2;;;;;1
18/10/2011;16:23:00;347;sem vítima;561,8;BR-116/PR;Sul;Saida de Pista;1;5;;;;;1
19/10/2011;08:57:00;159;sem vítima;5;BR-116/PR;Norte;Saida de Pista;1;1;;;;;1
19/10/2011;23:13:00;475;com vítima;29;BR-116/PR;Norte;Saida de Pista;1;0;;;;1;3
19/10/2011;18:25:00;390;sem vítima;348,7;BR-116/PR;Norte;Colisão Traseira;1;3;;;;;1
19/10/2011;23:39:00;486;sem vítima;414,3;BR-116/PR;Sul;Atropelamento - Ciclista;1;2;;;;;1
19/10/2011;02:26:00;44;sem vítima;432;BR-116/PR;Norte;Choque - Objeto sobre a pista;1;1;;;;;1
19/10/2011;11:25:00;223;sem vítima;514,9;BR-116/PR;Sul;Saida de Pista;1;2;;;;;1
19/10/2011;21:33:00;447;sem vítima;561,8;BR-116/PR;Sul;Tombamento;1;1;;;;;1
19/10/2011;12:42:00;247;com vítima;567;BR-116/PR;Sul;Saida de Pista;1;0;;1;;;2
20/10/2011;21:34:00;490;com vítima;269,3;BR-116/PR;Sul;Colisão Traseira;1;0;1;;;;1
20/10/2011;13:29:00;315;sem vítima;296;BR-116/PR;Sul;Queda de Moto;1;1;;;;;1
20/10/2011;09:11:00;191;sem vítima;477;BR-116/PR;Norte;Colisão Lateral;1;2;;;;;1
20/10/2011;01:10:00;36;sem vítima;493;BR-116/PR;Norte;Colisão Lateral;2;3;;;;;1
21/10/2011;20:17:00;454;sem vítima;15,5;BR-116/CW;Sul;Queda de Moto;1;1;;;;;1
21/10/2011;09:00:00;180;com vítima;32,5;BR-116/PR;Norte;Tombamento;1;1;;;;1;3
21/10/2011;18:41:00;420;com vítima;58,5;BR-116/PR;Norte;Saida de Pista;1;0;;;;1;3
21/10/2011;13:33:00;296;sem vítima;269,5;BR-116/PR;Sul;Colisão Lateral;1;1;;;;;1
21/10/2011;03:37:00;66;sem vítima;279,4;BR-116/PR;Sul;Choque - Defensa, barreira ou "submarino";1;2;;;;;1
21/10/2011;09:36:00;206;com vítima;485;BR-116/PR;Sul;Colisão Traseira;2;2;1;;;;1
21/10/2011;09:34:00;201;sem vítima;513;BR-116/PR;Norte;Saida de Pista;1;4;;;;;1
21/10/2011;08:46:00;171;com vítima;515;BR-116/PR;Norte;Choque - Talude;1;5;1;;;;1
22/10/2011;22:36:00;455;sem vítima;273,3;BR-116/PR;Norte;Colisão Traseira;2;2;;;;;1
22/10/2011;08:43:00;147;sem vítima;278,2;BR-116/PR;Norte;Colisão Traseira;1;3;;;;;1
22/10/2011;03:50:00;60;sem vítima;364;BR-116/PR;Sul;Saida de Pista;1;1;;;;;1
22/10/2011;08:28:00;140;sem vítima;385;BR-116/PR;Sul;Saida de Pista;1;2;;;;;1
22/10/2011;00:11:00;7;com vítima;482,4;BR-116/PR;Sul;Capotamento;1;2;;;;1;3
22/10/2011;04:36:00;69;sem vítima;516,4;BR-116/PR;Sul;Colisão Traseira;1;2;;;;;1
23/10/2011;17:01:00;312;com vítima;15,1;BR-116/CW;Norte;Atropelamento - Morador;1;0;;;1;;2
23/10/2011;04:36:00;57;sem vítima;269;BR-116/PR;Norte;Colisão Traseira;2;4;;;;;1
24/10/2011;11:53:00;270;sem vítima;279;BR-116/PR;Sul;Colisão Traseira;1;1;;;;;1
24/10/2011;21:48:00;484;sem vítima;350,4;BR-116/PR;Sul;Colisão Lateral;1;1;;;;;1
24/10/2011;19:08:00;447;sem vítima;352,5;BR-116/PR;Sul;Colisão Traseira;1;1;;;;;1
24/10/2011;18:48:00;438;sem vítima;352,7;BR-116/PR;Sul;Colisão Traseira;1;2;;;;;1
24/10/2011;08:34:00;165;sem vítima;355,4;BR-116/PR;Norte;Colisão Lateral;1;1;;;;;1
24/10/2011;02:27:00;42;sem vítima;407,5;BR-116/PR;Sul;Atropelamento - Morador;2;3;;;;;1
24/10/2011;02:23:00;41;sem vítima;418,5;BR-116/PR;Sul;Saida de Pista;1;2;;;;;1
24/10/2011;15:31:00;359;sem vítima;510,5;BR-116/PR;Norte;Choque - Defensa, barreira ou "submarino";1;32;;;;;1
24/10/2011;17:33:00;409;sem vítima;511,2;BR-116/PR;Norte;Tombamento;2;2;;;;;1
25/10/2011;19:46:00;448;com vítima;1;BR-116/PR;Sul;Saida de Pista;1;1;1;;;;1
25/10/2011;15:42:00;359;com vítima;39,8;BR-116/PR;Sul;Choque - Defensa, barreira ou "submarino";1;0;;1;;;2
25/10/2011;10:48:00;254;sem vítima;40;BR-116/PR;Sul;Colisão Traseira;1;2;;;;;1
25/10/2011;14:55:00;345;sem vítima;57,5;BR-116/PR;Norte;Colisão Lateral;1;2;;;;;1
25/10/2011;08:10:00;159;sem vítima;282,3;BR-116/PR;Norte;Saida de Pista;2;3;;;;;1
25/10/2011;20:00:00;454;com vítima;340;BR-116/PR;Norte;Tombamento;1;0;1;;;;1
25/10/2011;20:24:00;460;sem vítima;360,5;BR-116/PR;Norte;Saida de Pista;2;2;;;;;1
25/10/2011;11:34:00;272;sem vítima;515,55;BR-116/PR;Norte;Saida de Pista;1;1;;;;;1
25/10/2011;13:53:00;325;sem vítima;550;BR-116/PR;Norte;Tombamento;1;1;;;;;1
25/10/2011;10:37:00;247;sem vítima;560;BR-116/PR;Sul;Capotamento;1;1;;;;;1
26/10/2011;18:57:00;443;sem vítima;273;BR-116/PR;Norte;Colisão Traseira;1;1;;;;;1
26/10/2011;08:40:00;182;sem vítima;274,15;BR-116/PR;Norte;Colisão Lateral;1;2;;;;;1
26/10/2011;17:57:00;416;sem vítima;347,7;BR-116/PR;Sul;Choque - Defensa, barreira ou "submarino";1;1;;;;;1
26/10/2011;16:52:00;392;sem vítima;361,1;BR-116/PR;Sul;Colisão Frontal;2;2;;;;;1
26/10/2011;16:07:00;371;sem vítima;367;BR-116/PR;Norte;Saida de Pista;2;2;;;;;1
26/10/2011;00:51:00;13;com vítima;370;BR-116/PR;Sul;Colisão Traseira;1;1;2;;;;1
26/10/2011;01:35:00;32;sem vítima;384;BR-116/PR;Sul;Outros;1;1;;;;;1
26/10/2011;15:54:00;364;sem vítima;509,5;BR-116/PR;Sul;Tombamento;2;3;;;;;1
26/10/2011;07:21:00;140;sem vítima;511;BR-116/PR;Sul;Tombamento;2;5;;;;;1
26/10/2011;22:31:00;508;sem vítima;541,9;BR-116/PR;Sul;Colisão Traseira;2;5;;;;;1
27/10/2011;05:59:00;77;sem vítima;45,3;BR-116/PR;Sul;Saida de Pista;1;1;;;;;1
27/10/2011;02:50:00;45;sem vítima;57;BR-116/PR;Norte;Colisão Traseira;1;1;;;;;1
27/10/2011;13:46:00;273;sem vítima;279,95;BR-116/PR;Sul;Saida de Pista;1;2;;;;;1
27/10/2011;13:35:00;270;sem vítima;307,5;BR-116/PR;Sul;Saida de Pista;3;3;;;;;1
27/10/2011;12:47:00;253;sem vítima;463;BR-116/PR;Sul;Saida de Pista;2;2;;;;;1
28/10/2011;06:29:00;91;sem vítima;279;BR-116/PR;Norte;Colisão Traseira;2;2;;;;;1
28/10/2011;20:30:00;464;sem vítima;381;BR-116/PR;Sul;Saida de Pista;1;2;;;;;1
28/10/2011;19:01:00;435;sem vítima;426;BR-116/PR;Sul;Colisão Traseira;1;1;;;;;1
28/10/2011;16:44:00;377;sem vítima;532,1;BR-116/PR;Sul;Saida de Pista;2;2;;;;;1
28/10/2011;03:56:00;63;sem vítima;558,5;BR-116/PR;Norte;Colisão Lateral;2;2;;;;;1
29/10/2011;13:40:00;257;sem vítima;4,8;BR-116/CW;Sul;Saida de Pista;2;2;;;;;1
29/10/2011;12:58:00;240;sem vítima;32,5;BR-116/PR;Norte;Queda de Moto;1;2;;;;;1
29/10/2011;17:12:00;331;sem vítima;42;BR-116/PR;Sul;Saida de Pista;1;1;;;;;1
29/10/2011;08:51:00;157;sem vítima;279;BR-116/PR;Norte;Colisão Transversal;1;1;;;;;1
29/10/2011;07:34:00;120;sem vítima;516;BR-116/PR;Sul;Saida de Pista;1;1;;;;;1
30/10/2011;01:53:00;26;sem vítima;50;BR-116/PR;Norte;Saida de Pista;1;3;;;;;1
30/10/2011;05:41:00;57;sem vítima;401,5;BR-116/PR;Sul;Saida de Pista;1;2;;;;;1
30/10/2011;15:13:00;251;sem vítima;517,8;BR-116/PR;Norte;Saida de Pista;1;2;;;;;1
30/10/2011;17:30:00;317;sem vítima;545,8;BR-116/PR;Sul;Saida de Pista;1;4;;;;;1
30/10/2011;18:56:00;357;sem vítima;561,5;BR-116/PR;Sul;Saida de Pista;2;2;;;;;1
31/10/2011;06:28:00;69;sem vítima;7,7;BR-116/PR;Sul;Saida de Pista;1;1;;;;;1
31/10/2011;16:54:00;318;sem vítima;294,5;BR-116/PR;Norte;Capotamento;1;2;;;;;1
31/10/2011;16:47:00;315;sem vítima;311,4;BR-116/PR;Sul;Tombamento;1;2;;;;;1
31/10/2011;02:56:00;39;sem vítima;486;BR-116/PR;Norte;Colisão Traseira;1;6;;;;;1
31/10/2011;14:32:00;266;sem vítima;513,5;BR-116/PR;Norte;Choque - Defensa, barreira ou "submarino";1;1;;;;;1
31/10/2011;08:37:00;123;sem vítima;523,5;BR-116/PR;Sul;Saida de Pista;1;1;;;;;1
01/11/2011;06:22:00;88;sem vítima;29;BR-116/PR;Sul;Colisão Traseira;2;4;;;;;1
01/11/2011;23:26:00;412;sem vítima;299;BR-116/PR;Sul;Colisão Lateral;1;3;;;;;1
01/11/2011;05:42:00;79;sem vítima;338;BR-116/PR;Norte;Saida de Pista;1;1;;;;;1
01/11/2011;02:32:00;37;sem vítima;359;BR-116/PR;Norte;Colisão Traseira;1;3;;;;;1
01/11/2011;05:28:00;76;com vítima;383;BR-116/PR;Norte;Tombamento;1;0;1;;;2;3
01/11/2011;05:49:00;81;sem vítima;515,5;BR-116/PR;Norte;Capotamento;1;1;;;;;1
01/11/2011;21:42:00;392;com vítima;525;BR-116/PR;Sul;Tombamento;1;0;1;;;;1
01/11/2011;05:57:00;84;sem vítima;537;BR-116/PR;Norte;Tombamento;1;1;;;;;1
02/11/2011;07:09:00;101;com vítima;24;BR-116/PR;Norte;Choque - Talude;1;0;1;;;;1
02/11/2011;10:36:00;197;sem vítima;57;BR-116/PR;Norte;Colisão Lateral;2;2;;;;;1
02/11/2011;07:33:00;112;com vítima;273,1;BR-116/PR;Sul;Colisão Frontal;1;1;1;;;;1
02/11/2011;18:10:00;370;com vítima;393;BR-116/PR;Norte;Capotamento;1;1;1;;;;1
02/11/2011;16:48:00;341;com vítima;395;BR-116/PR;Norte;Queda de Moto;1;1;1;;;;1
02/11/2011;16:54:00;346;sem vítima;426,9;BR-116/PR;Norte;Colisão Traseira;1;3;;;;;1
02/11/2011;05:28:00;79;sem vítima;485;BR-116/PR;Sul;Choque - Defensa, barreira ou "submarino";1;1;;;;;1
02/11/2011;23:41:00;456;com vítima;513,6;BR-116/PR;Norte;Tombamento;1;0;;1;;;2
02/11/2011;11:50:00;228;sem vítima;554;BR-116/PR;Sul;Colisão Lateral;2;2;;;;;1
03/11/2011;19:31:00;397;com vítima;277,5;BR-116/PR;Sul;Colisão Traseira;1;4;1;;;;1
03/11/2011;14:37:00;302;sem vítima;290,2;BR-116/PR;Norte;Tombamento;1;1;;;;;1
04/11/2011;05:31:00;67;com vítima;23;BR-116/PR;Sul;Saida de Pista;1;1;;1;;;2
04/11/2011;11:45:00;206;sem vítima;57;BR-116/PR;Sul;Colisão Traseira;1;3;;;;;1
04/11/2011;21:56:00;422;sem vítima;279,2;BR-116/PR;Sul;Colisão Traseira;2;5;;;;;1
04/11/2011;02:00:00;24;sem vítima;306;BR-116/PR;Sul;Tombamento;1;1;;;;;1
04/11/2011;09:30:00;141;sem vítima;357,5;BR-116/PR;Norte;Colisão Lateral;1;6;;;;;1
04/11/2011;06:27:00;78;sem vítima;397;BR-116/PR;Norte;Choque - Talude;1;1;;;;;1
04/11/2011;04:15:00;48;com vítima;462,8;BR-116/PR;Sul;Colisão Traseira;2;1;;;;1;3
04/11/2011;02:30:00;30;sem vítima;504,5;BR-116/PR;Norte;Choque - Talude;1;1;;;;;1
04/11/2011;13:35:00;256;sem vítima;519,95;BR-116/PR;Sul;Saida de Pista;1;1;;;;;1
05/11/2011;16:52:00;333;sem vítima;23;BR-116/PR;Sul;Colisão Traseira;2;3;;;;;1
05/11/2011;14:23:00;279;sem vítima;346,7;BR-116/PR;Sul;Colisão Traseira;2;5;;;;;1
05/11/2011;14:54:00;293;sem vítima;366;BR-116/PR;Norte;Tombamento;1;1;;;;;1
05/11/2011;17:49:00;352;sem vítima;386,5;BR-116/PR;Sul;Saida de Pista;1;1;;;;;1
05/11/2011;17:56:00;354;sem vítima;426;BR-116/PR;Sul;Colisão Traseira;2;2;;;;;1
05/11/2011;22:09:00;415;com vítima;477,7;BR-116/PR;Norte;Colisão Lateral;1;1;1;;;;1
06/11/2011;15:35:00;283;sem vítima;521,5;BR-116/PR;Sul;Tombamento;1;1;;;;;1
06/11/2011;06:01:00;112;com vítima;550;BR-116/PR;Norte;Tombamento;1;0;1;;;;1
07/11/2011;06:02:00;88;sem vítima;289,1;BR-116/PR;Norte;Colisão Traseira;2;2;;;;;1
07/11/2011;03:04:00;46;sem vítima;501,5;BR-116/PR;Norte;Saida de Pista;1;1;;;;;1
08/11/2011;11:47:00;259;sem vítima;358,8;BR-116/PR;Sul;Colisão Lateral;2;3;;;;;1
08/11/2011;06:51:00;118;com vítima;407,9;BR-116/PR;Norte;Tombamento;1;1;1;;;;1
08/11/2011;04:00:00;85;com vítima;564;BR-116/PR;Sul;Tombamento;1;0;1;;;;1
09/11/2011;06:35:00;115;com vítima;24;BR-116/PR;Norte;Tombamento;1;0;1;;;;1
09/11/2011;22:38:00;472;sem vítima;70,9;BR-116/PR;Sul;Tombamento;1;1;;;;;1
09/11/2011;09:35:00;198;sem vítima;306;BR-116/PR;Norte;Colisão Traseira;1;3;;;;;1
09/11/2011;09:13:00;190;com vítima;306,2;BR-116/PR;Sul;Atropelamento - Morador;1;1;;;;1;3
09/11/2011;08:16:00;146;sem vítima;344;BR-116/PR;Norte;Colisão Traseira;2;2;;;;;1
09/11/2011;16:52:00;375;sem vítima;362;BR-116/PR;Sul;Choque - Talude;1;1;;;;;1
09/11/2011;05:34:00;94;sem vítima;387;BR-116/PR;Sul;Colisão Lateral;2;2;;;;;1
09/11/2011;22:46:00;476;sem vítima;487,3;BR-116/PR;Norte;Saida de Pista;1;1;;;;;1
09/11/2011;19:57:00;434;com vítima;513;BR-116/PR;Norte;Tombamento;1;2;1;;;;1
10/11/2011;07:09:00;117;com vítima;285;BR-116/PR;Norte;Choque - Outros;1;1;1;;;;1
10/11/2011;15:31:00;329;com vítima;476,1;BR-116/PR;Norte;Atropelamento - Morador;2;6;1;;;1;3
10/11/2011;21:19:00;440;sem vítima;551;BR-116/PR;Norte;Saida de Pista;1;5;;;;;1
11/11/2011;23:13:00;486;com vítima;3,8;BR-116/CW;Norte;Colisão Traseira;1;1;;;1;;2
11/11/2011;12:41:00;247;sem vítima;9,5;BR-116/PR;Sul;Saida de Pista;1;3;;;;;1
11/11/2011;14:25:00;287;com vítima;16;BR-116/PR;Sul;Saida de Pista;1;0;1;;;;1
11/11/2011;16:24:00;330;com vítima;277;BR-116/PR;Sul;Colisão Lateral;1;1;;;1;;2
11/11/2011;21:31:00;459;sem vítima;278,8;BR-116/PR;Sul;Colisão Traseira;1;2;;;;;1
11/11/2011;20:24:00;433;com vítima;280;BR-116/PR;Norte;Colisão Traseira;1;3;1;2;;;2
11/11/2011;23:44:00;500;sem vítima;307;BR-116/PR;Sul;Colisão Traseira;1;8;;;;;1
11/11/2011;23:19:00;491;sem vítima;328,5;BR-116/PR;Norte;Saida de Pista;1;1;;;;;1
11/11/2011;18:15:00;379;sem vítima;337,8;BR-116/PR;Sul;Colisão Lateral;1;3;;;;;1
11/11/2011;17:53:00;374;sem vítima;340,7;BR-116/PR;Norte;Colisão Lateral;1;3;;;;;1
11/11/2011;12:44:00;252;com vítima;377;BR-116/PR;Sul;Colisão Traseira;1;3;;1;;;2
11/11/2011;04:19:00;64;sem vítima;407,4;BR-116/PR;Norte;Colisão Traseira;2;4;;;;;1
11/11/2011;19:25:00;411;com vítima;412,5;BR-116/PR;Sul;Colisão Lateral;1;0;;;2;;2
11/11/2011;08:17:00;132;com vítima;433,3;BR-116/PR;Sul;Capotamento;1;0;1;;;;1
11/11/2011;06:52:00;92;com vítima;492,5;BR-116/PR;Sul;Saida de Pista;1;33;1;;;;1
11/11/2011;00:46:00;14;com vítima;511,6;BR-116/PR;Norte;Tombamento;1;0;1;;;;1
11/11/2011;10:32:00;214;com vítima;555,1;BR-116/PR;Norte;Tombamento;1;0;1;;;;1
11/11/2011;18:25:00;382;sem vítima;556;BR-116/PR;Norte;Outros;2;2;;;;;1
11/11/2011;13:59:00;276;sem vítima;567;BR-116/PR;Sul;Saida de Pista;1;1;;;;;1
12/11/2011;03:25:00;60;com vítima;59;BR-116/PR;Sul;Tombamento;1;1;1;;;;1
12/11/2011;11:37:00;237;sem vítima;348;BR-116/PR;Sul;Colisão Traseira;1;6;;;;;1
12/11/2011;12:05:00;249;sem vítima;348;BR-116/PR;Sul;Colisão Lateral;1;3;;;;;1
12/11/2011;13:15:00;275;sem vítima;348;BR-116/PR;Sul;Colisão Lateral;1;6;;;;;1
12/11/2011;08:04:00;152;sem vítima;357,5;BR-116/PR;Sul;Colisão Traseira;2;2;;;;;1
12/11/2011;15:07:00;331;sem vítima;359,9;BR-116/PR;Sul;Outros;1;1;;;;;1
12/11/2011;15:16:00;336;sem vítima;426;BR-116/PR;Sul;Choque - Veiculo parado na pista;2;2;;;;;1
12/11/2011;05:54:00;95;com vítima;449;BR-116/PR;Sul;Colisão Traseira;1;1;;;1;;2
12/11/2011;14:43:00;315;sem vítima;451;BR-116/PR;Norte;Colisão Traseira;1;6;;;;;1
12/11/2011;03:08:00;58;com vítima;511,1;BR-116/PR;Sul;Tombamento;1;0;1;;;;1
12/11/2011;06:34:00;110;sem vítima;560,8;BR-116/PR;Sul;Saida de Pista;1;2;;;;;1
13/11/2011;03:53:00;47;sem vítima;325;BR-116/PR;Norte;Saida de Pista;1;1;;;;;1
13/11/2011;04:43:00;55;com vítima;474,9;BR-116/PR;Sul;Capotamento;1;0;1;;;;1
13/11/2011;08:07:00;106;sem vítima;545,8;BR-116/PR;Norte;Choque - Defensa, barreira ou "submarino";1;1;;;;;1
13/11/2011;08:33:00;115;sem vítima;545,8;BR-116/PR;Norte;Saida de Pista;1;1;;;;;1