data;horario;n_da_ocorrencia;tipo_de_ocorrencia;km;trecho;sentido;tipo_de_acidente;caminhao;ilesos;levemente_feridos;moderadamente_feridos;gravemente_feridos;mortos;3
14/11/2011;07:11:00;108;sem vítima;24;BR-116/PR;Norte;Outros;1;1;;;;;1
14/11/2011;08:11:00;135;sem vítima;282;BR-116/PR;Norte;Colisão Lateral;1;6;;;;;1
14/11/2011;23:57:00;416;com vítima;318,7;BR-116/PR;Sul;Colisão Lateral;1;28;;3;;;2
14/11/2011;16:11:00;295;sem vítima;365,1;BR-116/PR;Norte;Colisão Lateral;1;4;;;;;1
14/11/2011;17:44:00;318;com vítima;391,8;BR-116/PR;Sul;Colisão Traseira;2;1;1;;;;1
14/11/2011;12:01:00;219;sem vítima;396,8;BR-116/PR;Sul;Saida de Pista;1;1;;;;;1
14/11/2011;04:41:00;72;sem vítima;416,9;BR-116/PR;Sul;Saida de Pista;1;2;;;;;1
14/11/2011;11:24:00;209;sem vítima;528;BR-116/PR;Sul;Saida de Pista;1;1;;;;;1
14/11/2011;11:22:00;207;com vítima;545;BR-116/PR;Norte;Colisão Traseira;1;1;1;2;1;;2
14/11/2011;08:15:00;138;sem vítima;567;BR-116/PR;Norte;Saida de Pista;1;1;;;;;1
15/11/2011;17:25:00;300;sem vítima;40;BR-116/PR;Sul;Choque - Defensa, barreira ou "submarino";1;1;;;;;1
15/11/2011;07:23:00;95;sem vítima;42;BR-116/PR;Sul;Saida de Pista;1;2;;;;;1
15/11/2011;16:59:00;288;sem vítima;302;BR-116/PR;Norte;Colisão Traseira;2;2;;;;;1
15/11/2011;09:04:00;131;com vítima;331,5;BR-116/PR;Norte;Colisão Lateral;1;5;1;;;;1
15/11/2011;12:06:00;188;sem vítima;372,5;BR-116/PR;Norte;Colisão Traseira;2;2;;;;;1
15/11/2011;15:18:00;251;sem vítima;386,5;BR-116/PR;Norte;Colisão Lateral;1;4;;;;;1
15/11/2011;11:06:00;168;sem vítima;484,9;BR-116/PR;Sul;Saida de Pista;1;1;;;;;1
15/11/2011;09:52:00;143;sem vítima;485;BR-116/PR;Sul;Tombamento;1;1;;;;;1
15/11/2011;14:48:00;289;sem vítima;538,1;BR-116/PR;Sul;Colisão Traseira;1;5;;;;;1
15/11/2011;19:42:00;360;sem vítima;567;BR-116/PR;Norte;Colisão Lateral;1;4;;;;;1
16/11/2011;06:57:00;103;sem vítima;7,7;BR-116/PR;Sul;Tombamento;1;1;;;;;1
16/11/2011;06:20:00;89;sem vítima;32;BR-116/PR;Norte;Tombamento;1;1;;;;;1
16/11/2011;08:20:00;143;com vítima;509;BR-116/PR;Sul;Tombamento;1;1;1;;;;1
16/11/2011;03:26:00;50;sem vítima;567;BR-116/PR;Sul;Choque - Talude;1;1;;;;;1
17/11/2011;15:35:00;312;sem vítima;318,5;BR-116/PR;Norte;Colisão Traseira;1;2;;;;;1
17/11/2011;08:58:00;158;sem vítima;351,5;BR-116/PR;Sul;Choque - Defensa, barreira ou "submarino";1;1;;;;;1
17/11/2011;15:02:00;302;sem vítima;357,5;BR-116/PR;Sul;Colisão Lateral;2;2;;;;;1
17/11/2011;05:30:00;75;sem vítima;398,8;BR-116/PR;Norte;Tombamento;1;1;;;;;1
17/11/2011;00:09:00;4;sem vítima;543;BR-116/PR;Sul;Colisão Lateral;2;3;;;;;1
18/11/2011;17:56:00;367;sem vítima;274,3;BR-116/PR;Norte;Engavetamento;1;4;;;;;1
18/11/2011;20:58:00;413;sem vítima;334;BR-116/PR;Sul;Colisão Traseira;2;2;;;;;1
18/11/2011;22:59:00;427;sem vítima;359,3;BR-116/PR;Norte;Colisão Lateral;2;2;;;;;1
18/11/2011;00:00:00;1;com vítima;511,5;BR-116/PR;Norte;Capotamento;1;0;;1;;;2
18/11/2011;00:23:00;3;sem vítima;515;BR-116/PR;Norte;Colisão Traseira;2;3;;;;;1
19/11/2011;06:08:00;107;sem vítima;465,2;BR-116/PR;Sul;Colisão Lateral;1;3;;;;;1
20/11/2011;21:46:00;367;com vítima;321;BR-116/PR;Norte;Colisão Traseira;1;2;1;1;;;2
20/11/2011;05:58:00;73;sem vítima;355,1;BR-116/PR;Norte;Tombamento;1;1;;;;;1
20/11/2011;06:22:00;75;sem vítima;362;BR-116/PR;Sul;Capotamento;1;2;;;;;1
20/11/2011;23:43:00;390;sem vítima;515,1;BR-116/PR;Norte;Engavetamento;3;5;;;;;1
22/11/2011;21:08:00;399;sem vítima;43,8;BR-116/PR;Norte;Colisão Lateral;2;2;;;;;1
22/11/2011;06:32:00;83;sem vítima;415;BR-116/PR;Norte;Saida de Pista;1;2;;;;;1
22/11/2011;03:19:00;55;sem vítima;532,8;BR-116/PR;Norte;Choque - Talude;1;1;;;;;1
22/11/2011;10:45:00;208;sem vítima;536,5;BR-116/PR;Norte;Tombamento;1;1;;;;;1
23/11/2011;16:55:00;368;sem vítima;24;BR-116/PR;Norte;Tombamento;1;1;;;;;1
23/11/2011;11:45:00;248;sem vítima;57;BR-116/PR;Sul;Colisão Traseira;1;2;;;;;1
23/11/2011;15:21:00;329;com vítima;280;BR-116/PR;Sul;Colisão Lateral;1;3;1;;;;1
23/11/2011;15:11:00;325;sem vítima;284;BR-116/PR;Norte;Colisão Traseira;1;2;;;;;1
23/11/2011;22:33:00;458;sem vítima;337;BR-116/PR;Sul;Choque - Defensa, barreira ou "submarino";1;2;;;;;1
23/11/2011;03:25:00;66;sem vítima;350,5;BR-116/PR;Norte;Saida de Pista;1;1;;;;;1
23/11/2011;00:07:00;2;sem vítima;409;BR-116/PR;Norte;Colisão Traseira;1;2;;;;;1
23/11/2011;21:12:00;445;sem vítima;436;BR-116/PR;Norte;Tombamento;1;1;;;;;1
24/11/2011;01:58:00;27;com vítima;299,3;BR-116/PR;Norte;Colisão Lateral;3;2;1;;;;1
25/11/2011;11:13:00;222;sem vítima;42,5;BR-116/PR;Norte;Tombamento;1;1;;;;;1
25/11/2011;14:46:00;290;sem vítima;306,95;BR-116/PR;Sul;Colisão Lateral;1;5;;;;;1
25/11/2011;03:25:00;47;sem vítima;398,5;BR-116/PR;Norte;Saida de Pista;1;1;;;;;1
25/11/2011;03:03:00;45;com vítima;405,3;BR-116/PR;Norte;Saida de Pista;1;0;1;;;;1
25/11/2011;02:58:00;44;sem vítima;515,4;BR-116/PR;Norte;Colisão Lateral;2;2;;;;;1
25/11/2011;22:01:00;446;sem vítima;518;BR-116/PR;Norte;Colisão Traseira;1;3;;;;;1
25/11/2011;00:14:00;8;com vítima;546;BR-116/PR;Norte;Tombamento;1;1;1;;;;1
26/11/2011;07:45:00;158;sem vítima;4,2;BR-116/PR;Sul;Colisão Traseira;1;2;;;;;1
26/11/2011;00:32:00;12;sem vítima;286,2;BR-116/PR;Sul;Colisão Lateral;1;5;;;;;1
26/11/2011;01:35:00;37;sem vítima;459,7;BR-116/PR;Sul;Saida de Pista;1;1;;;;;1
27/11/2011;17:45:00;332;sem vítima;349;BR-116/PR;Norte;Colisão Traseira;2;2;;;;;1
27/11/2011;22:18:00;431;sem vítima;356;BR-116/PR;Sul;Tombamento;2;2;;;;;1
27/11/2011;13:13:00;224;com vítima;359;BR-116/PR;Sul;Tombamento;1;0;1;;;;1
27/11/2011;17:12:00;310;sem vítima;368,9;BR-116/PR;Norte;Colisão Lateral;1;6;;;;;1
27/11/2011;07:17:00;88;com vítima;407;BR-116/PR;Norte;Capotamento;1;0;1;;;;1
27/11/2011;15:20:00;270;sem vítima;515,8;BR-116/PR;Norte;Tombamento;1;1;;;;;1
27/11/2011;20:58:00;402;com vítima;561;BR-116/PR;Sul;Saida de Pista;1;0;;;1;;2
28/11/2011;18:44:00;368;com vítima;6;BR-116/CW;Sul;Colisão Traseira;1;1;2;1;;;2
28/11/2011;01:23:00;26;sem vítima;296;BR-116/PR;Norte;Colisão Traseira;2;2;;;;;1
28/11/2011;08:22:00;132;sem vítima;297,9;BR-116/PR;Norte;Colisão Lateral;1;2;;;;;1
28/11/2011;02:34:00;39;sem vítima;385,5;BR-116/PR;Norte;Tombamento;1;1;;;;;1
28/11/2011;05:16:00;74;sem vítima;543;BR-116/PR;Norte;Choque - Cancela de Pedagio;1;3;;;;;1
28/11/2011;01:13:00;25;sem vítima;545,8;BR-116/PR;Sul;Choque - Defensa, barreira ou "submarino";1;1;;;;;1
28/11/2011;23:49:00;444;sem vítima;550,4;BR-116/PR;Norte;Saida de Pista;1;1;;;;;1
28/11/2011;06:14:00;89;com vítima;553,2;BR-116/PR;Sul;Colisão Lateral;1;1;1;;;;1
28/11/2011;16:47:00;327;sem vítima;560;BR-116/PR;Sul;Choque - Defensa, barreira ou "submarino";1;1;;;;;1
28/11/2011;23:04:00;426;sem vítima;561;BR-116/PR;Sul;Choque - Defensa, barreira ou "submarino";1;1;;;;;1
29/11/2011;09:36:00;159;sem vítima;274,3;BR-116/PR;Norte;Colisão Lateral;1;2;;;;;1
29/11/2011;17:16:00;345;sem vítima;280,9;BR-116/PR;Norte;Colisão Lateral;1;3;;;;;1
29/11/2011;12:46:00;253;sem vítima;345,2;BR-116/PR;Sul;Colisão Traseira;1;4;;;;;1
29/11/2011;18:07:00;366;sem vítima;348;BR-116/PR;Sul;Colisão Traseira;2;2;;;;;1
29/11/2011;10:25:00;184;sem vítima;349;BR-116/PR;Sul;Colisão Traseira;2;2;;;;;1
29/11/2011;13:33:00;271;com vítima;391,5;BR-116/PR;Sul;Tombamento;1;0;;1;;;2
29/11/2011;04:10:00;62;com vítima;470,2;BR-116/PR;Norte;Saida de Pista;1;1;1;;;;1
29/11/2011;21:00:00;425;sem vítima;494,6;BR-116/PR;Norte;Tombamento;1;1;;;;;1
29/11/2011;06:39:00;89;sem vítima;543;BR-116/PR;Norte;Colisão Traseira;1;6;;;;;1
30/11/2011;23:37:00;495;sem vítima;44;BR-116/PR;Norte;Colisão Traseira;1;2;;;;;1
30/11/2011;21:21:00;462;com vítima;270,3;BR-116/PR;Norte;Atropelamento - Usuário;1;2;;;;1;3
30/11/2011;12:06:00;237;sem vítima;283,5;BR-116/PR;Norte;Colisão Lateral;1;2;;;;;1
30/11/2011;05:37:00;91;sem vítima;291;BR-116/PR;Norte;Saida de Pista;1;1;;;;;1
30/11/2011;15:06:00;301;sem vítima;339;BR-116/PR;Norte;Colisão Traseira;2;2;;;;;1
30/11/2011;00:58:00;22;sem vítima;364,5;BR-116/PR;Norte;Tombamento;1;2;;;;;1
30/11/2011;16:51:00;362;sem vítima;433,8;BR-116/PR;Norte;Colisão Lateral;2;3;;;;;1
30/11/2011;23:24:00;493;com vítima;504,95;BR-116/PR;Sul;Tombamento;1;0;1;;;;1
30/11/2011;19:31:00;435;com vítima;509;BR-116/PR;Sul;Colisão Traseira;2;1;1;;;;1
30/11/2011;22:34:00;484;com vítima;568;BR-116/PR;Norte;Choque - Talude;1;0;2;;;;1
01/12/2011;07:47:00;133;sem vítima;20,5;BR-116/PR;Sul;Tombamento;1;1;;;;;1
01/12/2011;00:59:00;24;sem vítima;30;BR-116/PR;Norte;Colisão Traseira;2;2;;;;;1
01/12/2011;09:39:00;172;sem vítima;40;BR-116/PR;Sul;Colisão Lateral;2;4;;;;;1
01/12/2011;05:23:00;78;sem vítima;63,8;BR-116/PR;Norte;Atropelamento de Animal;1;1;;;;;1
01/12/2011;20:16:00;398;sem vítima;296;BR-116/PR;Sul;Colisão Lateral;1;3;;;;;1
01/12/2011;08:16:00;148;com vítima;352,8;BR-116/PR;Sul;Colisão Traseira;2;1;;;1;;2
01/12/2011;04:11:00;64;sem vítima;359;BR-116/PR;Norte;Engavetamento;3;3;;;;;1
01/12/2011;02:24:00;46;sem vítima;393;BR-116/PR;Norte;Colisão Traseira;2;2;;;;;1
01/12/2011;08:13:00;146;com vítima;450,9;BR-116/PR;Norte;Colisão Traseira;1;1;1;;;;1
01/12/2011;08:38:00;157;sem vítima;451;BR-116/PR;Norte;Colisão Traseira;2;2;;;;;1
01/12/2011;08:31:00;153;sem vítima;513,5;BR-116/PR;Norte;Choque - Defensa, barreira ou "submarino";1;1;;;;;1
01/12/2011;23:17:00;442;com vítima;515;BR-116/PR;Norte;Saida de Pista;1;0;1;;;;1
01/12/2011;20:49:00;408;sem vítima;516;BR-116/PR;Norte;Saida de Pista;1;1;;;;;1
01/12/2011;03:00:00;52;sem vítima;526,8;BR-116/PR;Sul;Saida de Pista;1;1;;;;;1
01/12/2011;11:01:00;205;sem vítima;534,1;BR-116/PR;Norte;Tombamento;1;1;;;;;1
01/12/2011;00:09:00;4;sem vítima;561,5;BR-116/PR;Sul;Saida de Pista;1;1;;;;;1
01/12/2011;00:30:00;14;sem vítima;561,5;BR-116/PR;Sul;Colisão Traseira;2;2;;;;;1
02/12/2011;09:56:00;195;sem vítima;337,5;BR-116/PR;Sul;Colisão Lateral;1;2;;;;;1
02/12/2011;00:44:00;12;sem vítima;452,5;BR-116/PR;Sul;Tombamento;1;1;;;;;1
02/12/2011;07:08:00;111;com vítima;514,2;BR-116/PR;Norte;Tombamento;1;1;;1;;;2
02/12/2011;20:06:00;410;sem vítima;515,6;BR-116/PR;Norte;Tombamento;1;4;;;;;1
02/12/2011;01:42:00;30;com vítima;564,1;BR-116/PR;Sul;Saida de Pista;1;0;;1;;;2
03/12/2011;04:09:00;55;sem vítima;43;BR-116/PR;Norte;Saida de Pista;1;1;;;;;1
03/12/2011;16:01:00;255;sem vítima;299;BR-116/PR;Sul;Colisão Traseira;1;2;;;;;1
03/12/2011;02:33:00;41;com vítima;448,9;BR-116/PR;Sul;Colisão Traseira;1;1;;;1;1;3
03/12/2011;12:47:00;208;com vítima;453;BR-116/PR;Sul;Colisão Traseira;1;2;;;1;;2
04/12/2011;19:27:00;343;com vítima;282;BR-116/PR;Norte;Engavetamento;3;13;1;;;;1
04/12/2011;22:37:00;388;com vítima;289;BR-116/PR;Norte;Colisão Lateral;1;1;1;;;;1
04/12/2011;17:42:00;312;sem vítima;370;BR-116/PR;Norte;Engavetamento;2;5;;;;;1
04/12/2011;17:27:00;309;sem vítima;517,9;BR-116/PR;Norte;Colisão Lateral;1;4;;;;;1
04/12/2011;19:08:00;333;com vítima;543;BR-116/PR;Norte;Colisão Traseira;2;1;1;;;;1
04/12/2011;17:14:00;299;sem vítima;545;BR-116/PR;Norte;Choque - Defensa, barreira ou "submarino";1;2;;;;;1
05/12/2011;16:18:00;296;com vítima;17,3;BR-116/PR;Sul;Choque - Outros;1;0;1;;;;1
05/12/2011;18:48:00;341;sem vítima;289,4;BR-116/PR;Norte;Tombamento;1;2;;;;;1
05/12/2011;22:54:00;400;sem vítima;347;BR-116/PR;Norte;Tombamento;1;1;;;;;1
05/12/2011;05:35:00;72;sem vítima;384,8;BR-116/PR;Sul;Choque - Outros;1;1;;;;;1
05/12/2011;04:22:00;64;sem vítima;416,6;BR-116/PR;Norte;Tombamento;1;1;;;;;1
05/12/2011;13:57:00;244;sem vítima;440,8;BR-116/PR;Norte;Saida de Pista;1;1;;;;;1
05/12/2011;01:17:00;25;com vítima;567,5;BR-116/PR;Sul;Saida de Pista;1;1;;1;;;2
06/12/2011;09:25:00;150;sem vítima;280;BR-116/PR;Norte;Colisão Lateral;1;2;;;;;1
06/12/2011;05:29:00;79;com vítima;283,5;BR-116/PR;Norte;Queda de Moto;1;2;;;;1;3
06/12/2011;07:53:00;114;sem vítima;283,9;BR-116/PR;Norte;Colisão Lateral;1;2;;;;;1
06/12/2011;08:12:00;124;com vítima;285;BR-116/PR;Norte;Atropelamento - Usuário;1;1;1;1;;;2
06/12/2011;07:57:00;117;sem vítima;357,4;BR-116/PR;Norte;Colisão Traseira;2;2;;;;;1
06/12/2011;18:00:00;334;com vítima;503;BR-116/PR;Sul;Tombamento;1;0;1;;;;1
06/12/2011;16:48:00;314;sem vítima;518;BR-116/PR;Sul;Colisão Lateral;2;2;;;;;1
06/12/2011;06:48:00;97;com vítima;545;BR-116/PR;Norte;Saida de Pista;1;0;1;;;;1
06/12/2011;05:04:00;73;sem vítima;567;BR-116/PR;Sul;Saida de Pista;1;1;;;;;1
06/12/2011;06:29:00;85;sem vítima;567;BR-116/PR;Sul;Colisão Lateral;2;2;;;;;1
06/12/2011;18:40:00;340;sem vítima;567;BR-116/PR;Norte;Colisão Lateral;1;3;;;;;1
07/12/2011;18:08:00;387;sem vítima;273,5;BR-116/PR;Sul;Colisão Lateral;1;2;;;;;1
07/12/2011;17:27:00;368;sem vítima;344,3;BR-116/PR;Sul;Colisão Traseira;2;2;;;;;1
07/12/2011;08:27:00;144;sem vítima;354;BR-116/PR;Sul;Colisão Traseira;1;5;;;;;1
07/12/2011;01:45:00;31;sem vítima;427,8;BR-116/PR;Norte;Saida de Pista;1;1;;;;;1
07/12/2011;05:22:00;73;com vítima;432,9;BR-116/PR;Sul;Tombamento;1;0;1;;;;1
07/12/2011;03:34:00;60;sem vítima;514,2;BR-116/PR;Sul;Saida de Pista;1;1;;;;;1
07/12/2011;01:40:00;29;sem vítima;515;BR-116/PR;Norte;Colisão Lateral;2;2;;;;;1
07/12/2011;02:30:00;40;sem vítima;518;BR-116/PR;Sul;Saida de Pista;1;1;;;;;1
08/12/2011;07:41:00;146;com vítima;30,4;BR-116/PR;Sul;Tombamento;1;0;1;;;;1
08/12/2011;07:59:00;162;sem vítima;283,5;BR-116/PR;Norte;Colisão Lateral;1;2;;;;;1
08/12/2011;09:13:00;197;sem vítima;290,1;BR-116/PR;Norte;Colisão Traseira;1;2;;;;;1
08/12/2011;11:32:00;254;sem vítima;291,6;BR-116/PR;Norte;Colisão Lateral;3;4;;;;;1
08/12/2011;12:51:00;278;com vítima;316,5;BR-116/PR;Norte;Saida de Pista;1;0;1;;;;1
08/12/2011;17:27:00;383;com vítima;360,2;BR-116/PR;Sul;Tombamento;2;1;1;;;;1
08/12/2011;05:28:00;97;com vítima;411,1;BR-116/PR;Norte;Tombamento;1;1;1;;;;1
08/12/2011;00:31:00;12;sem vítima;486;BR-116/PR;Norte;Colisão Traseira;2;2;;;;;1
08/12/2011;00:11:00;4;sem vítima;527;BR-116/PR;Sul;Saida de Pista;1;1;;;;;1
08/12/2011;17:36:00;384;sem vítima;548;BR-116/PR;Sul;Tombamento;1;1;;;;;1
09/12/2011;04:54:00;91;sem vítima;41,8;BR-116/PR;Sul;Saida de Pista;1;2;;;;;1
09/12/2011;22:28:00;447;sem vítima;50;BR-116/PR;Norte;Saida de Pista;1;1;;;;;1
09/12/2011;02:30:00;57;sem vítima;57,5;BR-116/PR;Norte;Tombamento;1;1;;;;;1
09/12/2011;07:04:00;118;sem vítima;57,5;BR-116/PR;Sul;Tombamento;1;1;;;;;1
09/12/2011;06:23:00;106;com vítima;328;BR-116/PR;Norte;Saida de Pista;1;0;1;;;;1
09/12/2011;05:09:00;94;com vítima;360,2;BR-116/PR;Norte;Tombamento;2;2;;1;;;2
09/12/2011;00:14:00;9;sem vítima;510,3;BR-116/PR;Sul;Tombamento;1;1;;;;;1
09/12/2011;19:48:00;406;sem vítima;546;BR-116/PR;Norte;Saida de Pista;1;1;;;;;1
09/12/2011;23:59:00;481;com vítima;560,7;BR-116/PR;Sul;Outros - Sequência;1;2;1;1;;1;3
09/12/2011;19:23:00;396;sem vítima;562;BR-116/PR;Sul;Tombamento;2;4;;;;;1
10/12/2011;07:03:00;87;sem vítima;5;BR-116/PR;Norte;Engavetamento;1;4;;;;;1
10/12/2011;05:42:00;74;sem vítima;50,2;BR-116/PR;Sul;Saida de Pista;1;2;;;;;1
10/12/2011;10:20:00;197;sem vítima;299;BR-116/PR;Sul;Colisão Lateral;1;2;;;;;1
10/12/2011;01:36:00;20;com vítima;360;BR-116/PR;Sul;Saida de Pista;1;0;1;1;;;2
10/12/2011;03:53:00;55;sem vítima;472;BR-116/PR;Norte;Saida de Pista;1;2;;;;;1
10/12/2011;00:10:00;2;com vítima;560,7;BR-116/PR;Norte;Colisão Lateral;1;2;;3;;;2
11/12/2011;21:20:00;393;sem vítima;25;BR-116/PR;Sul;Colisão Traseira;2;2;;;;;1
11/12/2011;09:54:00;165;com vítima;33;BR-116/PR;Norte;Tombamento;1;0;;1;;;2
11/12/2011;17:20:00;300;sem vítima;473;BR-116/PR;Sul;Colisão Lateral;1;2;;;;;1
11/12/2011;14:58:00;250;sem vítima;506;BR-116/PR;Sul;Colisão Traseira;2;2;;;;;1
11/12/2011;09:12:00;153;com vítima;508;BR-116/PR;Norte;Saida de Pista;1;1;1;;;;1
12/12/2011;19:02:00;413;sem vítima;55;BR-116/PR;Norte;Colisão Lateral;1;3;;;;;1
12/12/2011;14:30:00;295;com vítima;364;BR-116/PR;Norte;Tombamento;1;0;1;;;;1
12/12/2011;23:45:00;488;sem vítima;407;BR-116/PR;Sul;Colisão Traseira;1;2;;;;;1
12/12/2011;17:47:00;383;sem vítima;486;BR-116/PR;Norte;Colisão Traseira;1;3;;;;;1
12/12/2011;21:22:00;457;sem vítima;514;BR-116/PR;Norte;Saida de Pista;1;1;;;;;1
12/12/2011;06:08:00;95;com vítima;517,7;BR-116/PR;Norte;Saida de Pista;1;0;1;;;;1
12/12/2011;17:32:00;375;sem vítima;520;BR-116/PR;Sul;Colisão Lateral;1;4;;;;;1
13/12/2011;16:12:00;343;sem vítima;7;BR-116/PR;Sul;Tombamento;1;1;;;;;1
13/12/2011;20:35:00;440;sem vítima;13;BR-116/PR;Sul;Saida de Pista;1;1;;;;;1
13/12/2011;17:26:00;373;sem vítima;14,5;BR-116/PR;Norte;Colisão Traseira;1;5;;;;;1
13/12/2011;11:34:00;251;com vítima;297;BR-116/PR;Sul;Colisão Transversal;1;1;2;;;;1
13/12/2011;01:14:00;17;sem vítima;345,6;BR-116/PR;Sul;Tombamento;1;1;;;;;1
13/12/2011;23:30:00;478;sem vítima;490;BR-116/PR;Sul;Colisão Traseira;3;3;;;;;1
13/12/2011;19:41:00;429;com vítima;495,6;BR-116/PR;Norte;Travessia Canteiro Central;1;0;1;;;;1
13/12/2011;01:59:00;26;com vítima;511,5;BR-116/PR;Norte;Tombamento;1;0;1;;;;1
13/12/2011;04:51:00;65;sem vítima;525,5;BR-116/PR;Sul;Saida de Pista;1;1;;;;;1
14/12/2011;05:10:00;73;sem vítima;7,8;BR-116/PR;Sul;Colisão Traseira;2;2;;;;;1
14/12/2011;23:52:00;513;com vítima;23,3;BR-116/PR;Norte;Tombamento;1;0;1;;;;1
14/12/2011;17:06:00;382;sem vítima;28;BR-116/PR;Norte;Tombamento;1;1;;;;;1
14/12/2011;16:24:00;364;sem vítima;51,5;BR-116/PR;Sul;Saida de Pista;1;2;;;;;1
14/12/2011;06:54:00;91;sem vítima;57;BR-116/PR;Sul;Colisão Traseira;1;4;;;;;1
14/12/2011;22:14:00;487;com vítima;273,1;BR-116/PR;Norte;Choque - Defensa, barreira ou "submarino";1;1;1;;;;1
14/12/2011;18:31:00;411;sem vítima;282;BR-116/PR;Sul;Colisão Traseira;1;2;;;;;1
14/12/2011;14:55:00;329;sem vítima;331;BR-116/PR;Norte;Choque - Suporte de Sinalização;1;1;;;;;1
14/12/2011;06:11:00;79;sem vítima;360,6;BR-116/PR;Norte;Tombamento;1;1;;;;;1
14/12/2011;01:58:00;33;sem vítima;426,8;BR-116/PR;Sul;Colisão Lateral;2;3;;;;;1
14/12/2011;08:44:00;157;sem vítima;448,3;BR-116/PR;Norte;Choque - Defensa, barreira ou "submarino";1;1;;;;;1
14/12/2011;01:47:00;28;sem vítima;466;BR-116/PR;Norte;Saida de Pista;1;1;;;;;1
14/12/2011;23:40:00;511;sem vítima;528,3;BR-116/PR;Norte;Colisão Traseira;3;3;;;;;1
14/12/2011;07:24:00;103;com vítima;538;BR-116/PR;Sul;Choque - Defensa, barreira ou "submarino";1;3;1;;;;1
14/12/2011;19:35:00;435;sem vítima;544;BR-116/PR;Norte;Colisão Lateral;1;2;;;;;1
14/12/2011;16:41:00;373;com vítima;550,9;BR-116/PR;Sul;Tombamento;1;0;1;;;;1
14/12/2011;04:35:00;67;sem vítima;551,2;BR-116/PR;Sul;Choque - Talude;1;1;;;;;1
14/12/2011;19:20:00;430;sem vítima;557;BR-116/PR;Norte;Colisão Traseira;1;3;;;;;1
15/12/2011;23:24:00;439;com vítima;6,6;BR-116/PR;Norte;Colisão Traseira;2;1;1;;;;1
15/12/2011;11:37:00;213;com vítima;19;BR-116/PR;Sul;Engavetamento;3;2;;1;;;2
15/12/2011;04:09:00;56;sem vítima;23;BR-116/PR;Sul;Colisão Traseira;2;6;;;;;1
15/12/2011;09:46:00;169;sem vítima;278,8;BR-116/PR;Sul;Saida de Pista;1;1;;;;;1
15/12/2011;02:08:00;28;sem vítima;302;BR-116/PR;Sul;Choque - Poste;1;1;;;;;1
15/12/2011;17:27:00;336;sem vítima;343;BR-116/PR;Norte;Colisão Lateral;2;2;;;;;1
15/12/2011;04:32:00;61;sem vítima;354,3;BR-116/PR;Norte;Colisão Traseira;2;2;;;;;1
15/12/2011;06:53:00;82;com vítima;392;BR-116/PR;Sul;Tombamento;1;0;1;;;;1
15/12/2011;16:36:00;315;sem vítima;417;BR-116/PR;Sul;Choque - Veiculo parado na pista;2;2;;;;;1
15/12/2011;01:06:00;16;sem vítima;424;BR-116/PR;Sul;Tombamento;1;1;;;;;1
15/12/2011;06:40:00;79;com vítima;438,7;BR-116/PR;Norte;Tombamento;1;1;1;;;;1
15/12/2011;11:20:00;201;sem vítima;522,3;BR-116/PR;Norte;Saida de Pista;1;1;;;;;1
15/12/2011;10:54:00;200;sem vítima;549,99;BR-116/PR;Sul;Colisão Traseira;1;4;;;;;1
16/12/2011;06:57:00;127;sem vítima;10,5;BR-116/CW;Sul;Colisão Traseira;2;2;;;;;1
16/12/2011;07:26:00;140;sem vítima;32,5;BR-116/PR;Norte;Tombamento;1;1;;;;;1
16/12/2011;03:37:00;69;com vítima;413;BR-116/PR;Sul;Tombamento;1;0;1;;;;1
16/12/2011;01:44:00;31;com vítima;505,95;BR-116/PR;Norte;Saida de Pista;1;0;1;;;;1
16/12/2011;22:14:00;464;com vítima;532;BR-116/PR;Sul;Colisão Traseira;3;2;;1;;;2
17/12/2011;04:55:00;90;com vítima;354;BR-116/PR;Norte;Colisão Frontal;3;1;3;;;;1
17/12/2011;19:06:00;445;sem vítima;370;BR-116/PR;Sul;Colisão Traseira;1;3;;;;;1
17/12/2011;03:51:00;68;sem vítima;428;BR-116/PR;Norte;Saida de Pista;1;2;;;;;1
17/12/2011;04:45:00;89;sem vítima;428;BR-116/PR;Norte;Saida de Pista;1;6;;;;;1
17/12/2011;10:30:00;234;com vítima;434,1;BR-116/PR;Norte;Colisão Traseira;1;1;1;1;;;2
17/12/2011;05:51:00;113;com vítima;517,8;BR-116/PR;Norte;Tombamento;1;1;1;;;;1
17/12/2011;20:04:00;460;sem vítima;543;BR-116/PR;Sul;Choque - Defensa, barreira ou "submarino";1;1;;;;;1
17/12/2011;17:03:00;395;sem vítima;543,4;BR-116/PR;Sul;Colisão Lateral;2;2;;;;;1
18/12/2011;21:24:00;429;sem vítima;18,6;BR-116/PR;Norte;Choque - Defensa, barreira ou "submarino";1;1;;;;;1
18/12/2011;20:55:00;423;com vítima;32,5;BR-116/PR;Norte;Tombamento;1;0;1;;;;1
18/12/2011;20:23:00;418;com vítima;53;BR-116/PR;Norte;Colisão Lateral;1;1;2;;;;1
18/12/2011;06:14:00;92;com vítima;423,3;BR-116/PR;Norte;Tombamento;1;1;1;;;;1
18/12/2011;15:30:00;284;sem vítima;560,2;BR-116/PR;Norte;Colisão Lateral;2;2;;;;;1
19/12/2011;03:35:00;27;sem vítima;1,5;BR-116/PR;Norte;Tombamento;1;3;;;;;1
19/12/2011;08:44:00;138;com vítima;370;BR-116/PR;Norte;Colisão Traseira;2;2;1;;;;1