data;horario;n_da_ocorrencia;tipo_de_ocorrencia;km;trecho;sentido;tipo_de_acidente;caminhao;ilesos;levemente_feridos;moderadamente_feridos;gravemente_feridos;mortos;3
20/12/2011;06:00:00;104;com vítima;34;BR-116/PR;Sul;Choque - Talude;1;0;;1;;;2
20/12/2011;17:46:00;420;sem vítima;45,5;BR-116/PR;Norte;Tombamento;1;1;;;;;1
20/12/2011;17:48:00;421;sem vítima;71;BR-116/PR;Norte;Choque - Objeto sobre a pista;2;2;;;;;1
20/12/2011;12:26:00;271;sem vítima;281;BR-116/PR;Sul;Colisão Traseira;2;3;;;;;1
20/12/2011;09:51:00;202;sem vítima;284;BR-116/PR;Norte;Saida de Pista;1;3;;;;;1
20/12/2011;00:27:00;15;com vítima;376,7;BR-116/PR;Sul;Colisão Lateral;2;2;1;;;;1
20/12/2011;10:00:00;209;com vítima;478;BR-116/PR;Norte;Atropelamento - Morador;1;1;;;1;;2
20/12/2011;02:21:00;43;com vítima;483,3;BR-116/PR;Sul;Colisão Traseira;1;1;1;;;;1
20/12/2011;07:06:00;125;sem vítima;493,2;BR-116/PR;Norte;Saida de Pista;1;1;;;;;1
20/12/2011;16:49:00;386;com vítima;564;BR-116/PR;Norte;Saida de Pista;1;0;1;;;;1
21/12/2011;22:52:00;521;com vítima;5;BR-116/PR;Norte;Saida de Pista;1;0;1;;;;1
21/12/2011;09:15:00;176;sem vítima;23;BR-116/PR;Sul;Colisão Traseira;2;6;;;;;1
21/12/2011;23:51:00;545;sem vítima;41;BR-116/PR;Sul;Saida de Pista;1;3;;;;;1
21/12/2011;00:28:00;12;sem vítima;269,7;BR-116/PR;Sul;Colisão Traseira;1;5;;;;;1
21/12/2011;04:32:00;83;sem vítima;321;BR-116/PR;Norte;Colisão Lateral;2;2;;;;;1
21/12/2011;17:03:00;384;sem vítima;329;BR-116/PR;Sul;Colisão Traseira;1;2;;;;;1
21/12/2011;22:06:00;503;sem vítima;337;BR-116/PR;Sul;Colisão Traseira;1;2;;;;;1
21/12/2011;08:15:00;140;sem vítima;346,1;BR-116/PR;Sul;Colisão Traseira;1;3;;;;;1
21/12/2011;16:59:00;380;com vítima;355;BR-116/PR;Norte;Capotamento;1;0;2;;;1;3
21/12/2011;16:14:00;358;sem vítima;437,8;BR-116/PR;Sul;Choque - Talude;1;1;;;;;1
21/12/2011;05:11:00;88;sem vítima;476,5;BR-116/PR;Sul;Colisão Traseira;2;2;;;;;1
21/12/2011;06:31:00;102;com vítima;503,1;BR-116/PR;Sul;Tombamento;1;0;1;;;;1
21/12/2011;02:36:00;54;com vítima;544,8;BR-116/PR;Norte;Tombamento;1;0;1;;;;1
21/12/2011;18:46:00;451;sem vítima;548;BR-116/PR;Sul;Tombamento;1;1;;;;;1
22/12/2011;05:36:00;100;sem vítima;11;BR-116/PR;Sul;Colisão Traseira;1;2;;;;;1
22/12/2011;06:16:00;106;sem vítima;11,4;BR-116/CW;Sul;Choque - Defensa, barreira ou "submarino";1;1;;;;;1
22/12/2011;02:26:00;44;sem vítima;24;BR-116/PR;Norte;Saida de Pista;2;3;;;;;1
22/12/2011;23:50:00;553;sem vítima;333;BR-116/PR;Sul;Colisão Traseira;1;2;;;;;1
22/12/2011;00:07:00;3;sem vítima;341,2;BR-116/PR;Sul;Colisão Traseira;1;2;;;;;1
22/12/2011;05:37:00;101;sem vítima;362;BR-116/PR;Sul;Saida de Pista;1;1;;;;;1
22/12/2011;02:53:00;51;sem vítima;426;BR-116/PR;Norte;Colisão Traseira;2;2;;;;;1
22/12/2011;17:44:00;412;sem vítima;463;BR-116/PR;Norte;Choque - Outros;1;1;;;;;1
22/12/2011;05:26:00;98;sem vítima;514;BR-116/PR;Sul;Colisão Traseira;2;2;;;;;1
22/12/2011;17:10:00;392;sem vítima;515,35;BR-116/PR;Norte;Colisão Lateral;1;3;;;;;1
22/12/2011;07:16:00;124;com vítima;545;BR-116/PR;Norte;Tombamento;1;0;1;;;;1
23/12/2011;18:16:00;442;sem vítima;4;BR-116/PR;Norte;Tombamento;1;1;;;;;1
23/12/2011;18:25:00;445;sem vítima;279;BR-116/PR;Sul;Colisão Lateral;1;2;;;;;1
23/12/2011;04:17:00;82;com vítima;305;BR-116/PR;Norte;Saida de Pista;2;1;2;;;;1
23/12/2011;08:35:00;162;com vítima;350,3;BR-116/PR;Sul;Engavetamento;1;5;1;;;;1
23/12/2011;16:05:00;377;com vítima;369;BR-116/PR;Sul;Capotamento;1;0;1;;;;1
23/12/2011;18:34:00;449;sem vítima;449;BR-116/PR;Sul;Tombamento;1;1;;;;;1
24/12/2011;17:36:00;327;sem vítima;2;BR-116/PR;Norte;Saida de Pista;1;1;;;;;1
24/12/2011;01:29:00;26;com vítima;291,5;BR-116/PR;Sul;Colisão Frontal;1;1;1;;;;1
24/12/2011;23:06:00;416;com vítima;329,3;BR-116/PR;Norte;Atropelamento - Morador;1;3;;;;1;3
24/12/2011;03:21:00;47;sem vítima;426,3;BR-116/PR;Sul;Tombamento;1;1;;;;;1
24/12/2011;08:12:00;118;sem vítima;486;BR-116/PR;Norte;Colisão Traseira;1;4;;;;;1
24/12/2011;16:23:00;297;com vítima;513;BR-116/PR;Norte;Tombamento;1;0;2;;;;1
24/12/2011;02:20:00;37;sem vítima;516;BR-116/PR;Sul;Colisão Traseira;2;4;;;;;1
25/12/2011;15:19:00;191;com vítima;350,1;BR-116/PR;Norte;Colisão Frontal;2;3;1;;;;1
25/12/2011;18:45:00;281;sem vítima;357;BR-116/PR;Norte;Colisão Lateral;2;3;;;;;1
25/12/2011;21:42:00;352;sem vítima;562;BR-116/PR;Norte;Saida de Pista;1;1;;;;;1
26/12/2011;11:58:00;173;sem vítima;23;BR-116/PR;Sul;Saida de Pista;1;8;;;;;1
26/12/2011;06:04:00;56;sem vítima;61;BR-116/PR;Norte;Colisão Traseira;1;6;;;;;1
26/12/2011;00:29:00;9;sem vítima;357,4;BR-116/PR;Norte;Choque - Defensa, barreira ou "submarino";1;1;;;;;1
26/12/2011;23:56:00;408;sem vítima;359,6;BR-116/PR;Sul;Colisão Traseira;1;4;;;;;1
26/12/2011;19:30:00;341;sem vítima;426,8;BR-116/PR;Sul;Colisão Traseira;2;2;;;;;1
26/12/2011;18:04:00;307;sem vítima;501;BR-116/PR;Norte;Colisão Lateral;2;3;;;;;1
26/12/2011;10:36:00;148;sem vítima;515;BR-116/PR;Norte;Saida de Pista;1;1;;;;;1
26/12/2011;13:12:00;198;sem vítima;515;BR-116/PR;Norte;Colisão Traseira;2;2;;;;;1
26/12/2011;08:34:00;109;sem vítima;544;BR-116/PR;Norte;Colisão Lateral;1;6;;;;;1
26/12/2011;18:59:00;328;sem vítima;568;BR-116/PR;Sul;Saida de Pista;1;1;;;;;1
27/12/2011;03:32:00;58;sem vítima;34,4;BR-116/PR;Norte;Saida de Pista;1;2;;;;;1
27/12/2011;04:51:00;82;sem vítima;42;BR-116/PR;Sul;Saida de Pista;1;3;;;;;1
27/12/2011;14:10:00;274;sem vítima;299;BR-116/PR;Sul;Colisão Traseira;1;4;;;;;1
27/12/2011;21:51:00;425;sem vítima;331;BR-116/PR;Norte;Colisão Traseira;2;2;;;;;1
27/12/2011;15:32:00;302;com vítima;408,3;BR-116/PR;Sul;Capotamento;1;6;;1;1;;2
27/12/2011;03:43:00;63;com vítima;511;BR-116/PR;Sul;Colisão Transversal;1;3;1;;;;1
27/12/2011;00:01:00;1;com vítima;567,3;BR-116/PR;Sul;Saida de Pista;1;0;1;;;;1
28/12/2011;19:10:00;363;com vítima;7;BR-116/PR;Sul;Saida de Pista;1;1;1;;;;1
28/12/2011;16:31:00;306;sem vítima;348,8;BR-116/PR;Sul;Colisão Traseira;1;2;;;;;1
28/12/2011;17:22:00;322;sem vítima;380,3;BR-116/PR;Norte;Saida de Pista;1;1;;;;;1
28/12/2011;05:38:00;103;sem vítima;459,1;BR-116/PR;Norte;Tombamento;1;1;;;;;1
28/12/2011;10:15:00;195;sem vítima;473;BR-116/PR;Sul;Capotamento;1;5;;;;;1
28/12/2011;15:12:00;277;sem vítima;568;BR-116/PR;Norte;Saida de Pista;1;2;;;;;1
29/12/2011;14:53:00;275;sem vítima;40;BR-116/PR;Norte;Saida de Pista;1;2;;;;;1
29/12/2011;12:43:00;236;sem vítima;326;BR-116/PR;Norte;Colisão Lateral;1;6;;;;;1
29/12/2011;01:05:00;21;sem vítima;351;BR-116/PR;Sul;Colisão Traseira;1;3;;;;;1
29/12/2011;00:49:00;16;sem vítima;472;BR-116/PR;Norte;Tombamento;1;1;;;;;1
29/12/2011;00:54:00;24;sem vítima;472;BR-116/PR;Sul;Choque - Outros;1;2;;;;;1
30/12/2011;07:35:00;110;com vítima;23,4;BR-116/PR;Norte;Tombamento;1;1;2;1;;;2
30/12/2011;18:49:00;314;sem vítima;337,9;BR-116/PR;Sul;Colisão Traseira;1;2;;;;;1
31/12/2011;09:16:00;163;sem vítima;65;BR-116/PR;Norte;Saida de Pista;1;3;;;;;1
31/12/2011;13:56:00;234;sem vítima;568;BR-116/PR;Norte;Saida de Pista;1;1;;;;;1
01/01/2012;16:13:00;212;com vítima;33;BR-116/PR;Norte;Saida de Pista;1;1;1;;;1;3
01/01/2012;17:49:00;246;com vítima;280;BR-116/PR;Norte;Colisão Traseira;1;31;2;;;;1
01/01/2012;16:37:00;217;com vítima;351;BR-116/PR;Sul;Colisão Frontal;2;2;;;2;;2
02/01/2012;02:55:00;51;sem vítima;513;BR-116/PR;Norte;Choque - Defensa, barreira ou "submarino";1;1;;;;;1
03/01/2012;09:27:00;183;sem vítima;357,8;BR-116/PR;Norte;Colisão Lateral;3;4;;;;;1
03/01/2012;08:09:00;135;sem vítima;360;BR-116/PR;Norte;Colisão Traseira;2;2;;;;;1
03/01/2012;07:45:00;130;sem vítima;563,9;BR-116/PR;Sul;Saida de Pista;1;4;;;;;1
03/01/2012;10:13:00;202;sem vítima;569;BR-116/PR;Sul;Colisão Lateral;1;2;;;;;1
04/01/2012;23:55:00;481;sem vítima;57,3;BR-116/PR;Norte;Colisão Traseira;2;2;;;;;1
04/01/2012;00:32:00;15;sem vítima;69,3;BR-116/PR;Norte;Colisão Traseira;2;2;;;;;1
04/01/2012;12:58:00;257;com vítima;279,5;BR-116/PR;Sul;Queda de Moto;1;1;2;;;;1
04/01/2012;18:53:00;396;sem vítima;283,3;BR-116/PR;Norte;Colisão Lateral;1;3;;;;;1
04/01/2012;11:39:00;243;com vítima;372;BR-116/PR;Norte;Tombamento;1;5;;1;;;2
05/01/2012;01:45:00;30;sem vítima;14,5;BR-116/PR;Sul;Saida de Pista;1;4;;;;;1
05/01/2012;06:58:00;104;sem vítima;57;BR-116/PR;Norte;Colisão Traseira;1;5;;;;;1
05/01/2012;02:57:00;47;com vítima;318,4;BR-116/PR;Norte;Engavetamento;3;2;1;;;;1
05/01/2012;08:32:00;147;sem vítima;360,3;BR-116/PR;Sul;Tombamento;1;2;;;;;1
05/01/2012;05:35:00;82;sem vítima;497;BR-116/PR;Sul;Saida de Pista;1;1;;;;;1
06/01/2012;11:45:00;229;sem vítima;273;BR-116/PR;Norte;Colisão Lateral;1;2;;;;;1
06/01/2012;18:01:00;350;sem vítima;277,5;BR-116/PR;Sul;Colisão Lateral;1;3;;;;;1
06/01/2012;06:06:00;84;com vítima;400,9;BR-116/PR;Sul;Colisão Traseira;2;1;1;;;;1
07/01/2012;02:12:00;27;sem vítima;271,8;BR-116/PR;Norte;Colisão Traseira;1;1;;;;;1
07/01/2012;14:54:00;334;sem vítima;546;BR-116/PR;Norte;Saida de Pista;1;1;;;;;1
07/01/2012;13:18:00;204;sem vítima;564;BR-116/PR;Sul;Saida de Pista;1;1;;;;;1
08/01/2012;13:51:00;230;sem vítima;287;BR-116/PR;Sul;Colisão Lateral;1;4;;;;;1
08/01/2012;16:31:00;279;sem vítima;485,7;BR-116/PR;Sul;Colisão Traseira;1;2;;;;;1
08/01/2012;18:54:00;329;com vítima;509;BR-116/PR;Norte;Tombamento;1;0;1;;;;1
08/01/2012;13:19:00;213;sem vítima;516,4;BR-116/PR;Norte;Colisão Traseira;1;2;;;;;1
09/01/2012;14:32:00;244;sem vítima;43,2;BR-116/PR;Norte;Tombamento;1;1;;;;;1
09/01/2012;19:09:00;333;sem vítima;339,5;BR-116/PR;Sul;Colisão Traseira;2;2;;;;;1
09/01/2012;12:16:00;210;sem vítima;357,3;BR-116/PR;Sul;Colisão Lateral;1;4;;;;;1
09/01/2012;23:32:00;389;sem vítima;363,8;BR-116/PR;Norte;Outros;1;2;;;;;1
09/01/2012;23:17:00;386;sem vítima;366,8;BR-116/PR;Sul;Tombamento;1;1;;;;;1
09/01/2012;13:04:00;222;sem vítima;470;BR-116/PR;Sul;Saida de Pista;1;2;;;;;1
09/01/2012;06:54:00;86;com vítima;480;BR-116/PR;Norte;Capotamento;1;0;1;;;;1
09/01/2012;19:07:00;332;sem vítima;515;BR-116/PR;Norte;Saida de Pista;1;2;;;;;1
10/01/2012;10:37:00;189;com vítima;58;BR-116/PR;Sul;Colisão Traseira;1;1;4;;;;1
10/01/2012;17:42:00;331;sem vítima;275;BR-116/PR;Sul;Colisão Traseira;1;7;;;;;1
10/01/2012;00:17:00;7;sem vítima;560;BR-116/PR;Sul;Colisão Traseira;1;2;;;;;1
11/01/2012;12:32:00;214;sem vítima;7;BR-116/PR;Sul;Saida de Pista;1;1;;;;;1
11/01/2012;14:12:00;247;sem vítima;7;BR-116/PR;Sul;Saida de Pista;1;2;;;;;1
11/01/2012;03:05:00;47;sem vítima;349,4;BR-116/PR;Norte;Colisão Traseira;2;2;;;;;1
11/01/2012;02:44:00;38;sem vítima;413,7;BR-116/PR;Norte;Colisão Traseira;2;2;;;;;1
11/01/2012;22:27:00;410;sem vítima;467;BR-116/PR;Norte;Colisão Traseira;2;5;;;;;1
11/01/2012;06:36:00;91;sem vítima;517;BR-116/PR;Sul;Saida de Pista;1;1;;;;;1
11/01/2012;15:37:00;280;sem vítima;517;BR-116/PR;Sul;Colisão Traseira;2;2;;;;;1
11/01/2012;07:22:00;105;sem vítima;518;BR-116/PR;Sul;Tombamento;1;1;;;;;1
11/01/2012;08:08:00;121;com vítima;545;BR-116/PR;Norte;Tombamento;1;1;;;;1;3
12/01/2012;06:28:00;78;sem vítima;444,3;BR-116/PR;Norte;Tombamento;1;1;;;;;1
12/01/2012;12:20:00;193;sem vítima;452;BR-116/PR;Sul;Colisão Traseira;2;8;;;;;1
12/01/2012;06:34:00;81;com vítima;459;BR-116/PR;Sul;Tombamento;1;0;1;;;;1
13/01/2012;08:05:00;132;sem vítima;23;BR-116/PR;Sul;Colisão Traseira;2;3;;;;;1
13/01/2012;16:23:00;299;sem vítima;348;BR-116/PR;Sul;Colisão Traseira;2;2;;;;;1
13/01/2012;03:51:00;50;com vítima;392,8;BR-116/PR;Norte;Colisão Traseira;2;1;;;1;;2
13/01/2012;17:57:00;338;sem vítima;523,5;BR-116/PR;Sul;Colisão Lateral;1;2;;;;;1
14/01/2012;00:56:00;20;sem vítima;271,1;BR-116/PR;Sul;Colisão Traseira;1;4;;;;;1
14/01/2012;19:06:00;371;sem vítima;300;BR-116/PR;Sul;Saida de Pista;1;3;;;;;1
14/01/2012;16:52:00;332;sem vítima;303,7;BR-116/PR;Sul;Tombamento;1;2;;;;;1
14/01/2012;11:31:00;216;com vítima;334,6;BR-116/PR;Sul;Queda de Moto;1;3;1;;;;1
14/01/2012;11:27:00;213;sem vítima;347;BR-116/PR;Sul;Colisão Traseira;1;6;;;;;1
14/01/2012;05:40:00;101;com vítima;357,4;BR-116/PR;Norte;Colisão Frontal;3;2;1;;;;1
14/01/2012;01:43:00;41;sem vítima;513;BR-116/PR;Sul;Saida de Pista;1;1;;;;;1
14/01/2012;14:54:00;288;sem vítima;541;BR-116/PR;Sul;Tombamento;1;4;;;;;1
14/01/2012;09:50:00;180;sem vítima;542,8;BR-116/PR;Sul;Colisão Traseira;1;4;;;;;1
14/01/2012;12:07:00;231;sem vítima;545;BR-116/PR;Norte;Colisão Traseira;2;2;;;;;1
14/01/2012;18:41:00;362;sem vítima;545;BR-116/PR;Sul;Colisão Traseira;1;3;;;;;1
14/01/2012;14:43:00;280;sem vítima;560;BR-116/PR;Sul;Tombamento;1;1;;;;;1
15/01/2012;07:40:00;103;com vítima;33;BR-116/PR;Norte;Capotamento;1;0;2;;;;1
15/01/2012;10:08:00;146;com vítima;40,1;BR-116/PR;Norte;Saida de Pista;2;1;1;;;;1
15/01/2012;19:39:00;338;sem vítima;59;BR-116/PR;Norte;Colisão Traseira;1;6;;;;;1
15/01/2012;01:11:00;29;com vítima;307,6;BR-116/PR;Sul;Colisão Traseira;3;1;;;1;1;3
15/01/2012;22:29:00;377;com vítima;488,4;BR-116/PR;Norte;Tombamento;2;2;3;;;;1
15/01/2012;12:28:00;182;sem vítima;516;BR-116/PR;Norte;Tombamento;1;1;;;;;1
16/01/2012;00:01:00;4;sem vítima;28,9;BR-116/PR;Norte;Colisão Traseira;2;3;;;;;1
16/01/2012;17:51:00;381;sem vítima;272,9;BR-116/PR;Sul;Colisão Traseira;1;4;;;;;1
16/01/2012;18:39:00;393;sem vítima;279;BR-116/PR;Sul;Colisão Lateral;1;2;;;;;1
16/01/2012;18:55:00;397;sem vítima;291;BR-116/PR;Norte;Choque - Outros;2;5;;;;;1
16/01/2012;10:55:00;204;sem vítima;319;BR-116/PR;Norte;Colisão Lateral;1;2;;;;;1
16/01/2012;20:47:00;425;com vítima;367;BR-116/PR;Sul;Tombamento;1;3;1;;;;1
16/01/2012;22:09:00;436;sem vítima;447;BR-116/PR;Norte;Colisão Traseira;2;2;;;;;1
16/01/2012;17:32:00;374;com vítima;504,4;BR-116/PR;Sul;Tombamento;1;3;1;;;;1
16/01/2012;14:21:00;281;sem vítima;511;BR-116/PR;Sul;Tombamento;1;2;;;;;1
16/01/2012;15:06:00;306;sem vítima;528;BR-116/PR;Norte;Saida de Pista;1;1;;;;;1
17/01/2012;05:40:00;92;sem vítima;18,5;BR-116/PR;Sul;Colisão Traseira;1;2;;;;;1
17/01/2012;17:03:00;340;sem vítima;27,8;BR-116/PR;Sul;Saida de Pista;1;2;;;;;1
17/01/2012;23:25:00;430;sem vítima;30;BR-116/PR;Norte;Saida de Pista;1;2;;;;;1
17/01/2012;19:49:00;383;sem vítima;69,5;BR-116/PR;Norte;Saida de Pista;1;1;;;;;1
17/01/2012;12:05:00;239;sem vítima;282,8;BR-116/PR;Norte;Colisão Traseira;1;3;;;;;1
17/01/2012;07:10:00;114;sem vítima;285;BR-116/PR;Norte;Engavetamento;1;3;;;;;1
17/01/2012;13:52:00;280;sem vítima;360;BR-116/PR;Norte;Colisão Lateral;1;3;;;;;1
17/01/2012;16:29:00;330;com vítima;377,5;BR-116/PR;Sul;Colisão Lateral;1;3;1;;;;1
17/01/2012;16:13:00;326;com vítima;513,5;BR-116/PR;Norte;Saida de Pista;1;0;1;;;;1
17/01/2012;06:25:00;99;sem vítima;514,8;BR-116/PR;Norte;Saida de Pista;2;2;;;;;1
17/01/2012;23:55:00;444;sem vítima;545,8;BR-116/PR;Sul;Tombamento;1;1;;;;;1
17/01/2012;00:52:00;13;sem vítima;562;BR-116/PR;Norte;Saida de Pista;1;1;;;;;1
18/01/2012;01:22:00;24;com vítima;300;BR-116/PR;Norte;Saida de Pista;1;1;1;;;;1
18/01/2012;06:05:00;77;sem vítima;337,1;BR-116/PR;Norte;Choque - Defensa, barreira ou "submarino";1;1;;;;;1
18/01/2012;07:35:00;109;sem vítima;337,2;BR-116/PR;Norte;Colisão Traseira;2;2;;;;;1
18/01/2012;16:28:00;317;sem vítima;344,2;BR-116/PR;Sul;Colisão Traseira;1;3;;;;;1
18/01/2012;10:36:00;200;sem vítima;351;BR-116/PR;Norte;Colisão Traseira;3;3;;;;;1
18/01/2012;15:53:00;304;sem vítima;383;BR-116/PR;Sul;Saida de Pista;1;1;;;;;1
18/01/2012;22:39:00;430;sem vítima;387,7;BR-116/PR;Sul;Tombamento;1;3;;;;;1
18/01/2012;13:59:00;266;sem vítima;466;BR-116/PR;Norte;Colisão Lateral;2;2;;;;;1
18/01/2012;01:39:00;28;sem vítima;504,5;BR-116/PR;Norte;Choque - Objeto sobre a pista;1;2;;;;;1
18/01/2012;11:16:00;209;sem vítima;545;BR-116/PR;Norte;Colisão Lateral;1;3;;;;;1
18/01/2012;13:50:00;263;sem vítima;560,5;BR-116/PR;Sul;Colisão Lateral;1;3;;;;;1
19/01/2012;00:28:00;7;sem vítima;281,7;BR-116/PR;Sul;Colisão Lateral;1;2;;;;;1
19/01/2012;09:51:00;161;sem vítima;301;BR-116/PR;Sul;Colisão Lateral;1;4;;;;;1
20/01/2012;18:50:00;441;sem vítima;51;BR-116/PR;Sul;Outros;1;1;;;;;1
20/01/2012;19:32:00;452;sem vítima;285;BR-116/PR;Sul;Colisão Traseira;1;3;;;;;1
20/01/2012;07:22:00;128;sem vítima;309;BR-116/PR;Norte;Choque - Objeto sobre a pista;1;2;;;;;1
20/01/2012;21:53:00;499;sem vítima;337;BR-116/PR;Sul;Colisão Traseira;1;5;;;;;1
20/01/2012;21:21:00;491;sem vítima;392,8;BR-116/PR;Sul;Colisão Traseira;1;2;;;;;1
20/01/2012;17:23:00;403;sem vítima;400;BR-116/PR;Norte;Capotamento;1;2;;;;;1
20/01/2012;00:15:00;9;sem vítima;430,9;BR-116/PR;Norte;Tombamento;1;1;;;;;1
21/01/2012;12:17:00;270;com vítima;278,3;BR-116/PR;Norte;Colisão Traseira;1;1;1;;;;1
21/01/2012;01:28:00;42;sem vítima;299,9;BR-116/PR;Norte;Colisão Traseira;2;2;;;;;1
21/01/2012;04:54:00;118;com vítima;305;BR-116/PR;Norte;Colisão Traseira;1;2;1;;;;1
21/01/2012;01:40:00;52;sem vítima;385;BR-116/PR;Sul;Choque - Suporte de Sinalização;2;2;;;;;1
21/01/2012;12:19:00;273;com vítima;392,9;BR-116/PR;Sul;Atropelamento - Ciclista;1;1;1;;;;1
21/01/2012;22:20:00;439;com vítima;499,5;BR-116/PR;Sul;Tombamento;1;1;1;;;;1
21/01/2012;12:57:00;287;sem vítima;515,4;BR-116/PR;Norte;Engavetamento;2;4;;;;;1
21/01/2012;08:05:00;173;com vítima;545,2;BR-116/PR;Norte;Tombamento;1;0;1;;;;1
22/01/2012;02:46:00;54;sem vítima;273,5;BR-116/PR;Norte;Colisão Traseira;2;5;;;;;1
22/01/2012;20:12:00;421;sem vítima;357;BR-116/PR;Sul;Tombamento;2;2;;;;;1
22/01/2012;02:20:00;49;sem vítima;424;BR-116/PR;Norte;Saida de Pista;1;1;;;;;1
22/01/2012;13:31:00;229;com vítima;511,7;BR-116/PR;Norte;Tombamento;1;0;;1;;;2
23/01/2012;12:54:00;216;sem vítima;23;BR-116/PR;Sul;Colisão Traseira;4;5;;;;;1
23/01/2012;11:11:00;198;com vítima;354,9;BR-116/PR;Sul;Capotamento;1;0;;;;1;3
23/01/2012;03:39:00;58;sem vítima;401,2;BR-116/PR;Norte;Choque - Defensa, barreira ou "submarino";1;1;;;;;1
23/01/2012;19:03:00;334;sem vítima;542;BR-116/PR;Norte;Saida de Pista;1;1;;;;;1
24/01/2012;20:44:00;395;sem vítima;0,5;BR-116/PR;Sul;Colisão Traseira;2;2;;;;;1
24/01/2012;10:31:00;177;sem vítima;271;BR-116/PR;Norte;Colisão Traseira;1;2;;;;;1
24/01/2012;06:54:00;97;sem vítima;304,2;BR-116/PR;Norte;Tombamento;1;2;;;;;1
24/01/2012;17:44:00;337;com vítima;440;BR-116/PR;Norte;Atropelamento - Ciclista;1;1;1;;;;1
24/01/2012;05:21:00;81;com vítima;511,6;BR-116/PR;Norte;Tombamento;1;0;2;;;;1
24/01/2012;13:40:00;255;sem vítima;563;BR-116/PR;Sul;Colisão Lateral;1;2;;;;;1
24/01/2012;05:26:00;82;sem vítima;565,5;BR-116/PR;Sul;Saida de Pista;1;1;;;;;1
25/01/2012;20:43:00;429;sem vítima;28,8;BR-116/PR;Norte;Saida de Pista;1;1;;;;;1
25/01/2012;17:43:00;364;sem vítima;290,3;BR-116/PR;Norte;Colisão Traseira;1;3;;;;;1
25/01/2012;22:12:00;451;sem vítima;355,1;BR-116/PR;Norte;Tombamento;1;1;;;;;1
25/01/2012;14:40:00;292;sem vítima;358;BR-116/PR;Norte;Colisão Traseira;1;3;;;;;1
25/01/2012;09:25:00;170;sem vítima;485;BR-116/PR;Sul;Colisão Traseira;2;3;;;;;1
25/01/2012;06:55:00;95;sem vítima;551;BR-116/PR;Norte;Colisão Traseira;2;2;;;;;1
25/01/2012;05:55:00;81;sem vítima;561,6;BR-116/PR;Sul;Choque - Defensa, barreira ou "submarino";1;1;;;;;1
26/01/2012;06:42:00;91;sem vítima;46,8;BR-116/PR;Sul;Saida de Pista;1;1;;;;;1
26/01/2012;23:20:00;426;sem vítima;63;BR-116/PR;Norte;Choque - Outros;1;5;;;;;1
26/01/2012;10:20:00;189;com vítima;65,3;BR-116/PR;Sul;Saida de Pista;1;0;1;;;;1
26/01/2012;07:18:00;107;com vítima;346;BR-116/PR;Sul;Saida de Pista;1;0;1;;;;1
26/01/2012;06:50:00;97;sem vítima;352;BR-116/PR;Sul;Tombamento;2;5;;;;;1
26/01/2012;16:29:00;315;com vítima;391;BR-116/PR;Sul;Capotamento;1;3;2;1;;;2
26/01/2012;00:24:00;8;sem vítima;490;BR-116/PR;Norte;Colisão Lateral;1;2;;;;;1
26/01/2012;23:36:00;432;sem vítima;501;BR-116/PR;Sul;Saida de Pista;1;1;;;;;1
26/01/2012;14:53:00;273;com vítima;515;BR-116/PR;Sul;Colisão Traseira;1;1;2;1;;;2
26/01/2012;02:23:00;40;sem vítima;556;BR-116/PR;Sul;Saida de Pista;1;1;;;;;1
27/01/2012;22:44:00;458;sem vítima;343;BR-116/PR;Sul;Colisão Traseira;1;2;;;;;1
27/01/2012;03:26:00;76;sem vítima;347,7;BR-116/PR;Sul;Colisão Lateral;1;6;;;;;1
27/01/2012;09:46:00;210;com vítima;400,9;BR-116/PR;Sul;Colisão Lateral;1;1;;;1;;2
27/01/2012;06:26:00;117;sem vítima;564,5;BR-116/PR;Sul;Saida de Pista;1;1;;;;;1
28/01/2012;03:08:00;40;com vítima;345;BR-116/PR;Sul;Colisão Traseira;1;1;;1;;;2
28/01/2012;15:38:00;287;sem vítima;426,6;BR-116/PR;Norte;Colisão Traseira;1;10;;;;;1
28/01/2012;14:11:00;252;sem vítima;517,6;BR-116/PR;Norte;Colisão Lateral;1;3;;;;;1
28/01/2012;14:30:00;257;sem vítima;539,3;BR-116/PR;Sul;Colisão Lateral;1;2;;;;;1
28/01/2012;07:08:00;95;sem vítima;560;BR-116/PR;Sul;Colisão Lateral;1;6;;;;;1
29/01/2012;21:12:00;396;sem vítima;60;BR-116/PR;Norte;Colisão Traseira;2;2;;;;;1
29/01/2012;19:20:00;360;sem vítima;426,5;BR-116/PR;Norte;Colisão Traseira;2;2;;;;;1
29/01/2012;19:39:00;369;sem vítima;552;BR-116/PR;Norte;Colisão Traseira;1;2;;;;;1
30/01/2012;20:37:00;375;com vítima;0;BR-116/CW;Norte;Colisão Traseira;1;1;;;1;;2
30/01/2012;14:51:00;267;sem vítima;270;BR-116/PR;Norte;Tombamento;1;2;;;;;1
30/01/2012;22:28:00;395;sem vítima;516,95;BR-116/PR;Sul;Saida de Pista;1;2;;;;;1
31/01/2012;06:46:00;94;sem vítima;348,7;BR-116/PR;Norte;Colisão Lateral;2;2;;;;;1
31/01/2012;13:15:00;239;com vítima;360,5;BR-116/PR;Sul;Tombamento;1;0;1;;;;1
31/01/2012;04:58:00;73;sem vítima;394,6;BR-116/PR;Norte;Colisão Lateral;3;3;;;;;1