data;horario;n_da_ocorrencia;tipo_de_ocorrencia;km;trecho;sentido;tipo_de_acidente;caminhao;ilesos;levemente_feridos;moderadamente_feridos;gravemente_feridos;mortos;3
31/01/2012;14:54:00;277;com vítima;400,8;BR-116/PR;Sul;Tombamento;1;1;1;;;;1
31/01/2012;20:05:00;381;sem vítima;423,9;BR-116/PR;Sul;Choque - Objeto sobre a pista;1;4;;;;;1
31/01/2012;11:27:00;210;sem vítima;426;BR-116/PR;Norte;Colisão Traseira;2;3;;;;;1
01/02/2012;21:24:00;448;sem vítima;349;BR-116/PR;Norte;Colisão Lateral;1;2;;;;;1
01/02/2012;11:31:00;235;sem vítima;387,7;BR-116/PR;Norte;Colisão Traseira;2;2;;;;;1
01/02/2012;00:30:00;11;sem vítima;484,8;BR-116/PR;Sul;Tombamento;1;1;;;;;1
01/02/2012;08:20:00;129;com vítima;510,4;BR-116/PR;Norte;Tombamento;1;0;1;;;;1
01/02/2012;03:37:00;63;com vítima;511,3;BR-116/PR;Norte;Tombamento;1;0;1;;;;1
02/02/2012;09:25:00;171;sem vítima;286,1;BR-116/PR;Norte;Colisão Lateral;1;3;;;;;1
02/02/2012;14:22:00;278;sem vítima;339,8;BR-116/PR;Sul;Colisão Traseira;1;3;;;;;1
02/02/2012;12:35:00;253;sem vítima;426,2;BR-116/PR;Norte;Colisão Lateral;2;2;;;;;1
02/02/2012;15:54:00;323;com vítima;460;BR-116/PR;Sul;Capotamento;1;0;1;;;;1
02/02/2012;04:34:00;57;com vítima;515,5;BR-116/PR;Sul;Colisão Traseira;2;1;;;;1;3
02/02/2012;21:58:00;452;com vítima;520;BR-116/PR;Sul;Colisão Traseira;2;1;1;;;;1
02/02/2012;09:44:00;181;sem vítima;544;BR-116/PR;Norte;Tombamento;1;2;;;;;1
03/02/2012;17:45:00;392;sem vítima;292;BR-116/PR;Sul;Colisão Lateral;1;2;;;;;1
03/02/2012;17:04:00;371;sem vítima;411;BR-116/PR;Norte;Colisão Lateral;1;5;;;;;1
03/02/2012;18:39:00;422;sem vítima;426;BR-116/PR;Norte;Colisão Traseira;1;2;;;;;1
03/02/2012;23:30:00;502;sem vítima;461,5;BR-116/PR;Sul;Colisão Traseira;2;2;;;;;1
04/02/2012;09:11:00;144;com vítima;57;BR-116/PR;Norte;Colisão Traseira;2;2;1;;;;1
04/02/2012;12:22:00;228;sem vítima;289;BR-116/PR;Sul;Colisão Lateral;1;4;;;;;1
04/02/2012;21:29:00;424;sem vítima;403,1;BR-116/PR;Norte;Tombamento;1;1;;;;;1
04/02/2012;14:21:00;262;sem vítima;515,5;BR-116/PR;Sul;Saida de Pista;1;3;;;;;1
04/02/2012;08:48:00;133;com vítima;544;BR-116/PR;Norte;Tombamento;1;0;1;;;;1
05/02/2012;21:06:00;429;sem vítima;343;BR-116/PR;Norte;Colisão Lateral;1;6;;;;;1
05/02/2012;07:19:00;89;com vítima;363,6;BR-116/PR;Sul;Tombamento;1;0;1;;;;1
05/02/2012;17:01:00;298;com vítima;426;BR-116/PR;Norte;Colisão Traseira;1;2;1;;;;1
06/02/2012;06:16:00;103;sem vítima;297,6;BR-116/PR;Norte;Colisão Traseira;2;2;;;;;1
06/02/2012;16:16:00;345;com vítima;303,3;BR-116/PR;Sul;Colisão Lateral;2;1;;1;;;2
06/02/2012;17:48:00;389;sem vítima;375,8;BR-116/PR;Sul;Tombamento;1;1;;;;;1
06/02/2012;12:49:00;273;sem vítima;415,3;BR-116/PR;Sul;Saida de Pista;1;1;;;;;1
07/02/2012;10:26:00;231;com vítima;7,9;BR-116/CW;Sul;Choque - Defensa, barreira ou "submarino";1;1;1;;;;1
07/02/2012;01:35:00;32;com vítima;18;BR-116/PR;Sul;Colisão Lateral;2;1;1;;;;1
07/02/2012;15:12:00;305;sem vítima;346;BR-116/PR;Sul;Choque - Talude;1;1;;;;;1
07/02/2012;21:01:00;434;com vítima;362,3;BR-116/PR;Sul;Colisão Lateral;2;2;1;;;;1
07/02/2012;09:30:00;198;sem vítima;410,1;BR-116/PR;Norte;Colisão Traseira;2;2;;;;;1
07/02/2012;18:10:00;385;sem vítima;564,2;BR-116/PR;Sul;Saida de Pista;1;1;;;;;1
07/02/2012;18:42:00;395;com vítima;567;BR-116/PR;Sul;Colisão Traseira;3;2;1;;;;1
08/02/2012;19:01:00;377;sem vítima;29,5;BR-116/PR;Sul;Saida de Pista;1;1;;;;;1
08/02/2012;05:06:00;69;com vítima;46,7;BR-116/PR;Sul;Tombamento;1;0;1;;;;1
08/02/2012;05:53:00;82;sem vítima;292,2;BR-116/PR;Norte;Colisão Traseira;2;2;;;;;1
08/02/2012;06:55:00;96;com vítima;315,2;BR-116/PR;Norte;Tombamento;1;0;1;;;;1
08/02/2012;02:08:00;39;sem vítima;331,4;BR-116/PR;Norte;Saida de Pista;1;1;;;;;1
08/02/2012;07:58:00;118;sem vítima;362,8;BR-116/PR;Norte;Colisão Lateral;2;2;;;;;1
08/02/2012;09:24:00;153;com vítima;396,5;BR-116/PR;Sul;Colisão Traseira;2;1;1;;;;1
08/02/2012;07:44:00;113;sem vítima;518,8;BR-116/PR;Sul;Tombamento;1;1;;;;;1
08/02/2012;21:28:00;423;sem vítima;545,5;BR-116/PR;Norte;Saida de Pista;1;1;;;;;1
09/02/2012;17:27:00;345;com vítima;14,5;BR-116/PR;Norte;Saida de Pista;1;0;1;;;;1
09/02/2012;05:19:00;71;sem vítima;35,1;BR-116/PR;Sul;Saida de Pista;1;1;;;;;1
09/02/2012;06:11:00;83;com vítima;48,5;BR-116/PR;Sul;Colisão Traseira;2;1;;1;;;2
09/02/2012;07:56:00;110;sem vítima;384,5;BR-116/PR;Sul;Tombamento;1;1;;;;;1
09/02/2012;13:04:00;235;sem vítima;440;BR-116/PR;Norte;Colisão Lateral;1;5;;;;;1
09/02/2012;05:36:00;75;sem vítima;506;BR-116/PR;Norte;Tombamento;1;1;;;;;1
09/02/2012;17:29:00;348;sem vítima;564,5;BR-116/PR;Sul;Saida de Pista;1;1;;;;;1
10/02/2012;06:40:00;79;sem vítima;27,8;BR-116/PR;Norte;Tombamento;1;1;;;;;1
10/02/2012;18:18:00;314;sem vítima;43;BR-116/PR;Norte;Saida de Pista;1;1;;;;;1
10/02/2012;15:06:00;229;com vítima;67;BR-116/PR;Sul;Atropelamento - Morador;1;1;;;1;;2
10/02/2012;15:56:00;248;com vítima;306,5;BR-116/PR;Sul;Tombamento;1;0;;;1;;2
10/02/2012;23:37:00;401;sem vítima;339,8;BR-116/PR;Norte;Tombamento;1;1;;;;;1
10/02/2012;05:09:00;64;sem vítima;350;BR-116/PR;Norte;Colisão Traseira;2;3;;;;;1
10/02/2012;23:13:00;395;sem vítima;356,7;BR-116/PR;Sul;Colisão Traseira;1;4;;;;;1
10/02/2012;17:35:00;291;sem vítima;392;BR-116/PR;Sul;Saida de Pista;1;1;;;;;1
10/02/2012;17:42:00;294;com vítima;393;BR-116/PR;Sul;Tombamento;1;1;1;;;;1
10/02/2012;06:13:00;73;com vítima;402;BR-116/PR;Sul;Tombamento;2;3;2;;;;1
10/02/2012;03:08:00;51;com vítima;471;BR-116/PR;Norte;Tombamento;1;0;;1;;;2
10/02/2012;02:57:00;46;com vítima;545;BR-116/PR;Norte;Tombamento;1;0;1;;;;1
10/02/2012;00:44:00;33;com vítima;561,7;BR-116/PR;Sul;Colisão Traseira;2;2;1;;;;1
11/02/2012;09:08:00;152;sem vítima;41,9;BR-116/PR;Sul;Colisão Traseira;2;12;;;;;1
11/02/2012;08:04:00;118;sem vítima;42,3;BR-116/PR;Sul;Choque - Defensa, barreira ou "submarino";1;1;;;;;1
11/02/2012;06:33:00;79;sem vítima;324,5;BR-116/PR;Norte;Objeto lançado contra veículo;1;2;;;;;1
11/02/2012;19:35:00;376;com vítima;344,5;BR-116/PR;Sul;Colisão Frontal;1;1;;;;1;3
11/02/2012;19:11:00;370;sem vítima;348;BR-116/PR;Sul;Saida de Pista;1;1;;;;;1
11/02/2012;03:19:00;50;sem vítima;367;BR-116/PR;Norte;Colisão Lateral;2;2;;;;;1
11/02/2012;16:20:00;304;com vítima;369;BR-116/PR;Sul;Colisão Lateral;1;4;1;;;;1
11/02/2012;16:07:00;297;sem vítima;426;BR-116/PR;Norte;Colisão Traseira;1;3;;;;;1
11/02/2012;08:19:00;124;com vítima;511,2;BR-116/PR;Norte;Tombamento;1;0;1;;;;1
11/02/2012;17:31:00;333;sem vítima;540,8;BR-116/PR;Sul;Saida de Pista;1;1;;;;;1
12/02/2012;11:06:00;165;sem vítima;280,2;BR-116/PR;Norte;Colisão Lateral;1;3;;;;;1
13/02/2012;13:45:00;298;com vítima;43;BR-116/PR;Norte;Tombamento;1;0;1;;;;1
13/02/2012;06:31:00;107;sem vítima;335,5;BR-116/PR;Norte;Colisão Traseira;1;2;;;;;1
13/02/2012;07:42:00;141;com vítima;346,5;BR-116/PR;Sul;Colisão Traseira;2;2;1;;;;1
13/02/2012;20:03:00;432;sem vítima;365,5;BR-116/PR;Norte;Choque - Defensa, barreira ou "submarino";1;2;;;;;1
13/02/2012;16:19:00;359;sem vítima;421;BR-116/PR;Norte;Saida de Pista;1;1;;;;;1
13/02/2012;02:15:00;60;sem vítima;481,75;BR-116/PR;Norte;Colisão Traseira;1;3;;;;;1
13/02/2012;13:13:00;287;sem vítima;564,2;BR-116/PR;Sul;Saida de Pista;1;1;;;;;1
13/02/2012;16:12:00;354;sem vítima;567;BR-116/PR;Sul;Saida de Pista;1;1;;;;;1
14/02/2012;09:58:00;184;sem vítima;28;BR-116/PR;Norte;Colisão Traseira;1;2;;;;;1
14/02/2012;07:23:00;91;sem vítima;30;BR-116/PR;Sul;Tombamento;1;1;;;;;1
14/02/2012;17:39:00;348;sem vítima;273;BR-116/PR;Norte;Colisão Lateral;1;2;;;;;1
14/02/2012;21:56:00;420;sem vítima;351,2;BR-116/PR;Norte;Colisão Lateral;4;4;;;;;1
14/02/2012;03:39:00;46;sem vítima;362,6;BR-116/PR;Norte;Tombamento;1;1;;;;;1
14/02/2012;23:50:00;448;com vítima;414,8;BR-116/PR;Sul;Colisão Traseira;2;1;;;;1;3
14/02/2012;07:06:00;79;sem vítima;426;BR-116/PR;Sul;Colisão Traseira;1;2;;;;;1
14/02/2012;04:45:00;53;com vítima;504,5;BR-116/PR;Norte;Choque - Talude;1;0;1;1;;;2
14/02/2012;04:00:00;48;com vítima;511;BR-116/PR;Sul;Tombamento;1;0;2;;;;1
14/02/2012;10:10:00;188;com vítima;560;BR-116/PR;Sul;Saida de Pista;1;0;1;;;;1
15/02/2012;06:17:00;85;com vítima;17,5;BR-116/CW;Sul;Colisão Traseira;1;1;1;;;;1
15/02/2012;05:07:00;72;sem vítima;70,5;BR-116/PR;Norte;Choque - Objeto sobre a pista;2;2;;;;;1
15/02/2012;23:28:00;464;sem vítima;307,5;BR-116/PR;Norte;Colisão Lateral;1;4;;;;;1
15/02/2012;09:51:00;190;sem vítima;337;BR-116/PR;Sul;Saida de Pista;1;1;;;;;1
15/02/2012;01:11:00;20;sem vítima;374;BR-116/PR;Sul;Colisão Traseira;2;2;;;;;1
15/02/2012;00:07:00;3;sem vítima;472;BR-116/PR;Norte;Tombamento;1;2;;;;;1
15/02/2012;00:27:00;9;sem vítima;498;BR-116/PR;Norte;Colisão Lateral;1;4;;;;;1
16/02/2012;15:50:00;340;sem vítima;299;BR-116/PR;Sul;Colisão Traseira;2;2;;;;;1
16/02/2012;06:55:00;101;sem vítima;349,8;BR-116/PR;Norte;Tombamento;1;1;;;;;1
16/02/2012;02:47:00;47;sem vítima;378,6;BR-116/PR;Norte;Saida de Pista;1;1;;;;;1
16/02/2012;06:26:00;91;sem vítima;426;BR-116/PR;Sul;Colisão Traseira;1;5;;;;;1
16/02/2012;22:29:00;466;com vítima;517;BR-116/PR;Sul;Colisão Traseira;1;1;;;1;;2
17/02/2012;07:03:00;88;com vítima;24;BR-116/PR;Norte;Tombamento;1;0;1;;;;1
17/02/2012;02:33:00;40;com vítima;27;BR-116/PR;Sul;Colisão Traseira;2;1;;;1;;2
17/02/2012;08:32:00;135;com vítima;363,7;BR-116/PR;Norte;Tombamento;1;0;1;;;;1
17/02/2012;03:09:00;46;sem vítima;368;BR-116/PR;Norte;Colisão Lateral;1;3;;;;;1
17/02/2012;20:45:00;406;sem vítima;371;BR-116/PR;Sul;Colisão Traseira;1;5;;;;;1
17/02/2012;19:11:00;370;sem vítima;385;BR-116/PR;Sul;Colisão Traseira;2;2;;;;;1
17/02/2012;07:23:00;93;sem vítima;401;BR-116/PR;Norte;Colisão Lateral;2;2;;;;;1
17/02/2012;23:29:00;438;com vítima;548;BR-116/PR;Sul;Saida de Pista;1;0;1;;;;1
17/02/2012;12:34:00;209;com vítima;551,5;BR-116/PR;Norte;Tombamento;1;0;;1;;;2
18/02/2012;22:29:00;452;com vítima;23,1;BR-116/PR;Sul;Colisão Traseira;2;1;1;;;;1
18/02/2012;04:00:00;68;sem vítima;41,2;BR-116/PR;Sul;Tombamento;1;2;;;;;1
18/02/2012;15:34:00;304;com vítima;321;BR-116/PR;Sul;Queda de Moto;1;1;;;;1;3
18/02/2012;04:18:00;75;sem vítima;336;BR-116/PR;Sul;Colisão Traseira;1;2;;;;;1
18/02/2012;12:47:00;242;sem vítima;351,4;BR-116/PR;Sul;Tombamento;1;1;;;;;1
18/02/2012;09:25:00;157;sem vítima;383,7;BR-116/PR;Sul;Colisão Lateral;1;6;;;;;1
18/02/2012;15:20:00;296;sem vítima;387,7;BR-116/PR;Sul;Colisão Lateral;1;6;;;;;1
18/02/2012;00:01:00;1;sem vítima;548;BR-116/PR;Sul;Colisão Lateral;1;3;;;;;1
19/02/2012;22:58:00;409;sem vítima;289,5;BR-116/PR;Norte;Saida de Pista;1;1;;;;;1
19/02/2012;05:34:00;86;sem vítima;293;BR-116/PR;Sul;Colisão Lateral;1;6;;;;;1
19/02/2012;16:00:00;262;com vítima;545,3;BR-116/PR;Norte;Choque - Defensa, barreira ou "submarino";1;1;1;;;;1
20/02/2012;04:18:00;59;com vítima;54,8;BR-116/PR;Norte;Colisão Traseira;2;1;;;1;;2
20/02/2012;00:17:00;4;sem vítima;408;BR-116/PR;Norte;Atropelamento de Animal;3;3;;;;;1
20/02/2012;17:38:00;258;com vítima;560,7;BR-116/PR;Norte;Saida de Pista;1;2;1;;;;1
21/02/2012;18:03:00;380;sem vítima;68,4;BR-116/PR;Sul;Colisão Lateral;1;6;;;;;1
21/02/2012;16:49:00;342;com vítima;277;BR-116/PR;Sul;Colisão Lateral;1;2;1;;;;1
21/02/2012;19:25:00;416;com vítima;357,5;BR-116/PR;Norte;Colisão Traseira;2;3;1;1;1;;2
21/02/2012;16:54:00;345;sem vítima;363,9;BR-116/PR;Sul;Tombamento;1;1;;;;;1
21/02/2012;17:58:00;377;sem vítima;390;BR-116/PR;Sul;Colisão Traseira;1;3;;;;;1
22/02/2012;14:02:00;263;com vítima;8;BR-116/PR;Norte;Colisão Frontal;1;0;1;;;1;3
22/02/2012;07:42:00;121;sem vítima;279,5;BR-116/PR;Norte;Colisão Traseira;1;3;;;;;1
22/02/2012;02:10:00;40;sem vítima;515,8;BR-116/PR;Norte;Colisão Traseira;2;4;;;;;1
23/02/2012;15:51:00;325;sem vítima;23,8;BR-116/PR;Norte;Colisão Lateral;3;3;;;;;1
23/02/2012;16:18:00;338;sem vítima;23,8;BR-116/PR;Norte;Saida de Pista;1;1;;;;;1
23/02/2012;16:00:00;330;com vítima;40;BR-116/PR;Sul;Tombamento;1;1;1;;;;1
23/02/2012;10:51:00;215;sem vítima;352;BR-116/PR;Sul;Colisão Lateral;2;3;;;;;1
23/02/2012;07:07:00;109;sem vítima;393;BR-116/PR;Norte;Tombamento;1;2;;;;;1
23/02/2012;06:30:00;96;sem vítima;426,6;BR-116/PR;Norte;Colisão Traseira;1;4;;;;;1
23/02/2012;05:46:00;90;com vítima;456;BR-116/PR;Sul;Colisão Traseira;1;1;;3;;;2
23/02/2012;15:33:00;319;sem vítima;515,6;BR-116/PR;Norte;Tombamento;1;1;;;;;1
23/02/2012;16:18:00;337;sem vítima;515,6;BR-116/PR;Norte;Colisão Traseira;1;3;;;;;1
23/02/2012;17:35:00;364;sem vítima;545,6;BR-116/PR;Norte;Capotamento;1;6;;;;;1
23/02/2012;18:34:00;384;sem vítima;546;BR-116/PR;Sul;Choque - Defensa, barreira ou "submarino";1;1;;;;;1
23/02/2012;23:37:00;449;sem vítima;561,8;BR-116/PR;Sul;Colisão Traseira;1;2;;;;;1
24/02/2012;00:55:00;22;com vítima;329,2;BR-116/PR;Norte;Saida de Pista;1;0;1;;;;1
24/02/2012;03:19:00;62;sem vítima;434;BR-116/PR;Sul;Saida de Pista;1;1;;;;;1
24/02/2012;14:47:00;280;sem vítima;567;BR-116/PR;Sul;Saida de Pista;1;1;;;;;1
25/02/2012;23:09:00;422;sem vítima;14,3;BR-116/PR;Sul;Colisão Lateral;1;7;;;;;1
25/02/2012;00:25:00;7;sem vítima;293,9;BR-116/PR;Sul;Colisão Lateral;2;2;;;;;1
25/02/2012;10:43:00;186;sem vítima;352,4;BR-116/PR;Sul;Colisão Traseira;2;2;;;;;1
25/02/2012;02:05:00;34;com vítima;385;BR-116/PR;Norte;Colisão Traseira;1;2;3;;;;1
25/02/2012;10:48:00;188;com vítima;543,3;BR-116/PR;Norte;Tombamento;1;0;1;;;;1
25/02/2012;17:55:00;339;com vítima;560;BR-116/PR;Sul;Colisão Lateral;3;7;3;;;;1
26/02/2012;05:50:00;54;com vítima;42,8;BR-116/PR;Norte;Tombamento;1;0;1;;;;1
26/02/2012;19:31:00;364;sem vítima;63,3;BR-116/PR;Norte;Colisão Traseira;1;3;;;;;1
26/02/2012;14:29:00;231;sem vítima;534,9;BR-116/PR;Norte;Saida de Pista;1;1;;;;;1
26/02/2012;11:10:00;164;sem vítima;553;BR-116/PR;Sul;Saida de Pista;1;2;;;;;1
27/02/2012;22:27:00;396;sem vítima;330,8;BR-116/PR;Sul;Engavetamento;3;32;;;;;1
27/02/2012;02:27:00;27;sem vítima;515;BR-116/PR;Norte;Colisão Traseira;2;3;;;;;1
28/02/2012;06:32:00;91;sem vítima;55;BR-116/PR;Sul;Colisão Traseira;2;2;;;;;1
28/02/2012;04:01:00;67;com vítima;322,5;BR-116/PR;Norte;Tombamento;1;0;1;;;;1
28/02/2012;15:15:00;303;sem vítima;347;BR-116/PR;Sul;Tombamento;1;1;;;;;1
28/02/2012;10:29:00;209;sem vítima;422;BR-116/PR;Norte;Saida de Pista;1;1;;;;;1
28/02/2012;00:52:00;20;com vítima;515,2;BR-116/PR;Norte;Tombamento;1;0;1;;;;1
28/02/2012;00:14:00;8;sem vítima;516;BR-116/PR;Sul;Tombamento;1;1;;;;;1
29/02/2012;21:02:00;408;com vítima;40,1;BR-116/PR;Norte;Tombamento;1;1;;1;;;2
29/02/2012;07:09:00;92;sem vítima;60;BR-116/PR;Norte;Colisão Lateral;1;2;;;;;1
29/02/2012;02:39:00;39;com vítima;441,2;BR-116/PR;Norte;Saida de Pista;1;0;1;;;;1
01/03/2012;16:44:00;357;com vítima;8;BR-116/CW;Norte;Colisão Traseira;2;4;1;;;;1
01/03/2012;05:20:00;71;sem vítima;354;BR-116/PR;Sul;Colisão Frontal;2;3;;;;;1
01/03/2012;22:18:00;467;sem vítima;569;BR-116/PR;Norte;Tombamento;2;2;;;;;1
02/03/2012;20:11:00;401;com vítima;270;BR-116/PR;Sul;Outros - Sequência;1;3;1;;;;1
02/03/2012;20:10:00;400;sem vítima;272;BR-116/PR;Norte;Engavetamento;1;3;;;;;1
02/03/2012;19:55:00;397;sem vítima;282;BR-116/PR;Norte;Tombamento;1;1;;;;;1
02/03/2012;10:15:00;200;com vítima;488;BR-116/PR;Sul;Choque - Poste;1;2;1;;;;1
02/03/2012;20:35:00;407;sem vítima;508;BR-116/PR;Sul;Colisão Lateral;2;2;;;;;1
02/03/2012;17:04:00;337;sem vítima;548,3;BR-116/PR;Sul;Colisão Traseira;1;2;;;;;1
02/03/2012;07:41:00;114;com vítima;561;BR-116/PR;Sul;Tombamento;1;0;2;;;;1
02/03/2012;17:33:00;350;sem vítima;564,2;BR-116/PR;Sul;Saida de Pista;1;1;;;;;1
03/03/2012;20:11:00;392;com vítima;4;BR-116/PR;Sul;Saida de Pista;1;0;1;;;;1
03/03/2012;20:59:00;400;com vítima;351,9;BR-116/PR;Sul;Saida de Pista;1;0;1;;;;1
03/03/2012;06:46:00;95;com vítima;352;BR-116/PR;Sul;Colisão Frontal;1;2;1;;;;1
03/03/2012;04:48:00;76;sem vítima;352,9;BR-116/PR;Norte;Colisão Traseira;2;2;;;;;1
03/03/2012;04:34:00;72;com vítima;428,3;BR-116/PR;Norte;Tombamento;1;0;2;;;;1
03/03/2012;15:02:00;259;sem vítima;486;BR-116/PR;Sul;Colisão Traseira;2;2;;;;;1
03/03/2012;21:48:00;411;sem vítima;513,3;BR-116/PR;Norte;Saida de Pista;1;1;;;;;1
03/03/2012;00:16:00;9;com vítima;543,5;BR-116/PR;Sul;Colisão Lateral;1;2;1;;;;1
03/03/2012;18:19:00;360;com vítima;544;BR-116/PR;Norte;Colisão Lateral;1;2;1;;;;1
04/03/2012;07:34:00;94;com vítima;0,7;BR-116/PR;Norte;Tombamento;1;0;1;1;;;2
04/03/2012;14:34:00;209;com vítima;363,6;BR-116/PR;Norte;Tombamento;1;0;1;;;;1
04/03/2012;18:27:00;303;com vítima;545;BR-116/PR;Norte;Tombamento;1;0;1;;;;1
05/03/2012;20:33:00;423;sem vítima;52,8;BR-116/PR;Norte;Colisão Traseira;1;6;;;;;1
05/03/2012;06:50:00;110;sem vítima;278;BR-116/PR;Norte;Colisão Lateral;1;2;;;;;1
05/03/2012;17:54:00;372;sem vítima;283,8;BR-116/PR;Sul;Colisão Lateral;1;2;;;;;1
05/03/2012;01:10:00;34;com vítima;452;BR-116/PR;Norte;Tombamento;1;0;1;;;;1
05/03/2012;06:36:00;104;com vítima;472;BR-116/PR;Sul;Saida de Pista;1;0;1;;1;;2
05/03/2012;05:56:00;89;sem vítima;485;BR-116/PR;Sul;Choque - Defensa, barreira ou "submarino";1;1;;;;;1
06/03/2012;07:44:00;126;sem vítima;23;BR-116/PR;Sul;Colisão Traseira;2;2;;;;;1
06/03/2012;05:21:00;78;sem vítima;278,2;BR-116/PR;Norte;Tombamento;1;2;;;;;1
07/03/2012;08:03:00;123;sem vítima;274;BR-116/PR;Norte;Colisão Traseira;1;2;;;;;1
07/03/2012;19:38:00;368;sem vítima;353,3;BR-116/PR;Sul;Colisão Traseira;2;2;;;;;1
07/03/2012;08:35:00;148;sem vítima;426,6;BR-116/PR;Norte;Colisão Traseira;2;3;;;;;1
07/03/2012;03:28:00;55;sem vítima;460;BR-116/PR;Sul;Saida de Pista;1;1;;;;;1
07/03/2012;15:56:00;303;com vítima;511;BR-116/PR;Sul;Tombamento;1;0;1;1;;;2
08/03/2012;05:43:00;83;sem vítima;281,3;BR-116/PR;Norte;Capotamento;1;4;;;;;1
08/03/2012;22:42:00;472;sem vítima;400,1;BR-116/PR;Norte;Saida de Pista;1;1;;;;;1
08/03/2012;01:57:00;28;sem vítima;403;BR-116/PR;Sul;Colisão Lateral;2;3;;;;;1
08/03/2012;06:09:00;87;sem vítima;416;BR-116/PR;Norte;Saida de Pista;1;1;;;;;1
08/03/2012;11:37:00;236;sem vítima;426,6;BR-116/PR;Sul;Choque - Defensa, barreira ou "submarino";1;1;;;;;1
08/03/2012;18:01:00;400;sem vítima;514,5;BR-116/PR;Norte;Colisão Lateral;3;3;;;;;1
09/03/2012;23:34:00;439;sem vítima;43,4;BR-116/PR;Sul;Saida de Pista;1;1;;;;;1
09/03/2012;05:21:00;96;com vítima;45,6;BR-116/PR;Norte;Capotamento;1;0;1;;;;1
09/03/2012;09:15:00;170;com vítima;56;BR-116/PR;Sul;Colisão Traseira;1;2;2;;;;1
09/03/2012;07:33:00;123;sem vítima;311;BR-116/PR;Norte;Tombamento;1;1;;;;;1
09/03/2012;07:15:00;116;com vítima;400;BR-116/PR;Norte;Colisão Traseira;1;10;9;2;;;2
09/03/2012;14:07:00;270;sem vítima;418,1;BR-116/PR;Sul;Colisão Traseira;2;2;;;;;1
09/03/2012;06:23:00;104;com vítima;453;BR-116/PR;Sul;Atropelamento - Ciclista;1;1;;1;;;2
09/03/2012;22:00:00;411;sem vítima;504;BR-116/PR;Norte;Choque - Talude;1;2;;;;;1
09/03/2012;06:22:00;103;sem vítima;545,5;BR-116/PR;Norte;Choque - Defensa, barreira ou "submarino";1;1;;;;;1
10/03/2012;19:23:00;396;com vítima;54,3;BR-116/PR;Sul;Colisão Traseira;1;3;1;;;;1
10/03/2012;07:44:00;120;com vítima;65,5;BR-116/PR;Sul;Saida de Pista;1;2;;1;;;2
10/03/2012;01:21:00;30;sem vítima;281;BR-116/PR;Sul;Colisão Traseira;1;3;;;;;1
10/03/2012;14:57:00;293;com vítima;282,9;BR-116/PR;Sul;Colisão Lateral;1;1;1;;;;1
10/03/2012;14:37:00;284;sem vítima;284,5;BR-116/PR;Norte;Colisão Lateral;1;2;;;;;1
10/03/2012;14:37:00;283;sem vítima;285,9;BR-116/PR;Norte;Saida de Pista;1;2;;;;;1
11/03/2012;07:16:00;82;sem vítima;32,7;BR-116/PR;Norte;Tombamento;1;1;;;;;1
11/03/2012;23:57:00;493;sem vítima;304,5;BR-116/PR;Norte;Colisão Traseira;2;3;;;;;1
11/03/2012;06:00:00;65;com vítima;386;BR-116/PR;Sul;Colisão Traseira;1;8;1;;;;1
11/03/2012;19:07:00;383;sem vítima;544,5;BR-116/PR;Norte;Tombamento;1;1;;;;;1
12/03/2012;05:43:00;90;sem vítima;304,2;BR-116/PR;Norte;Colisão Traseira;1;2;;;;;1
12/03/2012;20:32:00;460;sem vítima;385;BR-116/PR;Norte;Colisão Lateral;1;2;;;;;1
12/03/2012;19:36:00;447;sem vítima;426;BR-116/PR;Sul;Colisão Traseira;2;2;;;;;1
12/03/2012;02:17:00;49;com vítima;455;BR-116/PR;Norte;Colisão Traseira;2;2;1;;;;1
12/03/2012;19:45:00;450;com vítima;564;BR-116/PR;Sul;Tombamento;1;0;1;;;;1
13/03/2012;13:45:00;248;com vítima;1;BR-116/CW;Sul;Capotamento;1;1;1;;;;1
13/03/2012;19:33:00;401;sem vítima;307,5;BR-116/PR;Norte;Saida de Pista;1;1;;;;;1
13/03/2012;13:33:00;244;com vítima;351;BR-116/PR;Sul;Colisão Frontal;1;1;1;;;;1
13/03/2012;20:32:00;419;com vítima;360,6;BR-116/PR;Norte;Colisão Frontal;1;11;4;1;;;2
13/03/2012;08:53:00;133;com vítima;364,8;BR-116/PR;Norte;Tombamento;1;0;1;;;;1
13/03/2012;15:19:00;282;com vítima;397,5;BR-116/PR;Sul;Atropelamento - Andarilho;1;1;;;1;;2
13/03/2012;22:09:00;450;sem vítima;446,4;BR-116/PR;Sul;Atropelamento de Animal;1;29;;;;;1
13/03/2012;21:28:00;437;sem vítima;507;BR-116/PR;Norte;Colisão Traseira;1;2;;;;;1
13/03/2012;06:09:00;73;com vítima;545,5;BR-116/PR;Norte;Tombamento;1;0;1;;;;1
14/03/2012;16:36:00;320;sem vítima;25,1;BR-116/PR;Norte;Saida de Pista;1;2;;;;;1
14/03/2012;15:55:00;300;sem vítima;274;BR-116/PR;Norte;Colisão Lateral;2;2;;;;;1
14/03/2012;12:09:00;231;sem vítima;321,3;BR-116/PR;Norte;Tombamento;1;1;;;;;1
14/03/2012;14:45:00;274;sem vítima;352;BR-116/PR;Sul;Colisão Lateral;1;4;;;;;1
14/03/2012;09:41:00;172;com vítima;359,5;BR-116/PR;Norte;Tombamento;1;0;1;;;;1