data;horario;n_da_ocorrencia;tipo_de_ocorrencia;km;trecho;sentido;tipo_de_acidente;caminhao;ilesos;levemente_feridos;moderadamente_feridos;gravemente_feridos;mortos;3
14/03/2012;11:22:00;217;com vítima;414;BR-116/PR;Norte;Colisão Traseira;2;1;1;;;;1
14/03/2012;02:56:00;49;com vítima;444;BR-116/PR;Norte;Tombamento;1;0;;;1;;2
14/03/2012;21:43:00;424;sem vítima;462;BR-116/PR;Norte;Colisão Lateral;2;3;;;;;1
14/03/2012;21:22:00;413;sem vítima;470;BR-116/PR;Sul;Saida de Pista;1;1;;;;;1
14/03/2012;19:16:00;375;sem vítima;564,2;BR-116/PR;Sul;Saida de Pista;1;1;;;;;1
15/03/2012;20:38:00;409;sem vítima;7,4;BR-116/PR;Sul;Tombamento;1;1;;;;;1
15/03/2012;18:55:00;389;sem vítima;7,5;BR-116/PR;Sul;Saida de Pista;1;2;;;;;1
15/03/2012;11:13:00;250;com vítima;363,5;BR-116/PR;Norte;Tombamento;1;0;1;;;;1
15/03/2012;01:54:00;21;sem vítima;490;BR-116/PR;Sul;Colisão Traseira;3;3;;;;;1
15/03/2012;03:36:00;46;com vítima;509;BR-116/PR;Norte;Saida de Pista;1;0;;1;;;2
15/03/2012;21:44:00;424;sem vítima;517,2;BR-116/PR;Norte;Tombamento;1;1;;;;;1
15/03/2012;01:50:00;19;com vítima;540;BR-116/PR;Sul;Saida de Pista;1;0;1;;;;1
15/03/2012;19:55:00;401;sem vítima;560;BR-116/PR;Sul;Saida de Pista;1;1;;;;;1
15/03/2012;11:50:00;260;com vítima;560,9;BR-116/PR;Sul;Tombamento;1;0;1;;;;1
15/03/2012;16:41:00;357;sem vítima;564;BR-116/PR;Sul;Tombamento;1;2;;;;;1
15/03/2012;17:38:00;376;sem vítima;564;BR-116/PR;Sul;Saida de Pista;1;1;;;;;1
16/03/2012;07:15:00;105;com vítima;26;BR-116/PR;Sul;Colisão Traseira;1;1;1;;1;;2
16/03/2012;15:53:00;311;sem vítima;291;BR-116/PR;Norte;Colisão Lateral;1;2;;;;;1
16/03/2012;04:00:00;66;sem vítima;292,8;BR-116/PR;Norte;Choque - Talude;1;1;;;;;1
16/03/2012;03:45:00;59;sem vítima;307;BR-116/PR;Sul;Tombamento;1;1;;;;;1
16/03/2012;10:49:00;179;sem vítima;331,8;BR-116/PR;Norte;Tombamento;1;2;;;;;1
16/03/2012;06:46:00;99;sem vítima;334;BR-116/PR;Norte;Outros;1;3;;;;;1
16/03/2012;00:21:00;5;sem vítima;337,9;BR-116/PR;Sul;Colisão Lateral;1;2;;;;;1
16/03/2012;06:34:00;95;sem vítima;348;BR-116/PR;Sul;Colisão Traseira;2;2;;;;;1
16/03/2012;03:44:00;58;sem vítima;362,3;BR-116/PR;Norte;Colisão Lateral;1;2;;;;;1
16/03/2012;04:45:00;74;sem vítima;366;BR-116/PR;Sul;Saida de Pista;1;1;;;;;1
16/03/2012;17:25:00;348;sem vítima;370;BR-116/PR;Sul;Colisão Traseira;2;2;;;;;1
16/03/2012;06:34:00;94;com vítima;517,7;BR-116/PR;Norte;Choque - Talude;1;0;2;;;;1
16/03/2012;04:11:00;70;sem vítima;536,5;BR-116/PR;Norte;Tombamento;1;2;;;;;1
16/03/2012;04:12:00;71;sem vítima;543;BR-116/PR;Sul;Colisão Traseira;2;2;;;;;1
16/03/2012;16:33:00;328;com vítima;561,4;BR-116/PR;Sul;Choque - Defensa, barreira ou "submarino";1;2;1;;;;1
16/03/2012;05:32:00;80;sem vítima;562,9;BR-116/PR;Sul;Choque - Defensa, barreira ou "submarino";1;1;;;;;1
16/03/2012;04:17:00;72;sem vítima;564;BR-116/PR;Sul;Saida de Pista;1;2;;;;;1
16/03/2012;06:09:00;89;sem vítima;566,95;BR-116/PR;Sul;Saida de Pista;1;2;;;;;1
16/03/2012;03:53:00;61;com vítima;567;BR-116/PR;Sul;Colisão Frontal;3;2;1;;;;1
17/03/2012;13:09:00;247;sem vítima;70;BR-116/PR;Sul;Saida de Pista;1;1;;;;;1
17/03/2012;09:51:00;184;sem vítima;322,5;BR-116/PR;Norte;Choque - Defensa, barreira ou "submarino";1;1;;;;;1
17/03/2012;04:35:00;71;sem vítima;345;BR-116/PR;Sul;Tombamento;1;1;;;;;1
17/03/2012;16:32:00;320;com vítima;364,7;BR-116/PR;Norte;Tombamento;1;0;1;;;;1
17/03/2012;03:54:00;64;sem vítima;380;BR-116/PR;Sul;Tombamento;1;2;;;;;1
17/03/2012;00:52:00;23;sem vítima;504;BR-116/PR;Sul;Colisão Traseira;1;2;;;;;1
17/03/2012;11:49:00;233;sem vítima;518;BR-116/PR;Sul;Colisão Lateral;1;2;;;;;1
17/03/2012;07:50:00;118;sem vítima;526,2;BR-116/PR;Sul;Saida de Pista;1;3;;;;;1
17/03/2012;07:08:00;103;sem vítima;532;BR-116/PR;Sul;Saida de Pista;1;1;;;;;1
18/03/2012;20:49:00;332;sem vítima;287,6;BR-116/PR;Norte;Colisão Lateral;1;3;;;;;1
18/03/2012;16:36:00;251;sem vítima;299;BR-116/PR;Norte;Colisão Lateral;1;6;;;;;1
19/03/2012;19:55:00;325;com vítima;50,5;BR-116/PR;Norte;Tombamento;1;0;1;;;;1
20/03/2012;18:41:00;349;sem vítima;57;BR-116/PR;Sul;Colisão Traseira;2;2;;;;;1
20/03/2012;17:02:00;301;sem vítima;344,4;BR-116/PR;Sul;Colisão Traseira;2;3;;;;;1
20/03/2012;23:43:00;410;sem vítima;386;BR-116/PR;Sul;Colisão Traseira;1;2;;;;;1
21/03/2012;13:42:00;334;sem vítima;16;BR-116/PR;Norte;Saida de Pista;1;1;;;;;1
21/03/2012;21:53:00;499;sem vítima;503;BR-116/PR;Sul;Tombamento;1;1;;;;;1
21/03/2012;05:51:00;100;sem vítima;505,3;BR-116/PR;Sul;Colisão Lateral;2;3;;;;;1
21/03/2012;02:30:00;54;sem vítima;556;BR-116/PR;Sul;Saida de Pista;1;1;;;;;1
22/03/2012;21:08:00;435;sem vítima;1;BR-116/PR;Sul;Saida de Pista;2;8;;;;;1
22/03/2012;16:39:00;350;sem vítima;9,3;BR-116/PR;Sul;Tombamento;1;1;;;;;1
22/03/2012;20:11:00;422;sem vítima;23,8;BR-116/PR;Norte;Colisão Frontal;1;2;;;;;1
22/03/2012;00:01:00;1;com vítima;24;BR-116/PR;Sul;Colisão Traseira;1;1;1;;;;1
22/03/2012;05:51:00;79;com vítima;340;BR-116/PR;Sul;Colisão Lateral;2;1;1;;;;1
22/03/2012;02:34:00;43;com vítima;393;BR-116/PR;Norte;Colisão Traseira;2;2;1;1;;;2
22/03/2012;19:08:00;403;sem vítima;486;BR-116/PR;Norte;Colisão Traseira;2;3;;;;;1
22/03/2012;21:44:00;443;com vítima;514,1;BR-116/PR;Norte;Colisão Lateral;1;1;2;;;;1
22/03/2012;20:51:00;432;com vítima;515,2;BR-116/PR;Norte;Saida de Pista;1;1;1;;;;1
22/03/2012;10:44:00;201;com vítima;544,5;BR-116/PR;Norte;Tombamento;1;0;;1;1;;2
22/03/2012;12:44:00;258;sem vítima;545,5;BR-116/PR;Norte;Colisão Traseira;1;5;;;;;1
22/03/2012;01:47:00;32;com vítima;550;BR-116/PR;Sul;Colisão Traseira;2;1;1;;;;1
22/03/2012;17:41:00;377;com vítima;560,5;BR-116/PR;Sul;Colisão Traseira;2;2;1;;;;1
23/03/2012;14:03:00;292;sem vítima;273;BR-116/PR;Norte;Colisão Lateral;1;2;;;;;1
23/03/2012;16:35:00;361;sem vítima;290;BR-116/PR;Norte;Colisão Lateral;1;3;;;;;1
23/03/2012;17:27:00;379;sem vítima;343;BR-116/PR;Sul;Colisão Lateral;1;2;;;;;1
23/03/2012;08:40:00;162;sem vítima;345;BR-116/PR;Sul;Colisão Traseira;1;4;;;;;1
23/03/2012;15:52:00;344;sem vítima;362;BR-116/PR;Sul;Colisão Lateral;2;47;;;;;1
23/03/2012;18:07:00;391;com vítima;362;BR-116/PR;Sul;Colisão Traseira;1;3;;1;;;2
23/03/2012;20:50:00;424;sem vítima;380,8;BR-116/PR;Sul;Tombamento;1;1;;;;;1
23/03/2012;14:16:00;300;sem vítima;389;BR-116/PR;Sul;Saida de Pista;1;1;;;;;1
23/03/2012;16:19:00;354;sem vítima;409,4;BR-116/PR;Norte;Saida de Pista;1;2;;;;;1
23/03/2012;05:31:00;84;sem vítima;434,8;BR-116/PR;Norte;Tombamento;1;1;;;;;1
23/03/2012;00:44:00;16;com vítima;447;BR-116/PR;Norte;Tombamento;1;0;1;;;;1
23/03/2012;03:51:00;68;sem vítima;514;BR-116/PR;Sul;Colisão Traseira;3;3;;;;;1
24/03/2012;20:03:00;392;sem vítima;319;BR-116/PR;Norte;Tombamento;1;1;;;;;1
24/03/2012;04:24:00;55;com vítima;353,8;BR-116/PR;Norte;Colisão Traseira;2;1;;1;;;2
24/03/2012;19:27:00;382;com vítima;357,5;BR-116/PR;Sul;Colisão Traseira;2;1;1;;;;1
24/03/2012;22:04:00;418;com vítima;456;BR-116/PR;Sul;Colisão Traseira;1;1;;2;;;2
25/03/2012;08:15:00;156;sem vítima;44;BR-116/PR;Sul;Colisão Traseira;3;4;;;;;1
25/03/2012;15:52:00;325;sem vítima;305;BR-116/PR;Norte;Colisão Traseira;1;5;;;;;1
25/03/2012;21:58:00;445;sem vítima;348;BR-116/PR;Sul;Tombamento;1;1;;;;;1
25/03/2012;09:44:00;189;sem vítima;355;BR-116/PR;Norte;Colisão Traseira;1;2;;;;;1
25/03/2012;22:59:00;467;sem vítima;413;BR-116/PR;Sul;Colisão Lateral;1;3;;;;;1
25/03/2012;06:02:00;109;com vítima;462;BR-116/PR;Sul;Saida de Pista;1;1;1;;;;1
25/03/2012;17:37:00;363;sem vítima;550;BR-116/PR;Norte;Colisão Lateral;1;3;;;;;1
26/03/2012;23:38:00;442;sem vítima;46;BR-116/PR;Sul;Saida de Pista;1;1;;;;;1
26/03/2012;21:34:00;411;sem vítima;274,4;BR-116/PR;Sul;Colisão Traseira;2;2;;;;;1
26/03/2012;19:28:00;380;com vítima;362,3;BR-116/PR;Sul;Tombamento;1;0;;1;;;2
27/03/2012;05:01:00;69;sem vítima;470;BR-116/PR;Sul;Saida de Pista;1;1;;;;;1
27/03/2012;19:11:00;397;sem vítima;485;BR-116/PR;Norte;Colisão Lateral;2;2;;;;;1
27/03/2012;06:42:00;80;com vítima;517,7;BR-116/PR;Norte;Saida de Pista;1;1;1;;;;1
27/03/2012;08:26:00;133;sem vítima;538;BR-116/PR;Sul;Engavetamento;4;6;;;;;1
27/03/2012;09:22:00;153;sem vítima;543;BR-116/PR;Sul;Colisão Traseira;1;3;;;;;1
27/03/2012;08:05:00;115;com vítima;545,5;BR-116/PR;Norte;Colisão Traseira;1;3;1;;;;1
28/03/2012;14:54:00;355;sem vítima;282,5;BR-116/PR;Norte;Colisão Lateral;1;2;;;;;1
28/03/2012;19:40:00;442;sem vítima;284;BR-116/PR;Sul;Colisão Frontal;1;2;;;;;1
28/03/2012;13:44:00;334;sem vítima;304;BR-116/PR;Norte;Colisão Lateral;1;5;;;;;1
28/03/2012;12:14:00;292;sem vítima;323;BR-116/PR;Sul;Colisão Traseira;1;5;;;;;1
28/03/2012;10:01:00;238;sem vítima;349;BR-116/PR;Sul;Saida de Pista;1;1;;;;;1
28/03/2012;02:32:00;75;sem vítima;363,1;BR-116/PR;Sul;Colisão Lateral;1;2;;;;;1
28/03/2012;06:06:00;132;com vítima;371;BR-116/PR;Norte;Colisão Traseira;2;2;1;;;;1
28/03/2012;17:52:00;411;sem vítima;514,6;BR-116/PR;Norte;Colisão Traseira;2;2;;;;;1
28/03/2012;06:19:00;135;sem vítima;529;BR-116/PR;Norte;Colisão Lateral;1;2;;;;;1
29/03/2012;00:14:00;8;sem vítima;14,5;BR-116/PR;Sul;Colisão Lateral;2;3;;;;;1
29/03/2012;06:52:00;131;sem vítima;322,8;BR-116/PR;Norte;Colisão Traseira;1;3;;;;;1
29/03/2012;01:29:00;33;sem vítima;325,4;BR-116/PR;Norte;Saida de Pista;1;1;;;;;1
29/03/2012;04:46:00;100;sem vítima;330;BR-116/PR;Norte;Colisão Lateral;2;2;;;;;1
29/03/2012;01:28:00;32;sem vítima;343,1;BR-116/PR;Norte;Colisão Lateral;2;3;;;;;1
29/03/2012;03:37:00;71;sem vítima;363,7;BR-116/PR;Norte;Tombamento;1;1;;;;;1
29/03/2012;16:29:00;358;sem vítima;409,5;BR-116/PR;Sul;Capotamento;1;2;;;;;1
29/03/2012;07:17:00;140;sem vítima;459;BR-116/PR;Sul;Colisão Traseira;1;2;;;;;1
30/03/2012;08:25:00;185;com vítima;24;BR-116/PR;Norte;Tombamento;1;0;1;;;;1
30/03/2012;23:12:00;469;sem vítima;334;BR-116/PR;Norte;Colisão Traseira;2;3;;;;;1
30/03/2012;03:24:00;83;sem vítima;411;BR-116/PR;Norte;Tombamento;1;1;;;;;1
31/03/2012;22:52:00;452;sem vítima;7,4;BR-116/PR;Sul;Tombamento;2;3;;;;;1
31/03/2012;22:38:00;446;sem vítima;282;BR-116/PR;Norte;Colisão Lateral;1;2;;;;;1
31/03/2012;16:45:00;318;sem vítima;302,8;BR-116/PR;Sul;Outros;1;1;;;;;1
31/03/2012;15:48:00;302;com vítima;316,95;BR-116/PR;Sul;Tombamento;1;0;2;;;;1
31/03/2012;03:38:00;61;sem vítima;353;BR-116/PR;Sul;Colisão Traseira;2;2;;;;;1
31/03/2012;17:51:00;335;sem vítima;553,5;BR-116/PR;Sul;Colisão Traseira;2;2;;;;;1
01/04/2012;22:33:00;390;sem vítima;317;BR-116/PR;Norte;Saida de Pista;1;2;;;;;1
01/04/2012;05:27:00;60;com vítima;476;BR-116/PR;Sul;Capotamento;1;0;;;;1;3
02/04/2012;18:20:00;379;com vítima;3,2;BR-116/PR;Norte;Tombamento;1;0;;1;;;2
02/04/2012;00:28:00;14;sem vítima;524;BR-116/PR;Norte;Tombamento;1;1;;;;;1
03/04/2012;01:10:00;21;com vítima;60;BR-116/PR;Norte;Tombamento;1;0;1;;;;1
03/04/2012;02:25:00;32;com vítima;409;BR-116/PR;Norte;Colisão Traseira;2;1;1;;;;1
03/04/2012;04:39:00;53;com vítima;505;BR-116/PR;Sul;Colisão Traseira;2;2;1;;;;1
03/04/2012;10:44:00;170;sem vítima;509,8;BR-116/PR;Sul;Tombamento;1;1;;;;;1
03/04/2012;23:36:00;443;sem vítima;522,7;BR-116/PR;Norte;Colisão Traseira;2;2;;;;;1
03/04/2012;07:27:00;86;com vítima;545;BR-116/PR;Norte;Choque - Talude;1;0;1;;;;1
04/04/2012;09:18:00;180;com vítima;276;BR-116/PR;Sul;Capotamento;1;2;2;;;;1
04/04/2012;16:53:00;342;sem vítima;334,2;BR-116/PR;Sul;Colisão Traseira;2;2;;;;;1
04/04/2012;12:09:00;246;com vítima;340;BR-116/PR;Norte;Colisão Frontal;1;1;1;;;;1
04/04/2012;20:33:00;394;com vítima;344;BR-116/PR;Sul;Engavetamento;2;2;;;;2;3
04/04/2012;07:55:00;134;com vítima;347,7;BR-116/PR;Norte;Colisão Lateral;2;1;1;;;;1
04/04/2012;04:06:00;74;sem vítima;522,6;BR-116/PR;Sul;Colisão Lateral;2;3;;;;;1
04/04/2012;12:50:00;259;sem vítima;544,5;BR-116/PR;Norte;Tombamento;1;1;;;;;1
05/04/2012;04:19:00;73;sem vítima;33;BR-116/PR;Norte;Tombamento;1;1;;;;;1
05/04/2012;02:15:00;53;com vítima;63;BR-116/PR;Sul;Colisão Traseira;2;1;1;;;;1
05/04/2012;12:04:00;235;sem vítima;290;BR-116/PR;Sul;Colisão Traseira;2;2;;;;;1
05/04/2012;00:55:00;36;sem vítima;321,8;BR-116/PR;Norte;Colisão Traseira;2;2;;;;;1
05/04/2012;17:47:00;372;sem vítima;334;BR-116/PR;Norte;Saida de Pista;1;1;;;;;1
05/04/2012;10:42:00;210;sem vítima;335;BR-116/PR;Sul;Saida de Pista;1;1;;;;;1
05/04/2012;18:05:00;380;sem vítima;348;BR-116/PR;Sul;Colisão Traseira;1;4;;;;;1
05/04/2012;02:09:00;52;sem vítima;435,1;BR-116/PR;Norte;Saida de Pista;1;1;;;;;1
05/04/2012;08:47:00;165;com vítima;562,7;BR-116/PR;Sul;Tombamento;1;0;1;;;;1
06/04/2012;09:19:00;195;sem vítima;19;BR-116/PR;Sul;Choque - Talude;1;1;;;;;1
06/04/2012;09:44:00;210;sem vítima;269;BR-116/PR;Sul;Colisão Traseira;1;2;;;;;1
06/04/2012;01:47:00;40;sem vítima;330,8;BR-116/PR;Sul;Colisão Traseira;2;2;;;;;1
06/04/2012;16:12:00;392;com vítima;416,5;BR-116/PR;Sul;Capotamento;1;0;1;;;;1
06/04/2012;16:20:00;397;sem vítima;421;BR-116/PR;Sul;Saida de Pista;1;1;;;;;1
06/04/2012;09:03:00;185;sem vítima;553;BR-116/PR;Sul;Colisão Traseira;1;2;;;;;1
07/04/2012;01:05:00;20;sem vítima;23,5;BR-116/PR;Norte;Saida de Pista;1;1;;;;;1
07/04/2012;08:38:00;99;com vítima;284,8;BR-116/PR;Norte;Atropelamento - Morador;1;2;1;;;;1
08/04/2012;14:06:00;239;com vítima;30,2;BR-116/PR;Sul;Tombamento;1;1;;;1;;2
08/04/2012;09:45:00;146;sem vítima;43,8;BR-116/PR;Norte;Tombamento;1;1;;;;;1
08/04/2012;17:19:00;330;com vítima;44,5;BR-116/PR;Sul;Outros;1;9;1;;;;1
08/04/2012;18:32:00;367;sem vítima;299;BR-116/PR;Norte;Colisão Traseira;1;2;;;;;1
08/04/2012;08:06:00;112;sem vítima;364;BR-116/PR;Norte;Saida de Pista;1;1;;;;;1
09/04/2012;15:55:00;305;sem vítima;42,7;BR-116/PR;Norte;Tombamento;1;1;;;;;1
09/04/2012;23:49:00;416;sem vítima;348,5;BR-116/PR;Norte;Colisão Lateral;1;3;;;;;1
09/04/2012;14:14:00;256;sem vítima;409,9;BR-116/PR;Sul;Colisão Lateral;1;2;;;;;1
09/04/2012;21:54:00;391;sem vítima;508;BR-116/PR;Norte;Outros;1;1;;;;;1
09/04/2012;01:19:00;26;sem vítima;550,3;BR-116/PR;Norte;Tombamento;1;1;;;;;1
09/04/2012;06:00:00;75;sem vítima;562,1;BR-116/PR;Sul;Tombamento;1;1;;;;;1
10/04/2012;15:41:00;275;com vítima;8;BR-116/PR;Norte;Saida de Pista;1;0;1;;;;1
10/04/2012;00:54:00;16;sem vítima;304;BR-116/PR;Sul;Colisão Lateral;1;3;;;;;1
10/04/2012;07:40:00;132;com vítima;504,4;BR-116/PR;Norte;Tombamento;1;0;1;;;;1
10/04/2012;09:24:00;160;sem vítima;517;BR-116/PR;Sul;Tombamento;1;1;;;;;1
10/04/2012;15:01:00;264;com vítima;545;BR-116/PR;Norte;Colisão Traseira;1;2;1;;;;1
11/04/2012;17:47:00;333;sem vítima;282;BR-116/PR;Sul;Colisão Lateral;1;3;;;;;1
11/04/2012;15:09:00;256;sem vítima;299,2;BR-116/PR;Sul;Colisão Traseira;1;3;;;;;1
11/04/2012;12:32:00;206;sem vítima;305;BR-116/PR;Norte;Colisão Traseira;2;2;;;;;1
11/04/2012;11:30:00;175;sem vítima;426;BR-116/PR;Norte;Colisão Traseira;1;2;;;;;1
11/04/2012;06:38:00;98;sem vítima;433;BR-116/PR;Norte;Saida de Pista;1;1;;;;;1
11/04/2012;07:07:00;107;com vítima;435;BR-116/PR;Norte;Colisão Traseira;1;1;8;5;2;;2
11/04/2012;06:50:00;103;sem vítima;437;BR-116/PR;Norte;Tombamento;1;1;;;;;1
11/04/2012;08:37:00;133;com vítima;447;BR-116/PR;Norte;Colisão Traseira;2;1;;;1;;2
11/04/2012;19:56:00;367;sem vítima;514,4;BR-116/PR;Norte;Colisão Traseira;2;2;;;;;1
11/04/2012;01:26:00;31;sem vítima;515,5;BR-116/PR;Sul;Saida de Pista;1;1;;;;;1
11/04/2012;07:51:00;128;com vítima;564;BR-116/PR;Sul;Tombamento;1;0;1;;;;1
12/04/2012;12:00:00;252;com vítima;6,5;BR-116/PR;Norte;Colisão Traseira;1;3;;1;;;2
12/04/2012;18:59:00;383;sem vítima;57;BR-116/PR;Sul;Colisão Lateral;1;2;;;;;1
12/04/2012;01:02:00;29;sem vítima;343;BR-116/PR;Sul;Colisão Traseira;1;2;;;;;1
12/04/2012;01:33:00;36;com vítima;357,2;BR-116/PR;Norte;Colisão Frontal;2;33;5;;2;;2
12/04/2012;04:05:00;67;sem vítima;359,9;BR-116/PR;Norte;Colisão Traseira;2;2;;;;;1
12/04/2012;06:35:00;100;com vítima;487;BR-116/PR;Norte;Tombamento;1;1;1;;;;1
12/04/2012;07:39:00;126;com vítima;511,8;BR-116/PR;Norte;Tombamento;1;0;;;;1;3
12/04/2012;20:27:00;403;sem vítima;543;BR-116/PR;Sul;Colisão Lateral;1;2;;;;;1
13/04/2012;18:32:00;320;sem vítima;9,5;BR-116/PR;Sul;Engavetamento;3;7;;;;;1
13/04/2012;14:02:00;222;com vítima;283;BR-116/PR;Norte;Colisão Traseira;1;9;1;;;;1
13/04/2012;03:36:00;51;sem vítima;399,6;BR-116/PR;Norte;Saida de Pista;1;1;;;;;1
13/04/2012;20:16:00;361;sem vítima;513;BR-116/PR;Norte;Saida de Pista;1;1;;;;;1
13/04/2012;06:16:00;72;com vítima;513,3;BR-116/PR;Norte;Choque - Defensa, barreira ou "submarino";1;0;1;;;;1
14/04/2012;16:54:00;296;sem vítima;54;BR-116/PR;Sul;Tombamento;2;2;;;;;1
14/04/2012;03:59:00;53;sem vítima;301;BR-116/PR;Norte;Tombamento;1;1;;;;;1
14/04/2012;00:45:00;18;com vítima;317;BR-116/PR;Norte;Choque - Talude;1;0;1;;;;1
14/04/2012;22:15:00;397;sem vítima;422,4;BR-116/PR;Norte;Saida de Pista;1;1;;;;;1
14/04/2012;22:03:00;393;com vítima;545,5;BR-116/PR;Norte;Saida de Pista;1;2;1;1;;;2
15/04/2012;18:15:00;307;sem vítima;57;BR-116/PR;Sul;Colisão Lateral;1;2;;;;;1
15/04/2012;17:36:00;301;sem vítima;340;BR-116/PR;Norte;Colisão Lateral;1;2;;;;;1
15/04/2012;15:50:00;263;sem vítima;420;BR-116/PR;Sul;Colisão Traseira;1;3;;;;;1
15/04/2012;01:43:00;24;com vítima;564,3;BR-116/PR;Sul;Tombamento;1;1;1;;;;1
16/04/2012;23:48:00;372;sem vítima;14,5;BR-116/PR;Norte;Colisão Traseira;1;31;;;;;1
16/04/2012;18:05:00;303;com vítima;29;BR-116/PR;Norte;Tombamento;1;0;1;;;;1
16/04/2012;20:56:00;343;com vítima;32;BR-116/PR;Norte;Tombamento;1;0;1;;;;1
16/04/2012;19:55:00;327;sem vítima;326,5;BR-116/PR;Sul;Colisão Traseira;2;2;;;;;1
16/04/2012;16:26:00;273;com vítima;329;BR-116/PR;Sul;Colisão Lateral;2;1;1;1;;;2
16/04/2012;16:52:00;283;sem vítima;329;BR-116/PR;Norte;Colisão Traseira;2;3;;;;;1
16/04/2012;20:23:00;332;sem vítima;331;BR-116/PR;Norte;Choque - Defensa, barreira ou "submarino";1;2;;;;;1
16/04/2012;05:32:00;79;com vítima;450,5;BR-116/PR;Norte;Colisão Traseira;2;0;2;;;;1
16/04/2012;19:49:00;326;sem vítima;560;BR-116/PR;Sul;Choque - Defensa, barreira ou "submarino";1;2;;;;;1
16/04/2012;23:03:00;361;sem vítima;567;BR-116/PR;Sul;Colisão Traseira;5;8;;;;;1
17/04/2012;04:14:00;66;sem vítima;459;BR-116/PR;Sul;Tombamento;1;1;;;;;1
17/04/2012;16:40:00;329;com vítima;485;BR-116/PR;Sul;Colisão Traseira;1;1;1;;;;1
17/04/2012;01:42:00;30;sem vítima;531;BR-116/PR;Sul;Saida de Pista;1;1;;;;;1
17/04/2012;02:36:00;46;sem vítima;556,7;BR-116/PR;Norte;Tombamento;1;1;;;;;1
18/04/2012;00:50:00;23;sem vítima;327;BR-116/PR;Norte;Colisão Traseira;4;5;;;;;1
18/04/2012;03:15:00;55;sem vítima;498,5;BR-116/PR;Sul;Tombamento;1;2;;;;;1
18/04/2012;03:32:00;61;sem vítima;511,1;BR-116/PR;Norte;Tombamento;1;1;;;;;1
19/04/2012;15:35:00;285;com vítima;24;BR-116/PR;Norte;Tombamento;1;0;;1;;;2
19/04/2012;10:08:00;173;com vítima;55;BR-116/PR;Sul;Engavetamento;3;1;1;1;;;2
19/04/2012;20:27:00;379;sem vítima;299;BR-116/PR;Sul;Colisão Lateral;1;2;;;;;1
19/04/2012;06:50:00;81;sem vítima;301,1;BR-116/PR;Norte;Colisão Traseira;2;2;;;;;1
19/04/2012;14:19:00;256;sem vítima;339,6;BR-116/PR;Norte;Colisão Lateral;2;3;;;;;1
19/04/2012;20:33:00;383;sem vítima;348;BR-116/PR;Sul;Colisão Traseira;2;4;;;;;1
19/04/2012;16:22:00;304;sem vítima;357,5;BR-116/PR;Norte;Colisão Lateral;2;2;;;;;1
19/04/2012;03:40:00;50;sem vítima;382,2;BR-116/PR;Sul;Tombamento;1;1;;;;;1
19/04/2012;04:25:00;56;sem vítima;514,1;BR-116/PR;Norte;Choque - Defensa, barreira ou "submarino";1;1;;;;;1
19/04/2012;04:37:00;59;sem vítima;529,5;BR-116/PR;Norte;Tombamento;1;1;;;;;1
20/04/2012;06:19:00;78;sem vítima;12;BR-116/CW;Norte;Colisão Traseira;1;2;;;;;1
20/04/2012;17:28:00;332;sem vítima;289,5;BR-116/PR;Norte;Colisão Lateral;1;2;;;;;1
20/04/2012;19:16:00;363;sem vítima;512;BR-116/PR;Sul;Colisão Lateral;1;3;;;;;1
20/04/2012;03:36:00;50;com vítima;550,5;BR-116/PR;Sul;Tombamento;1;0;1;;;;1
21/04/2012;10:59:00;183;sem vítima;8;BR-116/PR;Sul;Saida de Pista;1;1;;;;;1
21/04/2012;10:40:00;179;sem vítima;29;BR-116/PR;Norte;Saida de Pista;1;1;;;;;1
21/04/2012;00:31:00;5;com vítima;39,5;BR-116/PR;Sul;Capotamento;1;0;1;;;;1
21/04/2012;07:13:00;106;com vítima;362;BR-116/PR;Norte;Colisão Lateral;1;1;2;1;;;2
21/04/2012;00:52:00;14;com vítima;370;BR-116/PR;Sul;Colisão Traseira;1;3;3;;;;1
21/04/2012;05:15:00;77;com vítima;484;BR-116/PR;Norte;Colisão Lateral;1;1;2;;;;1
21/04/2012;12:21:00;212;com vítima;503,3;BR-116/PR;Sul;Tombamento;1;0;;1;;1;3
21/04/2012;16:26:00;270;sem vítima;551,8;BR-116/PR;Sul;Colisão Lateral;2;2;;;;;1
21/04/2012;12:14:00;210;sem vítima;561,8;BR-116/PR;Sul;Saida de Pista;1;1;;;;;1
22/04/2012;20:50:00;305;sem vítima;31;BR-116/PR;Norte;Colisão Traseira;1;6;;;;;1
22/04/2012;14:12:00;190;sem vítima;35;BR-116/PR;Norte;Choque - Talude;1;1;;;;;1
22/04/2012;10:26:00;127;sem vítima;544;BR-116/PR;Sul;Colisão Lateral;1;3;;;;;1
23/04/2012;11:34:00;175;sem vítima;48,8;BR-116/PR;Sul;Tombamento;1;2;;;;;1
23/04/2012;08:28:00;114;com vítima;316,5;BR-116/PR;Norte;Tombamento;1;1;1;;;;1
23/04/2012;08:10:00;105;sem vítima;347,2;BR-116/PR;Norte;Saida de Pista;1;1;;;;;1
23/04/2012;05:46:00;59;sem vítima;414;BR-116/PR;Norte;Colisão Lateral;2;2;;;;;1
23/04/2012;06:18:00;63;sem vítima;567,1;BR-116/PR;Sul;Saida de Pista;1;1;;;;;1
24/04/2012;21:49:00;442;sem vítima;273;BR-116/PR;Sul;Colisão Lateral;2;2;;;;;1
24/04/2012;21:25:00;433;sem vítima;328;BR-116/PR;Norte;Colisão Traseira;2;2;;;;;1