data;horario;n_da_ocorrencia;tipo_de_ocorrencia;km;trecho;sentido;tipo_de_acidente;caminhao;ilesos;levemente_feridos;moderadamente_feridos;gravemente_feridos;mortos;3
05/06/2012;12:22:00;191;com vítima;544;BR-116/PR;Norte;Saida de Pista;1;0;1;;;;1
05/06/2012;10:22:00;148;sem vítima;567,7;BR-116/PR;Norte;Tombamento;1;1;;;;;1
06/06/2012;03:28:00;46;sem vítima;5,2;BR-116/PR;Norte;Saida de Pista;1;1;;;;;1
06/06/2012;09:14:00;136;sem vítima;283;BR-116/PR;Norte;Colisão Lateral;1;2;;;;;1
06/06/2012;11:41:00;182;sem vítima;290,8;BR-116/PR;Sul;Colisão Traseira;1;4;;;;;1
06/06/2012;11:29:00;179;sem vítima;291,5;BR-116/PR;Sul;Colisão Traseira;2;2;;;;;1
06/06/2012;09:17:00;138;sem vítima;351,8;BR-116/PR;Norte;Engavetamento;2;8;;;;;1
06/06/2012;00:51:00;18;sem vítima;385;BR-116/PR;Norte;Tombamento;1;1;;;;;1
06/06/2012;04:57:00;61;sem vítima;428;BR-116/PR;Norte;Colisão Lateral;2;2;;;;;1
06/06/2012;08:28:00;118;sem vítima;515,3;BR-116/PR;Norte;Colisão Traseira;1;3;;;;;1
06/06/2012;01:41:00;29;sem vítima;529,4;BR-116/PR;Sul;Saida de Pista;1;2;;;;;1
06/06/2012;01:48:00;30;sem vítima;545;BR-116/PR;Norte;Saida de Pista;1;1;;;;;1
06/06/2012;08:58:00;130;com vítima;545,5;BR-116/PR;Norte;Colisão Traseira;1;3;;;;3;3
07/06/2012;11:49:00;204;com vítima;67;BR-116/PR;Sul;Tombamento;1;0;1;;;;1
07/06/2012;11:07:00;189;sem vítima;322;BR-116/PR;Sul;Colisão Traseira;2;2;;;;;1
07/06/2012;03:49:00;49;sem vítima;386,2;BR-116/PR;Norte;Tombamento;1;2;;;;;1
07/06/2012;08:06:00;123;com vítima;485;BR-116/PR;Sul;Colisão Lateral;1;2;;1;;;2
08/06/2012;19:46:00;277;com vítima;272;BR-116/PR;Sul;Colisão Traseira;1;2;1;;;;1
08/06/2012;20:40:00;286;com vítima;349,4;BR-116/PR;Norte;Tombamento;1;0;1;;;;1
08/06/2012;12:08:00;170;sem vítima;352,9;BR-116/PR;Sul;Saida de Pista;1;2;;;;;1
08/06/2012;07:48:00;88;sem vítima;378,8;BR-116/PR;Sul;Tombamento;1;2;;;;;1
09/06/2012;20:42:00;310;com vítima;2,2;BR-116/CW;Sul;Tombamento;1;1;1;;;;1
09/06/2012;22:35:00;326;sem vítima;28,9;BR-116/PR;Sul;Colisão Traseira;1;2;;;;;1
09/06/2012;14:29:00;207;sem vítima;33,8;BR-116/PR;Sul;Colisão Traseira;1;2;;;;;1
09/06/2012;18:44:00;283;sem vítima;47;BR-116/PR;Sul;Saida de Pista;1;1;;;;;1
09/06/2012;12:21:00;185;com vítima;363;BR-116/PR;Norte;Tombamento;1;0;2;;;;1
10/06/2012;03:30:00;35;sem vítima;11;BR-116/CW;Sul;Saida de Pista;1;1;;;;;1
10/06/2012;17:17:00;253;sem vítima;282,3;BR-116/PR;Norte;Colisão Traseira;1;2;;;;;1
10/06/2012;18:27:00;284;sem vítima;283,9;BR-116/PR;Norte;Colisão Lateral;1;5;;;;;1
10/06/2012;17:25:00;260;sem vítima;357,8;BR-116/PR;Sul;Colisão Traseira;1;48;;;;;1
10/06/2012;03:11:00;32;sem vítima;412,8;BR-116/PR;Sul;Choque - Defensa, barreira ou "submarino";1;1;;;;;1
11/06/2012;23:48:00;364;sem vítima;337,2;BR-116/PR;Norte;Colisão Traseira;3;3;;;;;1
11/06/2012;05:17:00;53;com vítima;346,4;BR-116/PR;Norte;Colisão Frontal;1;1;1;;;;1
11/06/2012;23:49:00;365;sem vítima;353;BR-116/PR;Norte;Colisão Traseira;1;6;;;;;1
11/06/2012;05:59:00;55;sem vítima;380,7;BR-116/PR;Norte;Tombamento;1;1;;;;;1
11/06/2012;15:24:00;238;sem vítima;395,5;BR-116/PR;Sul;Colisão Traseira;1;17;;;;;1
11/06/2012;13:22:00;198;com vítima;459;BR-116/PR;Sul;Colisão Lateral;1;1;;1;;;2
11/06/2012;17:48:00;289;sem vítima;472;BR-116/PR;Norte;Saida de Pista;1;5;;;;;1
11/06/2012;00:12:00;2;sem vítima;513,5;BR-116/PR;Norte;Tombamento;1;1;;;;;1
11/06/2012;20:19:00;324;sem vítima;564,3;BR-116/PR;Sul;Saida de Pista;1;1;;;;;1
11/06/2012;22:22:00;350;com vítima;568,1;BR-116/PR;Norte;Choque - Defensa, barreira ou "submarino";1;0;;;;1;3
12/06/2012;06:49:00;70;sem vítima;281;BR-116/PR;Norte;Colisão Traseira;1;2;;;;;1
12/06/2012;18:27:00;341;sem vítima;294,7;BR-116/PR;Sul;Colisão Lateral;1;2;;;;;1
12/06/2012;03:08:00;32;sem vítima;362,8;BR-116/PR;Sul;Saida de Pista;1;1;;;;;1
12/06/2012;23:27:00;399;com vítima;376,3;BR-116/PR;Norte;Colisão Traseira;2;1;1;;;;1
12/06/2012;09:40:00;153;com vítima;485;BR-116/PR;Norte;Colisão Traseira;1;2;1;;;;1
13/06/2012;13:29:00;227;sem vítima;296;BR-116/PR;Sul;Colisão Traseira;1;2;;;;;1
13/06/2012;22:54:00;389;sem vítima;543;BR-116/PR;Sul;Atropelamento de Animal;1;1;;;;;1
14/06/2012;06:40:00;71;sem vítima;279;BR-116/PR;Norte;Colisão Traseira;1;2;;;;;1
14/06/2012;16:07:00;242;sem vítima;350,8;BR-116/PR;Sul;Colisão Traseira;2;3;;;;;1
14/06/2012;11:20:00;170;com vítima;360,2;BR-116/PR;Sul;Tombamento;2;1;2;;;;1
14/06/2012;05:34:00;59;sem vítima;413;BR-116/PR;Norte;Tombamento;1;1;;;;;1
14/06/2012;10:21:00;154;sem vítima;415;BR-116/PR;Norte;Colisão Lateral;1;6;;;;;1
14/06/2012;06:20:00;68;com vítima;494,9;BR-116/PR;Norte;Tombamento;1;0;1;;;;1
15/06/2012;06:53:00;93;com vítima;26,2;BR-116/PR;Norte;Tombamento;1;0;2;;;;1
15/06/2012;11:15:00;198;sem vítima;282;BR-116/PR;Norte;Engavetamento;1;3;;;;;1
15/06/2012;11:43:00;207;sem vítima;283;BR-116/PR;Norte;Colisão Lateral;1;2;;;;;1
15/06/2012;05:28:00;80;sem vítima;283,26;BR-116/PR;Norte;Colisão Traseira;1;3;;;;;1
15/06/2012;04:31:00;72;sem vítima;353,3;BR-116/PR;Sul;Saida de Pista;1;1;;;;;1
15/06/2012;07:25:00;102;sem vítima;370;BR-116/PR;Sul;Colisão Traseira;2;2;;;;;1
15/06/2012;15:12:00;261;sem vítima;441,1;BR-116/PR;Norte;Choque - Outros;1;2;;;;;1
15/06/2012;12:03:00;210;com vítima;498,8;BR-116/PR;Sul;Saida de Pista;1;1;1;;;;1
15/06/2012;21:46:00;373;sem vítima;551,2;BR-116/PR;Sul;Colisão Traseira;2;3;;;;;1
15/06/2012;03:37:00;67;com vítima;564;BR-116/PR;Sul;Tombamento;1;0;1;;;;1
16/06/2012;16:52:00;271;com vítima;364,8;BR-116/PR;Norte;Capotamento;1;0;1;;;;1
16/06/2012;04:28:00;55;sem vítima;386,5;BR-116/PR;Sul;Saida de Pista;1;1;;;;;1
16/06/2012;07:50:00;89;sem vítima;509,4;BR-116/PR;Norte;Tombamento;1;1;;;;;1
17/06/2012;18:38:00;290;sem vítima;299;BR-116/PR;Norte;Colisão Lateral;1;2;;;;;1
17/06/2012;10:19:00;139;sem vítima;426;BR-116/PR;Norte;Colisão Traseira;2;2;;;;;1
17/06/2012;10:48:00;147;com vítima;504;BR-116/PR;Norte;Choque - Defensa, barreira ou "submarino";1;0;1;;;;1
18/06/2012;16:22:00;259;sem vítima;51;BR-116/PR;Sul;Saida de Pista;1;1;;;;;1
18/06/2012;09:39:00;116;sem vítima;65;BR-116/PR;Norte;Tombamento;1;1;;;;;1
18/06/2012;15:03:00;235;sem vítima;279;BR-116/PR;Sul;Colisão Traseira;2;5;;;;;1
18/06/2012;09:57:00;128;com vítima;280;BR-116/PR;Norte;Colisão Lateral;1;3;1;;;;1
19/06/2012;19:05:00;313;sem vítima;31;BR-116/PR;Sul;Colisão Traseira;2;2;;;;;1
19/06/2012;00:44:00;12;sem vítima;344,8;BR-116/PR;Sul;Colisão Traseira;2;2;;;;;1
19/06/2012;20:30:00;327;com vítima;359,3;BR-116/PR;Norte;Colisão Frontal;1;2;1;;;;1
19/06/2012;06:07:00;78;sem vítima;360;BR-116/PR;Norte;Colisão Lateral;1;2;;;;;1
19/06/2012;22:06:00;347;sem vítima;411;BR-116/PR;Norte;Outros;1;1;;;;;1
19/06/2012;04:28:00;63;sem vítima;432;BR-116/PR;Norte;Tombamento;1;1;;;;;1
19/06/2012;21:16:00;338;com vítima;513;BR-116/PR;Sul;Tombamento;1;0;1;;;;1
20/06/2012;19:26:00;340;sem vítima;11;BR-116/PR;Norte;Tombamento;1;1;;;;;1
20/06/2012;10:45:00;196;sem vítima;48,3;BR-116/PR;Sul;Colisão Lateral;2;2;;;;;1
20/06/2012;10:51:00;197;com vítima;275,5;BR-116/PR;Norte;Colisão Traseira;1;2;1;;;;1
20/06/2012;15:03:00;264;sem vítima;340,4;BR-116/PR;Norte;Choque - Defensa, barreira ou "submarino";1;1;;;;;1
20/06/2012;22:21:00;373;sem vítima;348;BR-116/PR;Norte;Tombamento;1;1;;;;;1
20/06/2012;04:04:00;53;sem vítima;360;BR-116/PR;Norte;Colisão Lateral;2;3;;;;;1
20/06/2012;03:01:00;41;sem vítima;361,3;BR-116/PR;Sul;Saida de Pista;1;1;;;;;1
20/06/2012;09:28:00;148;sem vítima;402;BR-116/PR;Norte;Choque - Defensa, barreira ou "submarino";1;1;;;;;1
20/06/2012;08:39:00;130;sem vítima;503,8;BR-116/PR;Sul;Saida de Pista;1;1;;;;;1
21/06/2012;15:01:00;221;sem vítima;353,2;BR-116/PR;Sul;Colisão Lateral;2;2;;;;;1
21/06/2012;01:59:00;22;sem vítima;370;BR-116/PR;Sul;Colisão Lateral;2;4;;;;;1
21/06/2012;16:26:00;254;sem vítima;383,9;BR-116/PR;Sul;Tombamento;1;1;;;;;1
21/06/2012;13:11:00;190;sem vítima;426,6;BR-116/PR;Norte;Colisão Traseira;1;2;;;;;1
21/06/2012;20:59:00;315;com vítima;458,5;BR-116/PR;Sul;Choque - Defensa, barreira ou "submarino";1;1;1;;;;1
21/06/2012;09:05:00;98;sem vítima;480,8;BR-116/PR;Sul;Colisão Lateral;1;2;;;;;1
21/06/2012;05:58:00;52;com vítima;484;BR-116/PR;Norte;Atropelamento - Outros;1;1;;;1;;2
21/06/2012;05:09:00;48;com vítima;493,8;BR-116/PR;Sul;Saida de Pista;1;1;;1;;;2
21/06/2012;09:44:00;120;sem vítima;503;BR-116/PR;Sul;Colisão Traseira;2;2;;;;;1
21/06/2012;02:27:00;28;sem vítima;512;BR-116/PR;Sul;Saida de Pista;1;1;;;;;1
22/06/2012;12:15:00;230;sem vítima;10;BR-116/PR;Sul;Saida de Pista;1;1;;;;;1
22/06/2012;07:16:00;112;com vítima;30,9;BR-116/PR;Sul;Colisão Lateral;1;11;2;;;;1
22/06/2012;09:15:00;157;sem vítima;40,3;BR-116/PR;Sul;Tombamento;1;1;;;;;1
22/06/2012;07:19:00;114;sem vítima;280,1;BR-116/PR;Sul;Colisão Lateral;2;7;;;;;1
22/06/2012;08:38:00;138;sem vítima;286;BR-116/PR;Norte;Colisão Traseira;1;5;;;;;1
22/06/2012;21:44:00;392;sem vítima;355,4;BR-116/PR;Sul;Colisão Traseira;2;2;;;;;1
22/06/2012;20:24:00;377;com vítima;406;BR-116/PR;Norte;Colisão Traseira;1;1;2;;;;1
22/06/2012;01:23:00;24;com vítima;440;BR-116/PR;Sul;Colisão Traseira;1;2;2;;;;1
22/06/2012;10:53:00;207;sem vítima;544,8;BR-116/PR;Norte;Tombamento;1;1;;;;;1
23/06/2012;07:33:00;85;sem vítima;31,5;BR-116/PR;Sul;Colisão Traseira;2;3;;;;;1
23/06/2012;04:51:00;59;com vítima;353;BR-116/PR;Sul;Colisão Traseira;2;0;1;;;1;3
23/06/2012;00:44:00;11;sem vítima;353,8;BR-116/PR;Norte;Saida de Pista;1;1;;;;;1
23/06/2012;06:42:00;76;com vítima;477,7;BR-116/PR;Sul;Saida de Pista;1;0;1;;;;1
24/06/2012;23:52:00;366;sem vítima;13,1;BR-116/PR;Norte;Saida de Pista;1;1;;;;;1
24/06/2012;21:05:00;323;sem vítima;28,5;BR-116/PR;Norte;Saida de Pista;1;1;;;;;1
24/06/2012;18:20:00;268;com vítima;50,5;BR-116/PR;Norte;Tombamento;1;0;1;;;;1
24/06/2012;09:44:00;130;com vítima;362;BR-116/PR;Sul;Tombamento;1;2;1;;;;1
24/06/2012;20:58:00;321;sem vítima;406,4;BR-116/PR;Norte;Choque - Objeto sobre a pista;1;1;;;;;1
24/06/2012;03:28:00;44;sem vítima;460;BR-116/PR;Sul;Outros;1;1;;;;;1
24/06/2012;09:57:00;132;sem vítima;505,7;BR-116/PR;Sul;Tombamento;1;1;;;;;1
25/06/2012;03:11:00;35;sem vítima;313,3;BR-116/PR;Norte;Tombamento;1;2;;;;;1
25/06/2012;03:49:00;43;com vítima;355,9;BR-116/PR;Norte;Tombamento;1;0;1;;;;1
26/06/2012;11:16:00;167;sem vítima;370;BR-116/PR;Sul;Colisão Traseira;1;2;;;;;1
26/06/2012;14:52:00;231;sem vítima;426;BR-116/PR;Norte;Colisão Traseira;1;2;;;;;1
26/06/2012;00:21:00;8;sem vítima;439;BR-116/PR;Norte;Colisão Traseira;1;2;;;;;1
26/06/2012;19:14:00;308;com vítima;452,5;BR-116/PR;Sul;Tombamento;2;1;;1;;;2
26/06/2012;19:36:00;312;sem vítima;452,5;BR-116/PR;Sul;Colisão Traseira;1;8;;;;;1
27/06/2012;10:07:00;178;sem vítima;273;BR-116/PR;Sul;Engavetamento;1;2;;;;;1
27/06/2012;16:21:00;293;com vítima;279;BR-116/PR;Norte;Colisão Lateral;1;2;1;;;;1
27/06/2012;07:57:00;117;sem vítima;370;BR-116/PR;Norte;Colisão Traseira;1;2;;;;;1
27/06/2012;07:01:00;101;com vítima;386,3;BR-116/PR;Sul;Tombamento;1;0;1;;;;1
27/06/2012;01:10:00;32;sem vítima;503,7;BR-116/PR;Sul;Saida de Pista;1;2;;;;;1
27/06/2012;20:27:00;365;sem vítima;519,8;BR-116/PR;Sul;Colisão Lateral;2;2;;;;;1
28/06/2012;12:31:00;242;sem vítima;301,2;BR-116/PR;Norte;Colisão Traseira;1;2;;;;;1
28/06/2012;18:22:00;348;com vítima;342,4;BR-116/PR;Sul;Tombamento;2;1;1;;;;1
28/06/2012;22:24:00;403;sem vítima;386,6;BR-116/PR;Norte;Saida de Pista;1;1;;;;;1
29/06/2012;10:15:00;153;com vítima;69,5;BR-116/PR;Norte;Tombamento;1;0;1;;;;1
29/06/2012;07:22:00;81;sem vítima;295;BR-116/PR;Sul;Capotamento;1;3;;;;;1
29/06/2012;05:05:00;58;com vítima;308,5;BR-116/PR;Norte;Colisão Traseira;1;4;2;;;;1
29/06/2012;20:20:00;345;com vítima;341;BR-116/PR;Sul;Colisão Lateral;1;2;1;;;;1
29/06/2012;06:15:00;67;com vítima;342;BR-116/PR;Sul;Colisão Traseira;4;3;1;;;;1
29/06/2012;03:50:00;43;sem vítima;459,6;BR-116/PR;Sul;Saida de Pista;1;1;;;;;1
30/06/2012;16:55:00;300;sem vítima;270;BR-116/PR;Sul;Colisão Traseira;2;5;;;;;1
30/06/2012;13:10:00;229;sem vítima;370;BR-116/PR;Norte;Colisão Traseira;1;5;;;;;1
30/06/2012;15:11:00;265;com vítima;379,1;BR-116/PR;Norte;Tombamento;1;0;2;1;;1;3
30/06/2012;10:10:00;169;sem vítima;520,9;BR-116/PR;Sul;Tombamento;1;1;;;;;1
30/06/2012;08:01:00;107;sem vítima;555,6;BR-116/PR;Sul;Saida de Pista;1;2;;;;;1
01/07/2012;14:47:00;206;sem vítima;299;BR-116/PR;Norte;Colisão Lateral;1;3;;;;;1
01/07/2012;23:51:00;398;com vítima;318;BR-116/PR;Norte;Colisão Traseira;1;5;4;;;;1
01/07/2012;16:28:00;255;sem vítima;332;BR-116/PR;Norte;Colisão Lateral;1;4;;;;;1
01/07/2012;09:50:00;125;sem vítima;338,6;BR-116/PR;Sul;Choque - Objeto sobre a pista;1;4;;;;;1
01/07/2012;19:14:00;325;com vítima;362,3;BR-116/PR;Sul;Tombamento;1;0;1;;;;1
01/07/2012;18:40:00;310;sem vítima;509,5;BR-116/PR;Sul;Colisão Lateral;1;2;;;;;1
02/07/2012;08:09:00;100;sem vítima;301,5;BR-116/PR;Norte;Colisão Transversal;2;2;;;;;1
03/07/2012;06:30:00;57;sem vítima;27;BR-116/PR;Sul;Colisão Traseira;2;2;;;;;1
03/07/2012;04:08:00;44;sem vítima;27,2;BR-116/PR;Sul;Colisão Traseira;2;2;;;;;1
03/07/2012;18:27:00;313;sem vítima;340;BR-116/PR;Sul;Colisão Traseira;2;2;;;;;1
03/07/2012;23:56:00;386;sem vítima;394,2;BR-116/PR;Sul;Colisão Traseira;2;2;;;;;1
04/07/2012;11:16:00;184;sem vítima;286;BR-116/PR;Sul;Colisão Lateral;1;3;;;;;1
04/07/2012;12:19:00;215;com vítima;287;BR-116/PR;Norte;Colisão Lateral;2;1;2;;;;1
04/07/2012;05:13:00;69;sem vítima;331,2;BR-116/PR;Norte;Choque - Defensa, barreira ou "submarino";1;1;;;;;1
04/07/2012;12:25:00;217;sem vítima;394;BR-116/PR;Sul;Colisão Lateral;1;3;;;;;1
04/07/2012;12:29:00;219;sem vítima;426;BR-116/PR;Norte;Colisão Traseira;2;2;;;;;1
04/07/2012;17:57:00;304;com vítima;515,2;BR-116/PR;Norte;Saida de Pista;1;0;1;;;;1
05/07/2012;20:24:00;381;com vítima;279;BR-116/PR;Sul;Colisão Lateral;4;3;;1;;;2
05/07/2012;23:52:00;444;sem vítima;280,1;BR-116/PR;Sul;Colisão Traseira;1;2;;;;;1
05/07/2012;02:38:00;32;sem vítima;426;BR-116/PR;Norte;Colisão Traseira;2;2;;;;;1
05/07/2012;02:53:00;34;sem vítima;483;BR-116/PR;Sul;Saida de Pista;1;1;;;;;1
05/07/2012;00:38:00;9;sem vítima;542;BR-116/PR;Sul;Choque - Defensa, barreira ou "submarino";1;2;;;;;1
05/07/2012;11:45:00;206;sem vítima;552;BR-116/PR;Norte;Colisão Traseira;1;3;;;;;1
06/07/2012;23:41:00;479;sem vítima;14;BR-116/PR;Norte;Colisão Frontal;1;42;;;;;1
06/07/2012;22:58:00;464;sem vítima;43;BR-116/PR;Norte;Saida de Pista;1;1;;;;;1
06/07/2012;10:01:00;183;sem vítima;279;BR-116/PR;Sul;Tombamento;1;7;;;;;1
06/07/2012;19:40:00;419;sem vítima;279;BR-116/PR;Sul;Colisão Traseira;1;2;;;;;1
06/07/2012;11:34:00;242;sem vítima;289;BR-116/PR;Norte;Colisão Traseira;1;5;;;;;1
06/07/2012;14:14:00;294;sem vítima;289;BR-116/PR;Sul;Colisão Traseira;1;2;;;;;1
06/07/2012;19:20:00;411;sem vítima;299;BR-116/PR;Sul;Colisão Traseira;1;2;;;;;1
06/07/2012;04:51:00;70;sem vítima;348;BR-116/PR;Norte;Choque - Objeto sobre a pista;1;3;;;;;1
07/07/2012;19:12:00;339;sem vítima;27;BR-116/PR;Norte;Tombamento;1;4;;;;;1
07/07/2012;18:18:00;324;sem vítima;57;BR-116/PR;Sul;Colisão Traseira;1;2;;;;;1
07/07/2012;09:40:00;170;sem vítima;331;BR-116/PR;Sul;Colisão Lateral;1;3;;;;;1
07/07/2012;12:16:00;216;sem vítima;485;BR-116/PR;Sul;Colisão Traseira;2;2;;;;;1
07/07/2012;13:10:00;229;sem vítima;515,5;BR-116/PR;Norte;Tombamento;1;1;;;;;1
07/07/2012;14:07:00;248;sem vítima;560,3;BR-116/PR;Sul;Colisão Lateral;1;2;;;;;1
08/07/2012;14:33:00;217;com vítima;325,3;BR-116/PR;Norte;Atropelamento - Ciclista;1;0;1;;;1;3
08/07/2012;09:51:00;136;sem vítima;503;BR-116/PR;Sul;Tombamento;1;1;;;;;1
08/07/2012;07:59:00;107;sem vítima;561,5;BR-116/PR;Sul;Tombamento;1;1;;;;;1
09/07/2012;00:22:00;4;com vítima;55,2;BR-116/PR;Sul;Colisão Traseira;1;1;3;1;;;2
09/07/2012;09:21:00;121;sem vítima;57;BR-116/PR;Norte;Colisão Lateral;1;6;;;;;1
09/07/2012;15:02:00;223;sem vítima;283;BR-116/PR;Norte;Colisão Traseira;1;3;;;;;1
09/07/2012;23:05:00;378;com vítima;295;BR-116/PR;Norte;Colisão Traseira;2;1;;;1;;2
10/07/2012;20:31:00;352;com vítima;28,5;BR-116/PR;Norte;Choque - Defensa, barreira ou "submarino";1;0;1;;;;1
10/07/2012;21:49:00;367;com vítima;279;BR-116/PR;Norte;Engavetamento;2;2;2;;;;1
10/07/2012;18:48:00;323;sem vítima;430,3;BR-116/PR;Sul;Saida de Pista;1;3;;;;;1
10/07/2012;01:45:00;31;sem vítima;511,5;BR-116/PR;Norte;Tombamento;1;1;;;;;1
11/07/2012;05:10:00;68;sem vítima;2;BR-116/PR;Sul;Colisão Traseira;1;2;;;;;1
11/07/2012;10:57:00;187;sem vítima;7,5;BR-116/PR;Sul;Saida de Pista;1;2;;;;;1
11/07/2012;13:49:00;237;com vítima;280;BR-116/PR;Sul;Colisão Traseira;1;2;1;;;;1
11/07/2012;22:28:00;396;com vítima;320,9;BR-116/PR;Norte;Atropelamento - Outros;1;1;;;;1;3
11/07/2012;06:18:00;81;com vítima;364,7;BR-116/PR;Norte;Tombamento;1;0;;1;;;2
11/07/2012;07:55:00;103;sem vítima;426,6;BR-116/PR;Sul;Colisão Traseira;2;2;;;;;1
11/07/2012;11:49:00;211;sem vítima;513,5;BR-116/PR;Norte;Tombamento;1;1;;;;;1
11/07/2012;17:21:00;317;sem vítima;515,5;BR-116/PR;Norte;Colisão Traseira;1;3;;;;;1
12/07/2012;04:44:00;65;com vítima;16;BR-116/CW;Norte;Colisão Traseira;1;1;;;2;;2
12/07/2012;07:00:00;86;sem vítima;54;BR-116/PR;Norte;Saida de Pista;1;1;;;;;1
12/07/2012;11:04:00;177;sem vítima;290;BR-116/PR;Norte;Engavetamento;2;5;;;;;1
12/07/2012;07:21:00;96;sem vítima;500;BR-116/PR;Norte;Saida de Pista;1;1;;;;;1
12/07/2012;15:49:00;256;com vítima;550;BR-116/PR;Norte;Tombamento;1;0;1;;;;1
12/07/2012;08:21:00;118;sem vítima;557;BR-116/PR;Sul;Tombamento;1;1;;;;;1
12/07/2012;12:19:00;203;com vítima;560,5;BR-116/PR;Sul;Tombamento;1;0;1;;;;1
13/07/2012;21:31:00;394;sem vítima;0,5;BR-116/CW;Norte;Colisão Traseira;3;3;;;;;1
13/07/2012;20:16:00;370;sem vítima;27,5;BR-116/PR;Sul;Tombamento;1;1;;;;;1
13/07/2012;04:37:00;80;sem vítima;481,9;BR-116/PR;Sul;Tombamento;1;1;;;;;1
13/07/2012;06:19:00;102;sem vítima;548;BR-116/PR;Sul;Tombamento;1;1;;;;;1
14/07/2012;02:16:00;42;sem vítima;57;BR-116/PR;Sul;Choque - Outros;1;1;;;;;1
14/07/2012;09:00:00;122;sem vítima;269;BR-116/PR;Sul;Colisão Traseira;1;2;;;;;1
14/07/2012;11:27:00;191;sem vítima;394;BR-116/PR;Sul;Colisão Traseira;2;2;;;;;1
14/07/2012;07:32:00;97;com vítima;490,9;BR-116/PR;Norte;Colisão Traseira;1;6;1;;;;1
14/07/2012;05:47:00;75;sem vítima;502,8;BR-116/PR;Sul;Tombamento;1;2;;;;;1
14/07/2012;11:19:00;189;sem vítima;559,9;BR-116/PR;Sul;Colisão Traseira;2;2;;;;;1
15/07/2012;18:24:00;293;sem vítima;280,5;BR-116/PR;Norte;Colisão Lateral;1;2;;;;;1
15/07/2012;14:56:00;222;sem vítima;301;BR-116/PR;Sul;Capotamento;1;3;;;;;1
15/07/2012;21:41:00;339;com vítima;315;BR-116/PR;Norte;Colisão Lateral;1;2;6;;;;1
15/07/2012;01:03:00;21;sem vítima;357,7;BR-116/PR;Sul;Tombamento;1;2;;;;;1
15/07/2012;15:39:00;236;sem vítima;370;BR-116/PR;Norte;Colisão Traseira;1;2;;;;;1
16/07/2012;09:48:00;155;sem vítima;14;BR-116/CW;Sul;Colisão Traseira;1;4;;;;;1
17/07/2012;06:25:00;62;sem vítima;69;BR-116/PR;Sul;Colisão Traseira;2;2;;;;;1
17/07/2012;07:38:00;82;sem vítima;69;BR-116/PR;Sul;Colisão Traseira;1;2;;;;;1
17/07/2012;08:32:00;106;sem vítima;69;BR-116/PR;Sul;Colisão Traseira;2;2;;;;;1
17/07/2012;16:14:00;280;sem vítima;348;BR-116/PR;Sul;Colisão Lateral;1;3;;;;;1
17/07/2012;05:55:00;57;sem vítima;499,3;BR-116/PR;Sul;Tombamento;1;1;;;;;1
17/07/2012;08:57:00;114;sem vítima;559,9;BR-116/PR;Sul;Saida de Pista;1;1;;;;;1
17/07/2012;13:29:00;224;sem vítima;561;BR-116/PR;Sul;Colisão Traseira;1;1;;;;;1
18/07/2012;06:16:00;84;com vítima;291,5;BR-116/PR;Norte;Colisão Traseira;1;1;1;;;;1
18/07/2012;14:08:00;268;sem vítima;299;BR-116/PR;Norte;Choque - Outros;1;1;;;;;1
18/07/2012;21:08:00;429;sem vítima;343;BR-116/PR;Norte;Colisão Traseira;2;2;;;;;1
18/07/2012;08:49:00;151;com vítima;359;BR-116/PR;Sul;Tombamento;1;0;1;;;;1
18/07/2012;00:19:00;8;com vítima;405;BR-116/PR;Norte;Colisão Traseira;2;1;1;;1;;2
18/07/2012;01:33:00;27;com vítima;459;BR-116/PR;Sul;Tombamento;1;0;1;;;;1
19/07/2012;07:50:00;120;sem vítima;8,9;BR-116/PR;Sul;Colisão Traseira;2;2;;;;;1
19/07/2012;16:16:00;299;com vítima;50,6;BR-116/PR;Sul;Atropelamento - Usuário;1;1;;;;1;3
19/07/2012;15:45:00;292;sem vítima;281,5;BR-116/PR;Norte;Colisão Lateral;1;3;;;;;1
19/07/2012;03:20:00;60;sem vítima;310,1;BR-116/PR;Norte;Tombamento;1;1;;;;;1
19/07/2012;11:35:00;210;sem vítima;358,1;BR-116/PR;Sul;Colisão Traseira;2;2;;;;;1
19/07/2012;05:43:00;89;sem vítima;418;BR-116/PR;Norte;Colisão Traseira;2;4;;;;;1
19/07/2012;06:57:00;103;sem vítima;470,5;BR-116/PR;Norte;Saida de Pista;1;1;;;;;1
20/07/2012;09:55:00;174;sem vítima;57;BR-116/PR;Norte;Colisão Lateral;1;2;;;;;1
20/07/2012;19:32:00;374;sem vítima;280;BR-116/PR;Sul;Engavetamento;1;4;;;;;1
21/07/2012;09:52:00;158;sem vítima;457;BR-116/PR;Sul;Colisão Traseira;1;1;;;;;1
21/07/2012;03:17:00;49;sem vítima;502;BR-116/PR;Sul;Colisão Lateral;1;3;;;;;1
21/07/2012;21:57:00;386;com vítima;549,2;BR-116/PR;Sul;Tombamento;1;0;1;;;;1
21/07/2012;06:22:00;77;sem vítima;551,2;BR-116/PR;Sul;Saida de Pista;1;1;;;;;1
21/07/2012;21:49:00;385;com vítima;567;BR-116/PR;Sul;Atropelamento - Outros;1;1;;;;1;3
22/07/2012;16:45:00;259;sem vítima;56;BR-116/PR;Norte;Colisão Lateral;1;2;;;;;1
23/07/2012;08:48:00;120;sem vítima;20,3;BR-116/PR;Sul;Colisão Lateral;1;2;;;;;1