data;horario;n_da_ocorrencia;tipo_de_ocorrencia;km;trecho;sentido;tipo_de_acidente;caminhao;ilesos;levemente_feridos;moderadamente_feridos;gravemente_feridos;mortos;3
23/07/2012;05:06:00;63;com vítima;310;BR-116/PR;Norte;Colisão Traseira;2;1;1;;;;1
23/07/2012;07:21:00;91;com vítima;517,8;BR-116/PR;Norte;Tombamento;1;1;2;;;;1
24/07/2012;16:22:00;329;com vítima;352,5;BR-116/PR;Norte;Choque - Talude;1;0;1;;;;1
24/07/2012;06:37:00;86;sem vítima;403,5;BR-116/PR;Sul;Saida de Pista;1;2;;;;;1
24/07/2012;06:25:00;80;sem vítima;426;BR-116/PR;Norte;Colisão Traseira;1;2;;;;;1
24/07/2012;08:40:00;135;com vítima;445;BR-116/PR;Sul;Choque - Suporte de Sinalização;1;0;1;;;;1
24/07/2012;15:13:00;306;com vítima;490;BR-116/PR;Norte;Colisão Lateral;2;1;1;;;;1
24/07/2012;22:48:00;444;sem vítima;564,5;BR-116/PR;Sul;Saida de Pista;1;1;;;;;1
25/07/2012;09:26:00;162;com vítima;6,8;BR-116/PR;Sul;Colisão Traseira;1;1;1;;;;1
25/07/2012;18:14:00;310;sem vítima;383,5;BR-116/PR;Sul;Tombamento;1;1;;;;;1
25/07/2012;19:29:00;326;sem vítima;515;BR-116/PR;Sul;Saida de Pista;1;3;;;;;1
25/07/2012;07:26:00;94;sem vítima;537,9;BR-116/PR;Sul;Colisão Lateral;1;4;;;;;1
25/07/2012;23:59:00;394;sem vítima;561,5;BR-116/PR;Sul;Outros - Sequência;1;1;;;;;1
26/07/2012;11:04:00;199;sem vítima;336;BR-116/PR;Sul;Colisão Traseira;1;2;;;;;1
26/07/2012;05:56:00;58;sem vítima;357,5;BR-116/PR;Sul;Saida de Pista;1;4;;;;;1
26/07/2012;01:08:00;17;com vítima;362,5;BR-116/PR;Norte;Colisão Frontal;2;0;;;2;1;3
26/07/2012;05:31:00;53;sem vítima;401;BR-116/PR;Sul;Saida de Pista;1;1;;;;;1
26/07/2012;16:19:00;298;com vítima;509,5;BR-116/PR;Sul;Tombamento;1;0;1;;;;1
27/07/2012;20:27:00;341;sem vítima;330;BR-116/PR;Norte;Choque - Objeto sobre a pista;1;6;;;;;1
27/07/2012;17:38:00;305;sem vítima;529;BR-116/PR;Sul;Colisão Traseira;1;4;;;;;1
28/07/2012;10:05:00;156;sem vítima;56;BR-116/PR;Sul;Tombamento;2;2;;;;;1
28/07/2012;14:52:00;236;com vítima;293,8;BR-116/PR;Sul;Colisão Lateral;1;3;1;;;;1
28/07/2012;16:14:00;260;sem vítima;348;BR-116/PR;Sul;Colisão Traseira;1;2;;;;;1
28/07/2012;17:13:00;286;com vítima;379;BR-116/PR;Norte;Choque - Defensa, barreira ou "submarino";1;0;1;;;;1
28/07/2012;06:25:00;82;sem vítima;528,5;BR-116/PR;Norte;Tombamento;1;1;;;;;1
28/07/2012;08:04:00;109;com vítima;545,7;BR-116/PR;Sul;Colisão Lateral;1;4;;1;;;2
28/07/2012;11:12:00;174;com vítima;548;BR-116/PR;Sul;Saida de Pista;1;5;2;;;;1
29/07/2012;18:13:00;276;com vítima;28,7;BR-116/PR;Norte;Tombamento;1;0;1;;;;1
29/07/2012;03:58:00;56;com vítima;503;BR-116/PR;Sul;Tombamento;1;0;2;;;;1
29/07/2012;12:32:00;162;com vítima;511,7;BR-116/PR;Norte;Tombamento;1;0;2;;;;1
29/07/2012;05:47:00;64;sem vítima;514,8;BR-116/PR;Sul;Tombamento;1;1;;;;;1
30/07/2012;21:14:00;327;com vítima;14;BR-116/PR;Sul;Choque - Defensa, barreira ou "submarino";1;1;1;;;;1
30/07/2012;07:30:00;93;sem vítima;331,5;BR-116/PR;Norte;Colisão Traseira;2;2;;;;;1
30/07/2012;21:20:00;331;sem vítima;484;BR-116/PR;Sul;Choque - Defensa, barreira ou "submarino";1;1;;;;;1
30/07/2012;05:24:00;69;sem vítima;516,5;BR-116/PR;Sul;Tombamento;1;3;;;;;1
30/07/2012;18:47:00;301;sem vítima;544,3;BR-116/PR;Norte;Tombamento;1;1;;;;;1
31/07/2012;19:01:00;327;sem vítima;11,6;BR-116/CW;Norte;Colisão Lateral;1;2;;;;;1
31/07/2012;03:20:00;46;sem vítima;418,4;BR-116/PR;Norte;Saida de Pista;1;1;;;;;1
31/07/2012;06:17:00;79;com vítima;447;BR-116/PR;Norte;Tombamento;1;0;2;;;;1
31/07/2012;05:22:00;71;com vítima;549;BR-116/PR;Sul;Saida de Pista;1;0;1;;;;1
31/07/2012;16:48:00;290;com vítima;551;BR-116/PR;Sul;Tombamento;1;0;;1;;;2
01/08/2012;15:52:00;302;sem vítima;280,2;BR-116/PR;Norte;Saida de Pista;1;3;;;;;1
01/08/2012;20:33:00;387;sem vítima;416;BR-116/PR;Sul;Colisão Traseira;1;2;;;;;1
01/08/2012;11:05:00;208;sem vítima;499,4;BR-116/PR;Sul;Saida de Pista;1;2;;;;;1
01/08/2012;06:55:00;82;sem vítima;538,2;BR-116/PR;Sul;Colisão Lateral;1;2;;;;;1
02/08/2012;23:25:00;441;sem vítima;2,3;BR-116/PR;Norte;Atropelamento de Animal;1;1;;;;;1
02/08/2012;12:13:00;234;sem vítima;299;BR-116/PR;Sul;Colisão Traseira;1;2;;;;;1
02/08/2012;12:14:00;237;sem vítima;299;BR-116/PR;Sul;Colisão Traseira;2;2;;;;;1
02/08/2012;22:37:00;428;sem vítima;357,6;BR-116/PR;Sul;Tombamento;1;1;;;;;1
02/08/2012;14:14:00;276;sem vítima;418;BR-116/PR;Norte;Saida de Pista;1;1;;;;;1
02/08/2012;03:27:00;53;sem vítima;475;BR-116/PR;Norte;Saida de Pista;1;1;;;;;1
02/08/2012;13:56:00;272;sem vítima;526;BR-116/PR;Sul;Colisão Traseira;2;2;;;;;1
03/08/2012;12:51:00;239;com vítima;48,6;BR-116/PR;Norte;Atropelamento - Morador;1;1;;;;1;3
03/08/2012;18:22:00;331;sem vítima;322;BR-116/PR;Sul;Colisão Traseira;2;2;;;;;1
03/08/2012;02:11:00;29;com vítima;385,5;BR-116/PR;Norte;Tombamento;1;0;1;;;;1
03/08/2012;03:29:00;48;sem vítima;503,2;BR-116/PR;Sul;Choque - Defensa, barreira ou "submarino";1;1;;;;;1
03/08/2012;22:46:00;391;sem vítima;514;BR-116/PR;Sul;Colisão Traseira;2;2;;;;;1
04/08/2012;16:09:00;322;com vítima;33;BR-116/PR;Norte;Tombamento;1;1;1;;;;1
04/08/2012;00:20:00;6;com vítima;274;BR-116/PR;Norte;Colisão Traseira;1;3;;;;2;3
04/08/2012;10:24:00;192;sem vítima;337,8;BR-116/PR;Sul;Colisão Lateral;1;3;;;;;1
04/08/2012;10:07:00;182;com vítima;551;BR-116/PR;Sul;Tombamento;1;0;1;;;;1
04/08/2012;09:48:00;177;sem vítima;560,4;BR-116/PR;Norte;Tombamento;1;1;;;;;1
05/08/2012;18:57:00;294;sem vítima;302,6;BR-116/PR;Sul;Saida de Pista;1;2;;;;;1
05/08/2012;07:23:00;87;com vítima;314;BR-116/PR;Sul;Colisão Traseira;1;6;1;;;;1
05/08/2012;13:39:00;184;sem vítima;362;BR-116/PR;Sul;Tombamento;1;1;;;;;1
06/08/2012;21:19:00;347;com vítima;6,3;BR-116/CW;Norte;Atropelamento - Morador;1;1;;;;1;3
06/08/2012;20:17:00;335;sem vítima;57;BR-116/PR;Norte;Engavetamento;2;6;;;;;1
06/08/2012;05:52:00;70;com vítima;376,3;BR-116/PR;Norte;Atropelamento - Morador;1;1;;;;1;3
07/08/2012;13:44:00;228;sem vítima;2;BR-116/CW;Norte;Colisão Frontal;1;2;;;;;1
07/08/2012;18:47:00;342;sem vítima;28;BR-116/PR;Sul;Colisão Lateral;1;2;;;;;1
07/08/2012;05:31:00;75;com vítima;418,5;BR-116/PR;Sul;Tombamento;1;1;1;;;;1
07/08/2012;03:23:00;55;sem vítima;485;BR-116/PR;Sul;Choque - Cancela de Pedagio;1;1;;;;;1
08/08/2012;15:09:00;255;com vítima;56;BR-116/PR;Sul;Colisão Lateral;1;1;;1;1;;2
08/08/2012;16:19:00;288;sem vítima;281;BR-116/PR;Sul;Engavetamento;1;7;;;;;1
08/08/2012;10:59:00;188;sem vítima;426;BR-116/PR;Norte;Colisão Traseira;1;2;;;;;1
09/08/2012;06:18:00;74;sem vítima;27,3;BR-116/PR;Sul;Colisão Traseira;2;2;;;;;1
09/08/2012;13:24:00;254;sem vítima;269;BR-116/PR;Norte;Colisão Traseira;1;2;;;;;1
09/08/2012;08:09:00;120;sem vítima;337;BR-116/PR;Norte;Colisão Lateral;2;2;;;;;1
09/08/2012;11:50:00;225;sem vítima;350,3;BR-116/PR;Sul;Colisão Traseira;2;3;;;;;1
09/08/2012;07:37:00;104;sem vítima;350,7;BR-116/PR;Norte;Colisão Lateral;1;2;;;;;1
09/08/2012;00:00:00;1;com vítima;364;BR-116/PR;Sul;Tombamento;1;0;1;;;;1
09/08/2012;05:53:00;68;sem vítima;413,1;BR-116/PR;Sul;Tombamento;1;1;;;;;1
10/08/2012;23:12:00;388;com vítima;0;BR-116/CW;Norte;Queda de Moto;1;3;1;;;;1
10/08/2012;10:33:00;193;com vítima;67,9;BR-116/PR;Sul;Colisão Traseira;1;2;1;;;;1
10/08/2012;10:40:00;200;sem vítima;279,5;BR-116/PR;Norte;Colisão Traseira;1;2;;;;;1
10/08/2012;07:00:00;98;sem vítima;282;BR-116/PR;Norte;Engavetamento;2;4;;;;;1
10/08/2012;13:28:00;243;com vítima;427,8;BR-116/PR;Norte;Saida de Pista;1;0;1;;;;1
11/08/2012;09:28:00;143;com vítima;32,5;BR-116/PR;Norte;Tombamento;1;0;1;;;;1
11/08/2012;14:07:00;211;com vítima;290,6;BR-116/PR;Sul;Tombamento;1;0;1;;;;1
11/08/2012;23:10:00;375;sem vítima;568,3;BR-116/PR;Sul;Tombamento;1;1;;;;;1
12/08/2012;20:04:00;331;sem vítima;282,9;BR-116/PR;Norte;Colisão Lateral;1;2;;;;;1
12/08/2012;10:39:00;139;com vítima;290;BR-116/PR;Sul;Colisão Traseira;1;1;1;;;;1
13/08/2012;15:03:00;252;com vítima;273;BR-116/PR;Sul;Colisão Frontal;1;1;;;1;;2
13/08/2012;08:51:00;126;com vítima;351;BR-116/PR;Norte;Tombamento;1;0;;1;;;2
13/08/2012;10:43:00;170;sem vítima;353;BR-116/PR;Sul;Colisão Traseira;2;2;;;;;1
13/08/2012;11:24:00;186;com vítima;398;BR-116/PR;Norte;Saida de Pista;1;1;3;;;;1
13/08/2012;02:47:00;37;sem vítima;470,4;BR-116/PR;Norte;Saida de Pista;1;2;;;;;1
14/08/2012;10:46:00;166;sem vítima;14;BR-116/PR;Sul;Colisão Traseira;2;2;;;;;1
14/08/2012;11:35:00;182;sem vítima;279;BR-116/PR;Sul;Colisão Traseira;2;4;;;;;1
14/08/2012;05:47:00;53;sem vítima;320;BR-116/PR;Norte;Colisão Traseira;2;2;;;;;1
14/08/2012;12:38:00;204;sem vítima;385;BR-116/PR;Norte;Saida de Pista;1;1;;;;;1
14/08/2012;01:36:00;20;com vítima;468,9;BR-116/PR;Norte;Tombamento;1;0;1;;;;1
14/08/2012;00:22:00;5;sem vítima;543;BR-116/PR;Sul;Colisão Lateral;1;2;;;;;1
15/08/2012;22:17:00;391;sem vítima;278;BR-116/PR;Norte;Colisão Traseira;1;2;;;;;1
15/08/2012;05:30:00;71;sem vítima;486,7;BR-116/PR;Norte;Saida de Pista;1;1;;;;;1
15/08/2012;07:56:00;98;sem vítima;515,1;BR-116/PR;Norte;Colisão Traseira;2;2;;;;;1
15/08/2012;09:47:00;150;com vítima;534;BR-116/PR;Norte;Saida de Pista;1;0;;;;1;3
15/08/2012;10:35:00;168;com vítima;564;BR-116/PR;Sul;Tombamento;1;2;1;;;;1
16/08/2012;06:05:00;85;sem vítima;15,8;BR-116/PR;Norte;Saida de Pista;1;1;;;;;1
16/08/2012;13:11:00;245;sem vítima;51;BR-116/PR;Sul;Colisão Traseira;2;2;;;;;1
16/08/2012;10:59:00;205;sem vítima;287,4;BR-116/PR;Norte;Colisão Lateral;1;2;;;;;1
16/08/2012;08:06:00;131;sem vítima;429;BR-116/PR;Norte;Saida de Pista;1;2;;;;;1
16/08/2012;04:58:00;72;sem vítima;465,5;BR-116/PR;Norte;Saida de Pista;1;1;;;;;1
16/08/2012;04:43:00;69;sem vítima;478;BR-116/PR;Norte;Atropelamento de Animal;1;1;;;;;1
16/08/2012;05:03:00;74;sem vítima;514;BR-116/PR;Sul;Choque - Defensa, barreira ou "submarino";1;3;;;;;1
16/08/2012;01:58:00;38;com vítima;517,3;BR-116/PR;Sul;Saida de Pista;1;0;1;;;;1
16/08/2012;13:50:00;252;sem vítima;543,3;BR-116/PR;Sul;Colisão Lateral;1;2;;;;;1
16/08/2012;09:08:00;163;com vítima;545,5;BR-116/PR;Norte;Tombamento;1;0;;;;1;3
17/08/2012;08:51:00;160;sem vítima;273;BR-116/PR;Norte;Choque - Defensa, barreira ou "submarino";1;1;;;;;1
17/08/2012;19:05:00;395;sem vítima;282;BR-116/PR;Sul;Colisão Lateral;1;2;;;;;1
17/08/2012;09:27:00;182;com vítima;360,5;BR-116/PR;Sul;Tombamento;1;0;1;;;;1
17/08/2012;02:09:00;38;sem vítima;469,8;BR-116/PR;Norte;Saida de Pista;1;1;;;;;1
17/08/2012;22:53:00;449;sem vítima;485;BR-116/PR;Sul;Choque - Defensa, barreira ou "submarino";1;1;;;;;1
17/08/2012;13:29:00;275;sem vítima;543;BR-116/PR;Norte;Colisão Traseira;2;2;;;;;1
17/08/2012;21:51:00;433;com vítima;551;BR-116/PR;Norte;Tombamento;1;0;1;;;;1
18/08/2012;23:11:00;395;com vítima;33;BR-116/PR;Norte;Tombamento;1;0;1;;;;1
18/08/2012;06:53:00;93;sem vítima;273,1;BR-116/PR;Norte;Colisão Frontal;1;3;;;;;1
18/08/2012;15:28:00;285;sem vítima;285,3;BR-116/PR;Sul;Colisão Traseira;1;2;;;;;1
18/08/2012;19:47:00;362;com vítima;306;BR-116/PR;Sul;Tombamento;1;0;;;;1;3
18/08/2012;04:34:00;66;com vítima;454,3;BR-116/PR;Norte;Tombamento;2;1;1;;;;1
19/08/2012;19:10:00;295;sem vítima;286;BR-116/PR;Norte;Colisão Traseira;1;6;;;;;1
19/08/2012;15:23:00;207;sem vítima;401;BR-116/PR;Norte;Choque - Suporte de Sinalização;2;2;;;;;1
20/08/2012;14:01:00;218;com vítima;24;BR-116/PR;Norte;Tombamento;1;0;1;;;;1
20/08/2012;14:17:00;223;sem vítima;57;BR-116/PR;Norte;Colisão Traseira;2;2;;;;;1
20/08/2012;18:27:00;303;sem vítima;336,5;BR-116/PR;Sul;Colisão Traseira;1;2;;;;;1
20/08/2012;05:02:00;60;com vítima;482,1;BR-116/PR;Sul;Tombamento;1;0;1;;;;1
21/08/2012;19:31:00;371;sem vítima;0,5;BR-116/CW;Norte;Saida de Pista;1;1;;;;;1
21/08/2012;18:32:00;347;sem vítima;357,9;BR-116/PR;Sul;Choque - Defensa, barreira ou "submarino";1;1;;;;;1
21/08/2012;20:02:00;381;com vítima;422;BR-116/PR;Sul;Colisão Traseira;2;1;1;;;;1
21/08/2012;07:06:00;86;sem vítima;518;BR-116/PR;Sul;Choque - Talude;1;1;;;;;1
21/08/2012;09:20:00;132;com vítima;544,6;BR-116/PR;Norte;Tombamento;1;0;1;;;;1
21/08/2012;04:07:00;60;sem vítima;544,8;BR-116/PR;Sul;Tombamento;1;1;;;;;1
21/08/2012;07:54:00;99;sem vítima;550,7;BR-116/PR;Norte;Tombamento;1;1;;;;;1
22/08/2012;08:09:00;113;sem vítima;0;BR-116/CW;Sul;Colisão Traseira;1;5;;;;;1
22/08/2012;05:25:00;69;sem vítima;31,8;BR-116/PR;Sul;Choque - Defensa, barreira ou "submarino";1;1;;;;;1
22/08/2012;10:41:00;189;com vítima;285;BR-116/PR;Norte;Queda de Moto;1;1;1;;;;1
22/08/2012;00:35:00;8;com vítima;312,8;BR-116/PR;Sul;Colisão Traseira;1;19;6;1;;;2
23/08/2012;08:03:00;104;sem vítima;32,5;BR-116/PR;Norte;Tombamento;1;1;;;;;1
23/08/2012;01:53:00;33;sem vítima;65,25;BR-116/PR;Sul;Saida de Pista;1;1;;;;;1
23/08/2012;13:48:00;227;com vítima;291,5;BR-116/PR;Sul;Colisão Traseira;2;1;1;;;;1
23/08/2012;22:31:00;378;sem vítima;326;BR-116/PR;Norte;Colisão Traseira;2;3;;;;;1
23/08/2012;07:45:00;96;sem vítima;355,5;BR-116/PR;Norte;Colisão Traseira;3;3;;;;;1
23/08/2012;20:59:00;364;sem vítima;469;BR-116/PR;Sul;Colisão Lateral;2;2;;;;;1
23/08/2012;13:51:00;230;sem vítima;537,4;BR-116/PR;Norte;Tombamento;1;1;;;;;1
24/08/2012;15:32:00;262;sem vítima;28,2;BR-116/PR;Norte;Tombamento;1;1;;;;;1
24/08/2012;07:44:00;101;sem vítima;273;BR-116/PR;Sul;Colisão Traseira;1;3;;;;;1
24/08/2012;08:10:00;113;sem vítima;318,8;BR-116/PR;Norte;Colisão Traseira;1;6;;;;;1
24/08/2012;03:54:00;57;sem vítima;339;BR-116/PR;Norte;Tombamento;1;1;;;;;1
24/08/2012;17:04:00;296;sem vítima;343;BR-116/PR;Norte;Colisão Traseira;1;5;;;;;1
24/08/2012;15:16:00;255;sem vítima;486;BR-116/PR;Sul;Colisão Traseira;2;2;;;;;1
25/08/2012;23:37:00;395;sem vítima;59;BR-116/PR;Sul;Choque - Defensa, barreira ou "submarino";1;1;;;;;1
25/08/2012;04:35:00;65;sem vítima;283,5;BR-116/PR;Norte;Tombamento;1;1;;;;;1
25/08/2012;07:53:00;109;sem vítima;330;BR-116/PR;Sul;Colisão Traseira;1;7;;;;;1
25/08/2012;17:16:00;290;sem vítima;348;BR-116/PR;Sul;Colisão Lateral;1;2;;;;;1
25/08/2012;05:20:00;74;com vítima;441,8;BR-116/PR;Norte;Tombamento;1;0;2;;;;1
25/08/2012;05:16:00;73;sem vítima;500;BR-116/PR;Sul;Saida de Pista;1;1;;;;;1
26/08/2012;10:03:00;136;sem vítima;17;BR-116/PR;Sul;Saida de Pista;1;1;;;;;1
26/08/2012;19:53:00;303;com vítima;307,5;BR-116/PR;Norte;Atropelamento - Morador;1;1;;;;1;3
26/08/2012;21:54:00;334;sem vítima;493;BR-116/PR;Norte;Choque - Objeto sobre a pista;1;4;;;;;1
26/08/2012;20:33:00;315;sem vítima;504;BR-116/PR;Sul;Colisão Lateral;1;3;;;;;1
26/08/2012;08:42:00;108;sem vítima;517,6;BR-116/PR;Norte;Tombamento;1;1;;;;;1
26/08/2012;02:15:00;29;sem vítima;545,8;BR-116/PR;Norte;Colisão Traseira;2;2;;;;;1
27/08/2012;15:19:00;222;sem vítima;280,95;BR-116/PR;Norte;Colisão Traseira;1;2;;;;;1
27/08/2012;22:01:00;324;sem vítima;295,6;BR-116/PR;Norte;Colisão Traseira;2;3;;;;;1
27/08/2012;09:44:00;131;com vítima;321;BR-116/PR;Norte;Colisão Traseira;1;1;;;;1;3
27/08/2012;18:08:00;269;sem vítima;343,2;BR-116/PR;Sul;Colisão Traseira;3;4;;;;;1
27/08/2012;15:26:00;223;sem vítima;487,5;BR-116/PR;Norte;Saida de Pista;1;1;;;;;1
27/08/2012;06:36:00;72;com vítima;544,3;BR-116/PR;Norte;Tombamento;1;0;1;;;;1
27/08/2012;00:43:00;12;sem vítima;552,8;BR-116/PR;Sul;Tombamento;1;1;;;;;1
28/08/2012;09:20:00;157;sem vítima;14;BR-116/PR;Norte;Capotamento;1;4;;;;;1
28/08/2012;08:04:00;115;sem vítima;25;BR-116/PR;Sul;Saida de Pista;1;1;;;;;1
28/08/2012;12:19:00;199;sem vítima;33,5;BR-116/PR;Sul;Saida de Pista;1;1;;;;;1
28/08/2012;19:25:00;344;sem vítima;57;BR-116/PR;Norte;Colisão Traseira;2;2;;;;;1
28/08/2012;07:59:00;113;sem vítima;269,3;BR-116/PR;Norte;Colisão Lateral;1;2;;;;;1
28/08/2012;19:43:00;349;sem vítima;279;BR-116/PR;Sul;Engavetamento;1;2;;;;;1
28/08/2012;18:52:00;324;com vítima;342,3;BR-116/PR;Sul;Engavetamento;3;2;1;;;;1
28/08/2012;17:36:00;298;com vítima;348;BR-116/PR;Sul;Choque - Arvore;1;0;1;;;;1
28/08/2012;04:12:00;58;sem vítima;502;BR-116/PR;Sul;Choque - Talude;1;2;;;;;1
28/08/2012;15:26:00;244;sem vítima;539,4;BR-116/PR;Sul;Colisão Traseira;1;3;;;;;1
28/08/2012;08:24:00;123;sem vítima;541,5;BR-116/PR;Sul;Colisão Traseira;2;2;;;;;1
28/08/2012;07:59:00;114;sem vítima;560;BR-116/PR;Sul;Tombamento;4;4;;;;;1
29/08/2012;04:55:00;79;com vítima;7,8;BR-116/PR;Norte;Capotamento;1;3;1;;;;1
29/08/2012;22:21:00;410;sem vítima;346;BR-116/PR;Sul;Saida de Pista;1;1;;;;;1
29/08/2012;13:56:00;256;sem vítima;426;BR-116/PR;Norte;Colisão Traseira;1;2;;;;;1
29/08/2012;19:02:00;361;com vítima;514,3;BR-116/PR;Norte;Tombamento;1;1;;1;;;2
29/08/2012;07:08:00;104;sem vítima;538;BR-116/PR;Sul;Capotamento;1;2;;;;;1
29/08/2012;13:16:00;241;com vítima;550,4;BR-116/PR;Norte;Tombamento;1;0;1;;;;1
30/08/2012;21:30:00;380;com vítima;3,2;BR-116/PR;Sul;Colisão Traseira;1;1;2;;;;1
30/08/2012;03:17:00;64;sem vítima;7,6;BR-116/PR;Sul;Tombamento;1;1;;;;;1
30/08/2012;15:45:00;286;sem vítima;281,7;BR-116/PR;Sul;Colisão Lateral;1;2;;;;;1
30/08/2012;14:49:00;267;com vítima;306;BR-116/PR;Sul;Colisão Lateral;1;1;2;;;;1
30/08/2012;20:01:00;358;sem vítima;338;BR-116/PR;Sul;Colisão Traseira;2;2;;;;;1
30/08/2012;21:30:00;381;sem vítima;344,9;BR-116/PR;Sul;Saida de Pista;1;1;;;;;1
30/08/2012;16:07:00;298;sem vítima;348;BR-116/PR;Sul;Saida de Pista;1;1;;;;;1
30/08/2012;23:32:00;410;sem vítima;543;BR-116/PR;Sul;Colisão Traseira;2;3;;;;;1
30/08/2012;10:39:00;185;sem vítima;546;BR-116/PR;Sul;Saida de Pista;1;2;;;;;1
30/08/2012;18:51:00;341;sem vítima;547;BR-116/PR;Sul;Colisão Traseira;2;2;;;;;1
30/08/2012;06:15:00;89;sem vítima;549;BR-116/PR;Sul;Saida de Pista;1;1;;;;;1
31/08/2012;11:56:00;193;com vítima;33;BR-116/PR;Norte;Tombamento;1;0;1;;;;1
31/08/2012;20:39:00;340;sem vítima;323;BR-116/PR;Sul;Colisão Lateral;1;2;;;;;1
31/08/2012;06:04:00;86;sem vítima;331;BR-116/PR;Norte;Saida de Pista;1;2;;;;;1
31/08/2012;23:20:00;372;com vítima;370;BR-116/PR;Sul;Colisão Traseira;1;2;1;1;;;2
31/08/2012;06:25:00;89;sem vítima;393;BR-116/PR;Sul;Saida de Pista;1;2;;;;;1
31/08/2012;15:48:00;257;sem vítima;498;BR-116/PR;Sul;Tombamento;1;1;;;;;1
31/08/2012;13:41:00;223;com vítima;513,4;BR-116/PR;Norte;Tombamento;1;0;1;;;;1
01/09/2012;17:35:00;288;com vítima;28;BR-116/PR;Norte;Tombamento;1;0;1;;;;1
01/09/2012;15:58:00;253;sem vítima;360;BR-116/PR;Sul;Colisão Traseira;1;2;;;;;1
01/09/2012;15:42:00;249;com vítima;567,7;BR-116/PR;Norte;Tombamento;1;0;2;;;;1
02/09/2012;05:59:00;55;com vítima;9;BR-116/PR;Norte;Tombamento;1;0;1;;;;1
02/09/2012;10:10:00;120;sem vítima;28,7;BR-116/PR;Norte;Colisão Traseira;2;2;;;;;1
02/09/2012;19:59:00;299;com vítima;36;BR-116/PR;Norte;Atropelamento - Morador;1;1;1;1;;;2
02/09/2012;06:03:00;57;com vítima;58;BR-116/PR;Norte;Colisão Traseira;2;1;1;;;;1
02/09/2012;18:05:00;264;sem vítima;384;BR-116/PR;Norte;Colisão Transversal;1;2;;;;;1
02/09/2012;08:36:00;95;com vítima;545,5;BR-116/PR;Norte;Tombamento;1;0;1;;;;1
03/09/2012;12:43:00;210;com vítima;12,5;BR-116/CW;Sul;Colisão Lateral;1;1;;1;;;2
03/09/2012;15:00:00;248;sem vítima;279;BR-116/PR;Norte;Colisão Lateral;2;2;;;;;1
03/09/2012;21:36:00;346;com vítima;352,8;BR-116/PR;Sul;Colisão Traseira;2;1;1;;;;1
03/09/2012;02:05:00;32;com vítima;544,3;BR-116/PR;Norte;Tombamento;1;0;2;;;;1
03/09/2012;10:07:00;163;com vítima;548;BR-116/PR;Sul;Capotamento;1;0;1;;;;1
04/09/2012;05:30:00;60;sem vítima;43,5;BR-116/PR;Sul;Saida de Pista;1;1;;;;;1
04/09/2012;02:13:00;34;com vítima;371,8;BR-116/PR;Norte;Tombamento;1;0;1;;;;1
04/09/2012;21:06:00;308;sem vítima;442,4;BR-116/PR;Sul;Saida de Pista;1;1;;;;;1
04/09/2012;15:38:00;232;com vítima;495,2;BR-116/PR;Norte;Saida de Pista;1;0;;;;1;3
04/09/2012;01:25:00;23;com vítima;567,4;BR-116/PR;Sul;Saida de Pista;1;0;1;;;;1
05/09/2012;12:34:00;219;sem vítima;283;BR-116/PR;Norte;Colisão Traseira;1;2;;;;;1
05/09/2012;13:33:00;236;sem vítima;352,8;BR-116/PR;Norte;Saida de Pista;1;1;;;;;1
05/09/2012;18:42:00;352;com vítima;359,5;BR-116/PR;Norte;Colisão Frontal;3;1;2;;;;1
06/09/2012;10:38:00;205;com vítima;285;BR-116/PR;Sul;Tombamento;1;1;1;;;;1
06/09/2012;00:47:00;15;sem vítima;351;BR-116/PR;Norte;Colisão Lateral;1;6;;;;;1
06/09/2012;16:28:00;325;sem vítima;359,6;BR-116/PR;Sul;Colisão Traseira;2;2;;;;;1
06/09/2012;21:18:00;421;sem vítima;362;BR-116/PR;Sul;Saida de Pista;1;1;;;;;1
06/09/2012;07:32:00;112;sem vítima;384;BR-116/PR;Sul;Tombamento;1;1;;;;;1
06/09/2012;16:45:00;331;com vítima;385,6;BR-116/PR;Norte;Tombamento;1;0;1;;;;1
06/09/2012;09:42:00;175;sem vítima;485;BR-116/PR;Norte;Colisão Traseira;1;4;;;;;1
06/09/2012;11:40:00;225;sem vítima;508,9;BR-116/PR;Sul;Tombamento;1;1;;;;;1
06/09/2012;06:33:00;94;sem vítima;509,8;BR-116/PR;Norte;Tombamento;1;1;;;;;1
06/09/2012;14:32:00;278;com vítima;552;BR-116/PR;Sul;Capotamento;1;0;;1;;;2
07/09/2012;03:45:00;62;com vítima;305,9;BR-116/PR;Sul;Tombamento;1;0;;;1;;2
07/09/2012;10:06:00;157;sem vítima;318;BR-116/PR;Sul;Colisão Traseira;2;2;;;;;1
07/09/2012;07:32:00;116;sem vítima;330;BR-116/PR;Sul;Colisão Lateral;1;2;;;;;1
07/09/2012;13:34:00;213;sem vítima;370;BR-116/PR;Norte;Colisão Lateral;1;2;;;;;1
07/09/2012;14:05:00;225;sem vítima;370;BR-116/PR;Norte;Colisão Lateral;1;2;;;;;1
07/09/2012;22:17:00;376;com vítima;371;BR-116/PR;Sul;Colisão Lateral;1;5;1;;;;1
07/09/2012;07:59:00;126;sem vítima;404;BR-116/PR;Norte;Colisão Lateral;1;4;;;;;1
07/09/2012;18:38:00;325;com vítima;492,9;BR-116/PR;Norte;Saida de Pista;1;1;1;;;;1