data;horario;n_da_ocorrencia;tipo_de_ocorrencia;km;trecho;sentido;tipo_de_acidente;caminhao;ilesos;levemente_feridos;moderadamente_feridos;gravemente_feridos;mortos;3
07/09/2012;17:10:00;291;sem vítima;542,9;BR-116/PR;Norte;Colisão Traseira;1;3;;;;;1
07/09/2012;01:27:00;32;com vítima;545,15;BR-116/PR;Norte;Tombamento;1;0;;;;1;3
07/09/2012;07:47:00;122;sem vítima;548,5;BR-116/PR;Sul;Tombamento;1;1;;;;;1
08/09/2012;04:10:00;38;sem vítima;62;BR-116/PR;Norte;Atropelamento de Animal;1;1;;;;;1
08/09/2012;11:17:00;131;com vítima;291;BR-116/PR;Sul;Colisão Transversal;1;3;1;1;;;2
08/09/2012;16:57:00;247;sem vítima;486;BR-116/PR;Norte;Colisão Lateral;2;2;;;;;1
08/09/2012;03:55:00;34;com vítima;500;BR-116/PR;Sul;Tombamento;1;0;;1;;1;3
08/09/2012;04:14:00;42;sem vítima;537;BR-116/PR;Norte;Tombamento;1;1;;;;;1
09/09/2012;10:39:00;132;sem vítima;369;BR-116/PR;Norte;Colisão Lateral;1;2;;;;;1
09/09/2012;16:20:00;275;sem vítima;385;BR-116/PR;Norte;Colisão Lateral;1;5;;;;;1
09/09/2012;22:32:00;436;com vítima;550;BR-116/PR;Norte;Tombamento;1;0;;1;;;2
10/09/2012;20:05:00;387;sem vítima;18,5;BR-116/PR;Norte;Choque - Defensa, barreira ou "submarino";1;1;;;;;1
10/09/2012;16:20:00;317;com vítima;270;BR-116/PR;Norte;Engavetamento;2;7;1;;;;1
10/09/2012;14:00:00;268;com vítima;334,9;BR-116/PR;Sul;Colisão Traseira;1;1;1;;;;1
10/09/2012;02:52:00;37;sem vítima;357,7;BR-116/PR;Norte;Choque - Defensa, barreira ou "submarino";1;1;;;;;1
10/09/2012;00:30:00;6;sem vítima;377;BR-116/PR;Norte;Colisão Lateral;1;2;;;;;1
10/09/2012;05:22:00;66;sem vítima;387,7;BR-116/PR;Norte;Colisão Traseira;2;2;;;;;1
10/09/2012;01:24:00;16;sem vítima;552;BR-116/PR;Sul;Atropelamento de Animal;1;1;;;;;1
11/09/2012;16:16:00;291;sem vítima;272,8;BR-116/PR;Norte;Colisão Traseira;1;5;;;;;1
11/09/2012;09:04:00;131;sem vítima;313,8;BR-116/PR;Sul;Choque - Defensa, barreira ou "submarino";1;2;;;;;1
11/09/2012;07:02:00;82;sem vítima;365;BR-116/PR;Norte;Tombamento;1;1;;;;;1
11/09/2012;06:05:00;69;com vítima;377;BR-116/PR;Norte;Colisão Traseira;1;2;;1;;;2
11/09/2012;04:33:00;58;sem vítima;492;BR-116/PR;Norte;Colisão Traseira;2;3;;;;;1
12/09/2012;19:44:00;374;com vítima;322,4;BR-116/PR;Sul;Colisão Traseira;3;2;;1;;;2
12/09/2012;02:45:00;50;sem vítima;389,2;BR-116/PR;Sul;Tombamento;1;2;;;;;1
13/09/2012;05:49:00;80;com vítima;292;BR-116/PR;Norte;Objeto lançado contra veículo;1;2;1;;;;1
13/09/2012;06:44:00;93;sem vítima;292;BR-116/PR;Norte;Objeto lançado contra veículo;2;2;;;;;1
13/09/2012;15:38:00;273;sem vítima;342;BR-116/PR;Norte;Colisão Traseira;1;3;;;;;1
13/09/2012;01:07:00;23;sem vítima;349,1;BR-116/PR;Norte;Tombamento;1;1;;;;;1
13/09/2012;07:57:00;121;sem vítima;426,6;BR-116/PR;Sul;Colisão Traseira;1;2;;;;;1
13/09/2012;04:06:00;63;sem vítima;442,5;BR-116/PR;Norte;Capotamento;1;2;;;;;1
14/09/2012;06:12:00;70;sem vítima;32,5;BR-116/PR;Norte;Tombamento;1;1;;;;;1
14/09/2012;04:20:00;49;sem vítima;418,5;BR-116/PR;Norte;Tombamento;1;1;;;;;1
14/09/2012;14:31:00;235;com vítima;447;BR-116/PR;Sul;Saida de Pista;1;0;;1;;;2
14/09/2012;14:51:00;244;sem vítima;447;BR-116/PR;Sul;Colisão Lateral;1;3;;;;;1
14/09/2012;02:25:00;28;com vítima;511,4;BR-116/PR;Norte;Colisão Traseira;1;1;;1;;;2
14/09/2012;13:32:00;219;sem vítima;545,5;BR-116/PR;Norte;Colisão Traseira;1;3;;;;;1
15/09/2012;13:56:00;211;com vítima;338;BR-116/PR;Sul;Colisão Frontal;2;1;;1;;;2
15/09/2012;18:29:00;313;sem vítima;340;BR-116/PR;Norte;Colisão Traseira;1;3;;;;;1
15/09/2012;03:47:00;55;sem vítima;381,3;BR-116/PR;Sul;Tombamento;1;1;;;;;1
15/09/2012;01:57:00;34;sem vítima;505,9;BR-116/PR;Norte;Saida de Pista;1;1;;;;;1
16/09/2012;19:42:00;372;sem vítima;289;BR-116/PR;Norte;Colisão Lateral;1;2;;;;;1
16/09/2012;16:39:00;294;sem vítima;543,2;BR-116/PR;Norte;Choque - Defensa, barreira ou "submarino";1;1;;;;;1
17/09/2012;08:35:00;118;sem vítima;362,3;BR-116/PR;Sul;Tombamento;1;2;;;;;1
17/09/2012;07:10:00;85;com vítima;364,5;BR-116/PR;Norte;Tombamento;1;0;1;;;;1
18/09/2012;09:02:00;154;sem vítima;7;BR-116/PR;Norte;Saida de Pista;1;1;;;;;1
18/09/2012;22:13:00;492;com vítima;273;BR-116/PR;Norte;Tombamento;1;0;1;;;;1
18/09/2012;09:17:00;164;sem vítima;280;BR-116/PR;Norte;Colisão Lateral;1;2;;;;;1
18/09/2012;04:58:00;76;sem vítima;325;BR-116/PR;Norte;Choque - Elemento de Drenagem;1;1;;;;;1
18/09/2012;04:54:00;74;com vítima;332;BR-116/PR;Sul;Colisão Traseira;2;1;;1;;;2
18/09/2012;15:49:00;347;sem vítima;340;BR-116/PR;Norte;Colisão Lateral;1;3;;;;;1
18/09/2012;15:27:00;336;sem vítima;456;BR-116/PR;Norte;Colisão Traseira;1;2;;;;;1
18/09/2012;22:45:00;499;com vítima;515;BR-116/PR;Norte;Tombamento;1;0;1;;;;1
18/09/2012;04:11:00;70;sem vítima;517;BR-116/PR;Sul;Choque - Talude;1;1;;;;;1
18/09/2012;23:46:00;508;sem vítima;544,5;BR-116/PR;Norte;Tombamento;1;1;;;;;1
19/09/2012;17:59:00;403;sem vítima;273;BR-116/PR;Sul;Engavetamento;1;3;;;;;1
19/09/2012;16:16:00;365;sem vítima;293;BR-116/PR;Norte;Colisão Traseira;2;2;;;;;1
19/09/2012;19:58:00;436;sem vítima;299;BR-116/PR;Sul;Colisão Lateral;1;2;;;;;1
19/09/2012;03:35:00;56;sem vítima;391,5;BR-116/PR;Sul;Colisão Traseira;2;3;;;;;1
19/09/2012;09:09:00;156;com vítima;426;BR-116/PR;Norte;Colisão Traseira;2;0;2;;;;1
19/09/2012;21:43:00;456;sem vítima;426;BR-116/PR;Sul;Colisão Lateral;1;2;;;;;1
19/09/2012;22:00:00;459;sem vítima;480;BR-116/PR;Norte;Tombamento;1;1;;;;;1
19/09/2012;09:55:00;176;sem vítima;485,7;BR-116/PR;Sul;Colisão Traseira;2;3;;;;;1
19/09/2012;15:11:00;339;sem vítima;489;BR-116/PR;Sul;Choque - Suporte de Sinalização;1;2;;;;;1
19/09/2012;20:38:00;444;sem vítima;545,2;BR-116/PR;Norte;Saida de Pista;1;2;;;;;1
19/09/2012;15:47:00;359;sem vítima;554,5;BR-116/PR;Sul;Colisão Traseira;2;2;;;;;1
20/09/2012;08:12:00;138;sem vítima;275;BR-116/PR;Norte;Colisão Lateral;1;2;;;;;1
20/09/2012;18:30:00;348;sem vítima;332;BR-116/PR;Sul;Engavetamento;3;3;;;;;1
20/09/2012;17:07:00;327;com vítima;445;BR-116/PR;Norte;Colisão Lateral;1;1;1;;;;1
20/09/2012;05:30:00;69;sem vítima;478,9;BR-116/PR;Norte;Colisão Traseira;1;2;;;;;1
20/09/2012;07:51:00;125;sem vítima;509;BR-116/PR;Norte;Colisão Lateral;1;2;;;;;1
21/09/2012;06:22:00;88;com vítima;30,5;BR-116/PR;Sul;Colisão Traseira;2;1;;;1;;2
21/09/2012;03:23:00;61;sem vítima;48;BR-116/PR;Sul;Colisão Traseira;3;4;;;;;1
21/09/2012;04:49:00;76;sem vítima;59;BR-116/PR;Sul;Choque - Defensa, barreira ou "submarino";1;1;;;;;1
21/09/2012;20:20:00;339;sem vítima;69;BR-116/PR;Sul;Tombamento;1;1;;;;;1
21/09/2012;06:39:00;94;sem vítima;279,9;BR-116/PR;Norte;Colisão Lateral;2;2;;;;;1
21/09/2012;08:32:00;131;sem vítima;331;BR-116/PR;Sul;Colisão Lateral;2;2;;;;;1
21/09/2012;12:55:00;218;sem vítima;359,8;BR-116/PR;Norte;Colisão Lateral;1;5;;;;;1
21/09/2012;14:35:00;238;sem vítima;362;BR-116/PR;Sul;Outros;1;2;;;;;1
21/09/2012;00:57:00;22;sem vítima;506;BR-116/PR;Norte;Saida de Pista;1;1;;;;;1
21/09/2012;20:59:00;350;sem vítima;513;BR-116/PR;Sul;Colisão Lateral;3;5;;;;;1
21/09/2012;12:43:00;216;sem vítima;538;BR-116/PR;Sul;Colisão Traseira;2;3;;;;;1
21/09/2012;07:50:00;120;com vítima;548;BR-116/PR;Sul;Colisão Lateral;2;3;1;;;;1
21/09/2012;14:44:00;244;sem vítima;560;BR-116/PR;Sul;Saida de Pista;1;2;;;;;1
21/09/2012;14:51:00;247;sem vítima;560;BR-116/PR;Sul;Choque - Defensa, barreira ou "submarino";1;3;;;;;1
21/09/2012;12:20:00;213;sem vítima;562;BR-116/PR;Sul;Choque - Defensa, barreira ou "submarino";2;3;;;;;1
22/09/2012;00:08:00;3;sem vítima;299;BR-116/PR;Norte;Colisão Traseira;1;3;;;;;1
22/09/2012;09:46:00;150;sem vítima;396,2;BR-116/PR;Sul;Colisão Traseira;2;2;;;;;1
22/09/2012;04:37:00;61;sem vítima;453,85;BR-116/PR;Norte;Colisão Traseira;1;3;;;;;1
22/09/2012;09:06:00;135;sem vítima;548,5;BR-116/PR;Norte;Tombamento;1;1;;;;;1
22/09/2012;23:24:00;384;com vítima;559,5;BR-116/PR;Norte;Saida de Pista;1;0;1;;;;1
23/09/2012;14:18:00;206;com vítima;445,5;BR-116/PR;Norte;Tombamento;1;0;1;;;;1
23/09/2012;17:39:00;276;sem vítima;449;BR-116/PR;Norte;Colisão Traseira;1;3;;;;;1
23/09/2012;20:45:00;338;com vítima;560,2;BR-116/PR;Sul;Tombamento;1;0;;1;;;2
24/09/2012;16:49:00;280;sem vítima;369;BR-116/PR;Sul;Saida de Pista;1;1;;;;;1
24/09/2012;08:19:00;114;sem vítima;548,3;BR-116/PR;Norte;Tombamento;1;1;;;;;1
25/09/2012;07:40:00;117;sem vítima;297,3;BR-116/PR;Norte;Tombamento;1;3;;;;;1
25/09/2012;22:17:00;407;sem vítima;339;BR-116/PR;Norte;Saida de Pista;1;1;;;;;1
25/09/2012;14:35:00;257;sem vítima;357;BR-116/PR;Sul;Saida de Pista;1;1;;;;;1
25/09/2012;12:23:00;218;com vítima;398,9;BR-116/PR;Sul;Colisão Traseira;1;8;;2;;;2
25/09/2012;07:47:00;125;sem vítima;470;BR-116/PR;Norte;Tombamento;1;1;;;;;1
25/09/2012;07:59:00;131;sem vítima;511;BR-116/PR;Sul;Tombamento;1;1;;;;;1
25/09/2012;10:05:00;179;sem vítima;562;BR-116/PR;Sul;Choque - Defensa, barreira ou "submarino";1;3;;;;;1
26/09/2012;10:14:00;179;sem vítima;53;BR-116/PR;Norte;Colisão Traseira;1;2;;;;;1
26/09/2012;18:08:00;343;sem vítima;343;BR-116/PR;Sul;Colisão Traseira;2;3;;;;;1
26/09/2012;06:25:00;83;sem vítima;398,85;BR-116/PR;Norte;Saida de Pista;1;1;;;;;1
26/09/2012;22:24:00;403;com vítima;461;BR-116/PR;Norte;Colisão Traseira;2;1;;1;;;2
26/09/2012;18:32:00;349;sem vítima;476;BR-116/PR;Norte;Colisão Lateral;1;2;;;;;1
26/09/2012;09:10:00;154;sem vítima;503,3;BR-116/PR;Sul;Tombamento;1;1;;;;;1
26/09/2012;04:58:00;68;sem vítima;532;BR-116/PR;Sul;Colisão Lateral;2;2;;;;;1
26/09/2012;22:12:00;395;sem vítima;543;BR-116/PR;Norte;Colisão Traseira;2;2;;;;;1
27/09/2012;22:11:00;396;sem vítima;18,6;BR-116/PR;Sul;Colisão Traseira;2;2;;;;;1
27/09/2012;17:19:00;308;sem vítima;273;BR-116/PR;Sul;Colisão Lateral;1;2;;;;;1
27/09/2012;06:12:00;82;sem vítima;282;BR-116/PR;Norte;Colisão Traseira;1;2;;;;;1
27/09/2012;22:00:00;391;com vítima;308;BR-116/PR;Sul;Tombamento;1;0;;;1;;2
27/09/2012;20:34:00;374;sem vítima;317,5;BR-116/PR;Sul;Choque - Defensa, barreira ou "submarino";1;1;;;;;1
27/09/2012;05:13:00;74;com vítima;428;BR-116/PR;Norte;Saida de Pista;1;0;1;;;;1
27/09/2012;13:08:00;225;sem vítima;489,3;BR-116/PR;Sul;Colisão Lateral;1;2;;;;;1
27/09/2012;01:36:00;36;sem vítima;497,9;BR-116/PR;Sul;Saida de Pista;1;2;;;;;1
27/09/2012;22:39:00;409;sem vítima;509;BR-116/PR;Norte;Colisão Traseira;2;2;;;;;1
27/09/2012;15:52:00;282;sem vítima;509,7;BR-116/PR;Norte;Tombamento;1;1;;;;;1
27/09/2012;04:20:00;68;com vítima;552;BR-116/PR;Sul;Colisão Traseira;2;1;;1;;;2
27/09/2012;20:05:00;366;sem vítima;560;BR-116/PR;Sul;Colisão Traseira;1;6;;;;;1
27/09/2012;05:40:00;77;sem vítima;567;BR-116/PR;Sul;Tombamento;4;4;;;;;1
27/09/2012;06:16:00;84;sem vítima;567;BR-116/PR;Sul;Saida de Pista;1;1;;;;;1
28/09/2012;17:17:00;317;sem vítima;40;BR-116/PR;Sul;Outros - Sequência;2;2;;;;;1
28/09/2012;15:06:00;262;sem vítima;283,5;BR-116/PR;Norte;Colisão Traseira;1;4;;;;;1
28/09/2012;01:13:00;27;sem vítima;341,3;BR-116/PR;Sul;Saida de Pista;1;2;;;;;1
28/09/2012;17:14:00;315;sem vítima;343;BR-116/PR;Sul;Colisão Traseira;3;3;;;;;1
28/09/2012;19:18:00;358;sem vítima;344;BR-116/PR;Sul;Colisão Traseira;1;3;;;;;1
28/09/2012;03:58:00;64;com vítima;399,7;BR-116/PR;Norte;Saida de Pista;1;0;1;;;;1
28/09/2012;05:55:00;84;sem vítima;499,2;BR-116/PR;Sul;Saida de Pista;1;2;;;;;1
28/09/2012;05:50:00;83;sem vítima;540;BR-116/PR;Sul;Saida de Pista;1;1;;;;;1
28/09/2012;01:53:00;38;com vítima;544,4;BR-116/PR;Norte;Tombamento;1;0;1;;;;1
28/09/2012;08:23:00;134;sem vítima;561;BR-116/PR;Sul;Saida de Pista;1;1;;;;;1
28/09/2012;00:05:00;3;sem vítima;564,4;BR-116/PR;Sul;Saida de Pista;1;1;;;;;1
29/09/2012;08:50:00;132;com vítima;28,1;BR-116/PR;Norte;Tombamento;1;0;;1;;;2
29/09/2012;14:52:00;235;com vítima;270;BR-116/PR;Norte;Engavetamento;1;3;1;;;;1
29/09/2012;15:16:00;243;sem vítima;279;BR-116/PR;Sul;Colisão Lateral;1;2;;;;;1
29/09/2012;17:04:00;281;sem vítima;311,5;BR-116/PR;Sul;Colisão Lateral;1;5;;;;;1
29/09/2012;02:01:00;43;sem vítima;353,3;BR-116/PR;Norte;Tombamento;3;4;;;;;1
29/09/2012;06:01:00;80;sem vítima;426;BR-116/PR;Sul;Colisão Traseira;2;2;;;;;1
29/09/2012;21:41:00;349;sem vítima;461;BR-116/PR;Sul;Colisão Traseira;2;2;;;;;1
29/09/2012;08:19:00;123;com vítima;485,6;BR-116/PR;Sul;Choque - Defensa, barreira ou "submarino";1;3;1;;;;1
29/09/2012;12:16:00;199;sem vítima;517,6;BR-116/PR;Norte;Tombamento;1;1;;;;;1
30/09/2012;05:09:00;74;com vítima;63,9;BR-116/PR;Sul;Tombamento;1;0;1;;;;1
30/09/2012;23:04:00;337;com vítima;290,3;BR-116/PR;Norte;Tombamento;1;0;1;;;;1
30/09/2012;09:02:00;118;com vítima;517,7;BR-116/PR;Norte;Tombamento;1;0;1;;;;1
30/09/2012;00:14:00;4;com vítima;550,5;BR-116/PR;Norte;Tombamento;1;0;1;;;;1
01/10/2012;05:58:00;55;com vítima;405,5;BR-116/PR;Norte;Tombamento;1;0;1;;;;1
01/10/2012;05:51:00;53;com vítima;503,3;BR-116/PR;Sul;Tombamento;1;0;1;;;;1
01/10/2012;08:16:00;94;sem vítima;511;BR-116/PR;Norte;Colisão Traseira;2;2;;;;;1
02/10/2012;08:05:00;120;com vítima;341;BR-116/PR;Norte;Colisão Traseira;1;2;;;;1;3
02/10/2012;07:12:00;95;com vítima;513,5;BR-116/PR;Norte;Tombamento;1;0;1;;;;1
03/10/2012;23:45:00;443;sem vítima;345,3;BR-116/PR;Sul;Colisão Traseira;2;2;;;;;1
03/10/2012;04:40:00;59;sem vítima;502,8;BR-116/PR;Sul;Saida de Pista;1;1;;;;;1
03/10/2012;05:13:00;68;com vítima;556;BR-116/PR;Sul;Saida de Pista;1;0;1;;;;1
04/10/2012;06:07:00;82;com vítima;32,5;BR-116/PR;Norte;Tombamento;1;0;2;;;;1
04/10/2012;15:17:00;264;sem vítima;303;BR-116/PR;Sul;Colisão Traseira;1;2;;;;;1
04/10/2012;09:37:00;154;sem vítima;351,1;BR-116/PR;Sul;Choque - Defensa, barreira ou "submarino";1;1;;;;;1
04/10/2012;02:17:00;43;sem vítima;408;BR-116/PR;Sul;Colisão Traseira;2;2;;;;;1
04/10/2012;05:32:00;74;sem vítima;461;BR-116/PR;Norte;Colisão Lateral;2;2;;;;;1
05/10/2012;07:17:00;97;sem vítima;15;BR-116/CW;Sul;Engavetamento;1;6;;;;;1
05/10/2012;11:13:00;205;com vítima;29,6;BR-116/PR;Norte;Tombamento;1;0;;1;;;2
05/10/2012;12:48:00;234;sem vítima;299;BR-116/PR;Sul;Colisão Lateral;1;2;;;;;1
05/10/2012;23:23:00;423;com vítima;317,9;BR-116/PR;Norte;Saida de Pista;1;0;1;;;;1
05/10/2012;00:22:00;14;sem vítima;385,7;BR-116/PR;Sul;Colisão Lateral;2;2;;;;;1
05/10/2012;08:10:00;122;sem vítima;444,3;BR-116/PR;Norte;Saida de Pista;1;1;;;;;1
05/10/2012;06:53:00;91;sem vítima;448;BR-116/PR;Norte;Colisão Lateral;2;2;;;;;1
05/10/2012;09:30:00;162;sem vítima;479,7;BR-116/PR;Sul;Tombamento;1;1;;;;;1
05/10/2012;10:08:00;182;sem vítima;514;BR-116/PR;Norte;Choque - Talude;1;1;;;;;1
06/10/2012;08:29:00;134;sem vítima;57,5;BR-116/PR;Sul;Colisão Lateral;3;3;;;;;1
06/10/2012;11:04:00;180;sem vítima;283;BR-116/PR;Sul;Colisão Traseira;1;3;;;;;1
06/10/2012;11:56:00;196;com vítima;435;BR-116/PR;Norte;Tombamento;1;0;;1;;;2
06/10/2012;01:33:00;22;sem vítima;449;BR-116/PR;Sul;Colisão Traseira;1;2;;;;;1
06/10/2012;04:51:00;64;com vítima;550,8;BR-116/PR;Sul;Tombamento;1;0;1;;;;1
06/10/2012;20:02:00;337;com vítima;568;BR-116/PR;Norte;Capotamento;1;0;;1;;;2
07/10/2012;13:58:00;189;sem vítima;378,9;BR-116/PR;Sul;Colisão Traseira;1;2;;;;;1
07/10/2012;04:54:00;61;sem vítima;466,5;BR-116/PR;Norte;Saida de Pista;1;2;;;;;1
08/10/2012;10:35:00;162;sem vítima;23,7;BR-116/PR;Norte;Tombamento;1;1;;;;;1
08/10/2012;03:51:00;43;com vítima;271;BR-116/PR;Norte;Colisão Traseira;1;2;;1;;;2
08/10/2012;17:14:00;302;sem vítima;308;BR-116/PR;Sul;Tombamento;1;1;;;;;1
08/10/2012;08:38:00;123;sem vítima;413,4;BR-116/PR;Norte;Colisão Lateral;2;2;;;;;1
08/10/2012;08:24:00;115;sem vítima;426,6;BR-116/PR;Norte;Colisão Traseira;1;2;;;;;1
09/10/2012;04:05:00;42;com vítima;28,3;BR-116/PR;Norte;Tombamento;1;0;1;;;;1
09/10/2012;07:04:00;75;sem vítima;32,5;BR-116/PR;Norte;Tombamento;1;1;;;;;1
09/10/2012;14:45:00;251;sem vítima;57;BR-116/PR;Norte;Colisão Lateral;1;3;;;;;1
09/10/2012;21:53:00;405;sem vítima;282;BR-116/PR;Sul;Colisão Traseira;1;2;;;;;1
09/10/2012;12:39:00;204;com vítima;421;BR-116/PR;Sul;Atropelamento - Ciclista;1;1;;;;1;3
09/10/2012;00:25:00;4;com vítima;516;BR-116/PR;Norte;Choque - Talude;2;1;1;;;;1
10/10/2012;04:17:00;53;com vítima;341,2;BR-116/PR;Sul;Colisão Frontal;3;2;1;;;;1
10/10/2012;21:58:00;448;com vítima;377;BR-116/PR;Sul;Colisão Traseira;2;1;1;;;;1
10/10/2012;07:43:00;101;com vítima;550,3;BR-116/PR;Norte;Tombamento;1;0;1;;;;1
11/10/2012;16:01:00;275;com vítima;3;BR-116/PR;Sul;Colisão Traseira;2;1;;1;;;2
11/10/2012;06:19:00;74;sem vítima;7,6;BR-116/PR;Sul;Colisão Traseira;3;4;;;;;1
11/10/2012;16:41:00;288;sem vítima;7,7;BR-116/PR;Sul;Colisão Traseira;2;2;;;;;1
11/10/2012;20:24:00;382;sem vítima;8;BR-116/PR;Sul;Colisão Traseira;2;2;;;;;1
11/10/2012;21:04:00;400;com vítima;40;BR-116/PR;Sul;Choque - Defensa, barreira ou "submarino";1;1;;1;1;;2
11/10/2012;16:08:00;277;sem vítima;42;BR-116/PR;Sul;Colisão Lateral;1;7;;;;;1
11/10/2012;15:26:00;265;sem vítima;291;BR-116/PR;Norte;Tombamento;1;2;;;;;1
11/10/2012;23:40:00;429;sem vítima;318;BR-116/PR;Norte;Tombamento;1;1;;;;;1
11/10/2012;19:29:00;361;sem vítima;333;BR-116/PR;Sul;Colisão Traseira;1;2;;;;;1
11/10/2012;13:22:00;216;com vítima;368;BR-116/PR;Sul;Colisão Traseira;2;1;;1;;;2
11/10/2012;14:51:00;251;sem vítima;388;BR-116/PR;Norte;Tombamento;2;2;;;;;1
11/10/2012;10:50:00;173;sem vítima;424;BR-116/PR;Norte;Saida de Pista;1;1;;;;;1
11/10/2012;01:34:00;20;com vítima;461;BR-116/PR;Sul;Choque - Outros;2;1;;1;;;2
11/10/2012;13:57:00;224;sem vítima;546,2;BR-116/PR;Sul;Colisão Traseira;1;2;;;;;1
11/10/2012;21:39:00;409;sem vítima;548;BR-116/PR;Sul;Colisão Traseira;1;3;;;;;1
11/10/2012;07:58:00;106;sem vítima;564;BR-116/PR;Sul;Saida de Pista;1;2;;;;;1
12/10/2012;07:11:00;127;com vítima;17;BR-116/PR;Norte;Tombamento;1;0;1;;;;1
12/10/2012;13:16:00;286;sem vítima;368;BR-116/PR;Sul;Saida de Pista;2;2;;;;;1
12/10/2012;07:18:00;128;sem vítima;403,7;BR-116/PR;Sul;Colisão Lateral;1;3;;;;;1
12/10/2012;06:10:00;96;sem vítima;448,5;BR-116/PR;Sul;Colisão Lateral;1;3;;;;;1
12/10/2012;19:55:00;431;sem vítima;449;BR-116/PR;Sul;Colisão Traseira;2;2;;;;;1
12/10/2012;14:23:00;302;com vítima;513,5;BR-116/PR;Norte;Tombamento;2;1;1;;;;1
12/10/2012;05:26:00;81;sem vítima;525;BR-116/PR;Sul;Colisão Traseira;2;2;;;;;1
12/10/2012;13:59:00;294;sem vítima;535,4;BR-116/PR;Sul;Saida de Pista;1;1;;;;;1
12/10/2012;15:04:00;314;sem vítima;548;BR-116/PR;Sul;Colisão Traseira;1;3;;;;;1
12/10/2012;18:58:00;409;sem vítima;548,7;BR-116/PR;Sul;Saida de Pista;1;1;;;;;1
12/10/2012;02:05:00;39;sem vítima;555,3;BR-116/PR;Norte;Capotamento;1;2;;;;;1
12/10/2012;15:35:00;335;com vítima;565,6;BR-116/PR;Sul;Engavetamento;1;14;;1;;;2
13/10/2012;05:25:00;47;com vítima;24;BR-116/PR;Sul;Colisão Traseira;2;2;;1;;;2
13/10/2012;18:45:00;282;sem vítima;58,8;BR-116/PR;Sul;Colisão Traseira;2;4;;;;;1
13/10/2012;13:35:00;184;com vítima;362;BR-116/PR;Sul;Colisão Lateral;1;2;;2;;;2
13/10/2012;10:57:00;143;com vítima;513,5;BR-116/PR;Norte;Tombamento;1;0;1;;;;1
14/10/2012;18:05:00;252;com vítima;24;BR-116/PR;Norte;Tombamento;1;0;;;1;;2
14/10/2012;05:30:00;45;com vítima;399,5;BR-116/PR;Norte;Saida de Pista;1;0;1;;;;1
14/10/2012;17:03:00;234;sem vítima;552;BR-116/PR;Norte;Choque - Defensa, barreira ou "submarino";1;1;;;;;1
15/10/2012;23:27:00;380;sem vítima;40,15;BR-116/PR;Norte;Tombamento;1;2;;;;;1
15/10/2012;04:45:00;60;sem vítima;390,2;BR-116/PR;Norte;Colisão Traseira;2;3;;;;;1
15/10/2012;21:53:00;365;com vítima;550,1;BR-116/PR;Norte;Tombamento;1;0;1;;;;1
16/10/2012;12:29:00;218;sem vítima;348;BR-116/PR;Norte;Saida de Pista;1;1;;;;;1
17/10/2012;19:16:00;347;sem vítima;13;BR-116/PR;Norte;Saida de Pista;1;1;;;;;1
17/10/2012;22:42:00;383;sem vítima;48;BR-116/PR;Sul;Colisão Traseira;1;4;;;;;1
17/10/2012;22:56:00;387;sem vítima;57;BR-116/PR;Norte;Colisão Lateral;1;5;;;;;1
17/10/2012;19:05:00;344;sem vítima;284,5;BR-116/PR;Norte;Colisão Lateral;1;6;;;;;1
17/10/2012;23:58:00;406;sem vítima;286,6;BR-116/PR;Sul;Choque - Defensa, barreira ou "submarino";1;1;;;;;1
17/10/2012;20:55:00;362;com vítima;515,9;BR-116/PR;Norte;Colisão Traseira;2;1;2;;;;1
17/10/2012;06:35:00;88;sem vítima;564,3;BR-116/PR;Sul;Saida de Pista;1;1;;;;;1
17/10/2012;12:36:00;210;sem vítima;566,1;BR-116/PR;Norte;Colisão Lateral;1;6;;;;;1
18/10/2012;15:35:00;275;sem vítima;22;BR-116/PR;Sul;Colisão Lateral;1;2;;;;;1
18/10/2012;07:39:00;108;com vítima;275;BR-116/PR;Sul;Colisão Traseira;1;1;2;;;;1
18/10/2012;06:27:00;82;com vítima;277,8;BR-116/PR;Sul;Colisão Traseira;1;4;2;;;;1
18/10/2012;16:37:00;303;sem vítima;299;BR-116/PR;Sul;Colisão Traseira;1;3;;;;;1
18/10/2012;07:50:00;115;sem vítima;321;BR-116/PR;Norte;Colisão Traseira;2;2;;;;;1
18/10/2012;19:55:00;379;sem vítima;345;BR-116/PR;Sul;Colisão Traseira;1;4;;;;;1
18/10/2012;09:18:00;151;sem vítima;351,8;BR-116/PR;Norte;Colisão Traseira;2;2;;;;;1
18/10/2012;04:30:00;58;com vítima;357;BR-116/PR;Norte;Saida de Pista;1;0;1;;;;1
18/10/2012;04:54:00;66;sem vítima;533,5;BR-116/PR;Sul;Colisão Traseira;2;2;;;;;1
19/10/2012;22:06:00;392;sem vítima;301,8;BR-116/PR;Norte;Colisão Lateral;2;2;;;;;1
19/10/2012;04:36:00;63;com vítima;318;BR-116/PR;Sul;Colisão Traseira;2;2;1;;;;1
19/10/2012;03:00:00;41;com vítima;331,4;BR-116/PR;Norte;Colisão Frontal;2;1;;;1;1;3
19/10/2012;23:11:00;410;com vítima;342,7;BR-116/PR;Norte;Colisão Transversal;1;1;;2;1;;2
19/10/2012;06:36:00;87;sem vítima;410,7;BR-116/PR;Sul;Saida de Pista;1;2;;;;;1