data;horario;n_da_ocorrencia;tipo_de_ocorrencia;km;trecho;sentido;tipo_de_acidente;caminhao;ilesos;levemente_feridos;moderadamente_feridos;gravemente_feridos;mortos;3
14/01/2013;20:45:00;339;sem vítima;334;BR-116/PR;Norte;Tombamento;1;1;;;;;1
14/01/2013;09:29:00;129;sem vítima;352;BR-116/PR;Sul;Colisão Lateral;1;2;;;;;1
14/01/2013;18:19:00;288;sem vítima;396,5;BR-116/PR;Norte;Saida de Pista;1;1;;;;;1
14/01/2013;05:31:00;58;sem vítima;549;BR-116/PR;Sul;Saida de Pista;1;2;;;;;1
15/01/2013;14:52:00;232;sem vítima;287,3;BR-116/PR;Norte;Colisão Lateral;1;2;;;;;1
15/01/2013;12:42:00;200;sem vítima;303,8;BR-116/PR;Norte;Tombamento;1;1;;;;;1
15/01/2013;13:15:00;207;sem vítima;321;BR-116/PR;Norte;Colisão Traseira;2;2;;;;;1
15/01/2013;00:52:00;17;com vítima;448,93;BR-116/PR;Sul;Colisão Traseira;1;1;;;;2;3
16/01/2013;16:20:00;294;sem vítima;289,5;BR-116/PR;Sul;Colisão Traseira;2;2;;;;;1
16/01/2013;05:20:00;69;sem vítima;292,5;BR-116/PR;Sul;Saida de Pista;1;1;;;;;1
16/01/2013;05:06:00;67;sem vítima;294,15;BR-116/PR;Sul;Colisão Traseira;2;2;;;;;1
16/01/2013;11:39:00;204;com vítima;299,2;BR-116/PR;Sul;Saida de Pista;1;4;2;;;;1
16/01/2013;23:30:00;405;com vítima;342,7;BR-116/PR;Sul;Colisão Traseira;2;1;1;;;;1
16/01/2013;15:24:00;279;sem vítima;518,8;BR-116/PR;Sul;Tombamento;1;1;;;;;1
17/01/2013;11:06:00;213;sem vítima;9,3;BR-116/PR;Sul;Colisão Traseira;1;2;;;;;1
17/01/2013;05:03:00;74;sem vítima;62;BR-116/PR;Sul;Saida de Pista;1;1;;;;;1
17/01/2013;05:39:00;82;sem vítima;273,9;BR-116/PR;Norte;Saida de Pista;1;1;;;;;1
17/01/2013;02:07:00;35;sem vítima;344,4;BR-116/PR;Sul;Colisão Traseira;1;2;;;;;1
17/01/2013;08:21:00;131;sem vítima;351;BR-116/PR;Norte;Saida de Pista;1;2;;;;;1
17/01/2013;06:39:00;89;sem vítima;420;BR-116/PR;Sul;Saida de Pista;1;1;;;;;1
17/01/2013;05:14:00;77;sem vítima;442,5;BR-116/PR;Sul;Colisão Traseira;3;3;;;;;1
18/01/2013;09:01:00;168;sem vítima;33,5;BR-116/PR;Norte;Tombamento;1;1;;;;;1
18/01/2013;22:46:00;478;sem vítima;290;BR-116/PR;Sul;Colisão Traseira;3;4;;;;;1
18/01/2013;05:23:00;105;com vítima;309,4;BR-116/PR;Norte;Colisão Traseira;1;1;1;;;;1
18/01/2013;00:56:00;25;com vítima;413,6;BR-116/PR;Sul;Colisão Traseira;3;2;3;;;;1
19/01/2013;08:04:00;122;sem vítima;19;BR-116/PR;Norte;Colisão Traseira;1;3;;;;;1
19/01/2013;15:29:00;256;com vítima;404,7;BR-116/PR;Sul;Atropelamento - Morador;1;1;;;;1;3
19/01/2013;13:35:00;222;com vítima;548,8;BR-116/PR;Sul;Saida de Pista;1;0;1;1;;;2
19/01/2013;09:42:00;169;com vítima;560;BR-116/PR;Sul;Atropelamento - Morador;1;1;;;;1;3
19/01/2013;03:33:00;61;sem vítima;560,7;BR-116/PR;Norte;Tombamento;1;1;;;;;1
20/01/2013;17:56:00;280;sem vítima;59;BR-116/PR;Norte;Colisão Traseira;1;8;;;;;1
20/01/2013;18:12:00;290;sem vítima;59;BR-116/PR;Norte;Engavetamento;1;4;;;;;1
20/01/2013;21:42:00;350;sem vítima;318;BR-116/PR;Norte;Colisão Traseira;2;4;;;;;1
20/01/2013;11:32:00;179;com vítima;426;BR-116/PR;Sul;Colisão Traseira;1;1;1;;;;1
20/01/2013;12:01:00;185;com vítima;511,75;BR-116/PR;Norte;Tombamento;1;0;;1;;;2
21/01/2013;22:50:00;286;sem vítima;24,5;BR-116/PR;Norte;Choque - Talude;1;2;;;;;1
21/01/2013;06:56:00;95;sem vítima;28,5;BR-116/PR;Norte;Saida de Pista;1;1;;;;;1
21/01/2013;12:12:00;175;sem vítima;273,3;BR-116/PR;Sul;Colisão Traseira;1;3;;;;;1
21/01/2013;11:50:00;171;sem vítima;389,9;BR-116/PR;Sul;Saida de Pista;1;4;;;;;1
21/01/2013;06:53:00;92;sem vítima;513,4;BR-116/PR;Norte;Tombamento;1;1;;;;;1
21/01/2013;08:23:00;112;sem vítima;548;BR-116/PR;Sul;Saida de Pista;1;1;;;;;1
21/01/2013;16:59:00;221;sem vítima;548;BR-116/PR;Sul;Colisão Traseira;1;6;;;;;1
21/01/2013;22:27:00;278;sem vítima;568;BR-116/PR;Sul;Colisão Lateral;1;4;;;;;1
22/01/2013;20:48:00;395;sem vítima;348;BR-116/PR;Sul;Colisão Lateral;2;2;;;;;1
22/01/2013;13:43:00;264;com vítima;362,7;BR-116/PR;Norte;Colisão Traseira;1;1;;1;;;2
22/01/2013;08:16:00;124;sem vítima;370;BR-116/PR;Norte;Colisão Traseira;2;2;;;;;1
22/01/2013;06:50:00;87;sem vítima;397;BR-116/PR;Sul;Saida de Pista;1;1;;;;;1
22/01/2013;11:59:00;230;sem vítima;415;BR-116/PR;Norte;Tombamento;1;1;;;;;1
22/01/2013;17:03:00;336;sem vítima;415,1;BR-116/PR;Sul;Tombamento;1;1;;;;;1
22/01/2013;17:03:00;332;sem vítima;415,2;BR-116/PR;Sul;Tombamento;1;1;;;;;1
22/01/2013;15:24:00;297;sem vítima;445;BR-116/PR;Norte;Colisão Lateral;2;3;;;;;1
22/01/2013;03:37:00;57;sem vítima;492,1;BR-116/PR;Norte;Tombamento;1;1;;;;;1
22/01/2013;02:53:00;43;sem vítima;513,4;BR-116/PR;Norte;Colisão Traseira;2;4;;;;;1
22/01/2013;22:56:00;420;sem vítima;558,3;BR-116/PR;Norte;Colisão Traseira;3;4;;;;;1
23/01/2013;17:18:00;337;com vítima;306,95;BR-116/PR;Sul;Atropelamento - Ciclista;1;1;;1;;;2
23/01/2013;12:41:00;259;com vítima;364,4;BR-116/PR;Norte;Tombamento;1;0;1;;;;1
23/01/2013;14:21:00;277;sem vítima;446,6;BR-116/PR;Norte;Colisão Lateral;1;2;;;;;1
24/01/2013;07:08:00;87;com vítima;363,6;BR-116/PR;Norte;Tombamento;1;0;1;;;;1
24/01/2013;09:19:00;143;sem vítima;391,4;BR-116/PR;Sul;Saida de Pista;1;1;;;;;1
24/01/2013;08:44:00;126;com vítima;545;BR-116/PR;Norte;Tombamento;1;1;1;;;;1
25/01/2013;08:29:00;148;com vítima;15,8;BR-116/CW;Norte;Colisão Traseira;1;1;1;;;;1
25/01/2013;17:51:00;384;sem vítima;39,9;BR-116/PR;Sul;Saida de Pista;1;2;;;;;1
25/01/2013;12:43:00;270;sem vítima;280;BR-116/PR;Sul;Não Def;1;2;;;;;1
25/01/2013;17:44:00;381;sem vítima;291;BR-116/PR;Norte;Colisão Traseira;1;3;;;;;1
25/01/2013;10:37:00;208;sem vítima;306,95;BR-116/PR;Sul;Colisão Lateral;2;3;;;;;1
25/01/2013;20:31:00;422;sem vítima;307,3;BR-116/PR;Norte;Colisão Traseira;1;2;;;;;1
25/01/2013;23:08:00;457;sem vítima;328,3;BR-116/PR;Norte;Tombamento;1;1;;;;;1
25/01/2013;20:06:00;418;sem vítima;348;BR-116/PR;Norte;Colisão Traseira;1;2;;;;;1
25/01/2013;23:00:00;454;sem vítima;493;BR-116/PR;Norte;Saida de Pista;1;1;;;;;1
25/01/2013;16:17:00;337;sem vítima;511,5;BR-116/PR;Norte;Choque - Defensa, barreira ou "submarino";1;1;;;;;1
25/01/2013;15:42:00;320;sem vítima;549;BR-116/PR;Sul;Colisão Traseira;1;3;;;;;1
26/01/2013;06:46:00;62;sem vítima;33,2;BR-116/PR;Norte;Tombamento;1;1;;;;;1
26/01/2013;10:17:00;123;com vítima;318;BR-116/PR;Norte;Saida de Pista;1;0;;1;;;2
26/01/2013;09:57:00;115;sem vítima;349;BR-116/PR;Norte;Colisão Traseira;1;5;;;;;1
26/01/2013;23:45:00;350;com vítima;545;BR-116/PR;Norte;Saida de Pista;1;0;1;;;;1
26/01/2013;04:52:00;50;sem vítima;564;BR-116/PR;Sul;Outros;1;1;;;;;1
27/01/2013;09:58:00;107;com vítima;550,5;BR-116/PR;Norte;Tombamento;1;0;;;1;;2
28/01/2013;14:56:00;223;com vítima;335,9;BR-116/PR;Sul;Colisão Traseira;1;2;6;2;1;1;3
28/01/2013;14:22:00;212;sem vítima;348;BR-116/PR;Norte;Colisão Transversal;4;4;;;;;1
28/01/2013;03:22:00;33;sem vítima;498,8;BR-116/PR;Norte;Colisão Traseira;1;3;;;;;1
29/01/2013;14:08:00;206;com vítima;28;BR-116/PR;Norte;Tombamento;1;0;1;;;;1
29/01/2013;18:48:00;290;com vítima;421;BR-116/PR;Sul;Capotamento;1;1;3;;;;1
29/01/2013;07:34:00;78;com vítima;439;BR-116/PR;Sul;Colisão Traseira;1;2;6;1;;;2
29/01/2013;19:54:00;306;sem vítima;475;BR-116/PR;Sul;Colisão Traseira;2;2;;;;;1
29/01/2013;21:53:00;325;sem vítima;499;BR-116/PR;Sul;Tombamento;1;1;;;;;1
29/01/2013;15:43:00;234;com vítima;517,3;BR-116/PR;Sul;Tombamento;1;0;1;;;;1
29/01/2013;23:33:00;353;com vítima;550,4;BR-116/PR;Norte;Tombamento;1;0;;1;;;2
29/01/2013;08:16:00;98;sem vítima;568;BR-116/PR;Norte;Colisão Traseira;2;2;;;;;1
30/01/2013;15:11:00;259;sem vítima;296;BR-116/PR;Sul;Colisão Traseira;2;3;;;;;1
30/01/2013;09:31:00;142;sem vítima;432,7;BR-116/PR;Norte;Colisão Lateral;1;2;;;;;1
30/01/2013;08:46:00;125;sem vítima;503,3;BR-116/PR;Sul;Tombamento;1;1;;;;;1
31/01/2013;17:25:00;327;com vítima;305,9;BR-116/PR;Sul;Tombamento;1;0;1;;;;1
31/01/2013;11:46:00;219;sem vítima;351,9;BR-116/PR;Sul;Choque - Defensa, barreira ou "submarino";1;1;;;;;1
31/01/2013;02:08:00;30;com vítima;408,9;BR-116/PR;Norte;Saida de Pista;1;0;1;;;;1
31/01/2013;07:29:00;95;com vítima;515;BR-116/PR;Norte;Colisão Traseira;2;1;1;;;;1
01/02/2013;05:37:00;75;com vítima;285,7;BR-116/PR;Norte;Colisão Traseira;1;6;1;;1;;2
02/02/2013;11:23:00;212;sem vítima;298;BR-116/PR;Sul;Colisão Lateral;1;6;;;;;1
02/02/2013;06:39:00;103;com vítima;393,9;BR-116/PR;Sul;Colisão Traseira;2;3;;1;;;2
02/02/2013;17:28:00;332;com vítima;432,7;BR-116/PR;Norte;Saida de Pista;1;1;1;;;;1
02/02/2013;03:09:00;58;com vítima;521,3;BR-116/PR;Sul;Colisão Traseira;2;1;1;;;;1
02/02/2013;05:54:00;93;com vítima;540,8;BR-116/PR;Sul;Colisão Traseira;1;7;2;;;;1
03/02/2013;22:17:00;347;sem vítima;35;BR-116/PR;Norte;Saida de Pista;1;3;;;;;1
03/02/2013;16:16:00;228;sem vítima;350;BR-116/PR;Norte;Colisão Lateral;1;2;;;;;1
03/02/2013;10:19:00;110;sem vítima;383,8;BR-116/PR;Sul;Tombamento;1;1;;;;;1
03/02/2013;08:27:00;85;com vítima;400,4;BR-116/PR;Norte;Saida de Pista;1;0;1;;;;1
03/02/2013;07:57:00;81;sem vítima;460;BR-116/PR;Norte;Tombamento;1;1;;;;;1
03/02/2013;23:45:00;364;sem vítima;562,6;BR-116/PR;Sul;Colisão Lateral;1;2;;;;;1
05/02/2013;20:12:00;338;sem vítima;29;BR-116/PR;Sul;Colisão Lateral;1;5;;;;;1
05/02/2013;20:54:00;348;sem vítima;341,8;BR-116/PR;Sul;Saida de Pista;1;1;;;;;1
05/02/2013;18:11:00;300;com vítima;495;BR-116/PR;Norte;Colisão Traseira;1;1;1;;;;1
05/02/2013;18:13:00;302;sem vítima;543;BR-116/PR;Norte;Colisão Traseira;1;3;;;;;1
05/02/2013;15:46:00;239;sem vítima;544;BR-116/PR;Norte;Choque - Defensa, barreira ou  submarino ;1;1;;;;;1
06/02/2013;21:01:00;381;sem vítima;44,4;BR-116/PR;Norte;Colisão Traseira;2;2;;;;;1
06/02/2013;23:16:00;414;com vítima;44,4;BR-116/PR;Sul;Engavetamento;4;5;;1;;;2
06/02/2013;01:46:00;34;sem vítima;385;BR-116/PR;Sul;Colisão Traseira;1;3;;;;;1
06/02/2013;17:05:00;319;com vítima;461,6;BR-116/PR;Norte;Tombamento;1;1;1;;;;1
06/02/2013;22:27:00;401;sem vítima;495;BR-116/PR;Norte;Saida de Pista;2;2;;;;;1
06/02/2013;02:35:00;41;sem vítima;523,5;BR-116/PR;Sul;Saida de Pista;1;1;;;;;1
07/02/2013;06:26:00;85;com vítima;48,3;BR-116/PR;Sul;Colisão Traseira;3;2;;1;;;2
07/02/2013;20:53:00;419;sem vítima;441;BR-116/PR;Sul;Colisão Traseira;1;2;;;;;1
07/02/2013;14:03:00;269;sem vítima;467;BR-116/PR;Sul;Saida de Pista;2;2;;;;;1
07/02/2013;05:15:00;72;sem vítima;506;BR-116/PR;Norte;Tombamento;1;1;;;;;1
07/02/2013;23:44:00;467;sem vítima;515,3;BR-116/PR;Norte;Tombamento;1;1;;;;;1
07/02/2013;21:25:00;433;com vítima;553,8;BR-116/PR;Sul;Tombamento;1;1;1;;;;1
07/02/2013;15:56:00;324;sem vítima;555,4;BR-116/PR;Sul;Saida de Pista;1;1;;;;;1
07/02/2013;12:12:00;227;sem vítima;562,6;BR-116/PR;Sul;Saida de Pista;1;1;;;;;1
07/02/2013;08:26:00;127;sem vítima;564,5;BR-116/PR;Norte;Colisão Lateral;1;6;;;;;1
07/02/2013;02:53:00;44;sem vítima;566;BR-116/PR;Sul;Choque - Defensa, barreira ou  submarino ;1;1;;;;;1
07/02/2013;18:23:00;380;sem vítima;569;BR-116/PR;Sul;Colisão Traseira;2;2;;;;;1
08/02/2013;17:00:00;308;sem vítima;1,5;BR-116/PR;Sul;Colisão Traseira;1;2;;;;;1
08/02/2013;16:40:00;299;sem vítima;15;BR-116/PR;Sul;Colisão Traseira;2;2;;;;;1
08/02/2013;14:43:00;257;sem vítima;42;BR-116/PR;Sul;Engavetamento;3;5;;;;;1
08/02/2013;20:29:00;382;sem vítima;279;BR-116/PR;Sul;Colisão Lateral;1;2;;;;;1
08/02/2013;17:37:00;317;sem vítima;356;BR-116/PR;Sul;Colisão Traseira;1;2;;;;;1
08/02/2013;22:35:00;416;sem vítima;357,1;BR-116/PR;Sul;Colisão Lateral;1;2;;;;;1
08/02/2013;06:22:00;92;com vítima;394,5;BR-116/PR;Sul;Colisão Traseira;2;1;1;;;;1
08/02/2013;06:51:00;95;com vítima;481,9;BR-116/PR;Sul;Tombamento;1;2;1;;;;1
09/02/2013;17:41:00;363;sem vítima;341;BR-116/PR;Sul;Engavetamento;1;8;;;;;1
09/02/2013;18:53:00;391;sem vítima;341;BR-116/PR;Sul;Colisão Lateral;1;2;;;;;1
09/02/2013;09:01:00;155;sem vítima;363;BR-116/PR;Norte;Saida de Pista;1;1;;;;;1
10/02/2013;12:55:00;200;sem vítima;68;BR-116/PR;Norte;Saida de Pista;1;2;;;;;1
10/02/2013;12:01:00;182;sem vítima;358,9;BR-116/PR;Sul;Colisão Traseira;1;2;;;;;1
10/02/2013;20:16:00;330;sem vítima;472;BR-116/PR;Norte;Tombamento;1;1;;;;;1
10/02/2013;05:40:00;90;com vítima;548,5;BR-116/PR;Norte;Saida de Pista;1;1;1;;;;1
11/02/2013;14:25:00;171;sem vítima;385,3;BR-116/PR;Norte;Choque - Poste;1;1;;;;;1
11/02/2013;22:25:00;316;sem vítima;399,1;BR-116/PR;Sul;Saida de Pista;1;3;;;;;1
11/02/2013;16:20:00;209;sem vítima;543;BR-116/PR;Sul;Colisão Lateral;1;5;;;;;1
12/02/2013;10:27:00;124;sem vítima;27;BR-116/PR;Norte;Saida de Pista;1;1;;;;;1
12/02/2013;16:08:00;252;sem vítima;59,5;BR-116/PR;Sul;Saida de Pista;1;1;;;;;1
12/02/2013;12:03:00;152;sem vítima;370;BR-116/PR;Norte;Colisão Traseira;1;3;;;;;1
12/02/2013;21:43:00;383;sem vítima;386,1;BR-116/PR;Norte;Saida de Pista;1;3;;;;;1
13/02/2013;15:59:00;261;com vítima;337;BR-116/PR;Norte;Colisão Lateral;2;4;2;;;;1
13/02/2013;10:42:00;162;sem vítima;360,1;BR-116/PR;Norte;Tombamento;1;2;;;;;1
13/02/2013;04:10:00;45;com vítima;475,4;BR-116/PR;Norte;Tombamento;1;0;1;;;;1
13/02/2013;18:19:00;316;com vítima;538,1;BR-116/PR;Sul;Engavetamento;3;9;2;;;;1
14/02/2013;21:30:00;231;sem vítima;57;BR-116/PR;Sul;Colisão Traseira;2;2;;;;;1
14/02/2013;16:26:00;148;com vítima;294;BR-116/PR;Norte;Colisão Traseira;2;2;3;1;;1;3
14/02/2013;22:33:00;252;com vítima;352,8;BR-116/PR;Norte;Colisão Frontal;2;3;1;1;;;2
14/02/2013;21:57:00;240;sem vítima;547,5;BR-116/PR;Sul;Saida de Pista;1;1;;;;;1
14/02/2013;10:13:00;54;sem vítima;564,3;BR-116/PR;Sul;Tombamento;1;1;;;;;1
15/02/2013;12:42:00;226;com vítima;271;BR-116/PR;Sul;Queda de Moto;1;4;;2;;;2
15/02/2013;10:42:00;187;com vítima;285,3;BR-116/PR;Norte;Atropelamento - Outros;1;1;;;;1;3
15/02/2013;06:41:00;89;com vítima;498,9;BR-116/PR;Sul;Colisão Lateral;2;0;2;;;;1
15/02/2013;23:26:00;436;com vítima;511,6;BR-116/PR;Norte;Tombamento;1;0;1;;;1;3
16/02/2013;20:08:00;396;com vítima;284,6;BR-116/PR;Norte;Colisão Traseira;1;3;1;;;;1
16/02/2013;02:27:00;37;com vítima;330,6;BR-116/PR;Sul;Colisão Traseira;1;0;2;;;;1
16/02/2013;11:21:00;194;sem vítima;350;BR-116/PR;Norte;Colisão Traseira;2;2;;;;;1
16/02/2013;12:47:00;214;sem vítima;473;BR-116/PR;Norte;Colisão Lateral;1;2;;;;;1
17/02/2013;10:47:00;133;sem vítima;348,6;BR-116/PR;Sul;Colisão Traseira;1;7;;;;;1
17/02/2013;02:11:00;27;sem vítima;460;BR-116/PR;Sul;Saida de Pista;1;1;;;;;1
17/02/2013;06:25:00;56;com vítima;550,3;BR-116/PR;Norte;Tombamento;1;0;1;;;;1
18/02/2013;01:11:00;23;com vítima;283,2;BR-116/PR;Norte;Engavetamento;3;1;1;;;1;3
18/02/2013;09:09:00;137;sem vítima;294;BR-116/PR;Norte;Não Def;1;2;;;;;1
18/02/2013;20:59:00;369;sem vítima;323;BR-116/PR;Sul;Colisão Frontal;1;4;;;;;1
18/02/2013;16:49:00;303;sem vítima;379,8;BR-116/PR;Sul;Saida de Pista;1;1;;;;;1
18/02/2013;18:26:00;332;sem vítima;384;BR-116/PR;Sul;Saida de Pista;2;2;;;;;1
18/02/2013;01:35:00;26;com vítima;511,6;BR-116/PR;Norte;Tombamento;1;0;;1;;;2
18/02/2013;15:30:00;271;sem vítima;549;BR-116/PR;Sul;Saida de Pista;1;2;;;;;1
19/02/2013;04:33:00;75;com vítima;474,1;BR-116/PR;Norte;Capotamento;1;0;1;;;;1
19/02/2013;04:48:00;83;sem vítima;516,5;BR-116/PR;Sul;Tombamento;1;2;;;;;1
19/02/2013;14:12:00;255;sem vítima;542;BR-116/PR;Norte;Saida de Pista;1;1;;;;;1
20/02/2013;20:05:00;420;sem vítima;341;BR-116/PR;Sul;Colisão Traseira;3;3;;;;;1
20/02/2013;03:14:00;53;sem vítima;351;BR-116/PR;Norte;Saida de Pista;1;2;;;;;1
20/02/2013;07:01:00;98;sem vítima;351,9;BR-116/PR;Norte;Colisão Traseira;1;3;;;;;1
20/02/2013;08:23:00;130;sem vítima;354;BR-116/PR;Norte;Colisão Frontal;2;2;;;;;1
20/02/2013;09:08:00;148;sem vítima;439,9;BR-116/PR;Norte;Saida de Pista;1;1;;;;;1
20/02/2013;10:40:00;195;sem vítima;486;BR-116/PR;Sul;Colisão Traseira;2;2;;;;;1
21/02/2013;07:16:00;91;sem vítima;30;BR-116/PR;Norte;Tombamento;1;1;;;;;1
21/02/2013;17:55:00;350;sem vítima;57;BR-116/PR;Norte;Colisão Traseira;2;2;;;;;1
21/02/2013;02:28:00;32;sem vítima;67,9;BR-116/PR;Norte;Saida de Pista;1;2;;;;;1
21/02/2013;09:42:00;146;sem vítima;350,4;BR-116/PR;Norte;Colisão Traseira;2;2;;;;;1
21/02/2013;11:01:00;184;sem vítima;558,5;BR-116/PR;Sul;Tombamento;1;1;;;;;1
25/02/2013;18:56:00;217;sem vítima;40;BR-116/PR;Sul;Colisão Traseira;1;3;;;;;1
25/02/2013;22:08:00;254;sem vítima;417;BR-116/PR;Norte;Tombamento;1;1;;;;;1
26/02/2013;13:00:00;239;sem vítima;288,5;BR-116/PR;Sul;Colisão Traseira;2;2;;;;;1
26/02/2013;14:14:00;260;sem vítima;293;BR-116/PR;Sul;Colisão Traseira;1;2;;;;;1
26/02/2013;05:07:00;82;sem vítima;316,5;BR-116/PR;Norte;Colisão Lateral;1;3;;;;;1
26/02/2013;16:35:00;308;sem vítima;389,9;BR-116/PR;Sul;Saida de Pista;1;1;;;;;1
26/02/2013;03:01:00;57;sem vítima;394,6;BR-116/PR;Norte;Colisão Traseira;2;2;;;;;1
26/02/2013;23:47:00;439;sem vítima;473,9;BR-116/PR;Sul;Colisão Traseira;2;2;;;;;1
26/02/2013;09:31:00;170;sem vítima;515,6;BR-116/PR;Norte;Choque - Talude;1;1;;;;;1
26/02/2013;01:53:00;40;com vítima;517,5;BR-116/PR;Norte;Tombamento;1;0;1;;;;1
27/02/2013;03:44:00;51;sem vítima;339,4;BR-116/PR;Norte;Saida de Pista;1;2;;;;;1
27/02/2013;21:48:00;405;sem vítima;401,6;BR-116/PR;Sul;Tombamento;1;2;;;;;1
27/02/2013;08:27:00;141;sem vítima;442,1;BR-116/PR;Sul;Colisão Lateral;2;2;;;;;1
27/02/2013;17:56:00;346;sem vítima;486;BR-116/PR;Norte;Objeto lançado contra veículo;1;2;;;;;1
27/02/2013;02:21:00;38;sem vítima;516,3;BR-116/PR;Norte;Tombamento;1;1;;;;;1
28/02/2013;09:45:00;158;sem vítima;290,5;BR-116/PR;Norte;Tombamento;1;3;;;;;1
28/02/2013;17:54:00;316;sem vítima;293;BR-116/PR;Sul;Colisão Traseira;2;4;;;;;1
28/02/2013;09:15:00;148;sem vítima;310;BR-116/PR;Norte;Colisão Traseira;1;2;;;;;1
28/02/2013;12:43:00;216;sem vítima;326;BR-116/PR;Sul;Colisão Frontal;1;2;;;;;1
28/02/2013;06:00:00;75;sem vítima;503;BR-116/PR;Norte;Tombamento;1;1;;;;;1
28/02/2013;06:32:00;80;com vítima;550,2;BR-116/PR;Norte;Tombamento;1;0;1;;;;1
28/02/2013;11:24:00;189;sem vítima;567;BR-116/PR;Sul;Engavetamento;3;4;;;;;1
01/03/2013;02:58:00;32;sem vítima;550,2;BR-116/PR;Norte;Choque - Defensa, barreira ou  submarino ;1;1;;;;;1
01/03/2013;05:37:00;55;sem vítima;12,5;BR-116/PR;Sul;Choque - Defensa, barreira ou  submarino ;1;1;;;;;1
01/03/2013;08:14:00;110;sem vítima;56,7;BR-116/PR;Sul;Colisão Lateral;1;2;;;;;1
01/03/2013;11:03:00;190;sem vítima;503,9;BR-116/PR;Sul;Tombamento;1;1;;;;;1
01/03/2013;16:57:00;306;sem vítima;18,6;BR-116/PR;Sul;Colisão Traseira;2;2;;;;;1
01/03/2013;16:59:00;307;sem vítima;342,8;BR-116/PR;Sul;Saida de Pista;1;1;;;;;1
01/03/2013;20:29:00;375;sem vítima;51,5;BR-116/PR;Sul;Colisão Lateral;3;3;;;;;1
02/03/2013;01:14:00;24;sem vítima;59,1;BR-116/PR;Sul;Colisão Traseira;1;2;;;;;1
02/03/2013;06:32:00;97;sem vítima;14,4;BR-116/PR;Norte;Colisão Traseira;2;2;;;;;1
02/03/2013;12:43:00;214;sem vítima;477,3;BR-116/PR;Norte;Colisão Transversal;3;4;;;;;1
02/03/2013;12:45:00;215;com vítima;542,9;BR-116/PR;Sul;Colisão Traseira;1;1;;1;1;;2
03/03/2013;10:37:00;131;sem vítima;25,5;BR-116/PR;Sul;Tombamento;1;3;;;;;1
03/03/2013;11:35:00;148;sem vítima;282,1;BR-116/PR;Sul;Colisão Traseira;1;2;;;;;1
03/03/2013;13:46:00;182;com vítima;482,1;BR-116/PR;Sul;Tombamento;1;1;1;;;;1
03/03/2013;17:08:00;259;sem vítima;284,5;BR-116/PR;Norte;Colisão Lateral;1;2;;;;;1
03/03/2013;20:22:00;334;com vítima;322,5;BR-116/PR;Sul;Atropelamento - Morador;1;1;;;1;;2
04/03/2013;04:57:00;53;com vítima;393,5;BR-116/PR;Norte;Colisão Traseira;1;3;;1;;;2
04/03/2013;08:20:00;110;sem vítima;363,8;BR-116/PR;Norte;Tombamento;1;1;;;;;1
04/03/2013;20:31:00;325;com vítima;325,5;BR-116/PR;Norte;Atropelamento - Morador;1;1;;1;;;2
04/03/2013;23:24:00;355;sem vítima;69,5;BR-116/PR;Norte;Tombamento;2;3;;;;;1
05/03/2013;01:06:00;23;com vítima;321,4;BR-116/PR;Sul;Atropelamento - Outros;1;1;;;;1;3
05/03/2013;03:44:00;42;sem vítima;404,9;BR-116/PR;Norte;Tombamento;1;1;;;;;1
05/03/2013;06:12:00;58;sem vítima;515,2;BR-116/PR;Norte;Tombamento;1;1;;;;;1
05/03/2013;10:24:00;164;sem vítima;284,4;BR-116/PR;Norte;Colisão Traseira;1;3;;;;;1
05/03/2013;11:42:00;194;sem vítima;17,5;BR-116/CW;Norte;Colisão Lateral;1;2;;;;;1
05/03/2013;12:31:00;207;sem vítima;426;BR-116/PR;Norte;Colisão Traseira;2;2;;;;;1
06/03/2013;04:35:00;65;sem vítima;379,2;BR-116/PR;Norte;Saida de Pista;1;2;;;;;1
06/03/2013;06:40:00;82;sem vítima;485,6;BR-116/PR;Sul;Choque - Defensa, barreira ou  submarino ;1;1;;;;;1
06/03/2013;13:34:00;229;com vítima;347,5;BR-116/PR;Norte;Tombamento;1;0;;1;;;2
06/03/2013;14:47:00;248;sem vítima;63,6;BR-116/PR;Sul;Saida de Pista;1;1;;;;;1
06/03/2013;18:08:00;316;sem vítima;558,1;BR-116/PR;Sul;Colisão Lateral;2;2;;;;;1
06/03/2013;18:14:00;319;sem vítima;300,5;BR-116/PR;Sul;Choque - Defensa, barreira ou  submarino ;1;1;;;;;1
06/03/2013;19:15:00;341;sem vítima;300,5;BR-116/PR;Sul;Colisão Traseira;2;5;;;;;1
06/03/2013;21:39:00;372;sem vítima;285,1;BR-116/PR;Norte;Colisão Lateral;2;5;;;;;1
06/03/2013;22:00:00;376;sem vítima;568,1;BR-116/PR;Sul;Colisão Lateral;1;2;;;;;1
07/03/2013;04:20:00;48;sem vítima;537,3;BR-116/PR;Sul;Saida de Pista;1;1;;;;;1
07/03/2013;12:06:00;222;com vítima;23,9;BR-116/PR;Norte;Tombamento;1;0;1;;;;1
07/03/2013;14:14:00;258;sem vítima;290,1;BR-116/PR;Norte;Saida de Pista;1;3;;;;;1
07/03/2013;21:08:00;407;sem vítima;26,1;BR-116/PR;Norte;Tombamento;1;1;;;;;1
08/03/2013;00:06:00;2;sem vítima;26;BR-116/PR;Norte;Colisão Traseira;1;4;;;;;1
08/03/2013;05:47:00;73;com vítima;550,3;BR-116/PR;Norte;Tombamento;1;0;1;;;;1