data;horario;n_da_ocorrencia;tipo_de_ocorrencia;km;trecho;sentido;tipo_de_acidente;caminhao;ilesos;levemente_feridos;moderadamente_feridos;gravemente_feridos;mortos;3
08/03/2013;23:28:00;430;sem vítima;377,1;BR-116/PR;Norte;Saida de Pista;1;1;;;;;1
09/03/2013;04:20:00;79;sem vítima;343,4;BR-116/PR;Sul;Colisão Traseira;1;2;;;;;1
09/03/2013;15:45:00;337;sem vítima;279;BR-116/PR;Sul;Colisão Lateral;1;2;;;;;1
10/03/2013;07:00:00;105;sem vítima;509,6;BR-116/PR;Norte;Tombamento;1;1;;;;;1
10/03/2013;10:59:00;194;sem vítima;299;BR-116/PR;Sul;Colisão Traseira;1;2;;;;;1
10/03/2013;16:21:00;317;sem vítima;355,5;BR-116/PR;Norte;Colisão Lateral;2;2;;;;;1
11/03/2013;13:24:00;238;com vítima;33,5;BR-116/PR;Norte;Tombamento;1;0;1;;;;1
11/03/2013;17:13:00;298;sem vítima;550;BR-116/PR;Sul;Colisão Traseira;1;3;;;;;1
11/03/2013;21:13:00;362;com vítima;545;BR-116/PR;Sul;Colisão Traseira;1;2;;2;;;2
12/03/2013;02:14:00;32;com vítima;536,5;BR-116/PR;Norte;Colisão Traseira;2;1;1;;;;1
12/03/2013;03:46:00;52;sem vítima;299;BR-116/PR;Norte;Colisão Traseira;2;2;;;;;1
12/03/2013;04:54:00;74;com vítima;277;BR-116/PR;Sul;Colisão Traseira;1;1;;;1;;2
12/03/2013;13:25:00;283;sem vítima;508,2;BR-116/PR;Norte;Choque - Defensa, barreira ou  submarino ;1;1;;;;;1
12/03/2013;13:55:00;295;com vítima;40,2;BR-116/PR;Sul;Saida de Pista;1;0;1;;;;1
13/03/2013;03:03:00;63;sem vítima;443,1;BR-116/PR;Sul;Colisão Traseira;2;2;;;;;1
13/03/2013;08:04:00;151;sem vítima;520,8;BR-116/PR;Sul;Colisão Lateral;1;4;;;;;1
13/03/2013;08:20:00;159;com vítima;550,25;BR-116/PR;Norte;Tombamento;1;0;;1;;;2
13/03/2013;08:32:00;165;sem vítima;528;BR-116/PR;Norte;Colisão Traseira;1;2;;;;;1
13/03/2013;08:34:00;166;sem vítima;12,3;BR-116/CW;Sul;Saida de Pista;1;2;;;;;1
13/03/2013;09:00:00;175;sem vítima;316;BR-116/PR;Norte;Saida de Pista;1;2;;;;;1
14/03/2013;01:54:00;48;sem vítima;389,9;BR-116/PR;Sul;Colisão Traseira;3;4;;;;;1
14/03/2013;04:29:00;89;sem vítima;362,7;BR-116/PR;Norte;Colisão Lateral;2;2;;;;;1
14/03/2013;05:51:00;104;sem vítima;41;BR-116/PR;Sul;Colisão Traseira;2;3;;;;;1
14/03/2013;06:39:00;111;sem vítima;284,4;BR-116/PR;Norte;Colisão Traseira;2;2;;;;;1
14/03/2013;09:00:00;165;com vítima;550,4;BR-116/PR;Norte;Tombamento;1;0;1;;;;1
14/03/2013;10:02:00;195;sem vítima;348,7;BR-116/PR;Sul;Colisão Lateral;2;2;;;;;1
14/03/2013;11:06:00;230;sem vítima;334,3;BR-116/PR;Norte;Saida de Pista;1;1;;;;;1
14/03/2013;11:11:00;232;sem vítima;59,5;BR-116/PR;Sul;Colisão Traseira;2;2;;;;;1
14/03/2013;13:16:00;268;com vítima;545,1;BR-116/PR;Norte;Tombamento;1;0;1;;;;1
14/03/2013;14:07:00;279;com vítima;323,8;BR-116/PR;Sul;Colisão Traseira;1;2;2;;;;1
14/03/2013;14:30:00;287;sem vítima;411,5;BR-116/PR;Norte;Colisão Traseira;1;3;;;;;1
14/03/2013;17:06:00;348;sem vítima;411,5;BR-116/PR;Norte;Colisão Lateral;1;2;;;;;1
14/03/2013;20:26:00;417;com vítima;8,3;BR-116/CW;Sul;Colisão Traseira;1;1;;1;;;2
15/03/2013;03:04:00;57;sem vítima;454,5;BR-116/PR;Norte;Saida de Pista;1;2;;;;;1
15/03/2013;10:18:00;231;sem vítima;282,3;BR-116/PR;Sul;Colisão Traseira;1;4;;;;;1
15/03/2013;11:35:00;259;sem vítima;486,3;BR-116/PR;Sul;Colisão Transversal;2;2;;;;;1
15/03/2013;15:09:00;321;sem vítima;28,5;BR-116/PR;Norte;Tombamento;1;1;;;;;1
15/03/2013;15:51:00;337;sem vítima;294;BR-116/PR;Norte;Colisão Lateral;1;2;;;;;1
15/03/2013;18:51:00;422;sem vítima;30,2;BR-116/PR;Sul;Outros;1;2;;;;;1
15/03/2013;20:43:00;457;sem vítima;338;BR-116/PR;Sul;Saida de Pista;1;1;;;;;1
15/03/2013;23:06:00;480;sem vítima;338,2;BR-116/PR;Sul;Saida de Pista;1;1;;;;;1
16/03/2013;09:50:00;204;sem vítima;271,4;BR-116/PR;Sul;Colisão Traseira;1;2;;;;;1
16/03/2013;12:31:00;275;com vítima;551,7;BR-116/PR;Norte;Tombamento;1;0;1;;;;1
16/03/2013;13:36:00;293;sem vítima;270;BR-116/PR;Norte;Tombamento;1;1;;;;;1
16/03/2013;14:15:00;307;sem vítima;503,4;BR-116/PR;Norte;Tombamento;1;1;;;;;1
16/03/2013;15:36:00;332;sem vítima;298,5;BR-116/PR;Norte;Colisão Traseira;2;2;;;;;1
16/03/2013;19:26:00;426;sem vítima;7,2;BR-116/PR;Norte;Saida de Pista;1;1;;;;;1
16/03/2013;20:35:00;443;com vítima;299,8;BR-116/PR;Sul;Tombamento;1;1;;;1;;2
16/03/2013;23:14:00;487;sem vítima;525,7;BR-116/PR;Sul;Colisão Traseira;2;4;;;;;1
17/03/2013;01:49:00;26;com vítima;439;BR-116/PR;Sul;Colisão Traseira;1;1;;1;;;2
17/03/2013;02:12:00;32;sem vítima;64,1;BR-116/PR;Sul;Capotamento;1;1;;;;;1
17/03/2013;02:19:00;34;sem vítima;496;BR-116/PR;Norte;Saida de Pista;1;3;;;;;1
17/03/2013;17:28:00;315;sem vítima;436,5;BR-116/PR;Sul;Saida de Pista;1;1;;;;;1
17/03/2013;22:25:00;405;sem vítima;567,1;BR-116/PR;Sul;Saida de Pista;1;2;;;;;1
18/03/2013;00:28:00;18;com vítima;393,5;BR-116/PR;Sul;Atropelamento - Andarilho;1;2;;;;1;3
18/03/2013;04:15:00;70;sem vítima;372,8;BR-116/PR;Norte;Choque - Talude;1;2;;;;;1
18/03/2013;12:01:00;239;sem vítima;282,3;BR-116/PR;Norte;Colisão Traseira;1;2;;;;;1
18/03/2013;23:53:00;439;com vítima;397,8;BR-116/PR;Norte;Saida de Pista;1;0;1;;;;1
19/03/2013;04:13:00;79;sem vítima;435,3;BR-116/PR;Norte;Saida de Pista;1;1;;;;;1
19/03/2013;04:13:00;80;com vítima;486,5;BR-116/PR;Norte;Tombamento;1;1;1;;;;1
19/03/2013;08:28:00;162;sem vítima;363,8;BR-116/PR;Norte;Tombamento;1;1;;;;;1
20/03/2013;09:23:00;230;com vítima;370;BR-116/PR;Sul;Colisão Traseira;1;1;2;;;;1
20/03/2013;10:28:00;269;sem vítima;560,9;BR-116/PR;Sul;Saida de Pista;1;1;;;;;1
20/03/2013;11:07:00;289;com vítima;442;BR-116/PR;Sul;Colisão Lateral;3;3;1;;;;1
20/03/2013;16:45:00;387;sem vítima;426,2;BR-116/PR;Sul;Colisão Traseira;2;2;;;;;1
20/03/2013;22:25:00;495;sem vítima;399,7;BR-116/PR;Norte;Saida de Pista;1;1;;;;;1
21/03/2013;04:34:00;91;sem vítima;492,2;BR-116/PR;Sul;Saida de Pista;1;1;;;;;1
21/03/2013;09:41:00;199;sem vítima;370;BR-116/PR;Norte;Colisão Traseira;1;2;;;;;1
21/03/2013;09:58:00;209;sem vítima;282;BR-116/PR;Norte;Colisão Traseira;1;2;;;;;1
21/03/2013;11:37:00;268;sem vítima;24,8;BR-116/PR;Sul;Tombamento;1;2;;;;;1
21/03/2013;15:37:00;358;sem vítima;457,2;BR-116/PR;Sul;Saida de Pista;1;1;;;;;1
21/03/2013;16:30:00;377;com vítima;340;BR-116/PR;Sul;Colisão Traseira;2;1;1;;;;1
21/03/2013;16:34:00;380;sem vítima;515;BR-116/PR;Norte;Colisão Traseira;2;2;;;;;1
21/03/2013;16:35:00;381;com vítima;287,5;BR-116/PR;Sul;Colisão Lateral;1;3;1;;;;1
21/03/2013;19:10:00;445;sem vítima;351;BR-116/PR;Sul;Colisão Traseira;2;2;;;;;1
21/03/2013;22:42:00;526;sem vítima;50,5;BR-116/PR;Norte;Tombamento;1;1;;;;;1
22/03/2013;00:14:00;7;com vítima;486,3;BR-116/PR;Norte;Colisão Traseira;2;1;;;1;;2
22/03/2013;00:41:00;14;com vítima;321,6;BR-116/PR;Sul;Colisão Traseira;2;1;;1;;;2
22/03/2013;02:51:00;70;sem vítima;334,95;BR-116/PR;Norte;Tombamento;1;1;;;;;1
22/03/2013;04:10:00;78;com vítima;449,2;BR-116/PR;Sul;Colisão Traseira;1;2;;1;;;2
22/03/2013;06:53:00;115;sem vítima;2,3;BR-116/PR;Norte;Saida de Pista;1;1;;;;;1
22/03/2013;07:16:00;118;sem vítima;278,6;BR-116/PR;Norte;Colisão Lateral;1;2;;;;;1
22/03/2013;11:45:00;244;sem vítima;280;BR-116/PR;Sul;Colisão Traseira;1;2;;;;;1
22/03/2013;21:27:00;441;sem vítima;288,4;BR-116/PR;Sul;Colisão Lateral;3;3;;;;;1
23/03/2013;01:35:00;33;com vítima;499,8;BR-116/PR;Sul;Saida de Pista;1;0;1;;;;1
23/03/2013;01:58:00;41;sem vítima;316,7;BR-116/PR;Sul;Tombamento;1;1;;;;;1
23/03/2013;04:09:00;70;sem vítima;515,6;BR-116/PR;Norte;Tombamento;1;1;;;;;1
23/03/2013;04:21:00;74;sem vítima;403,4;BR-116/PR;Norte;Saida de Pista;1;1;;;;;1
23/03/2013;05:09:00;85;com vítima;551,5;BR-116/PR;Sul;Colisão Transversal;1;1;3;;;;1
23/03/2013;08:15:00;138;com vítima;568,2;BR-116/PR;Sul;Tombamento;1;0;;;1;;2
23/03/2013;08:50:00;151;sem vítima;564;BR-116/PR;Sul;Queda de Moto;1;2;;;;;1
23/03/2013;09:06:00;158;sem vítima;293,2;BR-116/PR;Sul;Colisão Traseira;1;3;;;;;1
23/03/2013;13:28:00;237;sem vítima;353,2;BR-116/PR;Norte;Colisão Traseira;1;2;;;;;1
23/03/2013;19:55:00;374;com vítima;545,4;BR-116/PR;Sul;Saida de Pista;1;0;1;;;;1
23/03/2013;21:07:00;384;sem vítima;542,5;BR-116/PR;Sul;Colisão Traseira;2;2;;;;;1
24/03/2013;01:30:00;29;sem vítima;311,5;BR-116/PR;Sul;Saida de Pista;1;1;;;;;1
24/03/2013;18:07:00;320;sem vítima;361,1;BR-116/PR;Norte;Colisão Lateral;1;5;;;;;1
24/03/2013;19:26:00;348;sem vítima;555,2;BR-116/PR;Sul;Colisão Lateral;1;4;;;;;1
24/03/2013;21:48:00;384;sem vítima;293,4;BR-116/PR;Norte;Colisão Traseira;2;49;;;;;1
25/03/2013;03:08:00;44;sem vítima;461,5;BR-116/PR;Sul;Saida de Pista;1;1;;;;;1
25/03/2013;03:50:00;52;sem vítima;301,1;BR-116/PR;Norte;Colisão Lateral;2;3;;;;;1
25/03/2013;04:52:00;65;sem vítima;308,6;BR-116/PR;Norte;Colisão Traseira;2;2;;;;;1
25/03/2013;09:51:00;161;sem vítima;379;BR-116/PR;Norte;Colisão Lateral;1;2;;;;;1
25/03/2013;12:31:00;234;sem vítima;280,3;BR-116/PR;Norte;Colisão Traseira;1;2;;;;;1
25/03/2013;18:13:00;364;sem vítima;485;BR-116/PR;Sul;Colisão Traseira;2;3;;;;;1
26/03/2013;08:39:00;176;com vítima;429,97;BR-116/PR;Sul;Choque - Outros;1;0;;1;;;2
26/03/2013;08:51:00;180;sem vítima;270;BR-116/PR;Sul;Colisão Traseira;1;2;;;;;1
27/03/2013;02:57:00;66;com vítima;23,3;BR-116/PR;Norte;Tombamento;1;0;;1;;;2
27/03/2013;05:54:00;103;sem vítima;343;BR-116/PR;Sul;Colisão Traseira;2;2;;;;;1
27/03/2013;11:24:00;251;com vítima;512,3;BR-116/PR;Norte;Tombamento;1;0;1;;;1;3
27/03/2013;12:51:00;283;com vítima;347,6;BR-116/PR;Norte;Tombamento;1;0;1;;;;1
27/03/2013;13:07:00;286;sem vítima;345,35;BR-116/PR;Sul;Tombamento;1;1;;;;;1
27/03/2013;19:31:00;432;sem vítima;404,7;BR-116/PR;Norte;Colisão Traseira;1;2;;;;;1
28/03/2013;02:48:00;62;sem vítima;349,8;BR-116/PR;Norte;Saida de Pista;1;1;;;;;1
28/03/2013;04:22:00;78;sem vítima;543;BR-116/PR;Sul;Colisão Lateral;1;2;;;;;1
28/03/2013;06:22:00;102;sem vítima;461,5;BR-116/PR;Norte;Colisão Traseira;1;4;;;;;1
28/03/2013;08:37:00;159;sem vítima;442,6;BR-116/PR;Sul;Colisão Traseira;2;2;;;;;1
28/03/2013;09:13:00;177;com vítima;28;BR-116/PR;Norte;Tombamento;1;1;1;;;;1
28/03/2013;15:29:00;312;sem vítima;318;BR-116/PR;Sul;Colisão Traseira;1;2;;;;;1
28/03/2013;22:18:00;463;sem vítima;450,1;BR-116/PR;Sul;Colisão Lateral;1;2;;;;;1
29/03/2013;06:27:00;106;com vítima;28,5;BR-116/PR;Norte;Tombamento;1;0;1;;;;1
29/03/2013;06:58:00;116;sem vítima;443,5;BR-116/PR;Norte;Saida de Pista;1;1;;;;;1
29/03/2013;10:11:00;180;sem vítima;485;BR-116/PR;Sul;Colisão Traseira;1;2;;;;;1
29/03/2013;10:19:00;187;sem vítima;567;BR-116/PR;Sul;Colisão Traseira;2;14;;;;;1
29/03/2013;10:34:00;192;sem vítima;58,9;BR-116/PR;Sul;Colisão Traseira;1;4;;;;;1
29/03/2013;13:21:00;250;com vítima;515,1;BR-116/PR;Norte;Tombamento;1;0;1;;;;1
30/03/2013;16:27:00;242;sem vítima;277,5;BR-116/PR;Norte;Colisão Traseira;1;2;;;;;1
31/03/2013;13:02:00;174;sem vítima;550;BR-116/PR;Norte;Tombamento;1;1;;;;;1
31/03/2013;13:16:00;177;com vítima;395;BR-116/PR;Sul;Tombamento;1;1;1;;;;1
01/04/2013;12:52:00;196;com vítima;2,7;BR-116/CW;Norte;Choque - Objeto sobre a pista;1;1;;1;;1;3
01/04/2013;18:03:00;305;sem vítima;57;BR-116/PR;Norte;Colisão Traseira;2;3;;;;;1
01/04/2013;22:38:00;367;com vítima;271,9;BR-116/PR;Sul;Colisão Traseira;1;1;;;;1;3
01/04/2013;06:33:00;62;sem vítima;278,8;BR-116/PR;Norte;Colisão Traseira;1;2;;;;;1
01/04/2013;00:17:00;8;com vítima;296,8;BR-116/PR;Norte;Capotamento;1;1;1;;;;1
02/04/2013;16:27:00;275;sem vítima;8,7;BR-116/PR;Norte;Colisão Traseira;1;1;;;;;1
02/04/2013;22:49:00;393;sem vítima;360,2;BR-116/PR;Sul;Tombamento;1;1;;;;;1
02/04/2013;09:51:00;154;sem vítima;426,1;BR-116/PR;Norte;Colisão Traseira;1;5;;;;;1
02/04/2013;09:06:00;140;com vítima;548,15;BR-116/PR;Sul;Tombamento;1;1;1;;;;1
02/04/2013;12:40:00;202;com vítima;561;BR-116/PR;Sul;Choque - Talude;1;0;1;;;;1
02/04/2013;11:57:00;189;sem vítima;564;BR-116/PR;Sul;Capotamento;1;3;;;;;1
03/04/2013;16:54:00;316;com vítima;0,2;BR-116/CW;Norte;Choque - Defensa, barreira ou  submarino ;1;0;1;;;;1
03/04/2013;11:10:00;207;sem vítima;279,4;BR-116/PR;Norte;Engavetamento;2;2;;;;;1
03/04/2013;16:55:00;317;sem vítima;358,3;BR-116/PR;Norte;Colisão Traseira;1;2;;;;;1
03/04/2013;09:47:00;180;com vítima;359,9;BR-116/PR;Sul;Tombamento;1;2;1;;;;1
03/04/2013;14:04:00;255;com vítima;359,9;BR-116/PR;Sul;Colisão Traseira;2;1;1;;;;1
03/04/2013;14:00:00;254;sem vítima;415,2;BR-116/PR;Sul;Tombamento;1;2;;;;;1
03/04/2013;03:45:00;76;com vítima;423,9;BR-116/PR;Sul;Tombamento;1;1;1;;;;1
04/04/2013;13:03:00;280;sem vítima;320,5;BR-116/PR;Norte;Colisão Traseira;1;2;;;;;1
04/04/2013;20:21:00;454;com vítima;329,8;BR-116/PR;Norte;Colisão Traseira;1;1;;1;;;2
04/04/2013;23:33:00;487;com vítima;554,5;BR-116/PR;Sul;Colisão Traseira;2;0;1;1;1;;2
05/04/2013;12:25:00;251;com vítima;42;BR-116/PR;Sul;Colisão Lateral;1;1;;1;;;2
05/04/2013;18:34:00;380;com vítima;57;BR-116/PR;Sul;Colisão Frontal;1;2;2;;;;1
05/04/2013;10:48:00;215;sem vítima;342,1;BR-116/PR;Sul;Colisão Traseira;3;2;;;;;1
05/04/2013;08:00:00;130;sem vítima;404,2;BR-116/PR;Sul;Colisão Lateral;1;1;;;;;1
05/04/2013;19:13:00;392;sem vítima;458;BR-116/PR;Norte;Saida de Pista;1;2;;;;;1
05/04/2013;06:20:00;86;com vítima;469,4;BR-116/PR;Sul;Tombamento;1;0;3;;;;1
05/04/2013;08:14:00;139;sem vítima;550,2;BR-116/PR;Norte;Tombamento;1;4;;;;;1
06/04/2013;00:32:00;13;com vítima;1,5;BR-116/PR;Sul;Colisão Lateral;2;0;1;;;;1
06/04/2013;02:06:00;39;sem vítima;23;BR-116/PR;Sul;Tombamento;1;2;;;;;1
06/04/2013;13:57:00;225;com vítima;306,5;BR-116/PR;Norte;Colisão Lateral;1;0;1;;;;1
06/04/2013;23:25:00;438;sem vítima;310,3;BR-116/PR;Norte;Tombamento;1;1;;;;;1
06/04/2013;08:04:00;107;sem vítima;426,6;BR-116/PR;Sul;Colisão Traseira;2;3;;;;;1
06/04/2013;05:55:00;78;com vítima;431;BR-116/PR;Norte;Saida de Pista;1;1;;;;1;3
06/04/2013;19:32:00;371;sem vítima;503,4;BR-116/PR;Sul;Colisão Lateral;2;2;;;;;1
06/04/2013;08:26:00;116;sem vítima;512;BR-116/PR;Sul;Tombamento;1;2;;;;;1
07/04/2013;22:52:00;413;com vítima;456;BR-116/PR;Norte;Colisão Traseira;1;1;1;;;;1
07/04/2013;13:52:00;207;sem vítima;543;BR-116/PR;Norte;Colisão Traseira;1;2;;;;;1
07/04/2013;08:30:00;119;sem vítima;543,1;BR-116/PR;Norte;Colisão Traseira;2;4;;;;;1
08/04/2013;07:31:00;101;sem vítima;398,2;BR-116/PR;Norte;Saida de Pista;1;1;;;;;1
08/04/2013;23:02:00;394;sem vítima;507,6;BR-116/PR;Norte;Tombamento;1;3;;;;;1
08/04/2013;04:11:00;63;sem vítima;541,15;BR-116/PR;Norte;Tombamento;1;1;;;;;1
09/04/2013;10:44:00;188;com vítima;273,8;BR-116/PR;Norte;Colisão Lateral;2;0;1;;;;1
09/04/2013;03:19:00;53;sem vítima;336,5;BR-116/PR;Sul;Tombamento;1;3;;;;;1
09/04/2013;01:49:00;36;sem vítima;350,5;BR-116/PR;Norte;Tombamento;1;2;;;;;1
09/04/2013;06:46:00;97;sem vítima;511,7;BR-116/PR;Norte;Tombamento;1;1;;;;;1
10/04/2013;15:08:00;276;sem vítima;273,3;BR-116/PR;Sul;Colisão Traseira;2;1;;;;;1
10/04/2013;16:55:00;318;sem vítima;332;BR-116/PR;Sul;Colisão Traseira;3;1;;;;;1
10/04/2013;23:56:00;438;com vítima;333,6;BR-116/PR;Norte;Colisão Traseira;1;0;1;;;;1
10/04/2013;17:15:00;324;sem vítima;351,4;BR-116/PR;Norte;Colisão Frontal;1;2;;;;;1
10/04/2013;09:33:00;177;com vítima;362;BR-116/PR;Sul;Colisão Traseira;2;1;1;;;;1
10/04/2013;02:21:00;54;sem vítima;376;BR-116/PR;Norte;Colisão Lateral;2;2;;;;;1
10/04/2013;01:46:00;51;sem vítima;415,8;BR-116/PR;Norte;Tombamento;1;2;;;;;1
10/04/2013;17:55:00;338;sem vítima;496,1;BR-116/PR;Norte;Tombamento;1;3;;;;;1
11/04/2013;05:50:00;85;sem vítima;24;BR-116/PR;Sul;Colisão Traseira;2;5;;;;;1
11/04/2013;20:43:00;403;com vítima;294,5;BR-116/PR;Sul;Colisão Lateral;1;1;;1;;;2
11/04/2013;20:45:00;404;com vítima;458,3;BR-116/PR;Sul;Colisão Traseira;1;0;1;;;;1
12/04/2013;10:45:00;254;sem vítima;286,1;BR-116/PR;Norte;Capotamento;1;2;;;;;1
12/04/2013;04:50:00;113;com vítima;413,6;BR-116/PR;Norte;Colisão Traseira;2;1;;1;;;2
12/04/2013;05:21:00;116;sem vítima;459,8;BR-116/PR;Sul;Saida de Pista;1;1;;;;;1
12/04/2013;12:06:00;285;sem vítima;482,8;BR-116/PR;Norte;Tombamento;1;3;;;;;1
12/04/2013;16:24:00;391;com vítima;561,5;BR-116/PR;Sul;Saida de Pista;1;1;1;1;;;2
13/04/2013;16:50:00;253;sem vítima;17,3;BR-116/PR;Sul;Saida de Pista;1;1;;;;;1
13/04/2013;13:41:00;214;com vítima;62,3;BR-116/PR;Sul;Colisão Traseira;1;0;1;;;;1
13/04/2013;02:24:00;41;com vítima;305,95;BR-116/PR;Sul;Choque - Defensa, barreira ou  submarino ;1;0;1;;;;1
13/04/2013;09:14:00;137;com vítima;331,1;BR-116/PR;Norte;Tombamento;1;0;1;;;;1
13/04/2013;08:53:00;127;com vítima;481,6;BR-116/PR;Norte;Saida de Pista;1;1;;1;;;2
13/04/2013;05:28:00;70;com vítima;484,8;BR-116/PR;Norte;Colisão Lateral;1;4;2;1;;;2
13/04/2013;08:33:00;124;sem vítima;484,9;BR-116/PR;Sul;Tombamento;1;2;;;;;1
13/04/2013;15:57:00;247;sem vítima;538,15;BR-116/PR;Sul;Engavetamento;1;2;;;;;1
13/04/2013;21:44:00;331;com vítima;562,4;BR-116/PR;Sul;Saida de Pista;1;0;2;;;;1
14/04/2013;15:04:00;218;sem vítima;298,9;BR-116/PR;Sul;Choque - Defensa, barreira ou  submarino ;1;3;;;;;1
14/04/2013;15:56:00;240;sem vítima;341;BR-116/PR;Norte;Tombamento;1;1;;;;;1
14/04/2013;09:32:00;131;com vítima;515;BR-116/PR;Norte;Colisão Traseira;1;1;1;;;;1
15/04/2013;12:24:00;233;sem vítima;284,9;BR-116/PR;Norte;Colisão Traseira;1;1;;;;;1
16/04/2013;00:21:00;7;sem vítima;1,3;BR-116/PR;Sul;Colisão Lateral;1;1;;;;;1
16/04/2013;07:20:00;90;com vítima;32,5;BR-116/PR;Norte;Tombamento;1;2;;1;;;2
16/04/2013;23:18:00;375;sem vítima;60,1;BR-116/PR;Norte;Engavetamento;3;5;;;;;1
16/04/2013;14:22:00;218;com vítima;279;BR-116/PR;Sul;Colisão Lateral;1;2;1;;;;1
16/04/2013;20:11:00;331;com vítima;282,3;BR-116/PR;Norte;Colisão Traseira;2;4;1;;;;1
16/04/2013;00:56:00;12;sem vítima;469,6;BR-116/PR;Sul;Saida de Pista;1;1;;;;;1
16/04/2013;03:00:00;38;sem vítima;500,3;BR-116/PR;Sul;Tombamento;1;9;;;;;1
16/04/2013;05:46:00;71;com vítima;504,8;BR-116/PR;Norte;Choque - Talude;1;1;;1;;;2
16/04/2013;06:33:00;78;sem vítima;518,15;BR-116/PR;Sul;Saida de Pista;1;2;;;;;1
16/04/2013;06:35:00;79;sem vítima;528,5;BR-116/PR;Sul;Tombamento;1;1;;;;;1
16/04/2013;23:55:00;387;sem vítima;561,8;BR-116/PR;Sul;Choque - Defensa, barreira ou  submarino ;1;1;;;;;1
17/04/2013;11:14:00;192;com vítima;8,1;BR-116/PR;Sul;Colisão Traseira;2;0;;1;;;2
17/04/2013;10:13:00;171;sem vítima;291;BR-116/PR;Norte;Colisão Traseira;2;3;;;;;1
17/04/2013;04:33:00;79;sem vítima;428,3;BR-116/PR;Norte;Tombamento;1;2;;;;;1
18/04/2013;22:49:00;406;sem vítima;388,8;BR-116/PR;Norte;Colisão Traseira;2;3;;;;;1
18/04/2013;08:42:00;158;sem vítima;482,4;BR-116/PR;Sul;Choque - Defensa, barreira ou  submarino ;1;3;;;;;1
19/04/2013;22:20:00;419;sem vítima;0,5;BR-116/PR;Norte;Colisão Traseira;1;2;;;;;1
19/04/2013;01:35:00;32;sem vítima;23,1;BR-116/PR;Sul;Colisão Traseira;2;2;;;;;1
19/04/2013;23:57:00;444;com vítima;46,8;BR-116/PR;Sul;Saida de Pista;1;0;;1;;;2
19/04/2013;22:15:00;418;sem vítima;51,3;BR-116/PR;Sul;Choque - Defensa, barreira ou  submarino ;1;2;;;;;1
19/04/2013;19:09:00;376;com vítima;370;BR-116/PR;Sul;Colisão Traseira;2;1;1;;;;1
19/04/2013;03:58:00;77;com vítima;435,9;BR-116/PR;Sul;Saida de Pista;1;1;2;;;;1
19/04/2013;09:03:00;171;com vítima;485,6;BR-116/PR;Norte;Colisão Traseira;1;1;1;;;;1
19/04/2013;06:08:00;110;sem vítima;531,4;BR-116/PR;Sul;Saida de Pista;1;5;;;;;1
20/04/2013;10:03:00;172;sem vítima;270,4;BR-116/PR;Norte;Colisão Lateral;1;3;;;;;1
20/04/2013;17:00:00;281;sem vítima;287,5;BR-116/PR;Sul;Colisão Traseira;1;1;;;;;1
20/04/2013;00:11:00;7;sem vítima;386,1;BR-116/PR;Sul;Colisão Traseira;1;2;;;;;1
20/04/2013;23:37:00;371;com vítima;394,7;BR-116/PR;Sul;Atropelamento - Morador;1;1;;1;;;2
20/04/2013;02:53:00;54;sem vítima;547,9;BR-116/PR;Norte;Saida de Pista;1;2;;;;;1
21/04/2013;19:52:00;349;sem vítima;301,3;BR-116/PR;Norte;Colisão Traseira;1;2;;;;;1
21/04/2013;18:21:00;314;sem vítima;352;BR-116/PR;Sul;Saida de Pista;1;1;;;;;1
21/04/2013;14:52:00;238;com vítima;370;BR-116/PR;Norte;Colisão Traseira;1;1;;;;1;3
21/04/2013;12:31:00;196;sem vítima;388,4;BR-116/PR;Norte;Colisão Traseira;2;1;;;;;1
21/04/2013;23:44:00;419;sem vítima;509;BR-116/PR;Norte;Colisão Traseira;2;2;;;;;1
21/04/2013;18:52:00;329;com vítima;550,5;BR-116/PR;Norte;Tombamento;1;0;1;;;;1
22/04/2013;21:08:00;392;sem vítima;65,4;BR-116/PR;Norte;Colisão Traseira;1;2;;;;;1
22/04/2013;17:39:00;353;sem vítima;445,5;BR-116/PR;Norte;Colisão Lateral;1;8;;;;;1
22/04/2013;07:26:00;112;sem vítima;509,6;BR-116/PR;Norte;Tombamento;1;2;;;;;1
22/04/2013;16:49:00;335;sem vítima;532,9;BR-116/PR;Sul;Colisão Traseira;2;2;;;;;1
23/04/2013;19:46:00;319;sem vítima;277,6;BR-116/PR;Sul;Colisão Traseira;1;1;;;;;1
23/04/2013;17:06:00;273;sem vítima;284,7;BR-116/PR;Sul;Tombamento;1;2;;;;;1
23/04/2013;20:42:00;339;sem vítima;329,2;BR-116/PR;Norte;Colisão Traseira;2;2;;;;;1
23/04/2013;11:50:00;187;com vítima;359,5;BR-116/PR;Sul;Tombamento;1;0;3;;;;1
23/04/2013;23:53:00;381;sem vítima;487,1;BR-116/PR;Sul;Saida de Pista;2;1;;;;;1
23/04/2013;09:01:00;125;sem vítima;509,7;BR-116/PR;Norte;Tombamento;1;2;;;;;1
23/04/2013;08:28:00;109;sem vítima;538,8;BR-116/PR;Sul;Colisão Traseira;1;1;;;;;1
23/04/2013;06:00:00;73;sem vítima;550,7;BR-116/PR;Sul;Tombamento;1;3;;;;;1
23/04/2013;09:47:00;147;sem vítima;563,8;BR-116/PR;Norte;Colisão Lateral;1;2;;;;;1
24/04/2013;02:37:00;39;sem vítima;359,3;BR-116/PR;Sul;Tombamento;3;2;;;;;1
24/04/2013;11:33:00;196;com vítima;380;BR-116/PR;Sul;Colisão Traseira;2;1;1;;;;1