data;horario;n_da_ocorrencia;tipo_de_ocorrencia;km;trecho;sentido;tipo_de_acidente;caminhao;ilesos;levemente_feridos;moderadamente_feridos;gravemente_feridos;mortos;3
24/04/2013;23:27:00;424;com vítima;406,6;BR-116/PR;Norte;Saida de Pista;1;0;2;;;;1
24/04/2013;00:42:00;18;com vítima;516;BR-116/PR;Norte;Saida de Pista;1;1;2;;;;1
24/04/2013;05:14:00;63;sem vítima;568,5;BR-116/PR;Norte;Saida de Pista;1;1;;;;;1
25/04/2013;15:46:00;275;sem vítima;17,3;BR-116/CW;Norte;Colisão Traseira;1;2;;;;;1
25/04/2013;06:38:00;86;sem vítima;361,5;BR-116/PR;Norte;Colisão Lateral;2;2;;;;;1
25/04/2013;23:54:00;409;sem vítima;404,7;BR-116/PR;Norte;Atropelamento de Animal;1;2;;;;;1
25/04/2013;09:35:00;166;sem vítima;542,9;BR-116/PR;Sul;Colisão Traseira;2;1;;;;;1
26/04/2013;22:54:00;356;sem vítima;9;BR-116/CW;Sul;Colisão Lateral;1;2;;;;;1
26/04/2013;17:14:00;276;sem vítima;272;BR-116/PR;Norte;Colisão Traseira;1;2;;;;;1
26/04/2013;00:11:00;3;sem vítima;345;BR-116/PR;Sul;Colisão Traseira;2;1;;;;;1
26/04/2013;07:58:00;99;com vítima;518,5;BR-116/PR;Sul;Tombamento;1;2;3;;;;1
27/04/2013;06:52:00;90;sem vítima;320,95;BR-116/PR;Sul;Colisão Traseira;2;4;;;;;1
27/04/2013;04:38:00;65;sem vítima;435,2;BR-116/PR;Sul;Tombamento;1;1;;;;;1
27/04/2013;05:57:00;77;sem vítima;494;BR-116/PR;Sul;Saida de Pista;1;2;;;;;1
28/04/2013;11:22:00;150;sem vítima;70;BR-116/PR;Norte;Colisão Traseira;1;1;;;;;1
28/04/2013;12:06:00;160;sem vítima;334,95;BR-116/PR;Norte;Capotamento;1;7;;;;;1
28/04/2013;06:54:00;81;com vítima;514,5;BR-116/PR;Norte;Tombamento;1;4;1;;;;1
28/04/2013;15:34:00;206;sem vítima;528,8;BR-116/PR;Norte;Colisão Traseira;1;1;;;;;1
29/04/2013;15:08:00;250;com vítima;69,6;BR-116/PR;Norte;Colisão Traseira;1;2;1;;;;1
29/04/2013;23:32:00;395;sem vítima;298,5;BR-116/PR;Sul;Colisão Traseira;2;2;;;;;1
29/04/2013;00:09:00;5;sem vítima;368,95;BR-116/PR;Norte;Engavetamento;3;1;;;;;1
29/04/2013;01:16:00;22;com vítima;485,7;BR-116/PR;Norte;Colisão Traseira;2;1;2;2;;;2
29/04/2013;06:25:00;76;sem vítima;555,3;BR-116/PR;Sul;Saida de Pista;1;2;;;;;1
30/04/2013;20:04:00;349;sem vítima;25,8;BR-116/PR;Norte;Saida de Pista;1;4;;;;;1
30/04/2013;15:33:00;276;com vítima;319;BR-116/PR;Sul;Capotamento;1;2;;1;;;2
30/04/2013;15:51:00;280;sem vítima;513,6;BR-116/PR;Sul;Colisão Traseira;2;2;;;;;1
30/04/2013;05:47:00;83;sem vítima;566,8;BR-116/PR;Norte;Colisão Traseira;2;2;;;;;1
01/05/2013;04:33:00;48;sem vítima;393,7;BR-116/PR;Sul;Atropelamento de Animal;1;1;;;;;1
02/05/2013;07:19:00;64;com vítima;16,8;BR-116/PR;Norte;Tombamento;1;0;1;;;;1
02/05/2013;09:16:00;105;com vítima;22,7;BR-116/PR;Norte;Engavetamento;2;5;2;;;;1
02/05/2013;00:12:00;3;com vítima;392,9;BR-116/PR;Norte;Colisão Traseira;2;1;1;;;;1
02/05/2013;12:26:00;166;sem vítima;465,8;BR-116/PR;Sul;Colisão Lateral;1;2;;;;;1
02/05/2013;00:21:00;6;com vítima;478,95;BR-116/PR;Sul;Atropelamento - Morador;1;1;;;;1;3
03/05/2013;08:24:00;96;sem vítima;277,1;BR-116/PR;Norte;Engavetamento;1;4;;;;;1
03/05/2013;01:19:00;25;com vítima;464,5;BR-116/PR;Sul;Colisão Traseira;2;1;1;;;;1
03/05/2013;03:29:00;42;com vítima;520,5;BR-116/PR;Norte;Tombamento;1;0;;1;;;2
04/05/2013;16:03:00;248;sem vítima;456,9;BR-116/PR;Sul;Saida de Pista;1;6;;;;;1
04/05/2013;07:54:00;99;com vítima;550,5;BR-116/PR;Norte;Tombamento;1;0;1;;;;1
05/05/2013;18:03:00;271;sem vítima;0,4;BR-116/PR;Norte;Tombamento;1;1;;;;;1
05/05/2013;11:00:00;146;sem vítima;43,8;BR-116/PR;Norte;Colisão Lateral;2;3;;;;;1
05/05/2013;07:56:00;93;sem vítima;50,9;BR-116/PR;Sul;Tombamento;1;1;;;;;1
05/05/2013;10:17:00;134;sem vítima;57,2;BR-116/PR;Norte;Colisão Traseira;2;2;;;;;1
05/05/2013;10:34:00;139;com vítima;354,6;BR-116/PR;Norte;Colisão Lateral;1;3;;;;1;3
05/05/2013;23:55:00;370;com vítima;511,9;BR-116/PR;Norte;Tombamento;1;0;;1;;;2
05/05/2013;17:20:00;262;sem vítima;515,1;BR-116/PR;Norte;Tombamento;1;1;;;;;1
05/05/2013;20:09:00;307;sem vítima;537;BR-116/PR;Sul;Choque - Defensa, barreira ou  submarino ;1;4;;;;;1
06/05/2013;23:40:00;342;com vítima;33,5;BR-116/PR;Norte;Saida de Pista;1;0;;;;1;3
06/05/2013;06:04:00;60;com vítima;360;BR-116/PR;Norte;Colisão Lateral;1;1;1;;;;1
06/05/2013;02:19:00;27;sem vítima;370,4;BR-116/PR;Norte;Colisão Traseira;1;2;;;;;1
06/05/2013;08:40:00;104;sem vítima;394;BR-116/PR;Norte;Colisão Traseira;1;2;;;;;1
06/05/2013;13:04:00;180;sem vítima;400,8;BR-116/PR;Sul;Colisão Traseira;2;2;;;;;1
06/05/2013;05:04:00;50;sem vítima;528,1;BR-116/PR;Norte;Atropelamento de Animal;1;1;;;;;1
07/05/2013;08:00:00;98;com vítima;273,1;BR-116/PR;Norte;Colisão Lateral;1;1;1;;;;1
07/05/2013;10:39:00;176;sem vítima;282;BR-116/PR;Norte;Colisão Traseira;1;3;;;;;1
07/05/2013;04:26:00;53;sem vítima;339,2;BR-116/PR;Norte;Saida de Pista;1;1;;;;;1
07/05/2013;19:13:00;348;sem vítima;348,9;BR-116/PR;Sul;Colisão Lateral;2;2;;;;;1
07/05/2013;03:23:00;34;com vítima;474,5;BR-116/PR;Norte;Saida de Pista;1;0;3;;;;1
07/05/2013;23:04:00;405;com vítima;545,9;BR-116/PR;Norte;Tombamento;1;0;;1;;;2
08/05/2013;11:25:00;179;sem vítima;59,2;BR-116/PR;Sul;Saida de Pista;1;1;;;;;1
08/05/2013;05:50:00;63;com vítima;336,1;BR-116/PR;Sul;Tombamento;1;0;1;;;;1
08/05/2013;07:00:00;73;com vítima;503,4;BR-116/PR;Sul;Tombamento;1;0;1;;;;1
09/05/2013;07:05:00;63;com vítima;28,1;BR-116/PR;Norte;Tombamento;1;0;1;;;;1
09/05/2013;11:32:00;155;com vítima;281,3;BR-116/PR;Norte;Colisão Traseira;1;0;;;2;;2
09/05/2013;19:07:00;307;sem vítima;281,85;BR-116/PR;Sul;Colisão Traseira;1;3;;;;;1
09/05/2013;05:54:00;48;com vítima;285,3;BR-116/PR;Norte;Outros - Sequência;1;1;;1;;1;3
09/05/2013;18:03:00;289;sem vítima;308,1;BR-116/PR;Sul;Saida de Pista;1;2;;;;;1
09/05/2013;11:12:00;146;sem vítima;322,1;BR-116/PR;Norte;Colisão Lateral;1;3;;;;;1
09/05/2013;11:58:00;164;sem vítima;326,8;BR-116/PR;Sul;Colisão Traseira;1;2;;;;;1
09/05/2013;23:47:00;369;com vítima;351,95;BR-116/PR;Norte;Colisão Lateral;1;1;;1;;;2
09/05/2013;00:44:00;8;sem vítima;466,4;BR-116/PR;Norte;Colisão Traseira;2;2;;;;;1
09/05/2013;10:04:00;123;sem vítima;542,9;BR-116/PR;Sul;Colisão Traseira;2;2;;;;;1
10/05/2013;15:32:00;260;sem vítima;14,6;BR-116/PR;Norte;Colisão Lateral;1;5;;;;;1
10/05/2013;22:18:00;383;sem vítima;31;BR-116/PR;Norte;Capotamento;1;2;;;;;1
10/05/2013;09:52:00;153;sem vítima;57;BR-116/PR;Sul;Colisão Traseira;2;2;;;;;1
10/05/2013;06:55:00;86;com vítima;274,9;BR-116/PR;Norte;Choque - Poste;1;2;;;1;;2
10/05/2013;18:22:00;329;sem vítima;301,2;BR-116/PR;Sul;Colisão Traseira;2;24;;;;;1
10/05/2013;19:24:00;352;sem vítima;447,9;BR-116/PR;Norte;Saida de Pista;1;1;;;;;1
10/05/2013;03:23:00;50;com vítima;531,3;BR-116/PR;Sul;Colisão Traseira;2;2;1;;;;1
11/05/2013;09:58:00;161;sem vítima;270;BR-116/PR;Norte;Colisão Lateral;1;3;;;;;1
11/05/2013;10:00:00;162;sem vítima;270;BR-116/PR;Norte;Colisão Lateral;1;3;;;;;1
11/05/2013;04:40:00;62;com vítima;303,8;BR-116/PR;Norte;Tombamento;1;0;1;;;;1
11/05/2013;01:14:00;22;sem vítima;412,3;BR-116/PR;Norte;Colisão Traseira;1;4;;;;;1
11/05/2013;17:15:00;306;sem vítima;459,9;BR-116/PR;Sul;Saida de Pista;1;1;;;;;1
12/05/2013;23:07:00;367;sem vítima;296;BR-116/PR;Norte;Colisão Lateral;1;2;;;;;1
12/05/2013;16:56:00;277;sem vítima;297,7;BR-116/PR;Norte;Colisão Lateral;1;2;;;;;1
12/05/2013;10:40:00;163;com vítima;309;BR-116/PR;Norte;Colisão Lateral;1;1;;1;;;2
13/05/2013;18:15:00;311;sem vítima;269,2;BR-116/PR;Sul;Colisão Lateral;1;4;;;;;1
13/05/2013;08:58:00;132;sem vítima;363,9;BR-116/PR;Sul;Choque - Defensa, barreira ou  submarino ;2;3;;;;;1
13/05/2013;14:33:00;236;sem vítima;453,95;BR-116/PR;Sul;Colisão Lateral;1;3;;;;;1
13/05/2013;09:02:00;133;sem vítima;515,5;BR-116/PR;Norte;Colisão Traseira;2;2;;;;;1
14/05/2013;09:00:00;161;sem vítima;30,5;BR-116/PR;Norte;Colisão Traseira;1;2;;;;;1
14/05/2013;18:12:00;364;sem vítima;47,1;BR-116/PR;Norte;Colisão Lateral;1;2;;;;;1
14/05/2013;03:48:00;65;sem vítima;314,4;BR-116/PR;Norte;Colisão Traseira;2;2;;;;;1
14/05/2013;21:25:00;412;sem vítima;551,5;BR-116/PR;Norte;Tombamento;1;1;;;;;1
15/05/2013;10:09:00;173;sem vítima;7;BR-116/PR;Sul;Colisão Lateral;1;2;;;;;1
15/05/2013;07:09:00;90;sem vítima;7,8;BR-116/PR;Norte;Colisão Traseira;2;2;;;;;1
15/05/2013;11:18:00;204;sem vítima;350,35;BR-116/PR;Norte;Colisão Lateral;2;2;;;;;1
15/05/2013;06:02:00;75;sem vítima;370;BR-116/PR;Norte;Choque - Defensa, barreira ou  submarino ;1;1;;;;;1
15/05/2013;03:33:00;38;sem vítima;412,1;BR-116/PR;Norte;Colisão Traseira;3;5;;;;;1
15/05/2013;20:02:00;387;sem vítima;508,9;BR-116/PR;Sul;Tombamento;1;1;;;;;1
16/05/2013;13:10:00;216;sem vítima;283;BR-116/PR;Norte;Queda de Moto;1;2;;;;;1
16/05/2013;21:23:00;357;sem vítima;344;BR-116/PR;Sul;Colisão Traseira;2;2;;;;;1
16/05/2013;08:20:00;121;sem vítima;363,4;BR-116/PR;Sul;Colisão Lateral;1;3;;;;;1
16/05/2013;09:29:00;144;sem vítima;426,6;BR-116/PR;Sul;Colisão Traseira;2;2;;;;;1
16/05/2013;17:00:00;301;sem vítima;492,8;BR-116/PR;Norte;Colisão Traseira;4;5;;;;;1
16/05/2013;08:57:00;130;sem vítima;503;BR-116/PR;Sul;Colisão Traseira;3;3;;;;;1
16/05/2013;10:01:00;158;sem vítima;550,5;BR-116/PR;Sul;Saida de Pista;1;1;;;;;1
17/05/2013;06:43:00;81;com vítima;14,5;BR-116/CW;Sul;Colisão Traseira;1;3;1;;;;1
17/05/2013;19:15:00;333;com vítima;16,9;BR-116/PR;Norte;Colisão Transversal;1;1;;;;1;3
17/05/2013;16:37:00;275;com vítima;289;BR-116/PR;Norte;Choque - Defensa, barreira ou  submarino ;1;1;1;;;;1
17/05/2013;06:56:00;84;com vítima;471,9;BR-116/PR;Norte;Tombamento;1;0;;1;;;2
17/05/2013;02:07:00;32;sem vítima;513,8;BR-116/PR;Norte;Tombamento;1;2;;;;;1
17/05/2013;17:58:00;306;sem vítima;543;BR-116/PR;Sul;Colisão Traseira;1;2;;;;;1
17/05/2013;02:23:00;37;sem vítima;544,6;BR-116/PR;Norte;Colisão Traseira;2;2;;;;;1
17/05/2013;17:42:00;298;com vítima;567;BR-116/PR;Norte;Colisão Traseira;1;2;1;;;;1
18/05/2013;21:54:00;348;sem vítima;23;BR-116/PR;Norte;Colisão Traseira;1;2;;;;;1
18/05/2013;09:45:00;157;sem vítima;316;BR-116/PR;Sul;Colisão Traseira;2;2;;;;;1
18/05/2013;14:30:00;233;sem vítima;431,5;BR-116/PR;Norte;Saida de Pista;1;3;;;;;1
18/05/2013;05:19:00;82;com vítima;568,3;BR-116/PR;Sul;Tombamento;1;0;1;;;;1
19/05/2013;08:10:00;88;com vítima;57,5;BR-116/PR;Norte;Tombamento;1;1;1;;;;1
19/05/2013;00:30:00;6;sem vítima;285,1;BR-116/PR;Norte;Choque - Outros;1;3;;;;;1
19/05/2013;06:10:00;60;sem vítima;419,5;BR-116/PR;Norte;Tombamento;1;1;;;;;1
19/05/2013;00:38:00;10;com vítima;503,4;BR-116/PR;Sul;Saida de Pista;1;1;1;;;;1
19/05/2013;11:56:00;145;com vítima;513,2;BR-116/PR;Norte;Tombamento;1;1;;1;;;2
20/05/2013;16:13:00;288;sem vítima;275,9;BR-116/PR;Sul;Colisão Lateral;1;2;;;;;1
20/05/2013;05:54:00;83;sem vítima;406,3;BR-116/PR;Norte;Tombamento;1;1;;;;;1
20/05/2013;05:41:00;81;sem vítima;530,8;BR-116/PR;Sul;Saida de Pista;1;1;;;;;1
20/05/2013;10:58:00;191;sem vítima;542,9;BR-116/PR;Norte;Colisão Traseira;1;3;;;;;1
21/05/2013;00:31:00;15;com vítima;6,4;BR-116/PR;Sul;Tombamento;1;0;;1;;;2
21/05/2013;06:59:00;84;sem vítima;11,3;BR-116/CW;Sul;Colisão Lateral;1;4;;;;;1
21/05/2013;08:57:00;117;sem vítima;349,9;BR-116/PR;Norte;Saida de Pista;1;2;;;;;1
21/05/2013;15:32:00;253;sem vítima;381;BR-116/PR;Norte;Colisão Lateral;1;2;;;;;1
21/05/2013;08:35:00;112;sem vítima;426,6;BR-116/PR;Sul;Colisão Traseira;2;2;;;;;1
21/05/2013;12:26:00;203;sem vítima;426,6;BR-116/PR;Sul;Colisão Traseira;2;2;;;;;1
21/05/2013;06:28:00;77;com vítima;521,2;BR-116/PR;Sul;Colisão Traseira;1;1;1;;;;1
22/05/2013;00:01:00;1;sem vítima;10,7;BR-116/PR;Sul;Tombamento;1;1;;;;;1
22/05/2013;07:26:00;100;sem vítima;281;BR-116/PR;Norte;Colisão Lateral;1;2;;;;;1
22/05/2013;12:01:00;236;com vítima;285,15;BR-116/PR;Norte;Atropelamento - Usuário;1;3;;1;;;2
22/05/2013;11:41:00;226;sem vítima;345;BR-116/PR;Norte;Colisão Lateral;1;4;;;;;1
22/05/2013;04:11:00;66;sem vítima;375,4;BR-116/PR;Sul;Atropelamento de Animal;1;1;;;;;1
22/05/2013;13:25:00;258;com vítima;377,9;BR-116/PR;Norte;Colisão Traseira;1;1;;1;;;2
22/05/2013;14:47:00;274;sem vítima;433,2;BR-116/PR;Sul;Tombamento;2;2;;;;;1
22/05/2013;22:48:00;395;sem vítima;442,6;BR-116/PR;Sul;Choque - Defensa, barreira ou  submarino ;1;2;;;;;1
22/05/2013;03:17:00;52;com vítima;505,9;BR-116/PR;Norte;Saida de Pista;1;1;1;;;;1
22/05/2013;07:45:00;110;sem vítima;564;BR-116/PR;Sul;Saida de Pista;1;2;;;;;1
22/05/2013;21:07:00;377;sem vítima;567;BR-116/PR;Sul;Colisão Traseira;1;3;;;;;1
23/05/2013;15:50:00;270;sem vítima;353;BR-116/PR;Norte;Colisão Traseira;2;2;;;;;1
23/05/2013;01:07:00;17;sem vítima;420,1;BR-116/PR;Sul;Saida de Pista;1;1;;;;;1
23/05/2013;16:41:00;286;sem vítima;426,6;BR-116/PR;Sul;Colisão Traseira;2;4;;;;;1
23/05/2013;00:02:00;1;sem vítima;499,35;BR-116/PR;Sul;Tombamento;1;1;;;;;1
23/05/2013;17:20:00;302;sem vítima;503;BR-116/PR;Sul;Saida de Pista;1;1;;;;;1
24/05/2013;05:44:00;76;com vítima;314;BR-116/PR;Sul;Colisão Traseira;2;1;1;;;;1
24/05/2013;01:34:00;27;sem vítima;449;BR-116/PR;Sul;Colisão Lateral;1;2;;;;;1
24/05/2013;21:18:00;306;com vítima;509;BR-116/PR;Sul;Tombamento;1;0;1;;;;1
24/05/2013;11:07:00;160;sem vítima;518;BR-116/PR;Sul;Saida de Pista;1;3;;;;;1
24/05/2013;07:35:00;102;sem vítima;561;BR-116/PR;Sul;Colisão Traseira;4;4;;;;;1
25/05/2013;15:17:00;209;sem vítima;273;BR-116/PR;Sul;Engavetamento;1;5;;;;;1
25/05/2013;13:11:00;184;sem vítima;280,1;BR-116/PR;Sul;Colisão Traseira;1;3;;;;;1
25/05/2013;04:18:00;62;sem vítima;450,5;BR-116/PR;Sul;Colisão Traseira;1;2;;;;;1
25/05/2013;19:14:00;276;sem vítima;508;BR-116/PR;Sul;Saida de Pista;1;1;;;;;1
25/05/2013;14:15:00;192;com vítima;509;BR-116/PR;Norte;Tombamento;1;0;1;;;;1
26/05/2013;08:58:00;112;sem vítima;36,85;BR-116/PR;Norte;Tombamento;1;1;;;;;1
26/05/2013;14:58:00;230;com vítima;281,9;BR-116/PR;Norte;Tombamento;1;0;3;;;;1
27/05/2013;07:24:00;68;sem vítima;23,9;BR-116/PR;Norte;Saida de Pista;1;1;;;;;1
27/05/2013;06:58:00;59;sem vítima;44,5;BR-116/PR;Sul;Saida de Pista;1;1;;;;;1
27/05/2013;10:03:00;117;sem vítima;352,7;BR-116/PR;Sul;Choque - Defensa, barreira ou  submarino ;1;4;;;;;1
27/05/2013;20:26:00;281;sem vítima;437;BR-116/PR;Sul;Colisão Lateral;1;6;;;;;1
28/05/2013;12:30:00;169;com vítima;17,2;BR-116/PR;Sul;Saida de Pista;1;3;4;;;;1
28/05/2013;04:49:00;61;com vítima;36,4;BR-116/PR;Norte;Colisão Traseira;1;1;1;;;;1
28/05/2013;15:29:00;225;com vítima;353;BR-116/PR;Norte;Colisão Transversal;1;1;;1;;;2
28/05/2013;05:46:00;68;sem vítima;386;BR-116/PR;Norte;Saida de Pista;1;1;;;;;1
28/05/2013;03:12:00;42;com vítima;404,9;BR-116/PR;Sul;Colisão Traseira;2;1;1;;;;1
28/05/2013;03:57:00;53;sem vítima;442,5;BR-116/PR;Norte;Tombamento;1;1;;;;;1
28/05/2013;22:18:00;319;sem vítima;443;BR-116/PR;Sul;Saida de Pista;1;1;;;;;1
28/05/2013;09:27:00;118;com vítima;445,3;BR-116/PR;Norte;Atropelamento - Ciclista;1;1;1;;;;1
28/05/2013;23:37:00;335;com vítima;481,5;BR-116/PR;Sul;Colisão Lateral;1;1;1;;;;1
28/05/2013;20:36:00;302;com vítima;482,2;BR-116/PR;Sul;Choque - Defensa, barreira ou  submarino ;1;0;;;;1;3
28/05/2013;07:33:00;87;com vítima;511,8;BR-116/PR;Norte;Tombamento;1;0;1;;;;1
28/05/2013;14:25:00;206;sem vítima;513,5;BR-116/PR;Norte;Colisão Lateral;2;2;;;;;1
28/05/2013;07:18:00;82;com vítima;544,9;BR-116/PR;Norte;Tombamento;1;0;;;;1;3
29/05/2013;10:10:00;175;sem vítima;9,5;BR-116/CW;Sul;Colisão Traseira;2;4;;;;;1
29/05/2013;02:12:00;37;com vítima;294;BR-116/PR;Sul;Colisão Lateral;1;5;1;;;;1
29/05/2013;16:13:00;278;com vítima;341,4;BR-116/PR;Sul;Colisão Traseira;2;2;;2;;;2
29/05/2013;05:51:00;86;sem vítima;399,8;BR-116/PR;Norte;Tombamento;1;1;;;;;1
29/05/2013;23:08:00;403;sem vítima;513,9;BR-116/PR;Norte;Engavetamento;2;4;;;;;1
29/05/2013;01:29:00;19;sem vítima;561,8;BR-116/PR;Sul;Choque - Defensa, barreira ou  submarino ;1;1;;;;;1
29/05/2013;22:20:00;391;com vítima;562,3;BR-116/PR;Sul;Engavetamento;2;3;1;;;;1
30/05/2013;08:35:00;147;sem vítima;45;BR-116/PR;Norte;Colisão Traseira;1;6;;;;;1
30/05/2013;05:54:00;83;sem vítima;70,5;BR-116/PR;Norte;Colisão Lateral;1;6;;;;;1
30/05/2013;14:21:00;269;com vítima;282,4;BR-116/PR;Norte;Colisão Traseira;1;1;1;;;;1
30/05/2013;01:30:00;27;sem vítima;342;BR-116/PR;Sul;Colisão Traseira;2;2;;;;;1
30/05/2013;13:15:00;253;sem vítima;348,7;BR-116/PR;Sul;Saida de Pista;1;1;;;;;1
30/05/2013;00:42:00;18;com vítima;384,9;BR-116/PR;Sul;Tombamento;1;0;1;;;;1
30/05/2013;14:44:00;273;com vítima;418;BR-116/PR;Sul;Colisão Transversal;1;2;1;;;;1
30/05/2013;12:48:00;246;sem vítima;434,8;BR-116/PR;Sul;Colisão Traseira;1;5;;;;;1
30/05/2013;21:31:00;410;sem vítima;529;BR-116/PR;Sul;Tombamento;1;1;;;;;1
30/05/2013;03:41:00;61;sem vítima;541,5;BR-116/PR;Sul;Colisão Lateral;1;2;;;;;1
30/05/2013;02:41:00;47;com vítima;550,5;BR-116/PR;Norte;Tombamento;1;0;1;;;;1
31/05/2013;08:05:00;107;sem vítima;28;BR-116/PR;Norte;Tombamento;1;1;;;;;1
31/05/2013;06:49:00;79;com vítima;284,6;BR-116/PR;Sul;Capotamento;1;1;1;;;;1
31/05/2013;11:27:00;170;sem vítima;357,6;BR-116/PR;Norte;Tombamento;1;2;;;;;1
31/05/2013;22:13:00;334;sem vítima;412,2;BR-116/PR;Sul;Tombamento;2;3;;;;;1
01/06/2013;07:46:00;77;com vítima;357,6;BR-116/PR;Norte;Tombamento;1;0;;;;1;3
01/06/2013;03:28:00;41;sem vítima;479,8;BR-116/PR;Sul;Choque - Objeto sobre a pista;2;2;;;;;1
02/06/2013;12:06:00;148;com vítima;23,9;BR-116/PR;Norte;Tombamento;1;0;;1;;;2
02/06/2013;23:10:00;345;com vítima;60;BR-116/PR;Norte;Colisão Traseira;2;1;;;1;;2
02/06/2013;19:39:00;299;com vítima;426;BR-116/PR;Norte;Colisão Traseira;1;2;1;;;;1
02/06/2013;10:13:00;108;sem vítima;567,9;BR-116/PR;Norte;Colisão Traseira;2;2;;;;;1
03/06/2013;21:07:00;353;sem vítima;291,7;BR-116/PR;Sul;Colisão Transversal;1;5;;;;;1
03/06/2013;16:42:00;284;sem vítima;349,1;BR-116/PR;Sul;Colisão Traseira;1;2;;;;;1
03/06/2013;04:19:00;61;sem vítima;499,3;BR-116/PR;Sul;Saida de Pista;1;1;;;;;1
03/06/2013;22:24:00;367;sem vítima;544,2;BR-116/PR;Sul;Tombamento;1;1;;;;;1
04/06/2013;02:38:00;47;sem vítima;21;BR-116/PR;Sul;Saida de Pista;1;1;;;;;1
04/06/2013;14:03:00;259;sem vítima;272,5;BR-116/PR;Norte;Engavetamento;1;5;;;;;1
04/06/2013;04:19:00;70;sem vítima;451,5;BR-116/PR;Sul;Colisão Lateral;2;2;;;;;1
04/06/2013;07:05:00;100;com vítima;564,5;BR-116/PR;Sul;Tombamento;1;0;1;;;;1
05/06/2013;08:36:00;114;com vítima;4,5;BR-116/PR;Norte;Tombamento;1;0;1;;;;1
05/06/2013;03:25:00;42;com vítima;70,5;BR-116/PR;Sul;Colisão Traseira;1;3;1;;;;1
05/06/2013;20:29:00;340;sem vítima;272;BR-116/PR;Norte;Colisão Traseira;1;2;;;;;1
05/06/2013;13:29:00;208;sem vítima;288,8;BR-116/PR;Norte;Colisão Traseira;1;3;;;;;1
05/06/2013;13:48:00;214;sem vítima;288,9;BR-116/PR;Sul;Colisão Lateral;2;3;;;;;1
05/06/2013;02:07:00;31;com vítima;351,7;BR-116/PR;Norte;Colisão Traseira;2;2;2;;;;1
05/06/2013;01:12:00;21;sem vítima;416,8;BR-116/PR;Norte;Saida de Pista;1;1;;;;;1
06/06/2013;15:13:00;277;com vítima;358,5;BR-116/PR;Sul;Colisão Traseira;3;2;;1;;;2
06/06/2013;04:17:00;68;sem vítima;371,8;BR-116/PR;Norte;Tombamento;1;2;;;;;1
06/06/2013;01:48:00;35;sem vítima;479,4;BR-116/PR;Norte;Atropelamento de Animal;1;2;;;;;1
06/06/2013;12:33:00;226;com vítima;544,5;BR-116/PR;Norte;Tombamento;1;0;1;;;;1
07/06/2013;13:20:00;291;com vítima;327,3;BR-116/PR;Sul;Colisão Transversal;1;2;1;;;;1
07/06/2013;20:39:00;436;sem vítima;370,9;BR-116/PR;Sul;Colisão Lateral;2;2;;;;;1
07/06/2013;04:46:00;100;sem vítima;511,8;BR-116/PR;Norte;Tombamento;1;1;;;;;1
08/06/2013;15:37:00;288;sem vítima;68;BR-116/PR;Sul;Colisão Traseira;1;5;;;;;1
08/06/2013;16:34:00;309;sem vítima;279,6;BR-116/PR;Sul;Colisão Traseira;1;4;;;;;1
08/06/2013;16:23:00;307;com vítima;369,4;BR-116/PR;Sul;Colisão Lateral;1;1;;1;;1;3
08/06/2013;13:10:00;240;sem vítima;437,5;BR-116/PR;Sul;Saida de Pista;1;1;;;;;1
08/06/2013;14:34:00;264;com vítima;515;BR-116/PR;Norte;Colisão Traseira;1;1;1;;;;1
09/06/2013;00:49:00;31;sem vítima;56;BR-116/PR;Sul;Saida de Pista;1;1;;;;;1
09/06/2013;08:00:00;101;com vítima;364,7;BR-116/PR;Norte;Tombamento;1;0;1;;;;1
09/06/2013;06:40:00;92;sem vítima;544;BR-116/PR;Norte;Tombamento;1;1;;;;;1
10/06/2013;11:26:00;181;sem vítima;272,3;BR-116/PR;Sul;Colisão Traseira;1;3;;;;;1
10/06/2013;06:34:00;80;sem vítima;282,1;BR-116/PR;Norte;Colisão Traseira;2;2;;;;;1
11/06/2013;20:27:00;376;sem vítima;426,6;BR-116/PR;Sul;Colisão Traseira;1;3;;;;;1
11/06/2013;20:48:00;380;sem vítima;511,5;BR-116/PR;Sul;Colisão Traseira;2;2;;;;;1
11/06/2013;20:25:00;375;sem vítima;513,5;BR-116/PR;Norte;Colisão Traseira;2;2;;;;;1
11/06/2013;16:48:00;319;sem vítima;514,9;BR-116/PR;Sul;Colisão Lateral;2;4;;;;;1
11/06/2013;02:51:00;52;sem vítima;543;BR-116/PR;Norte;Tombamento;1;1;;;;;1
12/06/2013;00:27:00;6;sem vítima;483,5;BR-116/PR;Sul;Saida de Pista;1;1;;;;;1
13/06/2013;07:49:00;124;com vítima;28,6;BR-116/PR;Norte;Tombamento;1;0;1;;;;1
13/06/2013;06:37:00;108;sem vítima;271,5;BR-116/PR;Sul;Colisão Traseira;1;2;;;;;1
13/06/2013;09:39:00;163;sem vítima;282,4;BR-116/PR;Norte;Colisão Lateral;1;2;;;;;1
13/06/2013;11:57:00;208;com vítima;321;BR-116/PR;Norte;Colisão Lateral;2;1;1;;;;1
13/06/2013;04:20:00;78;sem vítima;332;BR-116/PR;Norte;Colisão Traseira;2;2;;;;;1
13/06/2013;12:21:00;218;sem vítima;354,5;BR-116/PR;Sul;Colisão Traseira;3;4;;;;;1
13/06/2013;05:10:00;88;sem vítima;382,1;BR-116/PR;Norte;Tombamento;1;1;;;;;1
13/06/2013;09:38:00;161;com vítima;550,5;BR-116/PR;Norte;Tombamento;1;0;1;;;;1