data;horario;n_da_ocorrencia;tipo_de_ocorrencia;km;trecho;sentido;tipo_de_acidente;caminhao;ilesos;levemente_feridos;moderadamente_feridos;gravemente_feridos;mortos;3
07/08/2013;23:57:00;498;sem vítima;518,3;BR-116/PR;Sul;Tombamento;1;1;;;;;1
08/08/2013;00:02:00;5;sem vítima;268,9;BR-116/PR;Norte;Colisão Lateral;1;2;;;;;1
08/08/2013;05:36:00;110;sem vítima;336,4;BR-116/PR;Norte;Colisão Traseira;2;2;;;;;1
08/08/2013;23:55:00;519;com vítima;485,6;BR-116/PR;Norte;Tombamento;1;0;;1;;;2
09/08/2013;00:57:00;24;com vítima;273,9;BR-116/PR;Norte;Capotamento;1;0;1;;;;1
09/08/2013;00:22:00;9;sem vítima;416,1;BR-116/PR;Norte;Saida de Pista;2;1;;;;;1
10/08/2013;03:06:00;77;sem vítima;0,1;BR-116/PR;Norte;Choque - Defensa, barreira ou "submarino";1;1;;;;;1
10/08/2013;05:42:00;113;sem vítima;26,4;BR-116/PR;Norte;Saida de Pista;1;3;;;;;1
10/08/2013;14:55:00;300;com vítima;310;BR-116/PR;Sul;Queda de Moto;1;0;;1;;;2
10/08/2013;06:43:00;123;com vítima;359,5;BR-116/PR;Sul;Atropelamento - Sem Informação;2;1;;;;1;3
10/08/2013;12:20:00;247;sem vítima;478;BR-116/PR;Norte;Saida de Pista;1;4;;;;;1
10/08/2013;11:52:00;235;sem vítima;485,7;BR-116/PR;Sul;Colisão Traseira;1;2;;;;;1
10/08/2013;14:46:00;296;sem vítima;511,8;BR-116/PR;Norte;Colisão Lateral;1;2;;;;;1
10/08/2013;05:14:00;110;sem vítima;518,3;BR-116/PR;Norte;Saida de Pista;1;1;;;;;1
11/08/2013;16:25:00;316;sem vítima;32,5;BR-116/PR;Norte;Tombamento;1;1;;;;;1
11/08/2013;04:14:00;93;sem vítima;497,6;BR-116/PR;Sul;Saida de Pista;1;5;;;;;1
12/08/2013;05:29:00;116;sem vítima;270,3;BR-116/PR;Norte;Colisão Lateral;1;2;;;;;1
12/08/2013;07:27:00;137;com vítima;567,5;BR-116/PR;Norte;Colisão Traseira;2;2;2;;;;1
13/08/2013;23:20:00;458;com vítima;14,5;BR-116/PR;Sul;Choque - Talude;1;0;1;;;;1
13/08/2013;18:27:00;377;com vítima;446,6;BR-116/PR;Sul;Atropelamento - Morador;1;1;;;;1;3
13/08/2013;08:25:00;157;sem vítima;552,7;BR-116/PR;Sul;Colisão Traseira;2;2;;;;;1
13/08/2013;16:22:00;328;com vítima;563,8;BR-116/PR;Sul;Engavetamento;1;3;1;;;;1
14/08/2013;12:19:00;261;sem vítima;33,4;BR-116/PR;Norte;Colisão Traseira;3;2;;;;;1
14/08/2013;10:11:00;218;com vítima;33,4;BR-116/PR;Norte;Tombamento;1;3;;1;;;2
14/08/2013;11:30:00;245;sem vítima;280;BR-116/PR;Sul;Saida de Pista;1;1;;;;;1
14/08/2013;12:58:00;270;sem vítima;327;BR-116/PR;Norte;Saida de Pista;1;1;;;;;1
14/08/2013;09:10:00;188;sem vítima;339,9;BR-116/PR;Sul;Capotamento;3;3;;;;;1
14/08/2013;18:09:00;364;sem vítima;348,2;BR-116/PR;Sul;Choque - Veiculo parado na pista;2;2;;;;;1
14/08/2013;07:13:00;146;sem vítima;446,1;BR-116/PR;Sul;Saida de Pista;1;1;;;;;1
14/08/2013;15:38:00;326;sem vítima;448;BR-116/PR;Norte;Choque - Defensa, barreira ou "submarino";1;2;;;;;1
14/08/2013;11:36:00;247;sem vítima;462,8;BR-116/PR;Norte;Colisão Traseira;1;2;;;;;1
14/08/2013;06:24:00;134;sem vítima;485,7;BR-116/PR;Norte;Colisão Traseira;1;3;;;;;1
14/08/2013;13:19:00;275;sem vítima;565,5;BR-116/PR;Sul;Saida de Pista;2;2;;;;;1
15/08/2013;12:00:00;284;sem vítima;1;BR-116/CW;Sul;Saida de Pista;1;1;;;;;1
15/08/2013;20:34:00;445;sem vítima;57,2;BR-116/PR;Sul;Colisão Traseira;2;2;;;;;1
15/08/2013;22:12:00;470;sem vítima;297;BR-116/PR;Norte;Saida de Pista;1;2;;;;;1
15/08/2013;09:46:00;225;sem vítima;298;BR-116/PR;Norte;Choque - Defensa, barreira ou "submarino";2;1;;;;;1
15/08/2013;18:16:00;404;com vítima;356,4;BR-116/PR;Sul;Choque - Veiculo parado no acostamento;3;1;;1;;;2
15/08/2013;15:08:00;342;sem vítima;393,7;BR-116/PR;Norte;Saida de Pista;1;2;;;;;1
15/08/2013;12:22:00;295;sem vítima;490;BR-116/PR;Sul;Choque - Defensa, barreira ou "submarino";1;1;;;;;1
15/08/2013;08:22:00;178;com vítima;543;BR-116/PR;Norte;Queda de Moto;1;1;2;;;;1
16/08/2013;19:44:00;495;sem vítima;420;BR-116/PR;Norte;Colisão Lateral;1;3;;;;;1
16/08/2013;06:10:00;195;sem vítima;420,1;BR-116/PR;Norte;Colisão Traseira;1;2;;;;;1
16/08/2013;08:48:00;254;sem vítima;503;BR-116/PR;Sul;Tombamento;1;1;;;;;1
16/08/2013;10:17:00;300;sem vítima;514,5;BR-116/PR;Sul;Choque - Defensa, barreira ou "submarino";1;1;;;;;1
16/08/2013;12:22:00;339;sem vítima;517;BR-116/PR;Norte;Outros;1;1;;;;;1
16/08/2013;01:31:00;73;com vítima;549,2;BR-116/PR;Sul;Tombamento;1;1;;1;;;2
16/08/2013;07:29:00;222;sem vítima;550,7;BR-116/PR;Sul;Tombamento;1;1;;;;;1
16/08/2013;07:25:00;220;com vítima;567;BR-116/PR;Sul;Capotamento;1;0;1;;;;1
17/08/2013;08:15:00;180;sem vítima;270;BR-116/PR;Norte;Colisão Traseira;2;5;;;;;1
17/08/2013;22:23:00;407;sem vítima;392,8;BR-116/PR;Norte;Saida de Pista;1;2;;;;;1
17/08/2013;13:34:00;268;sem vítima;504;BR-116/PR;Sul;Colisão Lateral;2;5;;;;;1
17/08/2013;13:59:00;274;sem vítima;511;BR-116/PR;Sul;Colisão Lateral;3;3;;;;;1
17/08/2013;17:14:00;326;com vítima;513,8;BR-116/PR;Norte;Saida de Pista;1;0;;1;;;2
17/08/2013;13:22:00;267;com vítima;550,95;BR-116/PR;Sul;Tombamento;1;0;1;;;;1
17/08/2013;20:32:00;380;com vítima;567;BR-116/PR;Sul;Engavetamento;4;3;1;1;;;2
18/08/2013;15:17:00;294;com vítima;32,5;BR-116/PR;Norte;Tombamento;2;0;1;;;;1
18/08/2013;16:38:00;325;com vítima;45,1;BR-116/PR;Sul;Capotamento;1;1;2;1;;;2
18/08/2013;04:47:00;118;sem vítima;468,5;BR-116/PR;Norte;Saida de Pista;1;1;;;;;1
18/08/2013;08:38:00;181;sem vítima;489,5;BR-116/PR;Norte;Colisão Lateral;2;3;;;;;1
19/08/2013;19:38:00;422;sem vítima;270,2;BR-116/PR;Norte;Colisão Traseira;3;2;;;;;1
19/08/2013;07:44:00;163;sem vítima;334;BR-116/PR;Norte;Colisão Traseira;1;2;;;;;1
19/08/2013;06:17:00;143;com vítima;346,4;BR-116/PR;Sul;Colisão Traseira;1;1;1;;;;1
19/08/2013;10:38:00;241;sem vítima;346,4;BR-116/PR;Norte;Saida de Pista;2;5;;;;;1
19/08/2013;12:52:00;278;sem vítima;365;BR-116/PR;Norte;Tombamento;1;1;;;;;1
19/08/2013;18:14:00;406;sem vítima;365;BR-116/PR;Norte;Engavetamento;1;3;;;;;1
19/08/2013;15:51:00;345;sem vítima;426,6;BR-116/PR;Norte;Queda de Moto;1;1;;;;;1
20/08/2013;05:49:00;132;sem vítima;275,7;BR-116/PR;Sul;Choque - Defensa, barreira ou "submarino";1;3;;;;;1
20/08/2013;17:16:00;401;sem vítima;278,9;BR-116/PR;Norte;Colisão Lateral;1;2;;;;;1
20/08/2013;20:21:00;453;sem vítima;307,4;BR-116/PR;Sul;Colisão Traseira;2;2;;;;;1
20/08/2013;18:03:00;418;sem vítima;416,4;BR-116/PR;Norte;Colisão Traseira;1;2;;;;;1
20/08/2013;18:59:00;440;sem vítima;529,5;BR-116/PR;Sul;Colisão Lateral;1;2;;;;;1
20/08/2013;06:29:00;139;sem vítima;550,5;BR-116/PR;Sul;Saida de Pista;1;1;;;;;1
21/08/2013;19:07:00;407;sem vítima;277,2;BR-116/PR;Norte;Colisão Lateral;1;2;;;;;1
21/08/2013;07:26:00;152;com vítima;361,3;BR-116/PR;Sul;Colisão Traseira;1;2;1;;;;1
21/08/2013;12:43:00;274;sem vítima;415,1;BR-116/PR;Norte;Choque - Suporte de Sinalização;1;2;;;;;1
21/08/2013;08:30:00;181;sem vítima;528,5;BR-116/PR;Norte;Colisão Traseira;2;3;;;;;1
22/08/2013;11:26:00;292;com vítima;31,8;BR-116/PR;Norte;Tombamento;1;0;1;;;;1
22/08/2013;22:18:00;514;com vítima;43,2;BR-116/PR;Norte;Colisão Lateral;1;2;1;;;;1
22/08/2013;04:49:00;154;sem vítima;278,6;BR-116/PR;Norte;Capotamento;1;1;;;;;1
22/08/2013;00:36:00;28;com vítima;370,4;BR-116/PR;Sul;Colisão Lateral;1;1;1;;;;1
22/08/2013;06:13:00;174;com vítima;506,9;BR-116/PR;Norte;Capotamento;1;2;1;1;;;2
22/08/2013;07:32:00;193;sem vítima;523,95;BR-116/PR;Sul;Colisão Traseira;1;3;;;;;1
23/08/2013;03:59:00;110;sem vítima;31,8;BR-116/PR;Sul;Tombamento;1;1;;;;;1
23/08/2013;19:22:00;482;sem vítima;273;BR-116/PR;Sul;Colisão Traseira;1;3;;;;;1
23/08/2013;21:08:00;510;sem vítima;337,1;BR-116/PR;Sul;Colisão Traseira;1;5;;;;;1
23/08/2013;02:21:00;73;sem vítima;477,6;BR-116/PR;Norte;Colisão Lateral;2;2;;;;;1
23/08/2013;12:45:00;286;com vítima;485,5;BR-116/PR;Norte;Capotamento;1;0;2;;;;1
23/08/2013;09:36:00;216;com vítima;542,9;BR-116/PR;Sul;Colisão Lateral;2;2;1;;;;1
24/08/2013;10:33:00;213;com vítima;393,3;BR-116/PR;Norte;Colisão Lateral;1;1;1;;;;1
24/08/2013;23:49:00;428;sem vítima;501,8;BR-116/PR;Norte;Choque - Defensa, barreira ou "submarino";1;1;;;;;1
25/08/2013;15:51:00;369;sem vítima;17,75;BR-116/PR;Sul;Saida de Pista;2;1;;;;;1
25/08/2013;21:41:00;493;sem vítima;31,7;BR-116/PR;Sul;Capotamento;1;1;;;;;1
25/08/2013;21:49:00;496;com vítima;70,5;BR-116/PR;Sul;Capotamento;1;0;;1;1;;2
25/08/2013;09:09:00;227;sem vítima;305;BR-116/PR;Norte;Engavetamento;1;3;;;;;1
25/08/2013;18:50:00;441;sem vítima;426,1;BR-116/PR;Norte;Colisão Traseira;3;7;;;;;1
25/08/2013;13:03:00;302;sem vítima;512,5;BR-116/PR;Norte;Colisão Traseira;1;2;;;;;1
25/08/2013;15:51:00;368;sem vítima;515,9;BR-116/PR;Norte;Queda de Moto;3;3;;;;;1
25/08/2013;17:09:00;405;sem vítima;537;BR-116/PR;Norte;Colisão Lateral;1;3;;;;;1
26/08/2013;20:06:00;393;com vítima;283;BR-116/PR;Norte;Engavetamento;1;5;1;;;;1
26/08/2013;17:28:00;348;com vítima;487;BR-116/PR;Sul;Capotamento;1;0;4;;;;1
26/08/2013;06:46:00;120;sem vítima;509,6;BR-116/PR;Norte;Saida de Pista;1;1;;;;;1
26/08/2013;18:20:00;362;com vítima;568,1;BR-116/PR;Sul;Saida de Pista;1;1;1;;;;1
27/08/2013;22:20:00;451;sem vítima;16,5;BR-116/CW;Norte;Engavetamento;1;3;;;;;1
27/08/2013;05:18:00;130;sem vítima;339,8;BR-116/PR;Sul;Colisão Lateral;1;5;;;;;1
27/08/2013;12:13:00;278;sem vítima;351;BR-116/PR;Sul;Engavetamento;2;7;;;;;1
27/08/2013;08:54:00;201;sem vítima;356,5;BR-116/PR;Sul;Colisão Traseira;2;2;;;;;1
27/08/2013;07:25:00;157;sem vítima;514,1;BR-116/PR;Sul;Colisão Lateral;2;2;;;;;1
27/08/2013;05:19:00;131;sem vítima;525;BR-116/PR;Norte;Saida de Pista;1;2;;;;;1
27/08/2013;06:12:00;134;sem vítima;525;BR-116/PR;Norte;Colisão Traseira;2;2;;;;;1
27/08/2013;12:52:00;296;com vítima;545,5;BR-116/PR;Norte;Tombamento;1;0;2;;;;1
28/08/2013;14:35:00;334;com vítima;43,5;BR-116/PR;Sul;Colisão Lateral;1;1;;1;;;2
28/08/2013;17:05:00;389;sem vítima;57;BR-116/PR;Norte;Colisão Traseira;2;2;;;;;1
28/08/2013;01:34:00;63;sem vítima;57,6;BR-116/PR;Norte;Saida de Pista;1;1;;;;;1
28/08/2013;23:39:00;503;sem vítima;407,7;BR-116/PR;Norte;Tombamento;1;3;;;;;1
29/08/2013;13:43:00;293;sem vítima;290,2;BR-116/PR;Sul;Colisão Traseira;1;3;;;;;1
29/08/2013;13:10:00;282;sem vítima;303;BR-116/PR;Sul;Objeto lançado contra veículo;2;2;;;;;1
29/08/2013;22:52:00;484;sem vítima;371;BR-116/PR;Norte;Colisão Lateral;2;2;;;;;1
29/08/2013;01:54:00;46;com vítima;526,8;BR-116/PR;Norte;Tombamento;1;0;1;;;;1
30/08/2013;06:07:00;134;com vítima;354,3;BR-116/PR;Norte;Colisão Frontal;3;2;;1;;;2
30/08/2013;04:54:00;123;sem vítima;446,6;BR-116/PR;Sul;Tombamento;1;2;;;;;1
30/08/2013;08:39:00;180;sem vítima;457,6;BR-116/PR;Sul;Colisão Traseira;1;2;;;;;1
30/08/2013;10:09:00;218;com vítima;503,3;BR-116/PR;Sul;Tombamento;1;0;;2;;;2
30/08/2013;08:00:00;167;sem vítima;512,7;BR-116/PR;Norte;Tombamento;1;1;;;;;1
31/08/2013;14:40:00;325;com vítima;550,5;BR-116/PR;Norte;Tombamento;1;2;1;;;;1
02/09/2013;16:56:00;370;sem vítima;298,5;BR-116/PR;Sul;Colisão Traseira;2;2;;;;;1
02/09/2013;13:19:00;284;com vítima;362,7;BR-116/PR;Sul;Colisão Traseira;1;1;;1;;;2
02/09/2013;09:00:00;198;com vítima;426;BR-116/PR;Norte;Colisão Lateral;1;1;1;;;;1
02/09/2013;09:31:00;213;sem vítima;445,5;BR-116/PR;Norte;Colisão Traseira;1;5;;;;;1
02/09/2013;18:29:00;407;sem vítima;543;BR-116/PR;Sul;Colisão Traseira;2;2;;;;;1
03/09/2013;12:37:00;344;sem vítima;282;BR-116/PR;Norte;Colisão Traseira;2;3;;;;;1
03/09/2013;12:33:00;343;sem vítima;290;BR-116/PR;Sul;Outros;1;2;;;;;1
04/09/2013;07:32:00;155;com vítima;32,6;BR-116/PR;Norte;Tombamento;1;0;1;;;;1
04/09/2013;02:18:00;80;sem vítima;322,3;BR-116/PR;Norte;Tombamento;1;1;;;;;1
04/09/2013;14:17:00;263;sem vítima;341,9;BR-116/PR;Sul;Tombamento;1;1;;;;;1
04/09/2013;06:01:00;134;sem vítima;437;BR-116/PR;Norte;Colisão Traseira;2;2;;;;;1
04/09/2013;02:35:00;86;com vítima;457,7;BR-116/PR;Sul;Tombamento;1;0;1;;;;1
04/09/2013;19:22:00;359;com vítima;468,9;BR-116/PR;Sul;Tombamento;1;3;2;;;;1
04/09/2013;07:23:00;146;com vítima;513,8;BR-116/PR;Norte;Tombamento;1;0;1;;;1;3
05/09/2013;05:24:00;116;com vítima;17,5;BR-116/CW;Sul;Tombamento;1;0;1;;;;1
05/09/2013;09:19:00;201;sem vítima;278,8;BR-116/PR;Norte;Colisão Traseira;2;2;;;;;1
05/09/2013;04:08:00;95;sem vítima;331;BR-116/PR;Norte;Choque - Defensa, barreira ou  submarino ;1;1;;;;;1
05/09/2013;16:27:00;326;sem vítima;338,8;BR-116/PR;Sul;Colisão Traseira;2;2;;;;;1
05/09/2013;06:47:00;136;sem vítima;344,5;BR-116/PR;Sul;Colisão Traseira;1;11;;;;;1
05/09/2013;06:17:00;129;sem vítima;426;BR-116/PR;Norte;Colisão Traseira;2;2;;;;;1
05/09/2013;17:58:00;358;sem vítima;445,7;BR-116/PR;Sul;Colisão Traseira;1;3;;;;;1
05/09/2013;06:27:00;130;sem vítima;462,9;BR-116/PR;Sul;Tombamento;1;1;;;;;1
05/09/2013;10:56:00;231;com vítima;545,2;BR-116/PR;Norte;Tombamento;1;0;1;;;;1
05/09/2013;08:26:00;180;com vítima;545,4;BR-116/PR;Sul;Capotamento;1;1;1;;;;1
05/09/2013;00:18:00;31;com vítima;567,2;BR-116/PR;Sul;Choque - Defensa, barreira ou  submarino ;1;0;;;;1;3
06/09/2013;21:44:00;437;sem vítima;57,2;BR-116/PR;Sul;Colisão Traseira;1;2;;;;;1
06/09/2013;09:09:00;172;sem vítima;270,95;BR-116/PR;Norte;Colisão Traseira;1;6;;;;;1
06/09/2013;12:06:00;242;sem vítima;289,3;BR-116/PR;Sul;Colisão Traseira;1;3;;;;;1
06/09/2013;05:15:00;93;com vítima;333,4;BR-116/PR;Sul;Tombamento;1;1;1;;;;1
06/09/2013;23:53:00;479;com vítima;444,3;BR-116/PR;Norte;Colisão Traseira;1;1;1;;;;1
06/09/2013;23:23:00;470;sem vítima;568;BR-116/PR;Sul;Choque - Talude;1;1;;;;;1
07/09/2013;09:26:00;177;sem vítima;23,7;BR-116/PR;Sul;Colisão Traseira;1;4;;;;;1
07/09/2013;01:45:00;40;sem vítima;323,5;BR-116/PR;Sul;Colisão Traseira;2;3;;;;;1
07/09/2013;17:17:00;335;sem vítima;418;BR-116/PR;Sul;Colisão Traseira;2;3;;;;;1
07/09/2013;10:46:00;209;com vítima;468,1;BR-116/PR;Norte;Colisão Traseira;2;1;1;;;;1
07/09/2013;19:48:00;387;sem vítima;513,8;BR-116/PR;Norte;Tombamento;1;1;;;;;1
08/09/2013;14:06:00;306;sem vítima;1,5;BR-116/PR;Sul;Tombamento;1;1;;;;;1
09/09/2013;07:32:00;167;sem vítima;276;BR-116/PR;Norte;Colisão Lateral;1;2;;;;;1
09/09/2013;17:21:00;383;sem vítima;348;BR-116/PR;Sul;Colisão Lateral;1;8;;;;;1
09/09/2013;03:45:00;110;sem vítima;353,8;BR-116/PR;Norte;Saida de Pista;1;1;;;;;1
09/09/2013;22:22:00;472;sem vítima;426,5;BR-116/PR;Norte;Colisão Lateral;2;2;;;;;1
09/09/2013;08:11:00;179;com vítima;513,4;BR-116/PR;Norte;Tombamento;1;1;1;;;;1
10/09/2013;02:56:00;108;sem vítima;393,1;BR-116/PR;Norte;Tombamento;2;2;;;;;1
10/09/2013;07:01:00;160;sem vítima;426,6;BR-116/PR;Norte;Colisão Traseira;1;2;;;;;1
10/09/2013;17:40:00;399;sem vítima;426,6;BR-116/PR;Norte;Colisão Traseira;1;2;;;;;1
10/09/2013;06:46:00;150;sem vítima;457,7;BR-116/PR;Sul;Saida de Pista;1;1;;;;;1
10/09/2013;17:40:00;397;sem vítima;485,7;BR-116/PR;Norte;Colisão Traseira;2;2;;;;;1
11/09/2013;05:47:00;130;sem vítima;17,5;BR-116/PR;Sul;Tombamento;1;1;;;;;1
11/09/2013;15:05:00;324;sem vítima;40;BR-116/PR;Norte;Saida de Pista;1;2;;;;;1
11/09/2013;12:14:00;283;sem vítima;331,7;BR-116/PR;Norte;Engavetamento;1;4;;;;;1
11/09/2013;14:51:00;322;sem vítima;399,4;BR-116/PR;Sul;Colisão Lateral;2;2;;;;;1
11/09/2013;03:40:00;94;sem vítima;442,4;BR-116/PR;Sul;Colisão Traseira;1;3;;;;;1
12/09/2013;01:54:00;64;com vítima;301,8;BR-116/PR;Sul;Capotamento;1;0;;;;1;3
12/09/2013;16:35:00;369;sem vítima;303;BR-116/PR;Sul;Saida de Pista;1;3;;;;;1
12/09/2013;07:34:00;160;sem vítima;304;BR-116/PR;Norte;Colisão Traseira;1;2;;;;;1
12/09/2013;08:22:00;186;sem vítima;426,6;BR-116/PR;Norte;Colisão Traseira;2;2;;;;;1
12/09/2013;07:44:00;168;sem vítima;473,3;BR-116/PR;Norte;Tombamento;1;1;;;;;1
12/09/2013;12:35:00;279;sem vítima;485,7;BR-116/PR;Sul;Colisão Traseira;1;2;;;;;1
13/09/2013;14:47:00;376;sem vítima;18;BR-116/CW;Norte;Colisão Lateral;1;2;;;;;1
13/09/2013;15:03:00;384;sem vítima;269,6;BR-116/PR;Sul;Colisão Lateral;1;2;;;;;1
13/09/2013;18:27:00;478;sem vítima;324,4;BR-116/PR;Sul;Capotamento;1;3;;;;;1
13/09/2013;13:23:00;347;sem vítima;346,5;BR-116/PR;Norte;Colisão Transversal;1;2;;;;;1
13/09/2013;12:42:00;329;sem vítima;370,4;BR-116/PR;Sul;Colisão Traseira;1;2;;;;;1
13/09/2013;20:36:00;526;com vítima;474,5;BR-116/PR;Sul;Saida de Pista;1;0;1;;;;1
13/09/2013;06:32:00;171;com vítima;564,3;BR-116/PR;Sul;Tombamento;1;0;1;;;;1
14/09/2013;00:50:00;25;sem vítima;9,8;BR-116/PR;Sul;Tombamento;1;1;;;;;1
14/09/2013;05:14:00;96;sem vítima;18,2;BR-116/PR;Sul;Colisão Traseira;2;2;;;;;1
14/09/2013;18:15:00;377;sem vítima;343,8;BR-116/PR;Sul;Colisão Lateral;1;2;;;;;1
14/09/2013;04:55:00;93;sem vítima;457,1;BR-116/PR;Sul;Colisão Lateral;1;2;;;;;1
14/09/2013;03:52:00;83;com vítima;457,2;BR-116/PR;Sul;Colisão Lateral;1;1;3;;;;1
15/09/2013;10:28:00;194;sem vítima;1;BR-116/CW;Norte;Colisão Traseira;1;2;;;;;1
15/09/2013;18:07:00;380;sem vítima;47,5;BR-116/PR;Norte;Saida de Pista;1;1;;;;;1
15/09/2013;17:32:00;362;com vítima;47,7;BR-116/PR;Sul;Colisão Lateral;1;1;2;1;;;2
15/09/2013;05:31:00;104;sem vítima;396,5;BR-116/PR;Norte;Tombamento;1;1;;;;;1
15/09/2013;21:16:00;452;com vítima;405,4;BR-116/PR;Norte;Colisão Traseira;2;1;1;;;;1
15/09/2013;03:38:00;82;sem vítima;441;BR-116/PR;Norte;Saida de Pista;1;2;;;;;1
15/09/2013;10:27:00;192;sem vítima;485;BR-116/PR;Sul;Choque - Outros;1;1;;;;;1
15/09/2013;20:36:00;441;com vítima;513,6;BR-116/PR;Norte;Engavetamento;6;9;1;;;;1
16/09/2013;13:09:00;279;sem vítima;33,3;BR-116/PR;Norte;Tombamento;1;1;;;;;1
16/09/2013;08:53:00;193;sem vítima;57,7;BR-116/PR;Norte;Tombamento;1;1;;;;;1
16/09/2013;08:43:00;189;com vítima;550,5;BR-116/PR;Sul;Tombamento;1;0;1;;;;1
17/09/2013;07:30:00;170;sem vítima;442,2;BR-116/PR;Sul;Saida de Pista;2;2;;;;;1
17/09/2013;09:56:00;232;sem vítima;470,5;BR-116/PR;Sul;Saida de Pista;1;1;;;;;1
17/09/2013;15:43:00;330;sem vítima;542,9;BR-116/PR;Norte;Colisão Lateral;2;2;;;;;1
17/09/2013;06:41:00;161;sem vítima;554;BR-116/PR;Sul;Saida de Pista;1;3;;;;;1
17/09/2013;09:20:00;221;com vítima;561,7;BR-116/PR;Sul;Choque - Talude;2;2;1;;;;1
17/09/2013;16:27:00;345;sem vítima;565,7;BR-116/PR;Sul;Tombamento;1;2;;;;;1
18/09/2013;06:21:00;119;sem vítima;21,7;BR-116/PR;Norte;Colisão Traseira;2;2;;;;;1
18/09/2013;11:03:00;235;sem vítima;344;BR-116/PR;Norte;Colisão Traseira;2;2;;;;;1
18/09/2013;23:45:00;463;sem vítima;375,8;BR-116/PR;Sul;Choque - Defensa, barreira ou  submarino ;1;2;;;;;1
18/09/2013;16:32:00;338;com vítima;377;BR-116/PR;Norte;Colisão Lateral;1;2;1;;;;1
18/09/2013;00:26:00;19;sem vítima;415,5;BR-116/PR;Sul;Choque - Talude;1;1;;;;;1
18/09/2013;23:14:00;455;sem vítima;459,8;BR-116/PR;Sul;Saida de Pista;1;1;;;;;1
18/09/2013;00:19:00;12;sem vítima;542,9;BR-116/PR;Sul;Colisão Traseira;2;2;;;;;1
18/09/2013;16:05:00;327;sem vítima;567;BR-116/PR;Sul;Saida de Pista;1;1;;;;;1
19/09/2013;22:00:00;458;sem vítima;300,1;BR-116/PR;Norte;Colisão Lateral;2;2;;;;;1
19/09/2013;22:56:00;471;sem vítima;398,8;BR-116/PR;Sul;Saida de Pista;1;1;;;;;1
19/09/2013;11:48:00;223;sem vítima;427,8;BR-116/PR;Norte;Saida de Pista;1;1;;;;;1
19/09/2013;00:24:00;15;com vítima;474,7;BR-116/PR;Norte;Choque - Veiculo parado na pista;1;1;1;;;;1
19/09/2013;02:58:00;64;com vítima;480,5;BR-116/PR;Norte;Colisão Traseira;2;4;1;;;1;3
19/09/2013;03:41:00;75;com vítima;482,5;BR-116/PR;Norte;Colisão Traseira;2;1;1;;;;1
19/09/2013;00:38:00;24;sem vítima;550;BR-116/PR;Sul;Engavetamento;2;4;;;;;1
20/09/2013;09:27:00;244;sem vítima;50,2;BR-116/PR;Norte;Tombamento;1;1;;;;;1
20/09/2013;09:34:00;248;sem vítima;50,9;BR-116/PR;Norte;Colisão Traseira;1;3;;;;;1
20/09/2013;02:54:00;93;sem vítima;480,1;BR-116/PR;Norte;Tombamento;1;1;;;;;1
21/09/2013;21:55:00;484;sem vítima;31,8;BR-116/PR;Norte;Colisão Traseira;1;2;;;;;1
21/09/2013;18:48:00;448;sem vítima;57,2;BR-116/PR;Norte;Colisão Lateral;1;2;;;;;1
21/09/2013;12:25:00;293;sem vítima;293,4;BR-116/PR;Norte;Colisão Traseira;1;2;;;;;1
21/09/2013;12:02:00;282;sem vítima;341,9;BR-116/PR;Sul;Colisão Traseira;2;2;;;;;1
21/09/2013;05:10:00;123;sem vítima;353,7;BR-116/PR;Norte;Capotamento;1;3;;;;;1
21/09/2013;02:01:00;69;com vítima;357,4;BR-116/PR;Norte;Tombamento;1;0;1;;;;1
21/09/2013;23:02:00;500;sem vítima;393;BR-116/PR;Norte;Tombamento;1;2;;;;;1
21/09/2013;10:43:00;246;com vítima;550,2;BR-116/PR;Norte;Tombamento;1;0;1;;;;1
22/09/2013;13:00:00;229;com vítima;32,4;BR-116/PR;Norte;Tombamento;1;0;1;;;;1
22/09/2013;21:37:00;402;sem vítima;47,9;BR-116/PR;Norte;Colisão Traseira;1;2;;;;;1
22/09/2013;09:15:00;149;sem vítima;488;BR-116/PR;Norte;Choque - Veiculo parado na pista;1;2;;;;;1
22/09/2013;16:18:00;290;sem vítima;560,9;BR-116/PR;Sul;Saida de Pista;1;2;;;;;1
23/09/2013;10:00:00;162;sem vítima;291,3;BR-116/PR;Norte;Colisão Lateral;2;2;;;;;1
23/09/2013;18:22:00;329;sem vítima;485,7;BR-116/PR;Norte;Colisão Traseira;2;2;;;;;1
23/09/2013;02:50:00;54;sem vítima;514;BR-116/PR;Norte;Tombamento;1;1;;;;;1
23/09/2013;13:19:00;226;sem vítima;569;BR-116/PR;Norte;Colisão Traseira;1;6;;;;;1
24/09/2013;08:13:00;179;sem vítima;57,2;BR-116/PR;Sul;Colisão Traseira;2;3;;;;;1
24/09/2013;10:25:00;230;com vítima;271;BR-116/PR;Norte;Colisão Traseira;1;2;1;;;;1
24/09/2013;01:46:00;54;sem vítima;339;BR-116/PR;Sul;Colisão Traseira;2;3;;;;;1
24/09/2013;22:03:00;430;sem vítima;399,5;BR-116/PR;Sul;Colisão Traseira;2;2;;;;;1
24/09/2013;17:17:00;350;sem vítima;544,4;BR-116/PR;Sul;Tombamento;1;1;;;;;1
25/09/2013;15:24:00;334;sem vítima;13,2;BR-116/CW;Sul;Colisão Traseira;1;5;;;;;1