data;horario;n_da_ocorrencia;tipo_de_ocorrencia;km;trecho;sentido;tipo_de_acidente;caminhao;ilesos;levemente_feridos;moderadamente_feridos;gravemente_feridos;mortos;3
25/09/2013;10:05:00;225;sem vítima;327,5;BR-116/PR;Sul;Saida de Pista;1;1;;;;;1
25/09/2013;08:51:00;194;com vítima;387,7;BR-116/PR;Norte;Engavetamento;3;3;1;;;;1
25/09/2013;11:46:00;261;com vítima;417;BR-116/PR;Norte;Capotamento;1;3;2;;;;1
25/09/2013;18:05:00;393;sem vítima;424,2;BR-116/PR;Norte;Saida de Pista;1;2;;;;;1
25/09/2013;03:28:00;101;com vítima;432,3;BR-116/PR;Norte;Tombamento;1;1;1;;;;1
26/09/2013;06:33:00;132;com vítima;285;BR-116/PR;Norte;Colisão Lateral;1;1;1;;;;1
26/09/2013;15:03:00;306;com vítima;287,8;BR-116/PR;Norte;Colisão Traseira;1;1;;1;;;2
26/09/2013;16:51:00;354;com vítima;290;BR-116/PR;Sul;Colisão Lateral;1;1;;1;;;2
26/09/2013;09:26:00;200;sem vítima;344,15;BR-116/PR;Norte;Colisão Traseira;2;2;;;;;1
26/09/2013;04:01:00;98;sem vítima;349,6;BR-116/PR;Norte;Saida de Pista;1;2;;;;;1
26/09/2013;05:49:00;124;sem vítima;410,6;BR-116/PR;Norte;Saida de Pista;1;1;;;;;1
26/09/2013;15:49:00;325;sem vítima;460,5;BR-116/PR;Sul;Colisão Lateral;2;2;;;;;1
26/09/2013;04:42:00;115;com vítima;558,7;BR-116/PR;Sul;Colisão Traseira;1;20;3;2;;;2
27/09/2013;07:04:00;162;sem vítima;10,6;BR-116/CW;Sul;Colisão Traseira;1;2;;;;;1
27/09/2013;15:37:00;369;sem vítima;67;BR-116/PR;Sul;Colisão Lateral;1;4;;;;;1
27/09/2013;15:05:00;354;sem vítima;70,5;BR-116/PR;Norte;Colisão Traseira;2;3;;;;;1
27/09/2013;07:50:00;181;sem vítima;421,4;BR-116/PR;Norte;Saida de Pista;1;2;;;;;1
27/09/2013;08:17:00;192;sem vítima;547,3;BR-116/PR;Norte;Saida de Pista;1;1;;;;;1
28/09/2013;10:57:00;226;sem vítima;27,6;BR-116/PR;Norte;Tombamento;1;1;;;;;1
28/09/2013;05:13:00;87;sem vítima;65,9;BR-116/PR;Sul;Choque - Objeto sobre a pista;3;4;;;;;1
28/09/2013;23:07:00;439;com vítima;282,9;BR-116/PR;Sul;Colisão Traseira;1;7;3;;;;1
28/09/2013;16:20:00;332;com vítima;362,3;BR-116/PR;Sul;Colisão Frontal;1;3;1;;;;1
28/09/2013;03:44:00;72;sem vítima;403,2;BR-116/PR;Norte;Saida de Pista;1;2;;;;;1
28/09/2013;06:40:00;103;sem vítima;461,1;BR-116/PR;Norte;Colisão Lateral;1;2;;;;;1
28/09/2013;14:55:00;309;sem vítima;489,5;BR-116/PR;Sul;Colisão Transversal;1;3;;;;;1
28/09/2013;18:57:00;378;sem vítima;550;BR-116/PR;Sul;Colisão Lateral;1;3;;;;;1
29/09/2013;11:05:00;202;com vítima;272,5;BR-116/PR;Norte;Colisão Transversal;1;1;1;;;;1
29/09/2013;12:01:00;228;com vítima;310,5;BR-116/PR;Norte;Tombamento;1;0;1;;;;1
29/09/2013;01:28:00;50;sem vítima;318;BR-116/PR;Sul;Colisão Traseira;2;2;;;;;1
29/09/2013;22:29:00;440;sem vítima;351,9;BR-116/PR;Sul;Colisão Lateral;1;2;;;;;1
29/09/2013;14:30:00;273;sem vítima;421,5;BR-116/PR;Norte;Colisão Traseira;3;3;;;;;1
29/09/2013;10:47:00;195;com vítima;440,6;BR-116/PR;Norte;Colisão Traseira;2;1;1;;;;1
29/09/2013;23:10:00;454;sem vítima;463;BR-116/PR;Norte;Engavetamento;2;5;;;;;1
29/09/2013;08:03:00;132;sem vítima;503,4;BR-116/PR;Sul;Colisão Lateral;2;2;;;;;1
30/09/2013;22:50:00;430;sem vítima;2,6;BR-116/PR;Sul;Colisão Traseira;1;2;;;;;1
30/09/2013;09:21:00;189;sem vítima;33,1;BR-116/PR;Norte;Choque - Defensa, barreira ou  submarino ;1;1;;;;;1
30/09/2013;23:41:00;441;com vítima;69,4;BR-116/PR;Sul;Tombamento;1;1;1;;;;1
30/09/2013;18:09:00;373;sem vítima;280;BR-116/PR;Sul;Colisão Lateral;2;2;;;;;1
30/09/2013;15:12:00;298;com vítima;289;BR-116/PR;Norte;Colisão Lateral;1;2;1;;;;1
30/09/2013;16:01:00;322;com vítima;309,5;BR-116/PR;Sul;Colisão Lateral;1;1;1;;;;1
30/09/2013;16:05:00;324;com vítima;330;BR-116/PR;Norte;Saida de Pista;1;0;;1;;;2
30/09/2013;23:25:00;437;sem vítima;485,6;BR-116/PR;Norte;Colisão Traseira;2;3;;;;;1
01/10/2013;05:04:00;131;sem vítima;301,2;BR-116/PR;Norte;Colisão Traseira;2;2;;;;;1
01/10/2013;18:49:00;451;sem vítima;333;BR-116/PR;Sul;Colisão Traseira;2;2;;;;;1
01/10/2013;10:03:00;258;com vítima;363,7;BR-116/PR;Norte;Tombamento;1;0;;;1;;2
01/10/2013;10:22:00;265;sem vítima;389;BR-116/PR;Sul;Colisão Traseira;1;20;;;;;1
01/10/2013;23:55:00;527;sem vítima;519,9;BR-116/PR;Norte;Tombamento;2;2;;;;;1
02/10/2013;15:31:00;362;sem vítima;8,5;BR-116/PR;Sul;Saida de Pista;1;1;;;;;1
02/10/2013;03:31:00;88;sem vítima;275,2;BR-116/PR;Sul;Colisão Traseira;1;2;;;;;1
02/10/2013;13:55:00;322;sem vítima;293;BR-116/PR;Norte;Saida de Pista;1;3;;;;;1
02/10/2013;17:38:00;407;sem vítima;336,5;BR-116/PR;Sul;Colisão Traseira;1;4;;;;;1
02/10/2013;19:03:00;436;sem vítima;348,7;BR-116/PR;Norte;Colisão Traseira;3;3;;;;;1
02/10/2013;04:50:00;125;sem vítima;392,7;BR-116/PR;Sul;Saida de Pista;1;1;;;;;1
02/10/2013;04:20:00;113;com vítima;433;BR-116/PR;Norte;Tombamento;1;0;1;;;;1
02/10/2013;05:10:00;132;sem vítima;449,3;BR-116/PR;Norte;Colisão Traseira;1;3;;;;;1
02/10/2013;07:03:00;169;sem vítima;498,5;BR-116/PR;Sul;Saida de Pista;1;1;;;;;1
02/10/2013;00:14:00;17;sem vítima;536,6;BR-116/PR;Norte;Tombamento;1;2;;;;;1
03/10/2013;23:20:00;458;sem vítima;44,5;BR-116/PR;Norte;Colisão Traseira;2;2;;;;;1
03/10/2013;22:39:00;449;sem vítima;47,8;BR-116/PR;Norte;Colisão Traseira;2;2;;;;;1
03/10/2013;06:25:00;138;sem vítima;298,8;BR-116/PR;Norte;Colisão Lateral;2;2;;;;;1
03/10/2013;16:31:00;348;sem vítima;339;BR-116/PR;Sul;Tombamento;1;1;;;;;1
03/10/2013;10:16:00;228;com vítima;389;BR-116/PR;Sul;Colisão Traseira;1;1;;;;1;3
03/10/2013;04:40:00;115;com vítima;418,6;BR-116/PR;Sul;Tombamento;1;0;;;;1;3
03/10/2013;19:06:00;392;com vítima;437,5;BR-116/PR;Norte;Colisão Traseira;2;1;;1;;;2
03/10/2013;08:29:00;188;sem vítima;545,6;BR-116/PR;Sul;Saida de Pista;1;2;;;;;1
05/10/2013;07:20:00;132;com vítima;347,3;BR-116/PR;Norte;Colisão Frontal;3;1;;2;1;;2
05/10/2013;03:27:00;67;com vítima;459,8;BR-116/PR;Sul;Tombamento;1;0;2;;;;1
05/10/2013;00:53:00;19;sem vítima;511,1;BR-116/PR;Sul;Tombamento;1;1;;;;;1
05/10/2013;07:47:00;140;com vítima;513,5;BR-116/PR;Norte;Tombamento;1;0;;2;;;2
06/10/2013;08:37:00;202;sem vítima;510,2;BR-116/PR;Sul;Colisão Lateral;2;4;;;;;1
06/10/2013;06:09:00;151;com vítima;561;BR-116/PR;Sul;Tombamento;1;0;1;;;;1
06/10/2013;21:41:00;462;sem vítima;568;BR-116/PR;Norte;Colisão Traseira;1;2;;;;;1
07/10/2013;21:47:00;418;sem vítima;50,4;BR-116/PR;Norte;Tombamento;1;1;;;;;1
07/10/2013;16:41:00;333;sem vítima;282,3;BR-116/PR;Norte;Colisão Traseira;1;2;;;;;1
07/10/2013;09:24:00;190;sem vítima;323,2;BR-116/PR;Sul;Colisão Traseira;2;4;;;;;1
07/10/2013;10:52:00;228;sem vítima;326;BR-116/PR;Norte;Colisão Lateral;2;4;;;;;1
07/10/2013;10:21:00;215;com vítima;389;BR-116/PR;Sul;Tombamento;1;1;1;;;;1
07/10/2013;16:35:00;330;sem vítima;423,6;BR-116/PR;Norte;Saida de Pista;1;2;;;;;1
07/10/2013;07:10:00;138;com vítima;434,3;BR-116/PR;Norte;Colisão Traseira;1;1;;1;;4;3
07/10/2013;00:07:00;5;sem vítima;511,5;BR-116/PR;Sul;Tombamento;1;1;;;;;1
08/10/2013;01:46:00;56;sem vítima;447;BR-116/PR;Sul;Saida de Pista;1;1;;;;;1
08/10/2013;21:32:00;511;sem vítima;508,5;BR-116/PR;Sul;Tombamento;1;1;;;;;1
09/10/2013;18:32:00;433;sem vítima;287,7;BR-116/PR;Norte;Colisão Lateral;1;2;;;;;1
09/10/2013;14:43:00;336;sem vítima;339;BR-116/PR;Sul;Saida de Pista;1;1;;;;;1
09/10/2013;07:35:00;168;com vítima;396,4;BR-116/PR;Sul;Colisão Traseira;2;1;1;;;;1
09/10/2013;17:28:00;410;sem vítima;468,7;BR-116/PR;Sul;Colisão Traseira;1;4;;;;;1
10/10/2013;01:07:00;53;sem vítima;57,7;BR-116/PR;Norte;Saida de Pista;1;1;;;;;1
10/10/2013;07:36:00;183;com vítima;279,3;BR-116/PR;Sul;Engavetamento;1;2;1;;;;1
10/10/2013;02:27:00;84;com vítima;305,9;BR-116/PR;Norte;Colisão Traseira;2;2;;1;;;2
10/10/2013;09:07:00;218;com vítima;363,7;BR-116/PR;Norte;Tombamento;1;0;1;;;;1
10/10/2013;15:46:00;382;sem vítima;364;BR-116/PR;Norte;Colisão Lateral;1;2;;;;;1
10/10/2013;07:01:00;167;sem vítima;478,4;BR-116/PR;Sul;Saida de Pista;1;1;;;;;1
10/10/2013;05:26:00;147;sem vítima;511;BR-116/PR;Sul;Tombamento;1;1;;;;;1
11/10/2013;03:26:00;88;sem vítima;301,5;BR-116/PR;Sul;Capotamento;1;3;;;;;1
11/10/2013;13:14:00;345;sem vítima;330,7;BR-116/PR;Sul;Colisão Traseira;2;2;;;;;1
11/10/2013;17:08:00;448;sem vítima;343,9;BR-116/PR;Sul;Colisão Traseira;2;2;;;;;1
11/10/2013;19:07:00;500;com vítima;362;BR-116/PR;Norte;Atropelamento - Morador;1;1;;;1;;2
11/10/2013;07:54:00;205;com vítima;362,5;BR-116/PR;Sul;Colisão Frontal;3;1;1;2;;;2
11/10/2013;02:05:00;67;sem vítima;370,4;BR-116/PR;Sul;Colisão Traseira;2;2;;;;;1
11/10/2013;04:48:00;117;sem vítima;414,95;BR-116/PR;Norte;Saida de Pista;1;3;;;;;1
11/10/2013;12:50:00;338;sem vítima;426,6;BR-116/PR;Sul;Colisão Traseira;2;4;;;;;1
11/10/2013;20:31:00;534;sem vítima;567;BR-116/PR;Sul;Choque - Defensa, barreira ou  submarino ;1;2;;;;;1
12/10/2013;15:41:00;375;sem vítima;30,7;BR-116/PR;Norte;Colisão Lateral;2;2;;;;;1
12/10/2013;07:12:00;164;sem vítima;33;BR-116/PR;Norte;Tombamento;1;2;;;;;1
12/10/2013;18:30:00;445;sem vítima;322,9;BR-116/PR;Norte;Colisão Traseira;1;4;;;;;1
12/10/2013;03:24:00;100;sem vítima;360,4;BR-116/PR;Sul;Tombamento;1;1;;;;;1
12/10/2013;21:06:00;495;sem vítima;441,5;BR-116/PR;Sul;Colisão Traseira;1;2;;;;;1
12/10/2013;22:24:00;510;com vítima;517,9;BR-116/PR;Norte;Tombamento;1;0;1;;;;1
13/10/2013;15:52:00;342;sem vítima;334,5;BR-116/PR;Norte;Saida de Pista;1;2;;;;;1
13/10/2013;14:29:00;315;com vítima;491,5;BR-116/PR;Norte;Tombamento;1;0;3;;1;;2
14/10/2013;15:59:00;375;sem vítima;0,1;BR-116/PR;Sul;Colisão Lateral;1;2;;;;;1
14/10/2013;18:19:00;437;sem vítima;291,5;BR-116/PR;Sul;Colisão Lateral;1;3;;;;;1
14/10/2013;10:11:00;229;sem vítima;298,8;BR-116/PR;Norte;Colisão Traseira;1;3;;;;;1
14/10/2013;14:02:00;331;com vítima;305,95;BR-116/PR;Sul;Tombamento;1;1;1;;;;1
14/10/2013;19:34:00;460;sem vítima;370,4;BR-116/PR;Sul;Colisão Traseira;2;2;;;;;1
14/10/2013;00:10:00;3;com vítima;413;BR-116/PR;Sul;Tombamento;1;0;1;;;;1
14/10/2013;23:53:00;528;sem vítima;464,7;BR-116/PR;Norte;Colisão Traseira;2;2;;;;;1
15/10/2013;02:38:00;73;com vítima;66,5;BR-116/PR;Norte;Tombamento;1;0;1;;;;1
15/10/2013;20:09:00;480;sem vítima;317,5;BR-116/PR;Sul;Colisão Lateral;1;5;;;;;1
15/10/2013;22:05:00;516;sem vítima;329,8;BR-116/PR;Sul;Saida de Pista;1;1;;;;;1
15/10/2013;20:03:00;479;sem vítima;340,4;BR-116/PR;Sul;Choque - Veiculo parado na pista;2;2;;;;;1
15/10/2013;22:08:00;517;sem vítima;344,95;BR-116/PR;Sul;Colisão Traseira;1;2;;;;;1
15/10/2013;22:56:00;530;sem vítima;426,5;BR-116/PR;Norte;Colisão Traseira;1;3;;;;;1
15/10/2013;12:33:00;321;com vítima;513,5;BR-116/PR;Norte;Tombamento;1;0;1;;;;1
16/10/2013;20:11:00;392;sem vítima;17;BR-116/PR;Sul;Saida de Pista;1;1;;;;;1
16/10/2013;04:58:00;108;sem vítima;20,1;BR-116/PR;Sul;Saida de Pista;1;1;;;;;1
16/10/2013;18:03:00;359;sem vítima;28,1;BR-116/PR;Norte;Tombamento;1;1;;;;;1
16/10/2013;07:17:00;146;sem vítima;282;BR-116/PR;Norte;Colisão Traseira;1;3;;;;;1
16/10/2013;13:18:00;263;sem vítima;328;BR-116/PR;Norte;Choque - Defensa, barreira ou  submarino ;1;2;;;;;1
16/10/2013;02:43:00;54;sem vítima;351,2;BR-116/PR;Norte;Tombamento;1;1;;;;;1
16/10/2013;00:25:00;4;sem vítima;392,3;BR-116/PR;Norte;Colisão Traseira;2;4;;;;;1
16/10/2013;05:43:00;119;com vítima;405,35;BR-116/PR;Sul;Tombamento;1;1;1;;;;1
16/10/2013;17:49:00;349;sem vítima;406,5;BR-116/PR;Norte;Colisão Traseira;2;2;;;;;1
16/10/2013;21:15:00;411;com vítima;410;BR-116/PR;Norte;Tombamento;1;0;;1;;;2
16/10/2013;16:05:00;308;sem vítima;445;BR-116/PR;Sul;Colisão Traseira;1;2;;;;;1
16/10/2013;12:19:00;248;sem vítima;483,2;BR-116/PR;Norte;Saida de Pista;1;1;;;;;1
16/10/2013;12:50:00;255;sem vítima;545;BR-116/PR;Norte;Tombamento;2;2;;;;;1
16/10/2013;10:45:00;232;com vítima;561,8;BR-116/PR;Sul;Capotamento;2;5;;1;;;2
16/10/2013;18:45:00;371;sem vítima;568;BR-116/PR;Norte;Saida de Pista;1;2;;;;;1
17/10/2013;11:27:00;280;sem vítima;269,4;BR-116/PR;Sul;Colisão Traseira;1;2;;;;;1
17/10/2013;17:57:00;452;sem vítima;275,5;BR-116/PR;Norte;Colisão Lateral;1;2;;;;;1
17/10/2013;19:19:00;485;sem vítima;332,5;BR-116/PR;Sul;Colisão Lateral;1;4;;;;;1
17/10/2013;08:00:00;190;sem vítima;337;BR-116/PR;Norte;Colisão Traseira;2;2;;;;;1
17/10/2013;15:36:00;393;sem vítima;343,2;BR-116/PR;Sul;Choque - Cancela de Pedagio;1;2;;;;;1
17/10/2013;00:25:00;17;sem vítima;349,4;BR-116/PR;Norte;Colisão Traseira;2;4;;;;;1
17/10/2013;15:32:00;388;sem vítima;426,3;BR-116/PR;Sul;Colisão Lateral;1;4;;;;;1
17/10/2013;09:58:00;250;sem vítima;436,2;BR-116/PR;Norte;Colisão Traseira;2;2;;;;;1
17/10/2013;16:51:00;428;sem vítima;485,5;BR-116/PR;Norte;Choque - Outros;1;2;;;;;1
17/10/2013;05:46:00;133;sem vítima;542;BR-116/PR;Sul;Colisão Traseira;2;2;;;;;1
18/10/2013;04:26:00;101;sem vítima;31,5;BR-116/PR;Sul;Choque - Talude;1;1;;;;;1
18/10/2013;23:05:00;521;sem vítima;271,3;BR-116/PR;Norte;Colisão Traseira;1;2;;;;;1
18/10/2013;14:38:00;337;sem vítima;288,8;BR-116/PR;Norte;Colisão Lateral;1;3;;;;;1
18/10/2013;19:14:00;448;sem vítima;326;BR-116/PR;Sul;Choque - Veiculo parado na pista;2;2;;;;;1
18/10/2013;15:19:00;355;sem vítima;339,3;BR-116/PR;Sul;Colisão Traseira;3;8;;;;;1
18/10/2013;17:15:00;405;sem vítima;485,5;BR-116/PR;Norte;Choque - Talude;1;1;;;;;1
18/10/2013;00:25:00;16;sem vítima;515,8;BR-116/PR;Norte;Colisão Traseira;2;2;;;;;1
18/10/2013;21:05:00;488;com vítima;550,2;BR-116/PR;Sul;Engavetamento;2;3;1;;;;1
19/10/2013;09:55:00;235;com vítima;32,5;BR-116/PR;Norte;Tombamento;1;1;1;;;;1
19/10/2013;11:13:00;253;sem vítima;338,9;BR-116/PR;Sul;Colisão Traseira;2;2;;;;;1
19/10/2013;17:00:00;378;sem vítima;343,2;BR-116/PR;Sul;Tombamento;1;1;;;;;1
19/10/2013;11:19:00;255;sem vítima;520,9;BR-116/PR;Sul;Choque - Elemento de Drenagem;1;5;;;;;1
20/10/2013;10:24:00;197;sem vítima;23,95;BR-116/PR;Norte;Choque - Defensa, barreira ou  submarino ;1;1;;;;;1
20/10/2013;17:11:00;375;sem vítima;280,2;BR-116/PR;Norte;Colisão Traseira;1;2;;;;;1
20/10/2013;23:03:00;521;com vítima;285,8;BR-116/PR;Norte;Atropelamento - Andarilho;1;1;1;;;;1
20/10/2013;06:31:00;110;com vítima;301,9;BR-116/PR;Sul;Tombamento;1;0;;1;;;2
21/10/2013;08:17:00;196;sem vítima;10,1;BR-116/CW;Sul;Colisão Traseira;1;2;;;;;1
21/10/2013;20:09:00;495;sem vítima;17,1;BR-116/PR;Sul;Tombamento;1;1;;;;;1
21/10/2013;11:20:00;282;com vítima;23,95;BR-116/PR;Norte;Tombamento;1;0;1;;;;1
21/10/2013;15:27:00;371;sem vítima;281;BR-116/PR;Norte;Capotamento;1;4;;;;;1
21/10/2013;10:48:00;273;sem vítima;502,5;BR-116/PR;Norte;Saida de Pista;1;1;;;;;1
22/10/2013;14:26:00;331;sem vítima;282,2;BR-116/PR;Norte;Colisão Traseira;1;5;;;;;1
22/10/2013;07:28:00;165;sem vítima;497,2;BR-116/PR;Norte;Saida de Pista;1;2;;;;;1
22/10/2013;17:23:00;410;sem vítima;497,6;BR-116/PR;Norte;Tombamento;1;1;;;;;1
22/10/2013;23:14:00;498;sem vítima;566,2;BR-116/PR;Sul;Saida de Pista;1;1;;;;;1
23/10/2013;15:56:00;349;com vítima;24,6;BR-116/PR;Norte;Saida de Pista;1;0;2;;;;1
23/10/2013;05:24:00;116;com vítima;46,6;BR-116/PR;Sul;Saida de Pista;1;0;2;;;;1
23/10/2013;08:41:00;185;sem vítima;516;BR-116/PR;Sul;Tombamento;1;1;;;;;1
24/10/2013;22:17:00;474;sem vítima;19;BR-116/PR;Norte;Colisão Traseira;2;2;;;;;1
24/10/2013;12:58:00;305;com vítima;39;BR-116/PR;Sul;Tombamento;1;0;1;;;;1
24/10/2013;18:18:00;413;sem vítima;281,3;BR-116/PR;Norte;Colisão Lateral;1;2;;;;;1
24/10/2013;12:52:00;303;sem vítima;340,1;BR-116/PR;Sul;Colisão Traseira;1;3;;;;;1
24/10/2013;02:58:00;79;sem vítima;354;BR-116/PR;Sul;Colisão Traseira;1;2;;;;;1
24/10/2013;14:22:00;330;com vítima;411,95;BR-116/PR;Norte;Saida de Pista;1;0;1;;;;1
24/10/2013;16:07:00;360;sem vítima;436,7;BR-116/PR;Norte;Colisão Lateral;2;2;;;;;1
24/10/2013;04:38:00;109;sem vítima;511,5;BR-116/PR;Norte;Tombamento;1;2;;;;;1
24/10/2013;22:45:00;478;sem vítima;511,9;BR-116/PR;Norte;Colisão Traseira;2;2;;;;;1
24/10/2013;09:55:00;236;sem vítima;542,5;BR-116/PR;Norte;Tombamento;1;1;;;;;1
24/10/2013;20:55:00;461;com vítima;567,4;BR-116/PR;Sul;Saida de Pista;1;0;;1;;;2
25/10/2013;01:36:00;36;sem vítima;19;BR-116/PR;Norte;Colisão Traseira;2;2;;;;;1
25/10/2013;15:36:00;323;sem vítima;284;BR-116/PR;Norte;Colisão Traseira;1;3;;;;;1
25/10/2013;19:09:00;405;sem vítima;304,2;BR-116/PR;Norte;Saida de Pista;1;1;;;;;1
25/10/2013;23:59:00;474;com vítima;348,9;BR-116/PR;Norte;Colisão Traseira;1;1;;1;;;2
25/10/2013;13:17:00;272;sem vítima;390;BR-116/PR;Sul;Tombamento;1;1;;;;;1
25/10/2013;04:53:00;100;com vítima;398,8;BR-116/PR;Sul;Colisão Traseira;2;1;1;;;;1
25/10/2013;02:30:00;60;sem vítima;419;BR-116/PR;Sul;Saida de Pista;1;1;;;;;1
25/10/2013;18:23:00;389;sem vítima;436;BR-116/PR;Sul;Colisão Traseira;2;2;;;;;1
25/10/2013;22:40:00;451;com vítima;561,8;BR-116/PR;Sul;Colisão Lateral;1;1;1;;;;1
25/10/2013;06:15:00;120;sem vítima;567,8;BR-116/PR;Sul;Colisão Traseira;2;2;;;;;1
26/10/2013;18:26:00;365;sem vítima;5;BR-116/PR;Sul;Colisão Traseira;2;3;;;;;1
26/10/2013;19:18:00;378;sem vítima;298,8;BR-116/PR;Sul;Colisão Traseira;1;2;;;;;1
26/10/2013;02:20:00;76;sem vítima;333,6;BR-116/PR;Sul;Colisão Traseira;2;2;;;;;1
26/10/2013;19:56:00;391;sem vítima;353,2;BR-116/PR;Norte;Colisão Traseira;1;2;;;;;1
26/10/2013;21:53:00;421;sem vítima;357,5;BR-116/PR;Sul;Colisão Traseira;2;2;;;;;1
26/10/2013;08:48:00;157;sem vítima;400,6;BR-116/PR;Sul;Não Def;1;5;;;;;1
26/10/2013;10:50:00;194;com vítima;482,6;BR-116/PR;Sul;Colisão Traseira;1;2;1;;;;1
26/10/2013;08:28:00;151;sem vítima;486;BR-116/PR;Sul;Colisão Traseira;2;2;;;;;1
26/10/2013;08:49:00;158;sem vítima;540,5;BR-116/PR;Sul;Colisão Traseira;2;2;;;;;1
26/10/2013;03:10:00;86;com vítima;545,5;BR-116/PR;Sul;Engavetamento;14;15;2;;;;1
27/10/2013;07:04:00;128;com vítima;32,5;BR-116/PR;Norte;Tombamento;1;0;1;;;;1
27/10/2013;19:12:00;374;com vítima;287,6;BR-116/PR;Sul;Colisão Lateral;1;2;1;;;;1
27/10/2013;16:26:00;310;sem vítima;459,5;BR-116/PR;Sul;Tombamento;1;1;;;;;1
27/10/2013;17:48:00;340;sem vítima;459,5;BR-116/PR;Sul;Colisão Traseira;1;2;;;;;1
28/10/2013;15:47:00;338;sem vítima;41,8;BR-116/PR;Norte;Colisão Traseira;1;6;;;;;1
28/10/2013;17:24:00;373;com vítima;273,9;BR-116/PR;Norte;Tombamento;2;0;2;;;;1
29/10/2013;05:55:00;106;sem vítima;345,1;BR-116/PR;Sul;Colisão Traseira;2;2;;;;;1
29/10/2013;06:05:00;108;sem vítima;345,1;BR-116/PR;Norte;Colisão Frontal;1;3;;;;;1
29/10/2013;04:41:00;90;sem vítima;421,5;BR-116/PR;Norte;Colisão Lateral;1;3;;;;;1
30/10/2013;05:31:00;140;sem vítima;21,15;BR-116/PR;Sul;Tombamento;1;1;;;;;1
30/10/2013;00:30:00;28;sem vítima;274,2;BR-116/PR;Sul;Colisão Traseira;1;2;;;;;1
30/10/2013;18:55:00;416;com vítima;322,3;BR-116/PR;Norte;Colisão Traseira;1;1;;;1;;2
31/10/2013;06:52:00;122;com vítima;320,9;BR-116/PR;Norte;Colisão Traseira;2;1;1;;;;1
31/10/2013;23:23:00;484;sem vítima;339,2;BR-116/PR;Sul;Colisão Traseira;2;2;;;;;1
31/10/2013;06:47:00;118;sem vítima;344,8;BR-116/PR;Sul;Colisão Lateral;2;2;;;;;1
31/10/2013;07:24:00;132;sem vítima;396,2;BR-116/PR;Norte;Saida de Pista;1;1;;;;;1
31/10/2013;04:01:00;74;sem vítima;399,9;BR-116/PR;Norte;Saida de Pista;1;3;;;;;1
31/10/2013;10:32:00;232;com vítima;411,2;BR-116/PR;Norte;Colisão Traseira;1;1;1;;;;1
31/10/2013;05:15:00;95;sem vítima;458,7;BR-116/PR;Sul;Tombamento;1;1;;;;;1
31/10/2013;22:05:00;466;com vítima;498,9;BR-116/PR;Norte;Colisão Traseira;1;2;;1;;1;3
31/10/2013;21:46:00;461;sem vítima;536,8;BR-116/PR;Norte;Colisão Traseira;1;2;;;;;1
31/10/2013;12:10:00;269;sem vítima;562,8;BR-116/PR;Sul;Colisão Lateral;3;3;;;;;1
01/11/2013;16:04:00;324;com vítima;42;BR-116/PR;Sul;Colisão Traseira;1;1;1;;;;1
01/11/2013;12:50:00;269;sem vítima;305;BR-116/PR;Sul;Tombamento;1;1;;;;;1
01/11/2013;18:02:00;357;sem vítima;307,65;BR-116/PR;Sul;Tombamento;1;2;;;;;1
01/11/2013;12:00:00;256;com vítima;445;BR-116/PR;Sul;Colisão Lateral;1;1;;;1;;2
01/11/2013;13:36:00;277;sem vítima;459,8;BR-116/PR;Sul;Saida de Pista;1;1;;;;;1
01/11/2013;15:48:00;318;sem vítima;507,8;BR-116/PR;Norte;Capotamento;1;2;;;;;1
01/11/2013;20:16:00;398;com vítima;509,6;BR-116/PR;Sul;Tombamento;1;0;1;;;;1
01/11/2013;07:27:00;131;com vítima;510,4;BR-116/PR;Sul;Tombamento;1;0;;1;;;2
01/11/2013;11:13:00;242;com vítima;543,8;BR-116/PR;Sul;Colisão Lateral;1;3;1;;;;1
01/11/2013;12:02:00;257;sem vítima;543,9;BR-116/PR;Sul;Colisão Traseira;1;4;;;;;1
02/11/2013;17:27:00;372;com vítima;28,8;BR-116/PR;Norte;Tombamento;1;0;;;2;;2
02/11/2013;11:48:00;259;sem vítima;340;BR-116/PR;Sul;Saida de Pista;1;3;;;;;1
02/11/2013;18:48:00;405;com vítima;348;BR-116/PR;Sul;Colisão Lateral;1;1;1;;;;1
02/11/2013;16:10:00;336;com vítima;366,3;BR-116/PR;Sul;Atropelamento - Morador;1;1;;;1;;2
02/11/2013;02:30:00;67;sem vítima;375,3;BR-116/PR;Sul;Saida de Pista;1;1;;;;;1
02/11/2013;15:06:00;318;com vítima;427,1;BR-116/PR;Norte;Colisão Traseira;2;1;1;;;;1
02/11/2013;07:54:00;150;sem vítima;533;BR-116/PR;Sul;Saida de Pista;1;8;;;;;1
02/11/2013;05:57:00;121;com vítima;544,7;BR-116/PR;Norte;Tombamento;1;2;;1;;;2
02/11/2013;23:02:00;458;com vítima;568,5;BR-116/PR;Sul;Tombamento;1;0;2;;;;1
03/11/2013;03:01:00;61;sem vítima;51;BR-116/PR;Sul;Choque - Defensa, barreira ou  submarino ;1;1;;;;;1
03/11/2013;20:02:00;419;sem vítima;52;BR-116/PR;Sul;Saida de Pista;1;1;;;;;1
03/11/2013;08:25:00;139;sem vítima;339;BR-116/PR;Norte;Saida de Pista;1;4;;;;;1
03/11/2013;21:45:00;453;com vítima;426,3;BR-116/PR;Sul;Colisão Transversal;1;1;;1;1;1;3