data;horario;n_da_ocorrencia;tipo_de_ocorrencia;km;trecho;sentido;tipo_de_acidente;caminhao;ilesos;levemente_feridos;moderadamente_feridos;gravemente_feridos;mortos;3
04/11/2013;15:20:00;236;sem vítima;14,3;BR-116/PR;Sul;Colisão Traseira;1;2;;;;;1
04/11/2013;09:42:00;177;sem vítima;18,6;BR-116/CW;Norte;Colisão Traseira;1;2;;;;;1
04/11/2013;09:26:00;167;com vítima;23,7;BR-116/PR;Norte;Engavetamento;4;7;2;;;;1
04/11/2013;10:59:00;184;sem vítima;271;BR-116/PR;Sul;Saida de Pista;1;1;;;;;1
04/11/2013;19:12:00;314;sem vítima;278,4;BR-116/PR;Norte;Colisão Traseira;1;3;;;;;1
04/11/2013;01:07:00;23;sem vítima;281,9;BR-116/PR;Norte;Colisão Lateral;1;4;;;;;1
04/11/2013;03:49:00;69;sem vítima;411,9;BR-116/PR;Norte;Saida de Pista;1;2;;;;;1
04/11/2013;13:58:00;220;com vítima;415,5;BR-116/PR;Sul;Choque - Veiculo parado no acostamento;1;1;;;1;;2
04/11/2013;01:16:00;25;sem vítima;545,3;BR-116/PR;Norte;Saida de Pista;1;1;;;;;1
04/11/2013;15:33:00;240;sem vítima;564;BR-116/PR;Sul;Outros;1;1;;;;;1
04/11/2013;20:38:00;329;com vítima;567;BR-116/PR;Sul;Saida de Pista;1;0;1;;;;1
04/11/2013;21:08:00;338;com vítima;567;BR-116/PR;Sul;Saida de Pista;1;0;1;;;;1
05/11/2013;21:40:00;431;sem vítima;55,6;BR-116/PR;Norte;Saida de Pista;1;1;;;;;1
05/11/2013;06:34:00;109;com vítima;339;BR-116/PR;Sul;Saida de Pista;1;0;1;;;;1
05/11/2013;20:19:00;414;sem vítima;343,5;BR-116/PR;Sul;Colisão Lateral;1;3;;;;;1
05/11/2013;05:54:00;101;sem vítima;355;BR-116/PR;Norte;Colisão Lateral;1;2;;;;;1
05/11/2013;00:23:00;22;sem vítima;420,2;BR-116/PR;Norte;Saida de Pista;1;2;;;;;1
06/11/2013;20:44:00;386;com vítima;8,7;BR-116/CW;Norte;Engavetamento;1;7;2;;;;1
06/11/2013;10:13:00;204;com vítima;13,95;BR-116/PR;Sul;Capotamento;2;1;;1;1;1;3
06/11/2013;14:46:00;277;sem vítima;340,3;BR-116/PR;Sul;Colisão Traseira;2;2;;;;;1
06/11/2013;05:49:00;113;sem vítima;347,3;BR-116/PR;Sul;Colisão Traseira;2;2;;;;;1
06/11/2013;10:29:00;210;sem vítima;356,7;BR-116/PR;Norte;Colisão Traseira;2;2;;;;;1
06/11/2013;19:35:00;365;sem vítima;511;BR-116/PR;Sul;Tombamento;1;1;;;;;1
06/11/2013;18:52:00;355;sem vítima;522,5;BR-116/PR;Sul;Colisão Lateral;2;2;;;;;1
06/11/2013;14:08:00;266;com vítima;550,5;BR-116/PR;Norte;Tombamento;1;0;1;;;;1
06/11/2013;07:38:00;146;sem vítima;565;BR-116/PR;Sul;Saida de Pista;1;4;;;;;1
06/11/2013;18:20:00;342;sem vítima;567;BR-116/PR;Sul;Choque - Defensa, barreira ou  submarino ;1;1;;;;;1
07/11/2013;04:30:00;104;sem vítima;12,8;BR-116/PR;Sul;Colisão Traseira;2;3;;;;;1
07/11/2013;13:55:00;302;sem vítima;282,9;BR-116/PR;Norte;Colisão Lateral;1;2;;;;;1
07/11/2013;18:47:00;397;sem vítima;292,7;BR-116/PR;Norte;Saida de Pista;1;2;;;;;1
07/11/2013;06:56:00;134;sem vítima;303,2;BR-116/PR;Norte;Colisão Lateral;1;2;;;;;1
07/11/2013;15:02:00;319;sem vítima;341,6;BR-116/PR;Sul;Saida de Pista;1;1;;;;;1
07/11/2013;00:29:00;16;sem vítima;377,1;BR-116/PR;Sul;Tombamento;1;1;;;;;1
07/11/2013;05:09:00;111;com vítima;513,8;BR-116/PR;Norte;Tombamento;1;0;1;;;;1
07/11/2013;06:56:00;133;sem vítima;514;BR-116/PR;Sul;Colisão Traseira;1;3;;;;;1
07/11/2013;03:55:00;94;sem vítima;517,8;BR-116/PR;Norte;Saida de Pista;1;1;;;;;1
07/11/2013;08:06:00;156;sem vítima;560,95;BR-116/PR;Sul;Colisão Lateral;2;2;;;;;1
07/11/2013;22:17:00;451;sem vítima;562,5;BR-116/PR;Sul;Colisão Lateral;1;2;;;;;1
08/11/2013;10:02:00;181;sem vítima;298,8;BR-116/PR;Sul;Colisão Traseira;2;2;;;;;1
08/11/2013;06:55:00;111;sem vítima;370,4;BR-116/PR;Sul;Colisão Traseira;2;2;;;;;1
08/11/2013;03:24:00;55;sem vítima;377,3;BR-116/PR;Norte;Colisão Lateral;2;2;;;;;1
08/11/2013;18:25:00;338;com vítima;440;BR-116/PR;Sul;Colisão Traseira;1;1;;1;;;2
09/11/2013;10:35:00;180;sem vítima;31;BR-116/PR;Sul;Colisão Traseira;2;2;;;;;1
09/11/2013;23:32:00;426;sem vítima;31,2;BR-116/PR;Norte;Tombamento;1;1;;;;;1
09/11/2013;01:22:00;25;sem vítima;301,8;BR-116/PR;Sul;Colisão Lateral;2;2;;;;;1
09/11/2013;09:01:00;149;sem vítima;360,1;BR-116/PR;Sul;Colisão Lateral;1;2;;;;;1
09/11/2013;14:39:00;263;com vítima;507,5;BR-116/PR;Norte;Tombamento;1;0;1;;;;1
10/11/2013;22:41:00;466;com vítima;320,5;BR-116/PR;Sul;Tombamento;1;0;;;1;;2
10/11/2013;16:11:00;327;sem vítima;544,2;BR-116/PR;Sul;Tombamento;1;2;;;;;1
11/11/2013;15:11:00;322;sem vítima;38,5;BR-116/PR;Sul;Saida de Pista;1;1;;;;;1
11/11/2013;11:40:00;241;sem vítima;282;BR-116/PR;Norte;Colisão Lateral;1;3;;;;;1
11/11/2013;02:15:00;61;sem vítima;403;BR-116/PR;Norte;Colisão Traseira;2;3;;;;;1
11/11/2013;20:13:00;429;com vítima;487,5;BR-116/PR;Sul;Atropelamento - Ciclista;1;2;;;;1;3
11/11/2013;19:29:00;417;sem vítima;488;BR-116/PR;Norte;Choque - Poste;1;1;;;;;1
12/11/2013;05:20:00;105;sem vítima;331,1;BR-116/PR;Norte;Tombamento;1;1;;;;;1
12/11/2013;19:06:00;443;sem vítima;334;BR-116/PR;Sul;Colisão Traseira;1;3;;;;;1
12/11/2013;23:31:00;515;com vítima;335,9;BR-116/PR;Sul;Atropelamento - Morador;1;1;;;;1;3
12/11/2013;23:55:00;528;sem vítima;362,4;BR-116/PR;Sul;Tombamento;2;2;;;;;1
12/11/2013;00:29:00;21;com vítima;473,5;BR-116/PR;Sul;Colisão Traseira;2;1;1;;;;1
12/11/2013;19:04:00;440;com vítima;515,8;BR-116/PR;Sul;Tombamento;1;0;1;;;;1
12/11/2013;07:48:00;150;sem vítima;543;BR-116/PR;Norte;Colisão Traseira;2;2;;;;;1
13/11/2013;18:39:00;407;sem vítima;54,5;BR-116/PR;Norte;Colisão Traseira;2;2;;;;;1
13/11/2013;12:34:00;274;sem vítima;350;BR-116/PR;Norte;Colisão Traseira;2;2;;;;;1
13/11/2013;00:51:00;31;com vítima;407,1;BR-116/PR;Sul;Colisão Traseira;1;1;1;;;;1
13/11/2013;09:01:00;190;com vítima;449,9;BR-116/PR;Sul;Tombamento;1;1;;;;1;3
14/11/2013;13:48:00;315;sem vítima;33;BR-116/PR;Norte;Tombamento;1;3;;;;;1
14/11/2013;22:12:00;491;com vítima;334,2;BR-116/PR;Norte;Colisão Traseira;2;1;1;;;;1
14/11/2013;09:29:00;208;com vítima;357,8;BR-116/PR;Sul;Colisão Traseira;1;4;1;;;;1
14/11/2013;20:39:00;462;sem vítima;520;BR-116/PR;Sul;Colisão Lateral;1;2;;;;;1
14/11/2013;23:21:00;511;sem vítima;537,7;BR-116/PR;Norte;Saida de Pista;1;1;;;;;1
14/11/2013;05:04:00;126;com vítima;551,4;BR-116/PR;Norte;Saida de Pista;1;0;1;;;;1
15/11/2013;10:40:00;239;sem vítima;299;BR-116/PR;Sul;Colisão Traseira;1;2;;;;;1
15/11/2013;21:20:00;486;sem vítima;308,2;BR-116/PR;Sul;Colisão Lateral;1;6;;;;;1
15/11/2013;12:59:00;285;sem vítima;310,8;BR-116/PR;Sul;Queda de Moto;1;3;;;;;1
15/11/2013;06:13:00;128;sem vítima;313;BR-116/PR;Sul;Colisão Traseira;1;2;;;;;1
15/11/2013;15:12:00;333;sem vítima;509;BR-116/PR;Sul;Colisão Lateral;2;2;;;;;1
15/11/2013;13:53:00;302;sem vítima;542,9;BR-116/PR;Norte;Colisão Traseira;1;3;;;;;1
16/11/2013;16:44:00;263;com vítima;32,5;BR-116/PR;Norte;Tombamento;1;0;;;1;;2
16/11/2013;17:25:00;277;com vítima;35;BR-116/PR;Norte;Colisão Traseira;1;1;;;1;;2
16/11/2013;09:19:00;130;sem vítima;65,85;BR-116/PR;Sul;Tombamento;1;2;;;;;1
16/11/2013;08:32:00;113;sem vítima;514,9;BR-116/PR;Sul;Colisão Traseira;1;5;;;;;1
16/11/2013;17:58:00;289;sem vítima;564;BR-116/PR;Sul;Tombamento;1;2;;;;;1
17/11/2013;07:13:00;105;sem vítima;24;BR-116/PR;Norte;Saida de Pista;1;1;;;;;1
17/11/2013;06:08:00;81;sem vítima;30;BR-116/PR;Norte;Tombamento;1;1;;;;;1
17/11/2013;09:13:00;142;sem vítima;296,2;BR-116/PR;Sul;Saida de Pista;1;2;;;;;1
17/11/2013;06:51:00;100;sem vítima;310,1;BR-116/PR;Norte;Tombamento;1;1;;;;;1
17/11/2013;08:32:00;130;sem vítima;357;BR-116/PR;Sul;Tombamento;1;1;;;;;1
17/11/2013;13:47:00;223;sem vítima;384;BR-116/PR;Sul;Colisão Lateral;1;4;;;;;1
18/11/2013;17:43:00;312;sem vítima;348,8;BR-116/PR;Sul;Engavetamento;2;3;;;;;1
19/11/2013;07:09:00;114;sem vítima;56,5;BR-116/PR;Sul;Saida de Pista;1;2;;;;;1
19/11/2013;06:37:00;107;sem vítima;434;BR-116/PR;Norte;Choque - Suporte de Sinalização;1;1;;;;;1
20/11/2013;09:05:00;197;sem vítima;10,5;BR-116/PR;Norte;Saida de Pista;1;2;;;;;1
20/11/2013;08:34:00;176;sem vítima;14,3;BR-116/PR;Sul;Tombamento;1;2;;;;;1
20/11/2013;17:42:00;391;sem vítima;49;BR-116/PR;Norte;Saida de Pista;1;1;;;;;1
20/11/2013;21:19:00;471;sem vítima;57;BR-116/PR;Norte;Colisão Traseira;2;2;;;;;1
20/11/2013;13:38:00;289;sem vítima;280,3;BR-116/PR;Sul;Colisão Traseira;1;4;;;;;1
20/11/2013;12:04:00;261;sem vítima;426,6;BR-116/PR;Norte;Colisão Traseira;2;2;;;;;1
20/11/2013;06:51:00;138;sem vítima;485,1;BR-116/PR;Norte;Saida de Pista;1;2;;;;;1
20/11/2013;05:42:00;124;sem vítima;491,5;BR-116/PR;Sul;Saida de Pista;1;1;;;;;1
20/11/2013;16:00:00;346;sem vítima;551;BR-116/PR;Norte;Tombamento;1;1;;;;;1
21/11/2013;12:03:00;266;sem vítima;293,2;BR-116/PR;Norte;Colisão Traseira;2;2;;;;;1
21/11/2013;00:21:00;7;sem vítima;321,95;BR-116/PR;Norte;Colisão Traseira;2;3;;;;;1
21/11/2013;06:32:00;113;sem vítima;461,6;BR-116/PR;Norte;Colisão Traseira;2;2;;;;;1
21/11/2013;16:29:00;374;sem vítima;476,2;BR-116/PR;Norte;Colisão Traseira;2;2;;;;;1
21/11/2013;16:26:00;373;sem vítima;528,9;BR-116/PR;Norte;Colisão Traseira;1;2;;;;;1
21/11/2013;16:23:00;370;sem vítima;568,2;BR-116/PR;Norte;Capotamento;1;1;;;;;1
22/11/2013;13:53:00;282;com vítima;11;BR-116/CW;Norte;Colisão Traseira;1;1;1;;;;1
22/11/2013;03:31:00;74;sem vítima;279;BR-116/PR;Sul;Saida de Pista;1;1;;;;;1
22/11/2013;18:41:00;372;sem vítima;336,3;BR-116/PR;Sul;Colisão Traseira;1;4;;;;;1
22/11/2013;15:33:00;314;com vítima;383,3;BR-116/PR;Norte;Colisão Lateral;1;1;;1;;;2
22/11/2013;10:12:00;199;sem vítima;406;BR-116/PR;Sul;Colisão Traseira;2;2;;;;;1
22/11/2013;00:54:00;23;com vítima;407,5;BR-116/PR;Norte;Colisão Traseira;2;1;;;;1;3
22/11/2013;10:13:00;200;sem vítima;443,5;BR-116/PR;Sul;Colisão Lateral;1;2;;;;;1
22/11/2013;18:05:00;363;sem vítima;459,8;BR-116/PR;Sul;Tombamento;1;2;;;;;1
22/11/2013;07:26:00;119;sem vítima;470,3;BR-116/PR;Sul;Saida de Pista;1;2;;;;;1
22/11/2013;14:28:00;290;sem vítima;485,5;BR-116/PR;Sul;Tombamento;1;1;;;;;1
22/11/2013;16:08:00;324;sem vítima;513,5;BR-116/PR;Norte;Tombamento;1;1;;;;;1
22/11/2013;18:28:00;370;sem vítima;550,65;BR-116/PR;Norte;Colisão Traseira;1;2;;;;;1
23/11/2013;17:29:00;352;sem vítima;278,9;BR-116/PR;Norte;Engavetamento;1;4;;;;;1
23/11/2013;10:14:00;206;sem vítima;299;BR-116/PR;Sul;Colisão Traseira;1;3;;;;;1
23/11/2013;06:54:00;125;sem vítima;340,4;BR-116/PR;Sul;Tombamento;1;1;;;;;1
23/11/2013;20:57:00;424;sem vítima;342,5;BR-116/PR;Sul;Colisão Traseira;2;2;;;;;1
23/11/2013;20:42:00;417;com vítima;485,5;BR-116/PR;Sul;Colisão Lateral;2;2;1;;;;1
23/11/2013;09:34:00;192;com vítima;486;BR-116/PR;Sul;Queda de Moto;1;1;;;;1;3
23/11/2013;11:53:00;239;sem vítima;509;BR-116/PR;Sul;Tombamento;1;1;;;;;1
23/11/2013;02:48:00;68;sem vítima;515,4;BR-116/PR;Sul;Colisão Traseira;2;3;;;;;1
23/11/2013;14:55:00;297;com vítima;538;BR-116/PR;Sul;Engavetamento;4;5;3;;;;1
23/11/2013;09:59:00;200;sem vítima;543,6;BR-116/PR;Sul;Saida de Pista;1;1;;;;;1
24/11/2013;10:01:00;185;sem vítima;13,2;BR-116/PR;Sul;Colisão Lateral;1;3;;;;;1
24/11/2013;05:52:00;102;sem vítima;519;BR-116/PR;Sul;Tombamento;1;1;;;;;1
24/11/2013;06:11:00;107;com vítima;524;BR-116/PR;Norte;Saida de Pista;1;0;;;;1;3
25/11/2013;15:42:00;339;sem vítima;16,9;BR-116/PR;Norte;Colisão Transversal;2;5;;;;;1
25/11/2013;08:27:00;168;com vítima;32,95;BR-116/PR;Norte;Tombamento;1;0;;1;;;2
25/11/2013;18:11:00;387;sem vítima;282;BR-116/PR;Norte;Engavetamento;3;6;;;;;1
25/11/2013;09:15:00;181;sem vítima;352;BR-116/PR;Sul;Colisão Frontal;1;2;;;;;1
25/11/2013;23:42:00;466;com vítima;379,8;BR-116/PR;Sul;Tombamento;1;0;1;;;;1
25/11/2013;03:01:00;60;com vítima;403;BR-116/PR;Norte;Colisão Traseira;2;2;1;;;;1
25/11/2013;14:40:00;321;sem vítima;403,1;BR-116/PR;Sul;Saida de Pista;1;3;;;;;1
26/11/2013;05:27:00;108;sem vítima;1;BR-116/PR;Sul;Colisão Lateral;1;1;;;;;1
26/11/2013;16:59:00;360;sem vítima;46,9;BR-116/PR;Norte;Choque - Talude;1;3;;;;;1
26/11/2013;09:12:00;193;sem vítima;279,9;BR-116/PR;Norte;Colisão Traseira;1;5;;;;;1
26/11/2013;07:26:00;144;sem vítima;391;BR-116/PR;Sul;Saida de Pista;1;1;;;;;1
26/11/2013;08:34:00;170;sem vítima;442;BR-116/PR;Sul;Colisão Traseira;1;3;;;;;1
26/11/2013;13:48:00;301;sem vítima;445;BR-116/PR;Sul;Colisão Lateral;1;2;;;;;1
26/11/2013;13:29:00;298;sem vítima;454;BR-116/PR;Norte;Saida de Pista;1;1;;;;;1
26/11/2013;20:15:00;410;sem vítima;477;BR-116/PR;Norte;Saida de Pista;1;1;;;;;1
26/11/2013;15:55:00;341;com vítima;511,5;BR-116/PR;Norte;Tombamento;1;0;1;;;;1
26/11/2013;00:13:00;6;sem vítima;542,9;BR-116/PR;Sul;Colisão Traseira;2;2;;;;;1
26/11/2013;18:15:00;378;sem vítima;543;BR-116/PR;Norte;Colisão Traseira;2;2;;;;;1
26/11/2013;07:10:00;132;sem vítima;567;BR-116/PR;Sul;Tombamento;1;2;;;;;1
27/11/2013;12:59:00;283;sem vítima;48,95;BR-116/PR;Norte;Tombamento;1;1;;;;;1
27/11/2013;15:28:00;320;com vítima;305,5;BR-116/PR;Sul;Engavetamento;4;25;2;1;;1;3
27/11/2013;14:22:00;301;com vítima;311,5;BR-116/PR;Sul;Tombamento;1;1;;;1;;2
27/11/2013;11:02:00;244;sem vítima;350,3;BR-116/PR;Norte;Colisão Traseira;2;2;;;;;1
27/11/2013;15:55:00;329;com vítima;360;BR-116/PR;Sul;Tombamento;1;0;;1;;;2
27/11/2013;22:25:00;433;com vítima;425;BR-116/PR;Norte;Queda de Moto;1;2;1;;;;1
27/11/2013;00:15:00;9;sem vítima;516,5;BR-116/PR;Norte;Saida de Pista;1;1;;;;;1
28/11/2013;05:03:00;125;sem vítima;21,7;BR-116/PR;Norte;Colisão Traseira;3;4;;;;;1
28/11/2013;07:32:00;161;com vítima;28,7;BR-116/PR;Norte;Tombamento;1;0;;1;;;2
28/11/2013;18:14:00;453;sem vítima;29,3;BR-116/PR;Sul;Saida de Pista;1;1;;;;;1
28/11/2013;11:22:00;262;com vítima;275;BR-116/PR;Norte;Tombamento;1;1;2;;;;1
28/11/2013;16:56:00;404;sem vítima;354,9;BR-116/PR;Norte;Colisão Lateral;1;3;;;;;1
28/11/2013;05:31:00;134;sem vítima;376,95;BR-116/PR;Norte;Colisão Lateral;2;2;;;;;1
28/11/2013;15:20:00;357;sem vítima;553;BR-116/PR;Sul;Tombamento;1;1;;;;;1
29/11/2013;07:48:00;141;sem vítima;0,3;BR-116/PR;Sul;Colisão Lateral;1;2;;;;;1
29/11/2013;00:50:00;41;sem vítima;51;BR-116/PR;Sul;Choque - Defensa, barreira ou  submarino ;1;2;;;;;1
29/11/2013;03:18:00;78;sem vítima;479,9;BR-116/PR;Sul;Saida de Pista;1;1;;;;;1
29/11/2013;12:56:00;272;sem vítima;528;BR-116/PR;Norte;Tombamento;1;2;;;;;1
29/11/2013;10:35:00;229;sem vítima;544,5;BR-116/PR;Sul;Saida de Pista;1;1;;;;;1
30/11/2013;14:33:00;246;sem vítima;22,5;BR-116/PR;Sul;Colisão Traseira;1;2;;;;;1
30/11/2013;20:10:00;376;com vítima;387,7;BR-116/PR;Sul;Colisão Lateral;1;1;1;;;;1
30/11/2013;21:40:00;398;com vítima;507,2;BR-116/PR;Norte;Colisão Traseira;2;2;;1;;;2
30/11/2013;05:25:00;107;sem vítima;545;BR-116/PR;Norte;Engavetamento;4;5;;;;;1
30/11/2013;04:09:00;92;sem vítima;545,3;BR-116/PR;Norte;Choque - Defensa, barreira ou  submarino ;1;1;;;;;1
01/12/2013;10:36:00;165;sem vítima;23,9;BR-116/PR;Norte;Tombamento;1;1;;;;;1
01/12/2013;16:32:00;274;sem vítima;306,6;BR-116/PR;Norte;Saida de Pista;1;7;;;;;1
01/12/2013;19:30:00;341;sem vítima;368;BR-116/PR;Sul;Saida de Pista;1;1;;;;;1
01/12/2013;07:09:00;110;com vítima;390;BR-116/PR;Sul;Tombamento;1;0;;1;;;2
01/12/2013;18:07:00;309;sem vítima;393;BR-116/PR;Sul;Saida de Pista;1;2;;;;;1
01/12/2013;06:57:00;108;com vítima;550,5;BR-116/PR;Norte;Tombamento;1;2;1;;;;1
01/12/2013;13:21:00;210;sem vítima;553,5;BR-116/PR;Norte;Colisão Traseira;2;2;;;;;1
02/12/2013;15:55:00;282;com vítima;23,9;BR-116/PR;Norte;Tombamento;1;1;1;;;;1
02/12/2013;14:20:00;241;com vítima;59,5;BR-116/PR;Norte;Saida de Pista;1;0;1;;;;1
02/12/2013;10:50:00;190;sem vítima;292,4;BR-116/PR;Norte;Colisão Traseira;2;2;;;;;1
02/12/2013;02:04:00;31;sem vítima;327,4;BR-116/PR;Norte;Colisão Traseira;1;3;;;;;1
02/12/2013;22:42:00;389;sem vítima;509,5;BR-116/PR;Norte;Choque - Talude;1;1;;;;;1
03/12/2013;16:34:00;357;sem vítima;48,5;BR-116/PR;Norte;Colisão Traseira;2;2;;;;;1
03/12/2013;06:12:00;104;sem vítima;298,6;BR-116/PR;Sul;Colisão Traseira;1;6;;;;;1
03/12/2013;21:58:00;473;com vítima;377,2;BR-116/PR;Sul;Saida de Pista;1;2;2;1;2;1;3
03/12/2013;04:48:00;87;sem vítima;461,2;BR-116/PR;Sul;Saida de Pista;1;1;;;;;1
03/12/2013;14:20:00;301;sem vítima;467;BR-116/PR;Sul;Tombamento;1;1;;;;;1
04/12/2013;18:31:00;335;sem vítima;279;BR-116/PR;Sul;Engavetamento;1;7;;;;;1
04/12/2013;15:40:00;263;sem vítima;279,2;BR-116/PR;Sul;Engavetamento;3;6;;;;;1
04/12/2013;03:47:00;87;com vítima;354,6;BR-116/PR;Norte;Tombamento;3;8;4;1;4;2;3
04/12/2013;16:45:00;279;sem vítima;373,1;BR-116/PR;Norte;Colisão Traseira;1;3;;;;;1
04/12/2013;00:29:00;20;sem vítima;391,3;BR-116/PR;Norte;Saida de Pista;1;2;;;;;1
04/12/2013;23:59:00;435;com vítima;503,3;BR-116/PR;Norte;Colisão Traseira;2;1;;1;;;2
04/12/2013;08:09:00;151;com vítima;514,5;BR-116/PR;Norte;Tombamento;1;0;1;;;;1
04/12/2013;17:37:00;305;com vítima;533,3;BR-116/PR;Norte;Tombamento;1;0;1;;;;1
05/12/2013;00:00:00;1;com vítima;283,1;BR-116/PR;Norte;Colisão Traseira;1;1;;1;;;2
05/12/2013;18:48:00;449;com vítima;328,7;BR-116/PR;Sul;Engavetamento;1;2;;1;;;2
05/12/2013;02:46:00;62;sem vítima;330,1;BR-116/PR;Norte;Colisão Traseira;1;3;;;;;1
05/12/2013;14:19:00;325;com vítima;332;BR-116/PR;Sul;Colisão Traseira;1;1;1;;;;1
05/12/2013;15:48:00;363;sem vítima;343;BR-116/PR;Sul;Colisão Lateral;1;2;;;;;1
05/12/2013;09:38:00;192;sem vítima;357,6;BR-116/PR;Norte;Colisão Traseira;2;2;;;;;1
05/12/2013;06:20:00;114;sem vítima;376,5;BR-116/PR;Norte;Colisão Traseira;2;2;;;;;1
05/12/2013;06:04:00;112;sem vítima;396;BR-116/PR;Norte;Colisão Traseira;2;2;;;;;1
05/12/2013;11:04:00;235;sem vítima;401;BR-116/PR;Sul;Saida de Pista;1;1;;;;;1
05/12/2013;10:19:00;214;sem vítima;418,2;BR-116/PR;Sul;Choque - Talude;1;2;;;;;1
05/12/2013;12:25:00;281;sem vítima;426,6;BR-116/PR;Sul;Colisão Traseira;1;2;;;;;1
05/12/2013;05:42:00;108;sem vítima;427,2;BR-116/PR;Norte;Colisão Traseira;2;2;;;;;1
05/12/2013;04:57:00;93;sem vítima;477,95;BR-116/PR;Norte;Colisão Traseira;1;3;;;;;1
05/12/2013;16:07:00;373;sem vítima;488,6;BR-116/PR;Sul;Colisão Traseira;1;2;;;;;1
05/12/2013;03:00:00;65;sem vítima;491,8;BR-116/PR;Sul;Saida de Pista;1;1;;;;;1
06/12/2013;09:20:00;183;sem vítima;3,2;BR-116/PR;Norte;Tombamento;1;2;;;;;1
06/12/2013;01:48:00;53;sem vítima;9,6;BR-116/PR;Sul;Tombamento;1;1;;;;;1
06/12/2013;16:16:00;313;sem vítima;270,6;BR-116/PR;Norte;Colisão Traseira;1;2;;;;;1
06/12/2013;08:25:00;160;sem vítima;332,7;BR-116/PR;Sul;Colisão Traseira;1;4;;;;;1
06/12/2013;06:46:00;126;sem vítima;357,7;BR-116/PR;Sul;Colisão Traseira;2;3;;;;;1
06/12/2013;22:35:00;424;com vítima;393,2;BR-116/PR;Sul;Atropelamento - Morador;1;1;;;;1;3
06/12/2013;13:06:00;269;sem vítima;412,3;BR-116/PR;Norte;Tombamento;1;1;;;;;1
06/12/2013;19:37:00;378;sem vítima;426,6;BR-116/PR;Sul;Colisão Lateral;2;2;;;;;1
06/12/2013;01:16:00;42;sem vítima;435,5;BR-116/PR;Norte;Tombamento;1;1;;;;;1
06/12/2013;06:46:00;125;com vítima;441,95;BR-116/PR;Sul;Colisão Traseira;2;2;;1;;;2
06/12/2013;06:08:00;114;sem vítima;443,1;BR-116/PR;Sul;Saida de Pista;1;2;;;;;1
06/12/2013;08:41:00;168;com vítima;443,5;BR-116/PR;Norte;Colisão Lateral;1;1;3;;;;1
06/12/2013;19:16:00;370;sem vítima;456,5;BR-116/PR;Sul;Colisão Lateral;1;2;;;;;1
06/12/2013;06:22:00;117;sem vítima;508;BR-116/PR;Sul;Tombamento;1;1;;;;;1
06/12/2013;06:48:00;129;sem vítima;536;BR-116/PR;Norte;Colisão Traseira;2;2;;;;;1
06/12/2013;08:02:00;147;sem vítima;550,5;BR-116/PR;Norte;Saida de Pista;1;1;;;;;1
06/12/2013;08:05:00;152;sem vítima;559,9;BR-116/PR;Sul;Tombamento;1;1;;;;;1
07/12/2013;21:01:00;401;com vítima;24,5;BR-116/PR;Sul;Colisão Traseira;1;21;2;;;;1
07/12/2013;14:45:00;273;sem vítima;283,5;BR-116/PR;Norte;Engavetamento;2;5;;;;;1
07/12/2013;22:45:00;417;sem vítima;291;BR-116/PR;Norte;Saida de Pista;1;1;;;;;1
07/12/2013;11:04:00;217;com vítima;298,7;BR-116/PR;Norte;Colisão Transversal;1;1;;;;1;3
07/12/2013;04:06:00;90;com vítima;306,8;BR-116/PR;Sul;Tombamento;1;0;1;;;;1
07/12/2013;02:42:00;66;com vítima;482,2;BR-116/PR;Sul;Saida de Pista;1;0;;1;;;2
07/12/2013;19:46:00;381;sem vítima;548;BR-116/PR;Norte;Choque - Defensa, barreira ou  submarino ;1;2;;;;;1
07/12/2013;16:35:00;321;sem vítima;564,3;BR-116/PR;Sul;Colisão Lateral;2;2;;;;;1
08/12/2013;17:35:00;380;sem vítima;289;BR-116/PR;Norte;Colisão Traseira;1;2;;;;;1
08/12/2013;05:00:00;116;sem vítima;290;BR-116/PR;Sul;Saida de Pista;1;1;;;;;1
08/12/2013;18:34:00;406;sem vítima;314;BR-116/PR;Norte;Colisão Traseira;2;2;;;;;1
08/12/2013;23:29:00;501;com vítima;356;BR-116/PR;Norte;Colisão Frontal;2;0;;;;2;3
09/12/2013;10:00:00;191;sem vítima;16,9;BR-116/CW;Sul;Saida de Pista;1;3;;;;;1
09/12/2013;07:29:00;132;com vítima;57;BR-116/PR;Sul;Choque - Defensa, barreira ou  submarino ;1;0;1;;;;1
09/12/2013;11:14:00;219;com vítima;279,3;BR-116/PR;Sul;Engavetamento;1;4;1;;;;1
09/12/2013;15:12:00;304;sem vítima;291;BR-116/PR;Sul;Colisão Lateral;1;2;;;;;1
09/12/2013;16:25:00;335;sem vítima;301,4;BR-116/PR;Norte;Colisão Traseira;1;2;;;;;1
09/12/2013;19:05:00;402;sem vítima;361,2;BR-116/PR;Norte;Objeto lançado contra veículo;3;3;;;;;1
09/12/2013;11:22:00;222;sem vítima;375,6;BR-116/PR;Norte;Choque - Defensa, barreira ou  submarino ;1;1;;;;;1
09/12/2013;16:02:00;326;com vítima;389,1;BR-116/PR;Norte;Tombamento;1;0;1;;;;1
09/12/2013;23:23:00;462;sem vítima;427,1;BR-116/PR;Norte;Colisão Lateral;1;27;;;;;1
10/12/2013;05:53:00;92;sem vítima;27;BR-116/PR;Sul;Colisão Traseira;2;2;;;;;1
10/12/2013;04:59:00;82;com vítima;36,5;BR-116/PR;Sul;Colisão Traseira;1;6;3;1;1;;2
10/12/2013;10:16:00;212;sem vítima;278,9;BR-116/PR;Sul;Colisão Lateral;1;2;;;;;1