data;horario;n_da_ocorrencia;tipo_de_ocorrencia;km;trecho;sentido;tipo_de_acidente;caminhao;ilesos;levemente_feridos;moderadamente_feridos;gravemente_feridos;mortos;3
10/12/2013;11:26:00;247;sem vítima;297;BR-116/PR;Norte;Colisão Traseira;2;2;;;;;1
10/12/2013;14:52:00;312;sem vítima;310,6;BR-116/PR;Norte;Tombamento;1;2;;;;;1
10/12/2013;16:31:00;355;sem vítima;340,1;BR-116/PR;Sul;Choque - Defensa, barreira ou  submarino ;1;2;;;;;1
10/12/2013;19:44:00;425;sem vítima;343,7;BR-116/PR;Sul;Colisão Lateral;1;2;;;;;1
10/12/2013;04:37:00;80;com vítima;360,8;BR-116/PR;Sul;Colisão Traseira;2;1;1;;;;1
10/12/2013;04:19:00;76;sem vítima;503,3;BR-116/PR;Sul;Tombamento;1;2;;;;;1
10/12/2013;14:38:00;305;sem vítima;513;BR-116/PR;Norte;Choque - Talude;1;1;;;;;1
10/12/2013;23:58:00;489;sem vítima;538,8;BR-116/PR;Sul;Colisão Lateral;2;2;;;;;1
10/12/2013;15:27:00;325;com vítima;545;BR-116/PR;Norte;Saida de Pista;1;1;1;;;;1
11/12/2013;09:42:00;204;com vítima;33;BR-116/PR;Norte;Colisão Traseira;1;3;2;;;;1
11/12/2013;21:12:00;421;sem vítima;54,3;BR-116/PR;Norte;Colisão Lateral;1;3;;;;;1
11/12/2013;00:46:00;19;sem vítima;272,9;BR-116/PR;Norte;Colisão Lateral;1;2;;;;;1
11/12/2013;06:41:00;123;sem vítima;272,9;BR-116/PR;Sul;Colisão Transversal;1;2;;;;;1
11/12/2013;01:19:00;37;sem vítima;349;BR-116/PR;Norte;Tombamento;1;2;;;;;1
11/12/2013;05:59:00;111;sem vítima;367,5;BR-116/PR;Norte;Colisão Traseira;1;3;;;;;1
11/12/2013;23:24:00;451;sem vítima;392,9;BR-116/PR;Norte;Colisão Traseira;2;2;;;;;1
11/12/2013;23:49:00;459;sem vítima;426,6;BR-116/PR;Norte;Colisão Lateral;2;2;;;;;1
11/12/2013;21:28:00;427;com vítima;430;BR-116/PR;Sul;Saida de Pista;1;0;1;;;;1
11/12/2013;11:08:00;238;sem vítima;516;BR-116/PR;Sul;Tombamento;1;1;;;;;1
11/12/2013;23:45:00;456;sem vítima;565,8;BR-116/PR;Norte;Colisão Traseira;2;2;;;;;1
12/12/2013;20:24:00;399;sem vítima;31;BR-116/PR;Sul;Colisão Transversal;1;2;;;;;1
12/12/2013;05:17:00;93;sem vítima;383;BR-116/PR;Sul;Colisão Traseira;2;2;;;;;1
12/12/2013;09:41:00;179;sem vítima;383,5;BR-116/PR;Sul;Colisão Traseira;2;2;;;;;1
12/12/2013;02:47:00;59;sem vítima;434,5;BR-116/PR;Norte;Saida de Pista;1;1;;;;;1
12/12/2013;02:30:00;58;sem vítima;461,6;BR-116/PR;Sul;Colisão Traseira;2;2;;;;;1
12/12/2013;01:14:00;41;sem vítima;466,8;BR-116/PR;Norte;Saida de Pista;2;2;;;;;1
12/12/2013;18:05:00;359;com vítima;512,1;BR-116/PR;Norte;Colisão Traseira;2;1;1;;;;1
13/12/2013;23:34:00;494;com vítima;335;BR-116/PR;Sul;Colisão Traseira;2;5;1;;;;1
13/12/2013;12:38:00;255;sem vítima;348,5;BR-116/PR;Sul;Colisão Lateral;1;2;;;;;1
13/12/2013;15:42:00;321;sem vítima;368,2;BR-116/PR;Sul;Colisão Traseira;1;4;;;;;1
13/12/2013;06:30:00;100;sem vítima;391;BR-116/PR;Sul;Saida de Pista;1;1;;;;;1
14/12/2013;14:55:00;305;com vítima;336,6;BR-116/PR;Sul;Colisão Lateral;1;1;3;;;;1
14/12/2013;06:53:00;145;com vítima;363,7;BR-116/PR;Norte;Tombamento;1;0;;1;;;2
14/12/2013;17:59:00;379;com vítima;429,95;BR-116/PR;Sul;Colisão Traseira;1;2;2;;;;1
14/12/2013;09:39:00;205;com vítima;430,7;BR-116/PR;Sul;Tombamento;1;0;1;;;;1
14/12/2013;13:01:00;270;sem vítima;459,9;BR-116/PR;Sul;Saida de Pista;1;1;;;;;1
14/12/2013;13:33:00;279;com vítima;550;BR-116/PR;Norte;Tombamento;1;0;1;;;;1
15/12/2013;16:55:00;304;sem vítima;345,4;BR-116/PR;Sul;Tombamento;1;1;;;;;1
16/12/2013;06:05:00;123;sem vítima;414;BR-116/PR;Norte;Saida de Pista;1;1;;;;;1
16/12/2013;07:56:00;157;sem vítima;514;BR-116/PR;Norte;Tombamento;1;2;;;;;1
17/12/2013;16:23:00;314;com vítima;59,6;BR-116/PR;Norte;Capotamento;1;3;1;;;;1
17/12/2013;22:45:00;439;sem vítima;282,3;BR-116/PR;Norte;Colisão Traseira;1;3;;;;;1
17/12/2013;03:44:00;77;sem vítima;304,5;BR-116/PR;Norte;Colisão Lateral;2;3;;;;;1
17/12/2013;18:07:00;356;sem vítima;305,8;BR-116/PR;Sul;Colisão Traseira;1;4;;;;;1
17/12/2013;07:31:00;132;com vítima;328;BR-116/PR;Norte;Tombamento;1;0;;1;;;2
17/12/2013;21:47:00;422;sem vítima;404,15;BR-116/PR;Sul;Colisão Traseira;1;2;;;;;1
17/12/2013;06:13:00;107;sem vítima;427,6;BR-116/PR;Norte;Saida de Pista;1;2;;;;;1
17/12/2013;20:11:00;399;sem vítima;511,5;BR-116/PR;Sul;Tombamento;1;1;;;;;1
17/12/2013;18:35:00;368;sem vítima;543;BR-116/PR;Norte;Colisão Traseira;1;2;;;;;1
18/12/2013;04:58:00;75;com vítima;33,3;BR-116/PR;Norte;Tombamento;1;0;1;;;;1
18/12/2013;02:53:00;42;sem vítima;37;BR-116/PR;Norte;Saida de Pista;1;1;;;;;1
18/12/2013;01:09:00;18;sem vítima;294,5;BR-116/PR;Sul;Colisão Traseira;2;2;;;;;1
18/12/2013;05:16:00;80;com vítima;299,1;BR-116/PR;Sul;Colisão Traseira;2;1;;;2;;2
18/12/2013;07:32:00;118;sem vítima;386,3;BR-116/PR;Sul;Saida de Pista;1;1;;;;;1
18/12/2013;07:35:00;119;com vítima;550,3;BR-116/PR;Norte;Tombamento;1;0;;1;;;2
19/12/2013;02:41:00;53;com vítima;339,6;BR-116/PR;Sul;Tombamento;1;0;1;;;;1
19/12/2013;03:39:00;62;sem vítima;504;BR-116/PR;Sul;Tombamento;1;2;;;;;1
19/12/2013;06:53:00;93;sem vítima;508,5;BR-116/PR;Norte;Colisão Traseira;2;3;;;;;1
19/12/2013;08:35:00;125;sem vítima;512;BR-116/PR;Norte;Colisão Traseira;2;2;;;;;1
19/12/2013;14:13:00;235;com vítima;545;BR-116/PR;Norte;Tombamento;1;0;;1;;;2
19/12/2013;02:49:00;55;sem vítima;548,2;BR-116/PR;Sul;Choque - Talude;1;1;;;;;1
19/12/2013;04:46:00;76;com vítima;548,5;BR-116/PR;Norte;Tombamento;1;1;1;;;;1
20/12/2013;15:30:00;306;com vítima;9,2;BR-116/PR;Sul;Colisão Traseira;2;1;2;;;;1
20/12/2013;08:52:00;170;sem vítima;27,2;BR-116/PR;Sul;Colisão Traseira;2;2;;;;;1
20/12/2013;21:52:00;448;sem vítima;52;BR-116/PR;Sul;Colisão Traseira;1;4;;;;;1
20/12/2013;18:11:00;378;sem vítima;289,3;BR-116/PR;Sul;Colisão Lateral;1;3;;;;;1
20/12/2013;18:28:00;384;sem vítima;289,4;BR-116/PR;Sul;Colisão Lateral;1;2;;;;;1
20/12/2013;07:59:00;148;sem vítima;341,5;BR-116/PR;Sul;Colisão Traseira;2;2;;;;;1
20/12/2013;07:46:00;136;sem vítima;388,6;BR-116/PR;Norte;Colisão Traseira;2;3;;;;;1
20/12/2013;16:34:00;336;sem vítima;461,2;BR-116/PR;Norte;Colisão Traseira;2;2;;;;;1
20/12/2013;03:35:00;83;sem vítima;477,5;BR-116/PR;Sul;Tombamento;1;1;;;;;1
20/12/2013;00:23:00;21;sem vítima;495;BR-116/PR;Norte;Saida de Pista;1;1;;;;;1
20/12/2013;01:00:00;39;com vítima;519;BR-116/PR;Sul;Colisão Traseira;2;2;1;;;;1
20/12/2013;06:06:00;105;sem vítima;523;BR-116/PR;Norte;Colisão Traseira;2;2;;;;;1
20/12/2013;11:28:00;227;sem vítima;564,9;BR-116/PR;Sul;Tombamento;1;1;;;;;1
21/12/2013;13:26:00;307;sem vítima;348,6;BR-116/PR;Sul;Colisão Traseira;1;4;;;;;1
21/12/2013;04:54:00;95;sem vítima;431,3;BR-116/PR;Sul;Saida de Pista;1;1;;;;;1
21/12/2013;00:21:00;11;sem vítima;434,2;BR-116/PR;Sul;Colisão Traseira;2;2;;;;;1
21/12/2013;00:28:00;14;com vítima;434,2;BR-116/PR;Sul;Colisão Traseira;1;1;;1;;;2
21/12/2013;17:28:00;407;sem vítima;480,95;BR-116/PR;Sul;Tombamento;1;2;;;;;1
21/12/2013;19:51:00;469;sem vítima;492,5;BR-116/PR;Sul;Saida de Pista;1;1;;;;;1
21/12/2013;18:55:00;444;sem vítima;522;BR-116/PR;Sul;Saida de Pista;1;5;;;;;1
21/12/2013;20:08:00;477;com vítima;526;BR-116/PR;Norte;Saida de Pista;1;1;2;;;;1
22/12/2013;23:29:00;446;sem vítima;485,7;BR-116/PR;Norte;Colisão Traseira;1;6;;;;;1
22/12/2013;14:39:00;257;sem vítima;541,4;BR-116/PR;Sul;Colisão Traseira;2;2;;;;;1
22/12/2013;12:46:00;221;com vítima;568,1;BR-116/PR;Sul;Choque - Defensa, barreira ou  submarino ;1;2;;1;;;2
23/12/2013;14:47:00;256;sem vítima;294,5;BR-116/PR;Sul;Colisão Lateral;2;2;;;;;1
23/12/2013;10:15:00;177;com vítima;328;BR-116/PR;Norte;Saida de Pista;1;1;2;;;;1
23/12/2013;23:49:00;417;sem vítima;444,5;BR-116/PR;Sul;Colisão Traseira;2;2;;;;;1
24/12/2013;12:02:00;160;com vítima;271;BR-116/PR;Sul;Colisão Lateral;1;1;;1;;;2
24/12/2013;15:42:00;217;com vítima;304,8;BR-116/PR;Sul;Colisão Lateral;1;1;;;1;1;3
24/12/2013;05:00:00;52;com vítima;457;BR-116/PR;Sul;Tombamento;1;0;3;;;;1
25/12/2013;17:11:00;209;com vítima;306;BR-116/PR;Sul;Saida de Pista;1;0;;1;;;2
25/12/2013;07:54:00;63;sem vítima;419,3;BR-116/PR;Norte;Colisão Lateral;1;3;;;;;1
26/12/2013;11:20:00;214;com vítima;307,5;BR-116/PR;Norte;Colisão Traseira;2;2;;1;1;;2
26/12/2013;16:48:00;335;com vítima;415,6;BR-116/PR;Sul;Tombamento;1;0;1;;;;1
27/12/2013;23:33:00;433;sem vítima;298,8;BR-116/PR;Sul;Colisão Lateral;1;2;;;;;1
27/12/2013;01:01:00;14;sem vítima;415,6;BR-116/PR;Norte;Colisão Traseira;2;5;;;;;1
27/12/2013;04:37:00;55;sem vítima;421,3;BR-116/PR;Norte;Colisão Traseira;2;2;;;;;1
27/12/2013;07:17:00;85;sem vítima;426,6;BR-116/PR;Sul;Colisão Traseira;1;3;;;;;1
27/12/2013;02:57:00;35;sem vítima;543;BR-116/PR;Sul;Colisão Lateral;1;5;;;;;1
28/12/2013;21:12:00;390;sem vítima;0,3;BR-116/PR;Sul;Saida de Pista;1;1;;;;;1
28/12/2013;03:22:00;64;com vítima;51,1;BR-116/PR;Sul;Colisão Traseira;2;0;1;;2;;2
28/12/2013;19:55:00;372;sem vítima;283,7;BR-116/PR;Norte;Colisão Lateral;2;2;;;;;1
28/12/2013;05:32:00;90;sem vítima;289,4;BR-116/PR;Norte;Colisão Traseira;1;2;;;;;1
28/12/2013;00:26:00;20;sem vítima;298,8;BR-116/PR;Sul;Colisão Traseira;1;2;;;;;1
28/12/2013;15:48:00;290;com vítima;302,9;BR-116/PR;Sul;Colisão Traseira;1;6;2;;;;1
28/12/2013;05:58:00;97;sem vítima;536,5;BR-116/PR;Norte;Saida de Pista;1;1;;;;;1
28/12/2013;19:15:00;361;sem vítima;549,5;BR-116/PR;Sul;Saida de Pista;2;4;;;;;1
29/12/2013;23:01:00;359;sem vítima;308,5;BR-116/PR;Norte;Tombamento;1;1;;;;;1
29/12/2013;08:40:00;107;com vítima;544,6;BR-116/PR;Norte;Tombamento;1;0;;1;;;2
30/12/2013;00:43:00;13;sem vítima;522,5;BR-116/PR;Norte;Tombamento;1;1;;;;;1
30/12/2013;23:46:00;351;com vítima;544,5;BR-116/PR;Norte;Tombamento;1;0;1;;;;1
02/01/2014;15:19:00;277;com vítima;26,5;BR-116/PR;Norte;Tombamento;1;1;2;;;;1
02/01/2014;21:23:00;413;sem vítima;46,1;BR-116/PR;Norte;Colisão Traseira;2;2;;;;;1
02/01/2014;05:11:00;76;com vítima;321;BR-116/PR;Norte;Colisão Lateral;1;3;1;;;;1
02/01/2014;08:48:00;138;sem vítima;322;BR-116/PR;Norte;Colisão Lateral;1;2;;;;;1
02/01/2014;18:42:00;368;sem vítima;386,7;BR-116/PR;Sul;Saida de Pista;1;2;;;;;1
02/01/2014;21:23:00;414;com vítima;476;BR-116/PR;Sul;Outros - Sequência;1;1;1;;;;1
02/01/2014;04:24:00;67;sem vítima;511,5;BR-116/PR;Norte;Tombamento;1;1;;;;;1
03/01/2014;14:16:00;229;sem vítima;19;BR-116/PR;Norte;Choque - Defensa, barreira ou  submarino ;1;2;;;;;1
03/01/2014;11:23:00;172;com vítima;29,7;BR-116/PR;Norte;Colisão Traseira;1;1;2;;;;1
03/01/2014;11:16:00;171;sem vítima;286;BR-116/PR;Norte;Colisão Lateral;1;4;;;;;1
03/01/2014;07:07:00;91;com vítima;320,5;BR-116/PR;Norte;Colisão Traseira;2;1;1;;1;;2
03/01/2014;12:58:00;206;com vítima;476;BR-116/PR;Sul;Colisão Traseira;1;2;1;;;;1
03/01/2014;09:37:00;145;com vítima;567;BR-116/PR;Norte;Tombamento;1;0;2;;;;1
04/01/2014;14:35:00;246;com vítima;0,5;BR-116/PR;Norte;Tombamento;1;2;1;;;;1
04/01/2014;01:26:00;18;com vítima;390;BR-116/PR;Sul;Saida de Pista;1;0;1;;;;1
04/01/2014;19:03:00;341;sem vítima;485,7;BR-116/PR;Norte;Colisão Traseira;1;2;;;;;1
04/01/2014;02:21:00;28;com vítima;521,8;BR-116/PR;Sul;Tombamento;1;0;1;;;;1
05/01/2014;17:35:00;285;sem vítima;28,2;BR-116/PR;Norte;Tombamento;1;1;;;;;1
05/01/2014;16:46:00;265;sem vítima;357,5;BR-116/PR;Sul;Tombamento;1;1;;;;;1
05/01/2014;05:51:00;78;sem vítima;403;BR-116/PR;Norte;Saida de Pista;1;2;;;;;1
05/01/2014;08:17:00;106;sem vítima;431,3;BR-116/PR;Norte;Colisão Lateral;1;2;;;;;1
05/01/2014;09:34:00;132;sem vítima;513,9;BR-116/PR;Norte;Colisão Traseira;2;2;;;;;1
06/01/2014;18:37:00;347;com vítima;23;BR-116/PR;Norte;Tombamento;1;5;2;;;;1
07/01/2014;19:19:00;375;sem vítima;16;BR-116/CW;Norte;Colisão Lateral;1;5;;;;;1
07/01/2014;06:18:00;93;sem vítima;421,8;BR-116/PR;Norte;Saida de Pista;1;1;;;;;1
07/01/2014;02:00:00;39;sem vítima;426,6;BR-116/PR;Sul;Colisão Traseira;2;2;;;;;1
08/01/2014;09:54:00;207;sem vítima;299;BR-116/PR;Sul;Colisão Traseira;1;2;;;;;1
08/01/2014;18:55:00;425;com vítima;316,8;BR-116/PR;Sul;Tombamento;1;0;1;;;;1
08/01/2014;18:39:00;420;com vítima;524,5;BR-116/PR;Norte;Saida de Pista;1;0;1;;;;1
09/01/2014;04:51:00;83;sem vítima;53,6;BR-116/PR;Sul;Saida de Pista;1;1;;;;;1
09/01/2014;06:32:00;105;sem vítima;370;BR-116/PR;Norte;Colisão Traseira;1;2;;;;;1
09/01/2014;01:10:00;20;sem vítima;401,7;BR-116/PR;Norte;Saida de Pista;1;1;;;;;1
10/01/2014;05:23:00;94;sem vítima;298,6;BR-116/PR;Norte;Colisão Traseira;1;2;;;;;1
10/01/2014;16:47:00;349;sem vítima;301,4;BR-116/PR;Sul;Colisão Lateral;2;2;;;;;1
10/01/2014;06:20:00;104;com vítima;351,7;BR-116/PR;Norte;Colisão Lateral;1;4;2;;;;1
11/01/2014;05:20:00;62;sem vítima;49,3;BR-116/PR;Sul;Saida de Pista;1;1;;;;;1
11/01/2014;01:22:00;19;com vítima;350,6;BR-116/PR;Sul;Tombamento;5;9;;1;;;2
12/01/2014;15:46:00;253;com vítima;22,3;BR-116/PR;Norte;Tombamento;1;0;;;;1;3
12/01/2014;09:28:00;134;com vítima;67;BR-116/PR;Norte;Choque - Talude;1;5;1;;;;1
12/01/2014;20:04:00;358;sem vítima;365;BR-116/PR;Norte;Engavetamento;1;13;;;;;1
12/01/2014;18:08:00;305;sem vítima;443;BR-116/PR;Sul;Colisão Traseira;1;3;;;;;1
12/01/2014;12:25:00;188;sem vítima;514;BR-116/PR;Norte;Colisão Traseira;2;3;;;;;1
13/01/2014;05:18:00;101;sem vítima;9,4;BR-116/PR;Sul;Tombamento;1;1;;;;;1
13/01/2014;05:28:00;104;sem vítima;33,8;BR-116/PR;Sul;Tombamento;1;1;;;;;1
13/01/2014;15:06:00;306;sem vítima;388,8;BR-116/PR;Sul;Saida de Pista;1;1;;;;;1
13/01/2014;03:12:00;65;com vítima;515,5;BR-116/PR;Norte;Colisão Traseira;1;3;3;;;;1
13/01/2014;15:20:00;310;sem vítima;550;BR-116/PR;Norte;Tombamento;1;1;;;;;1
14/01/2014;15:24:00;274;sem vítima;9,4;BR-116/PR;Sul;Colisão Traseira;4;4;;;;;1
14/01/2014;16:57:00;306;sem vítima;276;BR-116/PR;Norte;Colisão Traseira;1;2;;;;;1
14/01/2014;15:05:00;270;sem vítima;279,4;BR-116/PR;Sul;Engavetamento;2;3;;;;;1
14/01/2014;12:47:00;220;sem vítima;340,3;BR-116/PR;Sul;Colisão Traseira;1;5;;;;;1
14/01/2014;11:21:00;185;sem vítima;342;BR-116/PR;Sul;Colisão Lateral;1;3;;;;;1
14/01/2014;13:08:00;225;sem vítima;347,9;BR-116/PR;Sul;Colisão Traseira;2;4;;;;;1
14/01/2014;08:32:00;117;com vítima;357,7;BR-116/PR;Sul;Colisão Traseira;2;1;;1;;;2
14/01/2014;15:25:00;275;sem vítima;511;BR-116/PR;Sul;Tombamento;1;1;;;;;1
15/01/2014;13:18:00;271;sem vítima;298,6;BR-116/PR;Norte;Colisão Traseira;1;2;;;;;1
15/01/2014;18:25:00;379;sem vítima;324,8;BR-116/PR;Sul;Colisão Traseira;2;2;;;;;1
15/01/2014;00:14:00;10;sem vítima;370,4;BR-116/PR;Norte;Colisão Traseira;1;2;;;;;1
15/01/2014;22:54:00;434;sem vítima;426,6;BR-116/PR;Norte;Colisão Traseira;1;2;;;;;1
15/01/2014;02:04:00;51;sem vítima;451,1;BR-116/PR;Norte;Saida de Pista;1;1;;;;;1
16/01/2014;14:57:00;282;sem vítima;1,1;BR-116/PR;Sul;Saida de Pista;1;2;;;;;1
16/01/2014;09:37:00;174;com vítima;26;BR-116/PR;Norte;Tombamento;1;0;1;;;;1
16/01/2014;09:16:00;164;com vítima;57,2;BR-116/PR;Norte;Colisão Traseira;1;1;1;;;;1
16/01/2014;00:13:00;5;sem vítima;322,2;BR-116/PR;Norte;Colisão Traseira;2;2;;;;;1
16/01/2014;17:43:00;342;sem vítima;339,9;BR-116/PR;Sul;Saida de Pista;1;1;;;;;1
16/01/2014;18:21:00;352;sem vítima;343,6;BR-116/PR;Norte;Colisão Lateral;2;7;;;;;1
16/01/2014;03:01:00;51;sem vítima;345,3;BR-116/PR;Sul;Colisão Traseira;2;2;;;;;1
16/01/2014;13:53:00;251;sem vítima;389,8;BR-116/PR;Sul;Saida de Pista;1;1;;;;;1
16/01/2014;21:55:00;403;com vítima;420;BR-116/PR;Norte;Colisão Traseira;1;1;2;;;;1
16/01/2014;04:26:00;69;sem vítima;431;BR-116/PR;Norte;Tombamento;1;1;;;;;1
16/01/2014;05:10:00;76;sem vítima;481,9;BR-116/PR;Norte;Saida de Pista;1;1;;;;;1
17/01/2014;16:10:00;326;com vítima;10,3;BR-116/CW;Sul;Colisão Traseira;1;3;;1;;;2
17/01/2014;07:01:00;117;sem vítima;57,7;BR-116/PR;Norte;Tombamento;1;1;;;;;1
17/01/2014;16:49:00;332;sem vítima;298,6;BR-116/PR;Sul;Colisão Traseira;1;2;;;;;1
17/01/2014;22:10:00;420;sem vítima;306,7;BR-116/PR;Sul;Tombamento;1;2;;;;;1
17/01/2014;18:20:00;368;sem vítima;336,2;BR-116/PR;Norte;Colisão Lateral;1;19;;;;;1
17/01/2014;16:03:00;322;sem vítima;340,1;BR-116/PR;Sul;Colisão Traseira;2;3;;;;;1
17/01/2014;16:07:00;325;com vítima;340,5;BR-116/PR;Sul;Colisão Traseira;1;6;1;;;;1
17/01/2014;17:35:00;346;sem vítima;403,4;BR-116/PR;Norte;Choque - Veiculo parado no acostamento;2;2;;;;;1
17/01/2014;03:43:00;59;sem vítima;437,4;BR-116/PR;Norte;Colisão Traseira;2;3;;;;;1
18/01/2014;00:28:00;16;com vítima;28;BR-116/PR;Sul;Colisão Lateral;1;1;2;;;;1
18/01/2014;09:12:00;169;sem vítima;29,5;BR-116/PR;Sul;Saida de Pista;1;3;;;;;1
18/01/2014;06:13:00;97;sem vítima;339,4;BR-116/PR;Sul;Choque - Defensa, barreira ou  submarino ;1;5;;;;;1
18/01/2014;11:21:00;217;sem vítima;348;BR-116/PR;Norte;Saida de Pista;1;1;;;;;1
18/01/2014;16:31:00;319;sem vítima;448;BR-116/PR;Sul;Colisão Lateral;1;5;;;;;1
18/01/2014;17:36:00;339;sem vítima;463,4;BR-116/PR;Sul;Colisão Traseira;1;2;;;;;1
18/01/2014;19:59:00;382;sem vítima;503,8;BR-116/PR;Sul;Colisão Lateral;1;3;;;;;1
19/01/2014;05:37:00;66;com vítima;23;BR-116/PR;Sul;Colisão Traseira;1;1;1;;;;1
19/01/2014;14:43:00;221;sem vítima;401,5;BR-116/PR;Sul;Colisão Lateral;1;2;;;;;1
19/01/2014;22:17:00;388;sem vítima;487,4;BR-116/PR;Norte;Colisão Traseira;1;2;;;;;1
20/01/2014;03:15:00;46;sem vítima;415;BR-116/PR;Norte;Tombamento;1;2;;;;;1
20/01/2014;08:03:00;92;sem vítima;513;BR-116/PR;Norte;Tombamento;1;1;;;;;1
20/01/2014;23:31:00;378;sem vítima;542,9;BR-116/PR;Sul;Colisão Lateral;2;2;;;;;1
21/01/2014;17:34:00;348;com vítima;14,5;BR-116/PR;Norte;Choque - Defensa, barreira ou  submarino ;1;1;1;;;;1
21/01/2014;13:00:00;255;sem vítima;305,4;BR-116/PR;Norte;Colisão Lateral;1;5;;;;;1
21/01/2014;16:05:00;311;sem vítima;342;BR-116/PR;Sul;Colisão Traseira;2;2;;;;;1
21/01/2014;16:52:00;334;sem vítima;414,8;BR-116/PR;Sul;Colisão Traseira;2;3;;;;;1
21/01/2014;02:32:00;61;sem vítima;459;BR-116/PR;Sul;Tombamento;1;1;;;;;1
21/01/2014;18:57:00;375;sem vítima;544,5;BR-116/PR;Sul;Colisão Lateral;2;2;;;;;1
22/01/2014;17:44:00;362;sem vítima;8;BR-116/PR;Sul;Saida de Pista;1;1;;;;;1
22/01/2014;16:53:00;341;sem vítima;17;BR-116/PR;Norte;Choque - Outros;1;1;;;;;1
22/01/2014;05:28:00;100;sem vítima;320,6;BR-116/PR;Norte;Colisão Traseira;2;2;;;;;1
22/01/2014;22:29:00;443;sem vítima;350,2;BR-116/PR;Norte;Colisão Traseira;2;2;;;;;1
22/01/2014;15:17:00;302;com vítima;408,5;BR-116/PR;Norte;Choque - Defensa, barreira ou  submarino ;1;0;1;;;;1
22/01/2014;08:26:00;140;com vítima;509,7;BR-116/PR;Norte;Tombamento;1;0;1;;;;1
23/01/2014;10:54:00;236;sem vítima;16,5;BR-116/CW;Sul;Tombamento;1;1;;;;;1
23/01/2014;13:08:00;273;com vítima;289,4;BR-116/PR;Norte;Atropelamento - Morador;1;1;1;;;1;3
23/01/2014;13:28:00;278;sem vítima;289,5;BR-116/PR;Norte;Colisão Lateral;1;2;;;;;1
23/01/2014;06:55:00;115;sem vítima;419,8;BR-116/PR;Sul;Colisão Traseira;2;3;;;;;1
23/01/2014;03:13:00;52;sem vítima;443,2;BR-116/PR;Norte;Colisão Traseira;2;3;;;;;1
23/01/2014;20:01:00;427;sem vítima;509,5;BR-116/PR;Norte;Tombamento;1;2;;;;;1
23/01/2014;15:04:00;307;sem vítima;547,8;BR-116/PR;Sul;Saida de Pista;1;1;;;;;1
24/01/2014;21:21:00;452;sem vítima;6,8;BR-116/PR;Sul;Engavetamento;1;5;;;;;1
24/01/2014;20:11:00;431;sem vítima;19;BR-116/PR;Norte;Saida de Pista;1;1;;;;;1
24/01/2014;14:52:00;319;com vítima;342;BR-116/PR;Sul;Colisão Traseira;3;3;;1;;;2
24/01/2014;08:03:00;133;sem vítima;348;BR-116/PR;Sul;Colisão Lateral;1;5;;;;;1
24/01/2014;15:09:00;325;sem vítima;428,8;BR-116/PR;Norte;Saida de Pista;1;1;;;;;1
24/01/2014;08:48:00;163;sem vítima;508,5;BR-116/PR;Sul;Colisão Lateral;1;5;;;;;1
25/01/2014;03:35:00;62;sem vítima;56;BR-116/PR;Sul;Colisão Lateral;1;1;;;;;1
25/01/2014;16:37:00;348;sem vítima;280;BR-116/PR;Sul;Colisão Lateral;1;2;;;;;1
25/01/2014;09:57:00;184;sem vítima;319,7;BR-116/PR;Sul;Colisão Traseira;1;4;;;;;1
25/01/2014;22:54:00;461;com vítima;357,9;BR-116/PR;Sul;Saida de Pista;2;0;2;;;;1
25/01/2014;16:13:00;342;com vítima;392,7;BR-116/PR;Sul;Saida de Pista;1;0;;1;;;2
26/01/2014;05:03:00;78;com vítima;289,4;BR-116/PR;Sul;Colisão Traseira;1;1;1;1;;;2
26/01/2014;19:38:00;366;sem vítima;308;BR-116/PR;Norte;Tombamento;1;2;;;;;1
27/01/2014;00:27:00;10;sem vítima;312,8;BR-116/PR;Norte;Colisão Traseira;1;3;;;;;1
27/01/2014;22:22:00;377;sem vítima;323;BR-116/PR;Norte;Colisão Traseira;2;4;;;;;1
28/01/2014;01:08:00;25;com vítima;269;BR-116/PR;Norte;Colisão Lateral;1;3;2;;;;1
28/01/2014;14:56:00;267;sem vítima;279,9;BR-116/PR;Sul;Engavetamento;1;4;;;;;1
28/01/2014;15:07:00;270;sem vítima;298,6;BR-116/PR;Sul;Colisão Traseira;1;2;;;;;1
28/01/2014;23:18:00;420;sem vítima;316,3;BR-116/PR;Norte;Colisão Lateral;2;2;;;;;1
28/01/2014;13:19:00;240;com vítima;347;BR-116/PR;Sul;Engavetamento;1;2;1;;;;1
28/01/2014;12:30:00;219;com vítima;347,3;BR-116/PR;Norte;Tombamento;1;0;;1;;1;3
28/01/2014;01:15:00;26;com vítima;364,3;BR-116/PR;Norte;Tombamento;1;0;1;;;;1
28/01/2014;09:36:00;161;sem vítima;408,6;BR-116/PR;Norte;Tombamento;1;2;;;;;1
28/01/2014;17:21:00;329;com vítima;442,2;BR-116/PR;Sul;Colisão Traseira;2;1;;1;;;2
29/01/2014;17:09:00;383;sem vítima;301,1;BR-116/PR;Norte;Colisão Traseira;1;2;;;;;1
29/01/2014;16:49:00;371;sem vítima;357,4;BR-116/PR;Norte;Colisão Lateral;2;2;;;;;1
29/01/2014;01:16:00;26;sem vítima;423;BR-116/PR;Norte;Saida de Pista;1;1;;;;;1
29/01/2014;11:21:00;245;sem vítima;564,2;BR-116/PR;Sul;Tombamento;1;1;;;;;1
30/01/2014;06:11:00;115;sem vítima;329,5;BR-116/PR;Sul;Colisão Lateral;1;3;;;;;1
30/01/2014;16:23:00;330;sem vítima;377;BR-116/PR;Norte;Colisão Lateral;2;2;;;;;1