data;horario;n_da_ocorrencia;tipo_de_ocorrencia;km;trecho;sentido;tipo_de_acidente;caminhao;ilesos;levemente_feridos;moderadamente_feridos;gravemente_feridos;mortos;3
30/01/2014;18:17:00;372;sem vítima;392,5;BR-116/PR;Sul;Saida de Pista;1;1;;;;;1
30/01/2014;15:31:00;312;com vítima;440;BR-116/PR;Sul;Colisão Traseira;1;1;;;1;;2
30/01/2014;23:26:00;458;sem vítima;485,7;BR-116/PR;Sul;Engavetamento;3;5;;;;;1
30/01/2014;22:06:00;438;com vítima;513;BR-116/PR;Norte;Tombamento;1;0;1;;;;1
30/01/2014;16:26:00;332;sem vítima;565,5;BR-116/PR;Norte;Saida de Pista;1;1;;;;;1
31/01/2014;06:45:00;114;sem vítima;279;BR-116/PR;Norte;Colisão Lateral;1;2;;;;;1
31/01/2014;06:29:00;109;sem vítima;434,5;BR-116/PR;Norte;Colisão Traseira;1;17;;;;;1
31/01/2014;01:07:00;24;com vítima;436;BR-116/PR;Sul;Colisão Traseira;3;2;;1;;;2
31/01/2014;05:53:00;101;sem vítima;464,8;BR-116/PR;Sul;Colisão Lateral;2;2;;;;;1
31/01/2014;22:27:00;427;com vítima;472,2;BR-116/PR;Norte;Colisão Traseira;1;1;;1;;;2
31/01/2014;08:57:00;168;sem vítima;499,8;BR-116/PR;Sul;Tombamento;1;1;;;;;1
31/01/2014;20:46:00;406;com vítima;523,9;BR-116/PR;Norte;Tombamento;1;0;1;;;;1
01/02/2014;07:55:00;139;com vítima;291,7;BR-116/PR;Norte;Colisão Traseira;2;1;1;1;;;2
01/02/2014;21:22:00;411;com vítima;320,2;BR-116/PR;Norte;Colisão Lateral;1;3;1;;;;1
01/02/2014;01:09:00;26;com vítima;479,4;BR-116/PR;Sul;Atropelamento - Ciclista;1;1;;;;1;3
01/02/2014;07:28:00;126;com vítima;500,5;BR-116/PR;Sul;Tombamento;1;0;1;;;;1
02/02/2014;15:00:00;288;sem vítima;311,8;BR-116/PR;Sul;Colisão Traseira;1;3;;;;;1
02/02/2014;12:58:00;234;sem vítima;321;BR-116/PR;Sul;Colisão Lateral;2;2;;;;;1
02/02/2014;11:29:00;199;sem vítima;370;BR-116/PR;Sul;Colisão Lateral;1;5;;;;;1
02/02/2014;17:55:00;376;sem vítima;426,6;BR-116/PR;Norte;Colisão Traseira;1;2;;;;;1
02/02/2014;01:01:00;23;sem vítima;520;BR-116/PR;Sul;Tombamento;1;1;;;;;1
02/02/2014;11:49:00;205;sem vítima;529,3;BR-116/PR;Norte;Colisão Traseira;2;2;;;;;1
03/02/2014;05:27:00;124;sem vítima;301,5;BR-116/PR;Norte;Colisão Traseira;2;2;;;;;1
03/02/2014;06:35:00;139;sem vítima;359,5;BR-116/PR;Sul;Colisão Lateral;1;2;;;;;1
03/02/2014;07:25:00;149;com vítima;545,3;BR-116/PR;Norte;Choque - Talude;1;0;1;;;;1
04/02/2014;21:14:00;397;com vítima;296,6;BR-116/PR;Sul;Tombamento;1;0;1;;;;1
04/02/2014;11:54:00;226;sem vítima;347,4;BR-116/PR;Norte;Saida de Pista;1;2;;;;;1
04/02/2014;22:17:00;410;sem vítima;351;BR-116/PR;Norte;Colisão Traseira;2;3;;;;;1
04/02/2014;05:22:00;61;sem vítima;515,8;BR-116/PR;Sul;Colisão Traseira;2;2;;;;;1
04/02/2014;13:00:00;248;sem vítima;527;BR-116/PR;Norte;Colisão Traseira;2;2;;;;;1
04/02/2014;00:57:00;21;sem vítima;544,6;BR-116/PR;Norte;Tombamento;1;2;;;;;1
04/02/2014;23:59:00;432;sem vítima;545,7;BR-116/PR;Norte;Tombamento;1;1;;;;;1
04/02/2014;10:30:00;200;sem vítima;550,2;BR-116/PR;Norte;Tombamento;1;1;;;;;1
04/02/2014;16:50:00;316;sem vítima;560,5;BR-116/PR;Sul;Choque - Defensa, barreira ou  submarino ;1;1;;;;;1
05/02/2014;06:20:00;75;sem vítima;298,6;BR-116/PR;Sul;Colisão Traseira;1;2;;;;;1
05/02/2014;05:14:00;65;com vítima;502,3;BR-116/PR;Sul;Tombamento;1;0;;1;;;2
06/02/2014;14:29:00;274;com vítima;28,7;BR-116/PR;Norte;Tombamento;1;0;1;;;;1
06/02/2014;15:26:00;297;sem vítima;390,6;BR-116/PR;Norte;Saida de Pista;1;1;;;;;1
06/02/2014;20:54:00;430;com vítima;398,7;BR-116/PR;Sul;Colisão Traseira;2;1;;;1;;2
06/02/2014;03:15:00;69;sem vítima;418,9;BR-116/PR;Norte;Tombamento;1;1;;;;;1
06/02/2014;08:46:00;160;sem vítima;544,5;BR-116/PR;Norte;Tombamento;1;1;;;;;1
07/02/2014;07:43:00;133;sem vítima;284,8;BR-116/PR;Norte;Colisão Traseira;1;2;;;;;1
07/02/2014;13:38:00;293;sem vítima;322,3;BR-116/PR;Norte;Colisão Traseira;1;3;;;;;1
07/02/2014;02:05:00;37;sem vítima;339;BR-116/PR;Norte;Colisão Traseira;2;2;;;;;1
07/02/2014;22:09:00;485;sem vítima;360,4;BR-116/PR;Sul;Tombamento;1;1;;;;;1
07/02/2014;06:59:00;117;sem vítima;398;BR-116/PR;Sul;Tombamento;1;1;;;;;1
07/02/2014;05:36:00;99;com vítima;517;BR-116/PR;Norte;Colisão Traseira;2;1;;;1;;2
08/02/2014;18:13:00;370;sem vítima;12;BR-116/CW;Norte;Saida de Pista;1;3;;;;;1
08/02/2014;10:14:00;181;com vítima;15,1;BR-116/CW;Norte;Choque - Outros;1;0;1;;;;1
08/02/2014;05:53:00;99;sem vítima;46,8;BR-116/PR;Sul;Saida de Pista;1;1;;;;;1
08/02/2014;15:59:00;307;com vítima;322,3;BR-116/PR;Sul;Colisão Lateral;1;4;1;;;;1
08/02/2014;18:06:00;368;com vítima;328,9;BR-116/PR;Norte;Colisão Traseira;1;1;3;1;;;2
09/02/2014;17:03:00;321;com vítima;21,6;BR-116/PR;Norte;Choque - Veiculo parado na pista;1;3;1;;;;1
09/02/2014;07:30:00;97;sem vítima;284;BR-116/PR;Sul;Colisão Lateral;1;6;;;;;1
09/02/2014;18:34:00;358;sem vítima;305;BR-116/PR;Norte;Colisão Traseira;1;5;;;;;1
10/02/2014;23:24:00;433;sem vítima;27;BR-116/PR;Sul;Colisão Traseira;2;2;;;;;1
10/02/2014;19:58:00;383;com vítima;33,4;BR-116/PR;Norte;Tombamento;1;0;1;;;;1
10/02/2014;22:50:00;428;sem vítima;301,7;BR-116/PR;Sul;Tombamento;1;1;;;;;1
10/02/2014;00:08:00;4;sem vítima;354;BR-116/PR;Norte;Engavetamento;1;4;;;;;1
10/02/2014;00:21:00;8;sem vítima;415,4;BR-116/PR;Norte;Colisão Traseira;1;2;;;;;1
11/02/2014;23:06:00;419;com vítima;57,8;BR-116/PR;Norte;Tombamento;1;0;1;;;;1
11/02/2014;13:49:00;246;com vítima;282,5;BR-116/PR;Norte;Colisão Traseira;1;2;;;;1;3
11/02/2014;18:00:00;342;com vítima;301;BR-116/PR;Sul;Tombamento;1;0;1;;;;1
11/02/2014;10:32:00;195;com vítima;393;BR-116/PR;Sul;Saida de Pista;1;2;1;;;;1
11/02/2014;04:57:00;90;com vítima;511,4;BR-116/PR;Norte;Tombamento;1;0;1;;;;1
12/02/2014;16:10:00;311;sem vítima;17,4;BR-116/PR;Norte;Tombamento;1;1;;;;;1
12/02/2014;20:07:00;392;sem vítima;308;BR-116/PR;Sul;Colisão Lateral;1;2;;;;;1
12/02/2014;20:00:00;390;sem vítima;342,3;BR-116/PR;Sul;Colisão Traseira;1;2;;;;;1
12/02/2014;19:54:00;388;sem vítima;442,9;BR-116/PR;Sul;Colisão Lateral;1;2;;;;;1
12/02/2014;14:31:00;274;sem vítima;496,9;BR-116/PR;Norte;Choque - Defensa, barreira ou  submarino ;1;1;;;;;1
13/02/2014;23:15:00;399;sem vítima;17;BR-116/PR;Norte;Tombamento;1;2;;;;;1
13/02/2014;23:56:00;410;sem vítima;17;BR-116/PR;Norte;Colisão Traseira;2;3;;;;;1
13/02/2014;06:56:00;93;com vítima;17,4;BR-116/PR;Norte;Tombamento;1;0;;1;;;2
13/02/2014;16:53:00;290;sem vítima;49,85;BR-116/PR;Sul;Saida de Pista;1;2;;;;;1
13/02/2014;07:36:00;106;com vítima;53,9;BR-116/PR;Sul;Colisão Frontal;2;1;2;;;;1
13/02/2014;22:01:00;380;sem vítima;66,2;BR-116/PR;Norte;Choque - Defensa, barreira ou  submarino ;1;1;;;;;1
13/02/2014;18:44:00;334;sem vítima;284;BR-116/PR;Norte;Tombamento;1;2;;;;;1
13/02/2014;02:00:00;45;sem vítima;338,2;BR-116/PR;Sul;Colisão Lateral;2;2;;;;;1
13/02/2014;15:41:00;267;com vítima;344,1;BR-116/PR;Norte;Tombamento;1;0;1;;;;1
13/02/2014;02:47:00;56;sem vítima;486,5;BR-116/PR;Norte;Saida de Pista;1;1;;;;;1
13/02/2014;06:19:00;85;com vítima;521,5;BR-116/PR;Sul;Tombamento;1;0;1;;;;1
13/02/2014;08:59:00;137;sem vítima;554,8;BR-116/PR;Norte;Colisão Frontal;2;2;;;;;1
14/02/2014;17:40:00;376;sem vítima;1;BR-116/PR;Sul;Engavetamento;1;4;;;;;1
14/02/2014;07:34:00;122;sem vítima;24;BR-116/PR;Norte;Choque - Talude;1;1;;;;;1
14/02/2014;13:37:00;269;com vítima;71;BR-116/PR;Norte;Choque - Defensa, barreira ou  submarino ;1;0;1;;;;1
14/02/2014;04:32:00;77;sem vítima;294;BR-116/PR;Sul;Colisão Lateral;1;3;;;;;1
14/02/2014;16:37:00;349;sem vítima;305,9;BR-116/PR;Sul;Choque - Defensa, barreira ou  submarino ;1;1;;;;;1
14/02/2014;03:40:00;70;sem vítima;316,8;BR-116/PR;Sul;Tombamento;1;1;;;;;1
14/02/2014;22:29:00;448;sem vítima;337,3;BR-116/PR;Sul;Engavetamento;2;9;;;;;1
14/02/2014;18:35:00;393;sem vítima;357,9;BR-116/PR;Sul;Choque - Defensa, barreira ou  submarino ;1;1;;;;;1
14/02/2014;16:25:00;344;com vítima;366,8;BR-116/PR;Sul;Tombamento;1;0;1;;;;1
14/02/2014;18:01:00;384;sem vítima;369,7;BR-116/PR;Norte;Colisão Traseira;1;3;;;;;1
14/02/2014;19:39:00;415;sem vítima;390;BR-116/PR;Sul;Tombamento;1;1;;;;;1
14/02/2014;19:47:00;417;com vítima;406;BR-116/PR;Norte;Colisão Traseira;1;2;1;1;;;2
14/02/2014;17:46:00;377;sem vítima;481,6;BR-116/PR;Sul;Colisão Lateral;2;3;;;;;1
14/02/2014;17:15:00;363;sem vítima;515,8;BR-116/PR;Norte;Saida de Pista;1;1;;;;;1
15/02/2014;14:30:00;266;sem vítima;3;BR-116/PR;Norte;Colisão Traseira;2;2;;;;;1
15/02/2014;10:43:00;215;sem vítima;30,4;BR-116/PR;Sul;Saida de Pista;1;6;;;;;1
15/02/2014;14:52:00;271;sem vítima;338;BR-116/PR;Sul;Saida de Pista;1;1;;;;;1
15/02/2014;08:08:00;155;sem vítima;341,2;BR-116/PR;Sul;Colisão Traseira;1;5;;;;;1
15/02/2014;13:45:00;257;sem vítima;388,2;BR-116/PR;Sul;Saida de Pista;1;2;;;;;1
15/02/2014;14:03:00;261;sem vítima;388,5;BR-116/PR;Sul;Saida de Pista;1;1;;;;;1
15/02/2014;08:58:00;181;com vítima;389,4;BR-116/PR;Sul;Tombamento;1;1;1;;;;1
15/02/2014;09:17:00;188;sem vítima;389,7;BR-116/PR;Sul;Colisão Traseira;2;2;;;;;1
15/02/2014;07:31:00;133;sem vítima;402;BR-116/PR;Sul;Colisão Traseira;1;2;;;;;1
15/02/2014;12:17:00;242;sem vítima;426,2;BR-116/PR;Sul;Saida de Pista;1;1;;;;;1
15/02/2014;05:14:00;102;sem vítima;426,3;BR-116/PR;Sul;Tombamento;1;2;;;;;1
15/02/2014;20:31:00;387;com vítima;483,9;BR-116/PR;Norte;Tombamento;1;0;1;;;;1
16/02/2014;16:00:00;296;sem vítima;1;BR-116/PR;Sul;Colisão Lateral;1;2;;;;;1
16/02/2014;23:08:00;461;com vítima;300,8;BR-116/PR;Norte;Atropelamento - Usuário;1;7;;;;1;3
16/02/2014;17:34:00;338;sem vítima;349,4;BR-116/PR;Sul;Saida de Pista;1;1;;;;;1
16/02/2014;22:47:00;452;sem vítima;351,4;BR-116/PR;Norte;Colisão Lateral;2;2;;;;;1
16/02/2014;19:13:00;375;sem vítima;543;BR-116/PR;Norte;Colisão Traseira;2;2;;;;;1
17/02/2014;16:03:00;295;sem vítima;12,2;BR-116/PR;Norte;Colisão Traseira;1;2;;;;;1
17/02/2014;02:19:00;38;com vítima;335,5;BR-116/PR;Norte;Tombamento;1;0;;1;;;2
17/02/2014;14:42:00;272;sem vítima;426,6;BR-116/PR;Sul;Colisão Traseira;1;2;;;;;1
17/02/2014;11:36:00;211;sem vítima;445;BR-116/PR;Norte;Choque - Poste;1;1;;;;;1
17/02/2014;15:09:00;279;sem vítima;550;BR-116/PR;Norte;Colisão Traseira;2;4;;;;;1
18/02/2014;17:07:00;372;sem vítima;10;BR-116/CW;Norte;Colisão Lateral;2;2;;;;;1
18/02/2014;14:42:00;327;sem vítima;56,8;BR-116/PR;Norte;Saida de Pista;1;1;;;;;1
18/02/2014;10:47:00;260;sem vítima;62;BR-116/PR;Sul;Colisão Traseira;1;2;;;;;1
18/02/2014;23:14:00;469;sem vítima;517,9;BR-116/PR;Sul;Saida de Pista;1;1;;;;;1
19/02/2014;16:53:00;311;sem vítima;279,6;BR-116/PR;Norte;Colisão Traseira;2;4;;;;;1
19/02/2014;00:46:00;11;com vítima;415;BR-116/PR;Norte;Tombamento;1;0;;;;1;3
19/02/2014;14:50:00;275;com vítima;455,25;BR-116/PR;Sul;Colisão Traseira;1;1;1;;;;1
20/02/2014;09:34:00;180;sem vítima;2,9;BR-116/PR;Sul;Tombamento;1;1;;;;;1
20/02/2014;07:46:00;115;sem vítima;24,3;BR-116/PR;Sul;Colisão Traseira;1;2;;;;;1
20/02/2014;17:26:00;348;com vítima;33;BR-116/PR;Norte;Tombamento;1;0;;1;;;2
20/02/2014;15:38:00;309;sem vítima;348,8;BR-116/PR;Sul;Tombamento;1;2;;;;;1
20/02/2014;10:04:00;194;sem vítima;361,8;BR-116/PR;Norte;Colisão Traseira;2;2;;;;;1
20/02/2014;14:48:00;289;sem vítima;426;BR-116/PR;Norte;Colisão Lateral;2;2;;;;;1
20/02/2014;08:57:00;157;sem vítima;563,8;BR-116/PR;Sul;Saida de Pista;1;1;;;;;1
21/02/2014;10:49:00;206;sem vítima;279,9;BR-116/PR;Norte;Colisão Traseira;1;3;;;;;1
21/02/2014;20:38:00;382;com vítima;339,1;BR-116/PR;Sul;Colisão Traseira;1;1;1;;;;1
21/02/2014;02:16:00;34;sem vítima;352,9;BR-116/PR;Norte;Colisão Traseira;2;2;;;;;1
21/02/2014;04:01:00;58;com vítima;391,3;BR-116/PR;Norte;Colisão Traseira;3;1;1;1;;;2
21/02/2014;05:15:00;74;sem vítima;467,5;BR-116/PR;Norte;Colisão Lateral;1;3;;;;;1
21/02/2014;06:28:00;88;com vítima;515;BR-116/PR;Sul;Tombamento;1;0;1;;;;1
22/02/2014;12:03:00;189;com vítima;33,2;BR-116/PR;Norte;Tombamento;1;0;1;;;;1
22/02/2014;08:29:00;127;sem vítima;67,1;BR-116/PR;Sul;Colisão Lateral;2;2;;;;;1
22/02/2014;15:56:00;249;sem vítima;307,4;BR-116/PR;Norte;Saida de Pista;1;1;;;;;1
22/02/2014;15:26:00;232;sem vítima;316,7;BR-116/PR;Norte;Saida de Pista;1;2;;;;;1
22/02/2014;15:55:00;247;com vítima;322,3;BR-116/PR;Sul;Colisão Traseira;1;1;;;;1;3
22/02/2014;05:26:00;86;sem vítima;453,6;BR-116/PR;Sul;Tombamento;1;1;;;;;1
22/02/2014;07:42:00;110;com vítima;520,5;BR-116/PR;Sul;Tombamento;1;0;1;;;;1
23/02/2014;12:32:00;206;com vítima;8,8;BR-116/CW;Norte;Colisão Lateral;1;3;7;;;;1
23/02/2014;19:45:00;338;sem vítima;280;BR-116/PR;Norte;Colisão Lateral;1;2;;;;;1
23/02/2014;20:34:00;350;sem vítima;351,8;BR-116/PR;Norte;Colisão Lateral;1;9;;;;;1
23/02/2014;09:12:00;143;sem vítima;370,4;BR-116/PR;Norte;Colisão Traseira;1;3;;;;;1
23/02/2014;12:10:00;200;sem vítima;370,4;BR-116/PR;Sul;Colisão Traseira;1;3;;;;;1
23/02/2014;10:24:00;165;sem vítima;550,3;BR-116/PR;Norte;Tombamento;1;1;;;;;1
24/02/2014;05:13:00;86;com vítima;52,95;BR-116/PR;Sul;Tombamento;1;1;1;;;;1
24/02/2014;17:46:00;326;sem vítima;275;BR-116/PR;Norte;Colisão Lateral;1;4;;;;;1
24/02/2014;15:15:00;279;sem vítima;280,7;BR-116/PR;Norte;Colisão Traseira;1;2;;;;;1
24/02/2014;15:56:00;300;sem vítima;284;BR-116/PR;Sul;Colisão Lateral;1;2;;;;;1
24/02/2014;11:37:00;222;com vítima;326,4;BR-116/PR;Sul;Atropelamento - Morador;1;1;;;;1;3
24/02/2014;00:30:00;20;sem vítima;412;BR-116/PR;Norte;Saida de Pista;1;1;;;;;1
24/02/2014;09:40:00;174;sem vítima;426,6;BR-116/PR;Norte;Colisão Traseira;1;3;;;;;1
24/02/2014;03:42:00;66;sem vítima;442,8;BR-116/PR;Norte;Saida de Pista;1;2;;;;;1
24/02/2014;16:50:00;317;com vítima;473,2;BR-116/PR;Sul;Choque - Poste;1;0;1;;;;1
24/02/2014;07:45:00;121;sem vítima;517,2;BR-116/PR;Norte;Choque - Talude;1;1;;;;;1
24/02/2014;10:27:00;201;sem vítima;545,2;BR-116/PR;Norte;Choque - Defensa, barreira ou  submarino ;1;2;;;;;1
25/02/2014;06:48:00;100;sem vítima;28;BR-116/PR;Norte;Tombamento;1;1;;;;;1
25/02/2014;17:10:00;326;sem vítima;284,6;BR-116/PR;Sul;Colisão Traseira;2;2;;;;;1
25/02/2014;04:09:00;69;sem vítima;384,6;BR-116/PR;Sul;Saida de Pista;1;1;;;;;1
25/02/2014;00:21:00;19;com vítima;400,95;BR-116/PR;Sul;Colisão Lateral;1;1;5;;;;1
26/02/2014;21:44:00;446;sem vítima;23,5;BR-116/PR;Sul;Colisão Traseira;2;2;;;;;1
26/02/2014;20:44:00;428;sem vítima;32,5;BR-116/PR;Norte;Capotamento;1;1;;;;;1
26/02/2014;10:04:00;170;com vítima;336,8;BR-116/PR;Norte;Tombamento;1;1;1;;;;1
26/02/2014;03:25:00;63;sem vítima;500;BR-116/PR;Sul;Saida de Pista;1;2;;;;;1
27/02/2014;09:09:00;153;sem vítima;64;BR-116/PR;Sul;Colisão Traseira;2;3;;;;;1
27/02/2014;23:33:00;442;sem vítima;291,8;BR-116/PR;Sul;Saida de Pista;1;1;;;;;1
27/02/2014;21:19:00;406;sem vítima;330;BR-116/PR;Sul;Colisão Traseira;1;2;;;;;1
27/02/2014;17:27:00;350;sem vítima;348,7;BR-116/PR;Sul;Colisão Lateral;1;2;;;;;1
27/02/2014;03:08:00;56;sem vítima;374,5;BR-116/PR;Norte;Saida de Pista;1;1;;;;;1
27/02/2014;14:27:00;264;sem vítima;379,2;BR-116/PR;Norte;Tombamento;1;1;;;;;1
27/02/2014;02:02:00;38;com vítima;396,4;BR-116/PR;Norte;Colisão Traseira;2;1;1;;;;1
27/02/2014;08:50:00;149;sem vítima;404,1;BR-116/PR;Norte;Colisão Traseira;1;3;;;;;1
27/02/2014;13:37:00;247;sem vítima;426,6;BR-116/PR;Norte;Colisão Traseira;1;2;;;;;1
27/02/2014;06:16:00;97;sem vítima;432;BR-116/PR;Norte;Tombamento;1;1;;;;;1
27/02/2014;06:32:00;100;sem vítima;452,3;BR-116/PR;Sul;Saida de Pista;3;3;;;;;1
27/02/2014;08:05:00;135;sem vítima;504,5;BR-116/PR;Sul;Saida de Pista;1;1;;;;;1
27/02/2014;21:04:00;405;sem vítima;519,3;BR-116/PR;Norte;Tombamento;1;1;;;;;1
28/02/2014;17:56:00;313;sem vítima;3,2;BR-116/PR;Norte;Colisão Lateral;1;2;;;;;1
28/02/2014;08:36:00;128;com vítima;20,9;BR-116/PR;Sul;Colisão Lateral;1;4;2;;;;1
28/02/2014;06:08:00;81;com vítima;282,5;BR-116/PR;Norte;Colisão Lateral;1;1;1;;;;1
28/02/2014;06:56:00;98;sem vítima;283,1;BR-116/PR;Norte;Colisão Lateral;1;2;;;;;1
28/02/2014;13:27:00;226;com vítima;291,4;BR-116/PR;Norte;Colisão Transversal;2;3;1;;;;1
28/02/2014;04:36:00;62;sem vítima;342,2;BR-116/PR;Sul;Colisão Traseira;1;2;;;;;1
28/02/2014;17:17:00;297;sem vítima;349,9;BR-116/PR;Norte;Tombamento;1;1;;;;;1
28/02/2014;19:28:00;333;sem vítima;434,6;BR-116/PR;Sul;Engavetamento;2;4;;;;;1
28/02/2014;23:35:00;392;sem vítima;470;BR-116/PR;Sul;Choque - Defensa, barreira ou  submarino ;1;1;;;;;1
28/02/2014;07:11:00;100;com vítima;480;BR-116/PR;Sul;Colisão Lateral;2;1;1;;;;1
28/02/2014;17:25:00;299;sem vítima;485;BR-116/PR;Norte;Colisão Lateral;1;6;;;;;1
28/02/2014;22:57:00;383;sem vítima;513,2;BR-116/PR;Norte;Choque - Defensa, barreira ou  submarino ;1;1;;;;;1
01/03/2014;08:31:00;147;sem vítima;57,2;BR-116/PR;Norte;Colisão Traseira;1;2;;;;;1
01/03/2014;17:34:00;357;sem vítima;331;BR-116/PR;Sul;Colisão Traseira;2;2;;;;;1
01/03/2014;03:01:00;56;sem vítima;426,6;BR-116/PR;Sul;Engavetamento;2;4;;;;;1
01/03/2014;04:42:00;77;sem vítima;466,5;BR-116/PR;Norte;Saida de Pista;1;1;;;;;1
01/03/2014;12:22:00;250;sem vítima;474,3;BR-116/PR;Sul;Saida de Pista;1;2;;;;;1
01/03/2014;10:44:00;213;sem vítima;508;BR-116/PR;Sul;Tombamento;2;2;;;;;1
02/03/2014;17:47:00;282;sem vítima;364,5;BR-116/PR;Norte;Colisão Traseira;1;3;;;;;1
02/03/2014;01:30:00;28;sem vítima;375,1;BR-116/PR;Sul;Saida de Pista;1;1;;;;;1
02/03/2014;03:57:00;71;sem vítima;398,2;BR-116/PR;Sul;Colisão Traseira;1;2;;;;;1
02/03/2014;21:12:00;337;com vítima;444,5;BR-116/PR;Norte;Atropelamento - Usuário;1;1;1;;;1;3
02/03/2014;06:33:00;87;sem vítima;544,5;BR-116/PR;Norte;Tombamento;1;2;;;;;1
03/03/2014;22:11:00;286;sem vítima;282;BR-116/PR;Norte;Colisão Lateral;1;4;;;;;1
03/03/2014;16:04:00;210;sem vítima;359;BR-116/PR;Sul;Engavetamento;2;6;;;;;1
04/03/2014;14:20:00;195;sem vítima;51,7;BR-116/PR;Norte;Tombamento;1;2;;;;;1
04/03/2014;19:09:00;300;sem vítima;269,8;BR-116/PR;Norte;Colisão Traseira;1;2;;;;;1
04/03/2014;12:56:00;176;sem vítima;507,5;BR-116/PR;Norte;Tombamento;1;1;;;;;1
04/03/2014;22:18:00;345;sem vítima;513,8;BR-116/PR;Norte;Choque - Defensa, barreira ou  submarino ;1;1;;;;;1
05/03/2014;06:31:00;81;com vítima;1;BR-116/PR;Sul;Colisão Lateral;1;1;2;;;;1
05/03/2014;03:44:00;54;sem vítima;44,5;BR-116/PR;Sul;Tombamento;1;1;;;;;1
05/03/2014;03:34:00;51;sem vítima;339;BR-116/PR;Norte;Colisão Traseira;1;3;;;;;1
05/03/2014;03:58:00;56;sem vítima;512,5;BR-116/PR;Norte;Saida de Pista;1;1;;;;;1
05/03/2014;13:07:00;203;sem vítima;516;BR-116/PR;Norte;Colisão Traseira;2;2;;;;;1
06/03/2014;18:01:00;278;sem vítima;6,2;BR-116/PR;Norte;Tombamento;1;1;;;;;1
06/03/2014;06:49:00;86;sem vítima;25;BR-116/PR;Norte;Colisão Traseira;2;3;;;;;1
06/03/2014;09:28:00;142;com vítima;290,2;BR-116/PR;Norte;Engavetamento;3;4;4;1;;;2
06/03/2014;05:00:00;68;com vítima;291,7;BR-116/PR;Sul;Colisão Transversal;2;1;;;;1;3
06/03/2014;14:10:00;206;sem vítima;308;BR-116/PR;Sul;Saida de Pista;1;1;;;;;1
06/03/2014;04:13:00;63;sem vítima;359,3;BR-116/PR;Sul;Tombamento;1;2;;;;;1
06/03/2014;08:46:00;122;sem vítima;405;BR-116/PR;Sul;Colisão Lateral;1;2;;;;;1
07/03/2014;06:21:00;85;sem vítima;46,9;BR-116/PR;Norte;Colisão Traseira;2;2;;;;;1
07/03/2014;08:15:00;125;sem vítima;281,9;BR-116/PR;Norte;Colisão Traseira;1;4;;;;;1
07/03/2014;16:11:00;286;sem vítima;348,5;BR-116/PR;Sul;Colisão Lateral;2;3;;;;;1
07/03/2014;02:00:00;42;sem vítima;357,2;BR-116/PR;Norte;Colisão Traseira;2;3;;;;;1
07/03/2014;03:06:00;59;sem vítima;454,9;BR-116/PR;Norte;Saida de Pista;1;1;;;;;1
08/03/2014;04:03:00;52;sem vítima;290;BR-116/PR;Sul;Saida de Pista;1;1;;;;;1
08/03/2014;12:56:00;207;com vítima;352,9;BR-116/PR;Norte;Colisão Frontal;2;0;2;;;;1
08/03/2014;10:36:00;169;sem vítima;426,6;BR-116/PR;Sul;Colisão Traseira;2;4;;;;;1
09/03/2014;06:58:00;84;com vítima;2,8;BR-116/PR;Sul;Saida de Pista;1;1;1;;;;1
09/03/2014;14:25:00;221;sem vítima;66,9;BR-116/PR;Norte;Colisão Traseira;2;3;;;;;1
09/03/2014;23:37:00;368;sem vítima;349,6;BR-116/PR;Norte;Colisão Traseira;1;2;;;;;1
09/03/2014;13:02:00;193;com vítima;441;BR-116/PR;Norte;Colisão Lateral;1;1;;1;;;2
09/03/2014;22:26:00;345;sem vítima;448,5;BR-116/PR;Norte;Colisão Traseira;2;2;;;;;1
09/03/2014;15:06:00;236;sem vítima;486,7;BR-116/PR;Norte;Colisão Traseira;2;2;;;;;1
09/03/2014;14:57:00;235;sem vítima;515,5;BR-116/PR;Norte;Tombamento;1;1;;;;;1
09/03/2014;01:05:00;25;sem vítima;520,5;BR-116/PR;Sul;Choque - Defensa, barreira ou  submarino ;1;1;;;;;1
09/03/2014;15:58:00;259;sem vítima;526;BR-116/PR;Norte;Tombamento;1;1;;;;;1
10/03/2014;11:11:00;173;sem vítima;283,7;BR-116/PR;Norte;Colisão Traseira;1;2;;;;;1
10/03/2014;01:24:00;30;com vítima;335;BR-116/PR;Sul;Saida de Pista;1;0;1;1;;1;3
11/03/2014;09:20:00;140;sem vítima;23,2;BR-116/PR;Norte;Engavetamento;5;7;;;;;1
11/03/2014;15:37:00;275;sem vítima;45,2;BR-116/PR;Norte;Colisão Lateral;2;2;;;;;1
11/03/2014;00:26:00;8;sem vítima;60,7;BR-116/PR;Norte;Choque - Defensa, barreira ou  submarino ;2;3;;;;;1
11/03/2014;17:40:00;311;sem vítima;281,2;BR-116/PR;Sul;Colisão Lateral;2;2;;;;;1
11/03/2014;16:36:00;296;sem vítima;304,1;BR-116/PR;Norte;Colisão Traseira;1;3;;;;;1
11/03/2014;22:51:00;385;sem vítima;337;BR-116/PR;Norte;Colisão Lateral;1;2;;;;;1
11/03/2014;09:55:00;158;sem vítima;351,5;BR-116/PR;Sul;Colisão Traseira;2;3;;;;;1
11/03/2014;06:50:00;72;sem vítima;353,7;BR-116/PR;Sul;Colisão Lateral;1;2;;;;;1
11/03/2014;01:35:00;30;com vítima;456;BR-116/PR;Norte;Engavetamento;4;3;;;1;;2
11/03/2014;11:20:00;191;com vítima;513,5;BR-116/PR;Norte;Colisão Traseira;2;1;;1;;;2