data;horario;n_da_ocorrencia;tipo_de_ocorrencia;km;trecho;sentido;tipo_de_acidente;caminhao;ilesos;levemente_feridos;moderadamente_feridos;gravemente_feridos;mortos;3
11/03/2014;11:51:00;201;sem vítima;542,7;BR-116/PR;Norte;Colisão Lateral;2;2;;;;;1
12/03/2014;04:12:00;53;sem vítima;16,8;BR-116/PR;Norte;Tombamento;1;1;;;;;1
12/03/2014;12:38:00;215;sem vítima;32,5;BR-116/PR;Norte;Tombamento;1;1;;;;;1
12/03/2014;09:05:00;144;sem vítima;41;BR-116/PR;Sul;Saida de Pista;1;1;;;;;1
12/03/2014;15:19:00;265;sem vítima;275;BR-116/PR;Norte;Colisão Lateral;1;4;;;;;1
12/03/2014;04:11:00;52;sem vítima;351,6;BR-116/PR;Sul;Colisão Traseira;2;2;;;;;1
12/03/2014;13:34:00;233;sem vítima;426,6;BR-116/PR;Sul;Colisão Traseira;1;2;;;;;1
12/03/2014;09:09:00;145;sem vítima;440,7;BR-116/PR;Sul;Colisão Traseira;2;2;;;;;1
12/03/2014;23:39:00;404;sem vítima;448,5;BR-116/PR;Norte;Saida de Pista;1;1;;;;;1
12/03/2014;05:07:00;65;sem vítima;487,5;BR-116/PR;Norte;Atropelamento de Animal;1;1;;;;;1
12/03/2014;22:24:00;389;sem vítima;513,6;BR-116/PR;Norte;Choque - Defensa, barreira ou  submarino ;2;2;;;;;1
13/03/2014;17:33:00;290;sem vítima;14;BR-116/PR;Sul;Choque - Defensa, barreira ou  submarino ;2;3;;;;;1
13/03/2014;14:29:00;227;sem vítima;29,6;BR-116/PR;Norte;Choque - Defensa, barreira ou  submarino ;1;2;;;;;1
13/03/2014;00:59:00;18;sem vítima;285;BR-116/PR;Norte;Saida de Pista;1;1;;;;;1
13/03/2014;03:40:00;50;sem vítima;422,7;BR-116/PR;Norte;Saida de Pista;1;1;;;;;1
13/03/2014;04:13:00;65;sem vítima;503,6;BR-116/PR;Sul;Tombamento;1;2;;;;;1
13/03/2014;00:00:00;2;sem vítima;538,7;BR-116/PR;Sul;Colisão Traseira;2;2;;;;;1
13/03/2014;08:44:00;141;com vítima;546;BR-116/PR;Sul;Engavetamento;8;9;1;;;;1
14/03/2014;18:08:00;358;sem vítima;298,8;BR-116/PR;Sul;Colisão Traseira;1;3;;;;;1
14/03/2014;15:32:00;300;com vítima;340;BR-116/PR;Sul;Colisão Traseira;3;2;1;;;;1
14/03/2014;19:13:00;383;sem vítima;340;BR-116/PR;Sul;Choque - Talude;1;1;;;;;1
14/03/2014;17:46:00;350;sem vítima;350,9;BR-116/PR;Norte;Choque - Talude;1;1;;;;;1
14/03/2014;07:49:00;113;sem vítima;511;BR-116/PR;Sul;Tombamento;1;2;;;;;1
14/03/2014;07:33:00;105;sem vítima;516,2;BR-116/PR;Sul;Saida de Pista;1;1;;;;;1
15/03/2014;03:51:00;57;sem vítima;8,1;BR-116/PR;Norte;Saida de Pista;1;1;;;;;1
15/03/2014;15:05:00;234;sem vítima;381;BR-116/PR;Norte;Saida de Pista;1;1;;;;;1
15/03/2014;18:06:00;301;sem vítima;404;BR-116/PR;Norte;Colisão Lateral;1;3;;;;;1
15/03/2014;13:00:00;202;sem vítima;493;BR-116/PR;Sul;Saida de Pista;1;2;;;;;1
15/03/2014;09:32:00;147;sem vítima;496,4;BR-116/PR;Norte;Saida de Pista;1;1;;;;;1
16/03/2014;15:47:00;237;com vítima;23;BR-116/PR;Norte;Tombamento;1;0;;1;;;2
16/03/2014;17:47:00;278;sem vítima;26;BR-116/PR;Norte;Colisão Traseira;2;2;;;;;1
16/03/2014;12:52:00;184;sem vítima;355,5;BR-116/PR;Sul;Choque - Defensa, barreira ou  submarino ;1;1;;;;;1
16/03/2014;18:07:00;289;sem vítima;357,5;BR-116/PR;Sul;Colisão Frontal;1;6;;;;;1
16/03/2014;19:29:00;317;sem vítima;543;BR-116/PR;Sul;Colisão Traseira;2;2;;;;;1
16/03/2014;11:59:00;169;com vítima;564,1;BR-116/PR;Sul;Tombamento;1;0;1;;;;1
17/03/2014;06:57:00;67;sem vítima;307,3;BR-116/PR;Norte;Tombamento;1;1;;;;;1
18/03/2014;11:01:00;190;sem vítima;355,6;BR-116/PR;Sul;Engavetamento;1;10;;;;;1
18/03/2014;23:04:00;387;com vítima;419,5;BR-116/PR;Norte;Tombamento;1;0;1;;;;1
18/03/2014;23:27:00;391;sem vítima;511,3;BR-116/PR;Sul;Tombamento;1;1;;;;;1
18/03/2014;07:03:00;88;sem vítima;516,8;BR-116/PR;Sul;Tombamento;1;1;;;;;1
19/03/2014;17:08:00;313;com vítima;6,1;BR-116/PR;Norte;Tombamento;1;0;1;;;;1
19/03/2014;19:04:00;342;sem vítima;270;BR-116/PR;Norte;Colisão Traseira;1;3;;;;;1
19/03/2014;01:15:00;17;sem vítima;445,5;BR-116/PR;Norte;Colisão Lateral;1;2;;;;;1
19/03/2014;17:13:00;315;sem vítima;509;BR-116/PR;Norte;Colisão Traseira;2;2;;;;;1
19/03/2014;20:51:00;376;sem vítima;518,15;BR-116/PR;Norte;Tombamento;1;1;;;;;1
19/03/2014;23:03:00;412;sem vítima;544,4;BR-116/PR;Norte;Saida de Pista;1;3;;;;;1
20/03/2014;02:51:00;52;com vítima;24;BR-116/PR;Norte;Choque - Defensa, barreira ou  submarino ;1;0;;1;;;2
20/03/2014;04:58:00;72;com vítima;299;BR-116/PR;Norte;Colisão Traseira;2;2;1;;;;1
20/03/2014;11:49:00;224;sem vítima;350;BR-116/PR;Sul;Colisão Traseira;2;2;;;;;1
20/03/2014;02:14:00;44;com vítima;451,1;BR-116/PR;Sul;Colisão Frontal;2;1;1;;;;1
20/03/2014;06:28:00;85;sem vítima;508,7;BR-116/PR;Norte;Tombamento;1;1;;;;;1
21/03/2014;08:40:00;143;sem vítima;32;BR-116/PR;Norte;Colisão Lateral;1;2;;;;;1
21/03/2014;08:13:00;126;sem vítima;51,8;BR-116/PR;Sul;Colisão Traseira;1;5;;;;;1
21/03/2014;16:42:00;291;com vítima;279;BR-116/PR;Sul;Colisão Traseira;1;1;1;;;;1
21/03/2014;20:04:00;358;sem vítima;286,8;BR-116/PR;Sul;Colisão Traseira;2;2;;;;;1
21/03/2014;22:31:00;393;sem vítima;359,2;BR-116/PR;Sul;Saida de Pista;1;2;;;;;1
21/03/2014;08:55:00;151;com vítima;363,8;BR-116/PR;Norte;Tombamento;1;0;1;;;;1
21/03/2014;08:47:00;146;sem vítima;438,7;BR-116/PR;Sul;Colisão Traseira;1;2;;;;;1
21/03/2014;05:32:00;87;sem vítima;473;BR-116/PR;Norte;Saida de Pista;1;1;;;;;1
21/03/2014;04:05:00;67;sem vítima;520;BR-116/PR;Sul;Colisão Traseira;2;2;;;;;1
22/03/2014;15:02:00;260;com vítima;350,5;BR-116/PR;Sul;Colisão Traseira;2;6;1;;;;1
22/03/2014;14:07:00;238;com vítima;357,9;BR-116/PR;Norte;Colisão Frontal;3;3;1;;;;1
22/03/2014;23:33:00;409;sem vítima;370,4;BR-116/PR;Sul;Colisão Traseira;2;2;;;;;1
22/03/2014;07:24:00;107;sem vítima;486,3;BR-116/PR;Norte;Saida de Pista;1;1;;;;;1
22/03/2014;23:53:00;413;sem vítima;498,8;BR-116/PR;Sul;Tombamento;1;1;;;;;1
23/03/2014;10:06:00;164;sem vítima;290;BR-116/PR;Sul;Capotamento;1;5;;;;;1
23/03/2014;16:15:00;310;sem vítima;486,7;BR-116/PR;Norte;Colisão Lateral;2;2;;;;;1
23/03/2014;03:07:00;48;sem vítima;552;BR-116/PR;Sul;Saida de Pista;1;1;;;;;1
24/03/2014;10:44:00;180;sem vítima;57,2;BR-116/PR;Norte;Colisão Lateral;1;2;;;;;1
24/03/2014;17:14:00;284;com vítima;494;BR-116/PR;Sul;Outros - Sequência;1;2;1;;;;1
24/03/2014;17:53:00;315;com vítima;545;BR-116/PR;Norte;Tombamento;1;0;1;;;;1
25/03/2014;10:22:00;160;com vítima;57,2;BR-116/PR;Norte;Colisão Lateral;1;1;1;;;;1
25/03/2014;06:25:00;72;sem vítima;303,1;BR-116/PR;Sul;Tombamento;1;1;;;;;1
25/03/2014;19:50:00;328;com vítima;337;BR-116/PR;Sul;Engavetamento;3;3;1;;;;1
25/03/2014;15:51:00;270;sem vítima;359,3;BR-116/PR;Sul;Tombamento;1;1;;;;;1
25/03/2014;05:02:00;57;com vítima;379;BR-116/PR;Norte;Colisão Traseira;2;1;1;;;;1
25/03/2014;02:25:00;37;com vítima;504;BR-116/PR;Sul;Colisão Traseira;2;1;1;;;;1
25/03/2014;11:08:00;187;sem vítima;504;BR-116/PR;Sul;Saida de Pista;1;2;;;;;1
26/03/2014;06:25:00;92;sem vítima;272,9;BR-116/PR;Norte;Engavetamento;1;3;;;;;1
26/03/2014;21:51:00;443;sem vítima;278,8;BR-116/PR;Norte;Saida de Pista;1;2;;;;;1
26/03/2014;23:18:00;463;sem vítima;278,8;BR-116/PR;Sul;Colisão Traseira;2;4;;;;;1
26/03/2014;22:13:00;450;sem vítima;516,9;BR-116/PR;Norte;Colisão Lateral;2;2;;;;;1
26/03/2014;15:23:00;338;sem vítima;538;BR-116/PR;Sul;Outros - Sequência;3;4;;;;;1
27/03/2014;07:51:00;102;com vítima;24;BR-116/PR;Norte;Choque - Defensa, barreira ou  submarino ;1;0;1;;;;1
27/03/2014;04:03:00;61;sem vítima;29,1;BR-116/PR;Norte;Tombamento;1;1;;;;;1
27/03/2014;12:13:00;235;com vítima;280,2;BR-116/PR;Sul;Colisão Traseira;1;1;1;1;;;2
27/03/2014;03:18:00;44;sem vítima;393,7;BR-116/PR;Norte;Colisão Traseira;2;4;;;;;1
27/03/2014;08:48:00;139;sem vítima;442;BR-116/PR;Sul;Colisão Traseira;2;2;;;;;1
27/03/2014;08:37:00;131;sem vítima;444;BR-116/PR;Sul;Colisão Lateral;1;2;;;;;1
27/03/2014;08:08:00;111;sem vítima;561,6;BR-116/PR;Sul;Engavetamento;3;4;;;;;1
27/03/2014;15:52:00;299;sem vítima;562;BR-116/PR;Norte;Tombamento;1;1;;;;;1
28/03/2014;17:23:00;319;com vítima;32,5;BR-116/PR;Norte;Tombamento;1;0;1;;;;1
28/03/2014;20:20:00;360;sem vítima;273,6;BR-116/PR;Sul;Choque - Defensa, barreira ou  submarino ;1;1;;;;;1
28/03/2014;17:52:00;328;com vítima;289,4;BR-116/PR;Norte;Colisão Transversal;1;2;2;;;;1
28/03/2014;20:59:00;372;sem vítima;342,8;BR-116/PR;Sul;Colisão Lateral;1;2;;;;;1
28/03/2014;04:57:00;70;com vítima;344;BR-116/PR;Norte;Colisão Traseira;2;1;1;;;;1
28/03/2014;17:13:00;315;sem vítima;499,7;BR-116/PR;Norte;Saida de Pista;1;1;;;;;1
28/03/2014;02:34:00;36;sem vítima;513,5;BR-116/PR;Norte;Choque - Defensa, barreira ou  submarino ;1;1;;;;;1
28/03/2014;00:15:00;3;sem vítima;543,9;BR-116/PR;Sul;Tombamento;1;1;;;;;1
29/03/2014;13:51:00;256;sem vítima;57;BR-116/PR;Sul;Colisão Traseira;1;2;;;;;1
29/03/2014;07:34:00;136;sem vítima;281;BR-116/PR;Sul;Colisão Lateral;1;2;;;;;1
30/03/2014;17:56:00;290;sem vítima;357,4;BR-116/PR;Sul;Tombamento;1;1;;;;;1
30/03/2014;14:22:00;216;sem vítima;370;BR-116/PR;Norte;Colisão Traseira;2;3;;;;;1
30/03/2014;22:06:00;347;sem vítima;426,6;BR-116/PR;Norte;Colisão Traseira;1;4;;;;;1
30/03/2014;12:17:00;187;sem vítima;488,5;BR-116/PR;Norte;Saida de Pista;1;1;;;;;1
30/03/2014;19:00:00;308;com vítima;517,8;BR-116/PR;Norte;Colisão Lateral;1;4;2;;;;1
30/03/2014;15:23:00;234;com vítima;543,3;BR-116/PR;Norte;Colisão Traseira;2;8;1;1;;1;3
30/03/2014;17:11:00;271;sem vítima;549,5;BR-116/PR;Sul;Engavetamento;4;8;;;;;1
31/03/2014;15:42:00;283;sem vítima;7;BR-116/PR;Sul;Choque - Suporte de Sinalização;1;1;;;;;1
31/03/2014;04:17:00;81;sem vítima;317,2;BR-116/PR;Norte;Saida de Pista;1;3;;;;;1
31/03/2014;06:53:00;108;sem vítima;326;BR-116/PR;Sul;Colisão Traseira;1;2;;;;;1
31/03/2014;13:14:00;242;com vítima;501,3;BR-116/PR;Sul;Tombamento;1;0;1;;;;1
01/04/2014;10:19:00;190;sem vítima;69,5;BR-116/PR;Sul;Colisão Traseira;1;3;;;;;1
01/04/2014;11:17:00;206;sem vítima;295,1;BR-116/PR;Sul;Colisão Traseira;2;3;;;;;1
01/04/2014;19:10:00;330;sem vítima;298,5;BR-116/PR;Sul;Colisão Lateral;1;4;;;;;1
01/04/2014;16:26:00;293;sem vítima;298,8;BR-116/PR;Norte;Colisão Traseira;1;2;;;;;1
01/04/2014;14:05:00;249;sem vítima;312,8;BR-116/PR;Sul;Colisão Lateral;1;6;;;;;1
01/04/2014;08:57:00;154;com vítima;352,9;BR-116/PR;Norte;Tombamento;1;0;1;;;;1
01/04/2014;16:13:00;289;sem vítima;361,2;BR-116/PR;Sul;Colisão Lateral;2;2;;;;;1
01/04/2014;22:26:00;382;com vítima;409,8;BR-116/PR;Sul;Colisão Traseira;1;1;1;1;;;2
01/04/2014;23:45:00;393;com vítima;513,5;BR-116/PR;Norte;Choque - Defensa, barreira ou  submarino ;1;0;1;;;;1
01/04/2014;22:22:00;381;com vítima;550;BR-116/PR;Norte;Tombamento;1;0;1;;;;1
02/04/2014;01:44:00;30;sem vítima;487,1;BR-116/PR;Norte;Colisão Traseira;2;2;;;;;1
02/04/2014;19:59:00;354;sem vítima;564;BR-116/PR;Sul;Choque - Arvore;1;1;;;;;1
03/04/2014;08:32:00;127;com vítima;28,1;BR-116/PR;Norte;Tombamento;1;0;;;;1;3
03/04/2014;11:56:00;196;sem vítima;275,8;BR-116/PR;Norte;Colisão Lateral;1;3;;;;;1
03/04/2014;15:20:00;250;sem vítima;326,8;BR-116/PR;Norte;Choque - Defensa, barreira ou  submarino ;1;1;;;;;1
03/04/2014;17:39:00;297;sem vítima;338,3;BR-116/PR;Sul;Choque - Talude;1;1;;;;;1
03/04/2014;10:43:00;176;sem vítima;426;BR-116/PR;Norte;Tombamento;1;1;;;;;1
03/04/2014;18:22:00;314;sem vítima;499,3;BR-116/PR;Sul;Tombamento;1;2;;;;;1
03/04/2014;01:18:00;25;sem vítima;513,5;BR-116/PR;Norte;Engavetamento;4;4;;;;;1
03/04/2014;10:00:00;158;com vítima;550,2;BR-116/PR;Sul;Engavetamento;3;2;;1;;;2
03/04/2014;11:48:00;195;sem vítima;550,4;BR-116/PR;Sul;Colisão Traseira;4;4;;;;;1
03/04/2014;07:45:00;110;com vítima;552,3;BR-116/PR;Sul;Choque - Defensa, barreira ou  submarino ;1;0;1;;;;1
03/04/2014;06:39:00;87;sem vítima;564,15;BR-116/PR;Sul;Choque - Defensa, barreira ou  submarino ;1;1;;;;;1
04/04/2014;18:38:00;338;sem vítima;8,4;BR-116/CW;Sul;Capotamento;1;2;;;;;1
04/04/2014;17:23:00;316;sem vítima;14;BR-116/PR;Sul;Saida de Pista;1;1;;;;;1
04/04/2014;07:22:00;112;sem vítima;16,9;BR-116/PR;Norte;Tombamento;1;1;;;;;1
04/04/2014;09:24:00;154;sem vítima;280;BR-116/PR;Norte;Colisão Traseira;1;3;;;;;1
04/04/2014;05:39:00;91;sem vítima;329;BR-116/PR;Sul;Saida de Pista;1;1;;;;;1
04/04/2014;18:21:00;333;com vítima;336,6;BR-116/PR;Sul;Engavetamento;2;3;1;;;;1
05/04/2014;05:31:00;95;sem vítima;285,3;BR-116/PR;Sul;Colisão Lateral;1;5;;;;;1
05/04/2014;01:40:00;44;com vítima;338,9;BR-116/PR;Sul;Colisão Traseira;1;3;1;;;;1
05/04/2014;03:47:00;75;com vítima;415,75;BR-116/PR;Sul;Tombamento;1;1;;1;;;2
05/04/2014;23:34:00;421;sem vítima;523,2;BR-116/PR;Sul;Saida de Pista;1;1;;;;;1
06/04/2014;17:25:00;315;sem vítima;304,9;BR-116/PR;Norte;Colisão Lateral;1;2;;;;;1
06/04/2014;22:49:00;401;sem vítima;359,5;BR-116/PR;Sul;Tombamento;1;2;;;;;1
06/04/2014;04:32:00;64;com vítima;367,8;BR-116/PR;Sul;Saida de Pista;1;;;1;;;2
06/04/2014;03:09:00;52;sem vítima;382,2;BR-116/PR;Norte;Tombamento;1;1;;;;;1
06/04/2014;16:32:00;292;sem vítima;477,95;BR-116/PR;Sul;Colisão Traseira;1;3;;;;;1
07/04/2014;16:57:00;331;com vítima;18,4;BR-116/CW;Norte;Engavetamento;1;6;1;;;;1
07/04/2014;16:25:00;321;com vítima;291,5;BR-116/PR;Sul;Colisão Transversal;1;1;;;;1;3
07/04/2014;14:31:00;282;sem vítima;301,6;BR-116/PR;Norte;Colisão Traseira;3;4;;;;;1
07/04/2014;20:28:00;387;sem vítima;348,8;BR-116/PR;Sul;Saida de Pista;1;2;;;;;1
07/04/2014;06:11:00;88;sem vítima;411,8;BR-116/PR;Norte;Tombamento;1;1;;;;;1
08/04/2014;12:05:00;208;sem vítima;279,9;BR-116/PR;Sul;Colisão Traseira;2;2;;;;;1
08/04/2014;20:12:00;354;sem vítima;349;BR-116/PR;Sul;Colisão Traseira;2;2;;;;;1
08/04/2014;08:24:00;126;com vítima;407,3;BR-116/PR;Sul;Atropelamento - Morador;1;2;1;;;;1
08/04/2014;08:35:00;127;sem vítima;407,3;BR-116/PR;Sul;Colisão Transversal;1;4;;;;;1
08/04/2014;22:34:00;385;sem vítima;476;BR-116/PR;Sul;Saida de Pista;1;1;;;;;1
08/04/2014;22:38:00;389;sem vítima;511;BR-116/PR;Sul;Tombamento;1;1;;;;;1
08/04/2014;09:20:00;149;com vítima;515;BR-116/PR;Norte;Tombamento;1;4;;1;;;2
09/04/2014;19:31:00;337;sem vítima;274,3;BR-116/PR;Norte;Engavetamento;1;5;;;;;1
09/04/2014;11:26:00;196;sem vítima;303,9;BR-116/PR;Norte;Colisão Traseira;2;3;;;;;1
09/04/2014;21:47:00;355;com vítima;312,7;BR-116/PR;Sul;Colisão Lateral;1;3;1;;;;1
09/04/2014;09:14:00;154;sem vítima;460,7;BR-116/PR;Sul;Tombamento;1;1;;;;;1
09/04/2014;11:23:00;194;sem vítima;498,9;BR-116/PR;Sul;Tombamento;1;1;;;;;1
09/04/2014;11:14:00;191;sem vítima;509,6;BR-116/PR;Norte;Tombamento;1;1;;;;;1
09/04/2014;01:23:00;19;sem vítima;515;BR-116/PR;Norte;Engavetamento;3;3;;;;;1
09/04/2014;03:02:00;43;com vítima;517,5;BR-116/PR;Norte;Tombamento;1;;1;;;;1
09/04/2014;02:39:00;38;sem vítima;546,1;BR-116/PR;Norte;Choque - Defensa, barreira ou  submarino ;1;1;;;;;1
10/04/2014;20:49:00;370;com vítima;19,8;BR-116/PR;Sul;Colisão Traseira;2;1;;1;;;2
10/04/2014;17:31:00;310;sem vítima;280,4;BR-116/PR;Sul;Colisão Lateral;1;3;;;;;1
10/04/2014;07:23:00;89;sem vítima;281,4;BR-116/PR;Norte;Colisão Lateral;1;3;;;;;1
10/04/2014;08:12:00;111;sem vítima;283;BR-116/PR;Norte;Colisão Lateral;1;3;;;;;1
10/04/2014;03:27:00;58;sem vítima;310;BR-116/PR;Norte;Colisão Traseira;2;2;;;;;1
10/04/2014;10:30:00;179;com vítima;479,1;BR-116/PR;Sul;Colisão Traseira;1;4;1;;;;1
11/04/2014;04:56:00;68;sem vítima;66,8;BR-116/PR;Norte;Choque - Defensa, barreira ou  submarino ;1;1;;;;;1
11/04/2014;01:29:00;25;sem vítima;426,6;BR-116/PR;Norte;Tombamento;1;1;;;;;1
12/04/2014;09:26:00;150;sem vítima;17,3;BR-116/CW;Norte;Colisão Traseira;1;2;;;;;1
12/04/2014;12:26:00;208;com vítima;327,6;BR-116/PR;Sul;Colisão Lateral;1;1;1;;;1;3
12/04/2014;16:40:00;292;sem vítima;344,5;BR-116/PR;Sul;Colisão Traseira;2;2;;;;;1
12/04/2014;16:17:00;281;sem vítima;361,8;BR-116/PR;Norte;Colisão Lateral;2;2;;;;;1
12/04/2014;17:37:00;314;sem vítima;494,1;BR-116/PR;Norte;Choque - Defensa, barreira ou  submarino ;1;1;;;;;1
13/04/2014;12:09:00;189;sem vítima;17;BR-116/PR;Norte;Saida de Pista;1;3;;;;;1
13/04/2014;22:55:00;361;sem vítima;297;BR-116/PR;Norte;Colisão Traseira;3;30;;;;;1
13/04/2014;19:56:00;330;sem vítima;298,8;BR-116/PR;Norte;Colisão Traseira;2;2;;;;;1
13/04/2014;13:41:00;213;sem vítima;370,4;BR-116/PR;Norte;Colisão Traseira;1;2;;;;;1
13/04/2014;21:17:00;347;sem vítima;391;BR-116/PR;Sul;Saida de Pista;1;1;;;;;1
13/04/2014;17:41:00;304;sem vítima;542;BR-116/PR;Norte;Engavetamento;3;3;;;;;1
14/04/2014;14:13:00;245;com vítima;15,9;BR-116/CW;Norte;Saida de Pista;1;1;1;;;;1
14/04/2014;14:53:00;261;sem vítima;279,3;BR-116/PR;Sul;Colisão Traseira;1;8;;;;;1
14/04/2014;05:14:00;77;sem vítima;460;BR-116/PR;Sul;Saida de Pista;1;1;;;;;1
14/04/2014;19:52:00;356;sem vítima;547,9;BR-116/PR;Norte;Tombamento;1;2;;;;;1
15/04/2014;17:45:00;305;sem vítima;318,7;BR-116/PR;Sul;Saida de Pista;1;1;;;;;1
15/04/2014;13:48:00;238;sem vítima;420,2;BR-116/PR;Sul;Colisão Lateral;2;3;;;;;1
15/04/2014;05:35:00;82;sem vítima;447,5;BR-116/PR;Sul;Tombamento;1;1;;;;;1
15/04/2014;22:12:00;370;sem vítima;485,7;BR-116/PR;Norte;Colisão Lateral;2;2;;;;;1
15/04/2014;05:15:00;77;sem vítima;503,2;BR-116/PR;Sul;Tombamento;1;1;;;;;1
15/04/2014;15:29:00;268;com vítima;508;BR-116/PR;Norte;Colisão Traseira;1;1;1;;;;1
15/04/2014;18:19:00;316;sem vítima;543;BR-116/PR;Sul;Colisão Lateral;2;2;;;;;1
15/04/2014;02:18:00;43;sem vítima;551;BR-116/PR;Sul;Colisão Lateral;2;2;;;;;1
16/04/2014;09:57:00;171;sem vítima;26;BR-116/PR;Sul;Colisão Lateral;2;2;;;;;1
16/04/2014;15:48:00;295;sem vítima;339,1;BR-116/PR;Sul;Tombamento;1;1;;;;;1
16/04/2014;15:26:00;289;com vítima;454,3;BR-116/PR;Sul;Atropelamento - Ciclista;1;1;;;1;;2
16/04/2014;19:46:00;367;sem vítima;461;BR-116/PR;Sul;Colisão Lateral;2;2;;;;;1
16/04/2014;21:28:00;396;com vítima;491,5;BR-116/PR;Norte;Tombamento;1;;;1;;;2
16/04/2014;06:48:00;93;sem vítima;497,8;BR-116/PR;Sul;Saida de Pista;1;1;;;;;1
16/04/2014;16:38:00;315;sem vítima;507,2;BR-116/PR;Norte;Saida de Pista;1;1;;;;;1
16/04/2014;13:52:00;258;sem vítima;549;BR-116/PR;Sul;Choque - Defensa, barreira ou  submarino ;1;1;;;;;1
16/04/2014;03:57:00;71;sem vítima;550;BR-116/PR;Sul;Saida de Pista;1;1;;;;;1
17/04/2014;19:40:00;359;com vítima;279,2;BR-116/PR;Sul;Engavetamento;1;6;1;;;;1
17/04/2014;09:49:00;175;com vítima;307,9;BR-116/PR;Sul;Colisão Traseira;1;1;1;;;;1
17/04/2014;03:19:00;49;com vítima;463;BR-116/PR;Sul;Colisão Traseira;2;1;;;1;;2
17/04/2014;16:07:00;303;com vítima;480,9;BR-116/PR;Norte;Colisão Traseira;2;1;1;;;;1
17/04/2014;17:04:00;317;sem vítima;542,9;BR-116/PR;Sul;Colisão Traseira;1;2;;;;;1
17/04/2014;01:32:00;28;sem vítima;553,6;BR-116/PR;Sul;Colisão Traseira;2;2;;;;;1
18/04/2014;21:08:00;475;sem vítima;475,9;BR-116/PR;Sul;Atropelamento de Animal;1;1;;;;;1
18/04/2014;07:29:00;121;sem vítima;485,5;BR-116/PR;Norte;Colisão Traseira;1;2;;;;;1
19/04/2014;21:43:00;341;com vítima;435;BR-116/PR;Norte;Colisão Traseira;1;;2;;;;1
19/04/2014;04:00:00;60;com vítima;463,3;BR-116/PR;Norte;Saida de Pista;1;;2;;;;1
21/04/2014;10:57:00;169;com vítima;8,1;BR-116/PR;Sul;Engavetamento;1;7;1;;;;1
21/04/2014;07:10:00;82;sem vítima;301;BR-116/PR;Norte;Colisão Traseira;1;8;;;;;1
21/04/2014;05:42:00;62;com vítima;387,5;BR-116/PR;Norte;Colisão Traseira;1;1;;1;;;2
22/04/2014;12:42:00;224;sem vítima;1,9;BR-116/PR;Norte;Tombamento;1;1;;;;;1
22/04/2014;07:03:00;80;sem vítima;281,7;BR-116/PR;Norte;Colisão Traseira;1;2;;;;;1
22/04/2014;06:42:00;75;sem vítima;545,3;BR-116/PR;Norte;Tombamento;1;1;;;;;1
23/04/2014;21:21:00;408;sem vítima;337;BR-116/PR;Sul;Colisão Lateral;1;3;;;;;1
23/04/2014;20:24:00;396;sem vítima;357,6;BR-116/PR;Norte;Colisão Traseira;2;2;;;;;1
23/04/2014;05:59:00;84;sem vítima;385;BR-116/PR;Norte;Colisão Lateral;1;3;;;;;1
23/04/2014;21:32:00;409;sem vítima;536,7;BR-116/PR;Norte;Tombamento;1;1;;;;;1
23/04/2014;01:38:00;27;sem vítima;561,8;BR-116/PR;Sul;Capotamento;1;2;;;;;1
24/04/2014;13:02:00;206;com vítima;30,8;BR-116/PR;Sul;Colisão Traseira;2;1;1;;;;1
24/04/2014;14:04:00;219;sem vítima;39,5;BR-116/PR;Sul;Colisão Traseira;1;2;;;;;1
24/04/2014;09:11:00;146;sem vítima;40,1;BR-116/PR;Sul;Tombamento;1;2;;;;;1
24/04/2014;08:57:00;140;sem vítima;54,95;BR-116/PR;Sul;Colisão Traseira;2;3;;;;;1
24/04/2014;17:37:00;278;com vítima;57,1;BR-116/PR;Norte;Tombamento;1;;;;;1;3
24/04/2014;16:02:00;249;sem vítima;269,8;BR-116/PR;Norte;Engavetamento;1;4;;;;;1
24/04/2014;00:02:00;1;sem vítima;361;BR-116/PR;Norte;Colisão Lateral;3;3;;;;;1
24/04/2014;04:03:00;59;sem vítima;451,5;BR-116/PR;Sul;Colisão Traseira;2;2;;;;;1
24/04/2014;21:59:00;314;com vítima;498;BR-116/PR;Sul;Colisão Traseira;1;6;1;;;;1
25/04/2014;04:16:00;49;sem vítima;44,5;BR-116/PR;Norte;Colisão Traseira;2;2;;;;;1
25/04/2014;19:59:00;313;com vítima;329,85;BR-116/PR;Norte;Atropelamento - Sem Informação;1;1;;;;1;3
25/04/2014;07:13:00;80;sem vítima;353,9;BR-116/PR;Sul;Colisão Traseira;2;2;;;;;1
25/04/2014;05:24:00;57;sem vítima;425,9;BR-116/PR;Sul;Choque - Objeto sobre a pista;1;3;;;;;1
25/04/2014;09:05:00;119;sem vítima;428,5;BR-116/PR;Norte;Saida de Pista;1;1;;;;;1
25/04/2014;22:32:00;335;sem vítima;513,6;BR-116/PR;Norte;Outros - Sequência;1;3;;;;;1
25/04/2014;21:15:00;324;sem vítima;515,6;BR-116/PR;Sul;Choque - Talude;1;1;;;;;1
25/04/2014;20:57:00;320;sem vítima;564,5;BR-116/PR;Norte;Colisão Traseira;2;2;;;;;1
26/04/2014;14:56:00;240;com vítima;32;BR-116/PR;Norte;Tombamento;1;;1;;;;1
26/04/2014;17:01:00;278;sem vítima;272,4;BR-116/PR;Sul;Colisão Lateral;1;3;;;;;1