data;horario;n_da_ocorrencia;tipo_de_ocorrencia;km;trecho;sentido;tipo_de_acidente;caminhao;ilesos;levemente_feridos;moderadamente_feridos;gravemente_feridos;mortos;3
26/04/2014;10:44:00;167;sem vítima;361,5;BR-116/PR;Norte;Colisão Lateral;1;2;;;;;1
26/04/2014;04:45:00;56;sem vítima;473,3;BR-116/PR;Sul;Engavetamento;4;4;;;;;1
27/04/2014;17:08:00;271;sem vítima;28,9;BR-116/PR;Norte;Colisão Traseira;2;3;;;;;1
27/04/2014;23:29:00;345;sem vítima;42,1;BR-116/PR;Norte;Colisão Frontal;1;3;;;;;1
27/04/2014;13:47:00;211;com vítima;68;BR-116/PR;Norte;Colisão Traseira;1;2;1;;;;1
27/04/2014;21:47:00;324;com vítima;340,3;BR-116/PR;Norte;Choque - Talude;1;;1;;;;1
27/04/2014;23:19:00;342;com vítima;390;BR-116/PR;Sul;Saida de Pista;1;;1;;;;1
27/04/2014;16:59:00;269;sem vítima;511,2;BR-116/PR;Norte;Engavetamento;3;10;;;;;1
27/04/2014;23:28:00;344;sem vítima;546;BR-116/PR;Sul;Colisão Lateral;1;2;;;;;1
27/04/2014;15:36:00;247;sem vítima;551,4;BR-116/PR;Norte;Tombamento;1;1;;;;;1
28/04/2014;06:28:00;82;sem vítima;269;BR-116/PR;Norte;Colisão Lateral;1;4;;;;;1
28/04/2014;18:24:00;313;com vítima;272;BR-116/PR;Norte;Colisão Traseira;1;1;1;;;;1
28/04/2014;07:05:00;92;sem vítima;282;BR-116/PR;Norte;Colisão Traseira;1;4;;;;;1
28/04/2014;06:37:00;84;sem vítima;525,8;BR-116/PR;Norte;Colisão Lateral;2;2;;;;;1
29/04/2014;18:39:00;318;com vítima;321,6;BR-116/PR;Sul;Colisão Traseira;1;1;1;;;;1
29/04/2014;04:37:00;66;sem vítima;357,3;BR-116/PR;Sul;Colisão Traseira;1;3;;;;;1
29/04/2014;08:55:00;131;sem vítima;426,4;BR-116/PR;Norte;Colisão Lateral;2;2;;;;;1
29/04/2014;00:24:00;18;sem vítima;499;BR-116/PR;Norte;Colisão Traseira;2;3;;;;;1
29/04/2014;11:35:00;191;com vítima;503,3;BR-116/PR;Sul;Tombamento;1;1;;;;1;3
29/04/2014;17:00:00;289;sem vítima;554;BR-116/PR;Sul;Colisão Traseira;2;2;;;;;1
29/04/2014;10:26:00;172;sem vítima;555,3;BR-116/PR;Sul;Choque - Defensa, barreira ou  submarino ;1;1;;;;;1
30/04/2014;12:02:00;200;sem vítima;406,1;BR-116/PR;Norte;Colisão Traseira;1;3;;;;;1
30/04/2014;03:09:00;51;com vítima;415;BR-116/PR;Norte;Tombamento;1;;1;;;;1
30/04/2014;04:33:00;65;sem vítima;479;BR-116/PR;Norte;Tombamento;2;2;;;;;1
30/04/2014;13:03:00;211;sem vítima;485,5;BR-116/PR;Sul;Choque - Defensa, barreira ou  submarino ;1;2;;;;;1
01/05/2014;00:33:00;22;sem vítima;344,5;BR-116/PR;Sul;Engavetamento;1;23;;;;;1
01/05/2014;09:18:00;164;sem vítima;346,5;BR-116/PR;Sul;Engavetamento;4;4;;;;;1
01/05/2014;01:56:00;38;sem vítima;359,4;BR-116/PR;Sul;Colisão Traseira;2;2;;;;;1
01/05/2014;04:50:00;74;com vítima;480;BR-116/PR;Sul;Colisão Traseira;1;4;2;;;;1
01/05/2014;03:02:00;49;sem vítima;504;BR-116/PR;Sul;Colisão Lateral;1;5;;;;;1
01/05/2014;17:04:00;326;sem vítima;564,2;BR-116/PR;Sul;Colisão Transversal;1;2;;;;;1
02/05/2014;17:58:00;271;sem vítima;414,9;BR-116/PR;Sul;Colisão Lateral;2;4;;;;;1
03/05/2014;12:41:00;198;sem vítima;11,8;BR-116/PR;Sul;Tombamento;1;1;;;;;1
03/05/2014;23:35:00;352;sem vítima;291;BR-116/PR;Sul;Colisão Transversal;1;2;;;;;1
03/05/2014;07:05:00;88;com vítima;310,9;BR-116/PR;Sul;Colisão Traseira;2;2;;;;1;3
03/05/2014;22:27:00;337;sem vítima;349,8;BR-116/PR;Sul;Saida de Pista;1;1;;;;;1
04/05/2014;21:40:00;381;sem vítima;56;BR-116/PR;Sul;Saida de Pista;1;1;;;;;1
04/05/2014;00:38:00;13;sem vítima;337,6;BR-116/PR;Sul;Saida de Pista;1;2;;;;;1
04/05/2014;11:19:00;157;sem vítima;347;BR-116/PR;Sul;Colisão Traseira;2;3;;;;;1
05/05/2014;10:14:00;202;com vítima;269;BR-116/PR;Sul;Colisão Lateral;1;1;1;;;;1
05/05/2014;10:23:00;211;sem vítima;323;BR-116/PR;Norte;Colisão Traseira;2;3;;;;;1
05/05/2014;16:28:00;309;sem vítima;415,5;BR-116/PR;Norte;Colisão Lateral;1;4;;;;;1
05/05/2014;08:35:00;159;sem vítima;421,9;BR-116/PR;Norte;Colisão Lateral;2;2;;;;;1
05/05/2014;23:19:00;398;sem vítima;543,6;BR-116/PR;Norte;Saida de Pista;1;1;;;;;1
06/05/2014;03:53:00;62;sem vítima;52;BR-116/PR;Sul;Saida de Pista;1;1;;;;;1
07/05/2014;00:15:00;11;sem vítima;282,5;BR-116/PR;Norte;Saida de Pista;1;1;;;;;1
07/05/2014;14:43:00;286;sem vítima;396,1;BR-116/PR;Norte;Saida de Pista;1;1;;;;;1
07/05/2014;23:58:00;429;sem vítima;441,7;BR-116/PR;Norte;Saida de Pista;1;3;;;;;1
07/05/2014;06:45:00;104;com vítima;555;BR-116/PR;Norte;Tombamento;1;;1;;;;1
07/05/2014;10:30:00;198;sem vítima;555,8;BR-116/PR;Norte;Colisão Traseira;1;2;;;;;1
08/05/2014;22:26:00;430;sem vítima;12,7;BR-116/PR;Sul;Colisão Traseira;2;4;;;;;1
08/05/2014;02:04:00;48;sem vítima;57,6;BR-116/PR;Norte;Tombamento;1;1;;;;;1
08/05/2014;15:57:00;325;sem vítima;342,4;BR-116/PR;Sul;Colisão Traseira;1;2;;;;;1
08/05/2014;09:58:00;193;sem vítima;344,3;BR-116/PR;Norte;Colisão Traseira;2;2;;;;;1
08/05/2014;23:22:00;446;sem vítima;360,2;BR-116/PR;Norte;Saida de Pista;1;1;;;;;1
08/05/2014;17:42:00;364;com vítima;390,9;BR-116/PR;Norte;Saida de Pista;1;;;;;1;3
08/05/2014;00:49:00;25;com vítima;392,5;BR-116/PR;Norte;Tombamento;1;;1;;;;1
08/05/2014;21:16:00;415;sem vítima;470,1;BR-116/PR;Norte;Tombamento;1;2;;;;;1
08/05/2014;11:35:00;228;com vítima;513,7;BR-116/PR;Norte;Saida de Pista;1;;;;;2;3
09/05/2014;08:05:00;134;sem vítima;20;BR-116/PR;Sul;Saida de Pista;1;1;;;;;1
09/05/2014;20:40:00;375;sem vítima;28,8;BR-116/PR;Norte;Saida de Pista;1;1;;;;;1
09/05/2014;03:26:00;62;sem vítima;298,8;BR-116/PR;Norte;Outros;2;2;;;;;1
09/05/2014;05:19:00;83;sem vítima;458;BR-116/PR;Sul;Saida de Pista;1;2;;;;;1
09/05/2014;01:52:00;40;sem vítima;482,5;BR-116/PR;Norte;Colisão Traseira;1;2;;;;;1
09/05/2014;11:36:00;216;com vítima;515;BR-116/PR;Norte;Colisão Traseira;1;3;1;;;;1
09/05/2014;00:48:00;22;com vítima;535,5;BR-116/PR;Norte;Capotamento;1;1;2;;;;1
10/05/2014;14:38:00;241;com vítima;1,6;BR-116/PR;Sul;Choque - Defensa, barreira ou  submarino ;1;2;1;;;;1
10/05/2014;12:47:00;214;sem vítima;33,5;BR-116/PR;Norte;Choque - Defensa, barreira ou  submarino ;1;2;;;;;1
10/05/2014;14:06:00;232;sem vítima;343,9;BR-116/PR;Sul;Colisão Traseira;2;2;;;;;1
10/05/2014;14:04:00;230;sem vítima;359,5;BR-116/PR;Norte;Colisão Traseira;2;2;;;;;1
10/05/2014;21:13:00;343;sem vítima;462,6;BR-116/PR;Sul;Colisão Lateral;1;2;;;;;1
10/05/2014;02:52:00;48;sem vítima;544;BR-116/PR;Norte;Saida de Pista;1;1;;;;;1
10/05/2014;02:19:00;41;sem vítima;545,4;BR-116/PR;Norte;Choque - Defensa, barreira ou  submarino ;1;2;;;;;1
10/05/2014;01:08:00;19;sem vítima;554,6;BR-116/PR;Sul;Colisão Traseira;2;2;;;;;1
11/05/2014;09:37:00;115;sem vítima;42,7;BR-116/PR;Norte;Colisão Traseira;1;2;;;;;1
11/05/2014;09:23:00;113;com vítima;43,1;BR-116/PR;Sul;Colisão Frontal;1;7;7;;;3;3
11/05/2014;23:25:00;333;sem vítima;455,3;BR-116/PR;Sul;Colisão Traseira;1;3;;;;;1
11/05/2014;19:51:00;280;sem vítima;479,8;BR-116/PR;Norte;Tombamento;1;2;;;;;1
11/05/2014;00:05:00;2;sem vítima;523;BR-116/PR;Norte;Saida de Pista;1;1;;;;;1
12/05/2014;05:46:00;56;sem vítima;48;BR-116/PR;Sul;Colisão Traseira;1;3;;;;;1
12/05/2014;09:44:00;136;sem vítima;59;BR-116/PR;Sul;Choque - Defensa, barreira ou  submarino ;1;2;;;;;1
12/05/2014;22:27:00;342;com vítima;66,5;BR-116/PR;Sul;Tombamento;1;;;1;;;2
12/05/2014;03:46:00;43;com vítima;339,8;BR-116/PR;Sul;Tombamento;1;;;;1;;2
12/05/2014;07:02:00;75;com vítima;356;BR-116/PR;Norte;Tombamento;1;2;1;;;;1
12/05/2014;19:02:00;305;sem vítima;455,1;BR-116/PR;Norte;Colisão Traseira;1;3;;;;;1
13/05/2014;23:14:00;382;sem vítima;21;BR-116/PR;Sul;Saida de Pista;1;1;;;;;1
14/05/2014;16:29:00;273;sem vítima;283,5;BR-116/PR;Sul;Colisão Lateral;1;2;;;;;1
15/05/2014;02:16:00;37;sem vítima;413,4;BR-116/PR;Norte;Atropelamento de Animal;1;1;;;;;1
15/05/2014;15:35:00;276;sem vítima;487,5;BR-116/PR;Norte;Colisão Lateral;1;4;;;;;1
16/05/2014;23:56:00;403;sem vítima;19,8;BR-116/PR;Sul;Colisão Traseira;2;2;;;;;1
16/05/2014;21:25:00;359;sem vítima;57;BR-116/PR;Norte;Colisão Traseira;1;2;;;;;1
16/05/2014;20:09:00;339;sem vítima;340,5;BR-116/PR;Sul;Colisão Traseira;1;3;;;;;1
16/05/2014;09:21:00;154;com vítima;509,5;BR-116/PR;Norte;Tombamento;1;;1;;;;1
17/05/2014;06:01:00;98;com vítima;339,55;BR-116/PR;Sul;Tombamento;1;;1;;;;1
17/05/2014;23:27:00;379;sem vítima;374,5;BR-116/PR;Sul;Colisão Lateral;1;3;;;;;1
17/05/2014;22:02:00;360;sem vítima;503;BR-116/PR;Sul;Tombamento;1;1;;;;;1
18/05/2014;06:41:00;88;sem vítima;29;BR-116/PR;Norte;Tombamento;1;1;;;;;1
18/05/2014;19:02:00;308;sem vítima;340,3;BR-116/PR;Norte;Choque - Poste;1;2;;;;;1
19/05/2014;01:02:00;21;com vítima;70;BR-116/PR;Sul;Choque - Defensa, barreira ou  submarino ;1;;1;;;;1
19/05/2014;05:59:00;68;sem vítima;320;BR-116/PR;Sul;Tombamento;2;2;;;;;1
19/05/2014;02:07:00;35;com vítima;454,4;BR-116/PR;Norte;Tombamento;1;;1;;;;1
19/05/2014;08:12:00;96;sem vítima;485,7;BR-116/PR;Sul;Colisão Traseira;1;2;;;;;1
19/05/2014;12:00:00;160;sem vítima;567,8;BR-116/PR;Sul;Saida de Pista;1;1;;;;;1
20/05/2014;06:43:00;70;com vítima;270,9;BR-116/PR;Norte;Colisão Traseira;1;4;1;;;;1
20/05/2014;02:44:00;35;sem vítima;413,9;BR-116/PR;Norte;Colisão Traseira;2;2;;;;;1
20/05/2014;06:36:00;67;sem vítima;435,1;BR-116/PR;Sul;Colisão Lateral;1;2;;;;;1
21/05/2014;22:51:00;403;sem vítima;5,35;BR-116/PR;Sul;Colisão Traseira;2;2;;;;;1
21/05/2014;19:54:00;363;sem vítima;10,3;BR-116/PR;Sul;Saida de Pista;1;1;;;;;1
21/05/2014;17:02:00;311;sem vítima;40;BR-116/PR;Norte;Colisão Traseira;1;2;;;;;1
21/05/2014;06:19:00;91;sem vítima;281;BR-116/PR;Norte;Colisão Lateral;2;3;;;;;1
21/05/2014;03:13:00;52;sem vítima;357,7;BR-116/PR;Sul;Saida de Pista;1;1;;;;;1
21/05/2014;00:13:00;5;com vítima;411,3;BR-116/PR;Sul;Tombamento;1;;;1;;;2
21/05/2014;22:20:00;399;com vítima;545,2;BR-116/PR;Norte;Tombamento;1;;;;;1;3
22/05/2014;08:52:00;146;sem vítima;1;BR-116/PR;Sul;Saida de Pista;2;2;;;;;1
22/05/2014;10:45:00;191;sem vítima;12,5;BR-116/PR;Sul;Choque - Defensa, barreira ou  submarino ;1;1;;;;;1
22/05/2014;10:30:00;185;com vítima;41,9;BR-116/PR;Norte;Colisão Transversal;1;2;;1;;;2
22/05/2014;06:50:00;96;com vítima;276;BR-116/PR;Sul;Colisão Traseira;2;2;;1;;;2
22/05/2014;09:40:00;167;sem vítima;301;BR-116/PR;Sul;Colisão Traseira;1;2;;;;;1
22/05/2014;18:03:00;319;com vítima;301,7;BR-116/PR;Sul;Tombamento;2;1;1;;;;1
22/05/2014;13:44:00;237;sem vítima;348,5;BR-116/PR;Norte;Colisão Traseira;1;4;;;;;1
22/05/2014;23:09:00;386;sem vítima;512;BR-116/PR;Sul;Colisão Traseira;2;2;;;;;1
22/05/2014;12:53:00;227;sem vítima;546;BR-116/PR;Sul;Colisão Lateral;1;2;;;;;1
23/05/2014;09:17:00;149;sem vítima;280,5;BR-116/PR;Norte;Colisão Lateral;1;2;;;;;1
23/05/2014;04:33:00;69;sem vítima;349,9;BR-116/PR;Norte;Saida de Pista;1;1;;;;;1
23/05/2014;16:23:00;266;sem vítima;365;BR-116/PR;Norte;Colisão Traseira;1;4;;;;;1
23/05/2014;08:57:00;136;sem vítima;426,6;BR-116/PR;Sul;Colisão Traseira;2;2;;;;;1
23/05/2014;06:03:00;82;sem vítima;458,95;BR-116/PR;Norte;Saida de Pista;1;2;;;;;1
23/05/2014;14:37:00;242;com vítima;511,5;BR-116/PR;Norte;Capotamento;1;;2;;;;1
23/05/2014;06:49:00;89;com vítima;513,4;BR-116/PR;Norte;Choque - Talude;1;;1;;;;1
23/05/2014;22:25:00;341;sem vítima;515,4;BR-116/PR;Norte;Tombamento;1;1;;;;;1
23/05/2014;08:44:00;130;sem vítima;547,8;BR-116/PR;Norte;Tombamento;1;1;;;;;1
24/05/2014;14:04:00;225;com vítima;275,9;BR-116/PR;Sul;Colisão Traseira;1;8;1;;;;1
24/05/2014;21:14:00;342;com vítima;312;BR-116/PR;Sul;Colisão Traseira;1;1;6;1;;;2
24/05/2014;13:20:00;217;sem vítima;354;BR-116/PR;Norte;Colisão Lateral;1;2;;;;;1
24/05/2014;22:57:00;366;sem vítima;406,5;BR-116/PR;Norte;Saida de Pista;1;1;;;;;1
24/05/2014;09:01:00;148;sem vítima;434;BR-116/PR;Sul;Colisão Lateral;2;2;;;;;1
24/05/2014;10:03:00;174;sem vítima;543;BR-116/PR;Sul;Colisão Traseira;2;3;;;;;1
25/05/2014;05:40:00;65;sem vítima;298,8;BR-116/PR;Sul;Colisão Traseira;1;2;;;;;1
25/05/2014;20:04:00;271;sem vítima;401,8;BR-116/PR;Norte;Colisão Lateral;1;2;;;;;1
25/05/2014;06:00:00;66;sem vítima;485;BR-116/PR;Norte;Outros;2;2;;;;;1
25/05/2014;14:06:00;176;com vítima;567,5;BR-116/PR;Norte;Tombamento;1;1;;;1;;2
25/05/2014;18:41:00;254;sem vítima;567,5;BR-116/PR;Norte;Colisão Lateral;1;2;;;;;1
25/05/2014;14:07:00;192;com vítima;569;BR-116/PR;Norte;Colisão Traseira;2;2;1;;1;;2
27/05/2014;18:48:00;290;sem vítima;278,9;BR-116/PR;Sul;Colisão Traseira;2;3;;;;;1
27/05/2014;14:10:00;196;sem vítima;361,6;BR-116/PR;Norte;Colisão Lateral;1;2;;;;;1
27/05/2014;18:08:00;282;sem vítima;432,2;BR-116/PR;Norte;Colisão Lateral;1;3;;;;;1
27/05/2014;01:21:00;18;com vítima;461;BR-116/PR;Norte;Colisão Traseira;2;1;;1;;;2
27/05/2014;15:05:00;214;sem vítima;504,5;BR-116/PR;Norte;Tombamento;1;1;;;;;1
27/05/2014;16:13:00;240;com vítima;508,95;BR-116/PR;Sul;Tombamento;1;;1;;;;1
28/05/2014;06:56:00;73;sem vítima;281,8;BR-116/PR;Norte;Colisão Lateral;1;2;;;;;1
28/05/2014;11:04:00;183;sem vítima;291;BR-116/PR;Norte;Colisão Traseira;1;3;;;;;1
28/05/2014;09:34:00;141;sem vítima;347,4;BR-116/PR;Sul;Colisão Traseira;1;5;;;;;1
28/05/2014;16:51:00;321;sem vítima;371,9;BR-116/PR;Norte;Tombamento;1;1;;;;;1
28/05/2014;11:00:00;181;sem vítima;442;BR-116/PR;Norte;Colisão Traseira;1;2;;;;;1
28/05/2014;06:52:00;71;sem vítima;509,7;BR-116/PR;Norte;Tombamento;1;1;;;;;1
29/05/2014;17:35:00;327;sem vítima;43,3;BR-116/PR;Sul;Colisão Lateral;2;6;;;;;1
29/05/2014;10:08:00;182;sem vítima;282,3;BR-116/PR;Norte;Colisão Lateral;1;2;;;;;1
29/05/2014;14:30:00;251;sem vítima;284,5;BR-116/PR;Norte;Colisão Traseira;1;3;;;;;1
29/05/2014;12:18:00;218;sem vítima;291,4;BR-116/PR;Norte;Colisão Traseira;1;3;;;;;1
29/05/2014;19:07:00;350;sem vítima;343,5;BR-116/PR;Sul;Colisão Traseira;1;4;;;;;1
29/05/2014;09:51:00;174;sem vítima;442;BR-116/PR;Sul;Colisão Lateral;1;3;;;;;1
29/05/2014;21:00:00;378;com vítima;511,6;BR-116/PR;Norte;Tombamento;1;;;;;1;3
30/05/2014;18:09:00;326;sem vítima;283,9;BR-116/PR;Sul;Colisão Traseira;1;3;;;;;1
30/05/2014;10:26:00;176;sem vítima;287;BR-116/PR;Sul;Colisão Traseira;1;2;;;;;1
30/05/2014;07:16:00;107;sem vítima;298,8;BR-116/PR;Norte;Colisão Lateral;2;2;;;;;1
30/05/2014;12:37:00;218;sem vítima;312;BR-116/PR;Norte;Colisão Traseira;1;2;;;;;1
30/05/2014;21:02:00;369;sem vítima;403,5;BR-116/PR;Norte;Choque - Talude;1;1;;;;;1
30/05/2014;07:33:00;115;sem vítima;512,9;BR-116/PR;Sul;Colisão Lateral;1;3;;;;;1
31/05/2014;12:52:00;186;com vítima;280;BR-116/PR;Sul;Engavetamento;2;4;1;;;;1
31/05/2014;00:29:00;13;sem vítima;514;BR-116/PR;Norte;Choque - Defensa, barreira ou  submarino ;1;1;;;;;1
31/05/2014;08:29:00;117;sem vítima;517,8;BR-116/PR;Sul;Colisão Lateral;2;2;;;;;1
01/06/2014;05:02:00;82;com vítima;6,5;BR-116/PR;Norte;Colisão Traseira;2;1;1;;;;1
01/06/2014;03:54:00;64;sem vítima;478;BR-116/PR;Sul;Saida de Pista;1;2;;;;;1
02/06/2014;18:51:00;302;sem vítima;351;BR-116/PR;Norte;Outros - Sequência;2;3;;;;;1
02/06/2014;01:41:00;44;com vítima;414,4;BR-116/PR;Norte;Tombamento;1;1;1;;;;1
02/06/2014;17:47:00;289;com vítima;514,5;BR-116/PR;Norte;Tombamento;1;;2;;;;1
03/06/2014;14:04:00;198;sem vítima;32,5;BR-116/PR;Norte;Tombamento;1;1;;;;;1
03/06/2014;16:28:00;243;sem vítima;279,2;BR-116/PR;Sul;Colisão Lateral;1;6;;;;;1
03/06/2014;10:08:00;130;sem vítima;282;BR-116/PR;Sul;Colisão Lateral;1;2;;;;;1
03/06/2014;17:07:00;265;com vítima;362,6;BR-116/PR;Norte;Tombamento;1;;1;;;;1
04/06/2014;21:08:00;380;sem vítima;48,3;BR-116/PR;Sul;Colisão Traseira;1;3;;;;;1
04/06/2014;08:57:00;108;sem vítima;68;BR-116/PR;Sul;Colisão Lateral;1;2;;;;;1
04/06/2014;09:05:00;112;com vítima;68,8;BR-116/PR;Sul;Colisão Traseira;1;1;;1;;;2
04/06/2014;07:52:00;85;sem vítima;69,1;BR-116/PR;Sul;Colisão Traseira;2;3;;;;;1
04/06/2014;18:59:00;341;sem vítima;326,3;BR-116/PR;Norte;Colisão Lateral;1;3;;;;;1
04/06/2014;19:09:00;346;sem vítima;357,4;BR-116/PR;Sul;Colisão Traseira;2;4;;;;;1
04/06/2014;00:47:00;10;sem vítima;496,7;BR-116/PR;Norte;Colisão Traseira;2;2;;;;;1
05/06/2014;13:16:00;245;sem vítima;279,6;BR-116/PR;Norte;Engavetamento;1;4;;;;;1
05/06/2014;13:00:00;240;sem vítima;288;BR-116/PR;Norte;Colisão Lateral;1;2;;;;;1
06/06/2014;01:59:00;44;sem vítima;31,9;BR-116/PR;Sul;Tombamento;1;1;;;;;1
06/06/2014;20:10:00;289;sem vítima;67,9;BR-116/PR;Sul;Colisão Traseira;3;3;;;;;1
06/06/2014;17:40:00;253;sem vítima;306,4;BR-116/PR;Sul;Tombamento;1;1;;;;;1
06/06/2014;17:18:00;248;com vítima;307,8;BR-116/PR;Sul;Tombamento;1;;1;;;;1
06/06/2014;00:15:00;8;sem vítima;321,9;BR-116/PR;Norte;Colisão Traseira;1;2;;;;;1
06/06/2014;06:38:00;77;com vítima;501,3;BR-116/PR;Sul;Saida de Pista;1;;3;1;1;;2
06/06/2014;13:52:00;182;sem vítima;548;BR-116/PR;Norte;Choque - Defensa, barreira ou  submarino ;1;1;;;;;1
06/06/2014;21:21:00;303;sem vítima;549,1;BR-116/PR;Sul;Choque - Defensa, barreira ou  submarino ;1;1;;;;;1
06/06/2014;08:04:00;100;sem vítima;568,8;BR-116/PR;Sul;Colisão Traseira;2;2;;;;;1
07/06/2014;16:24:00;242;sem vítima;27,6;BR-116/PR;Norte;Tombamento;2;2;;;;;1
07/06/2014;13:51:00;194;com vítima;283,3;BR-116/PR;Sul;Saida de Pista;1;3;1;;;;1
07/06/2014;06:00:00;61;sem vítima;351,5;BR-116/PR;Sul;Saida de Pista;1;1;;;;;1
07/06/2014;01:17:00;11;sem vítima;512;BR-116/PR;Norte;Choque - Talude;1;1;;;;;1
07/06/2014;04:58:00;49;sem vítima;517,3;BR-116/PR;Sul;Colisão Traseira;1;3;;;;;1
08/06/2014;11:09:00;175;sem vítima;352,3;BR-116/PR;Sul;Colisão Traseira;1;3;;;;;1
08/06/2014;15:14:00;268;com vítima;508,9;BR-116/PR;Sul;Tombamento;1;;1;;;;1
09/06/2014;06:56:00;88;sem vítima;32,5;BR-116/PR;Norte;Tombamento;1;1;;;;;1
09/06/2014;23:59:00;379;com vítima;282;BR-116/PR;Norte;Saida de Pista;1;;3;;;;1
09/06/2014;04:21:00;61;sem vítima;414;BR-116/PR;Norte;Colisão Lateral;1;2;;;;;1
09/06/2014;16:38:00;278;sem vítima;498,7;BR-116/PR;Sul;Choque - Talude;1;2;;;;;1
09/06/2014;03:22:00;45;sem vítima;515;BR-116/PR;Norte;Colisão Traseira;1;3;;;;;1
09/06/2014;23:38:00;375;com vítima;515;BR-116/PR;Norte;Colisão Traseira;2;1;;1;;;2
09/06/2014;00:45:00;15;sem vítima;530;BR-116/PR;Norte;Tombamento;1;1;;;;;1
09/06/2014;13:49:00;237;com vítima;554;BR-116/PR;Norte;Saida de Pista;1;6;2;;;;1
10/06/2014;16:53:00;294;sem vítima;40;BR-116/PR;Sul;Saida de Pista;1;1;;;;;1
10/06/2014;10:08:00;170;sem vítima;270,1;BR-116/PR;Sul;Colisão Traseira;1;2;;;;;1
10/06/2014;16:50:00;292;com vítima;353;BR-116/PR;Sul;Engavetamento;4;8;2;1;;;2
10/06/2014;06:18:00;84;sem vítima;427,8;BR-116/PR;Norte;Tombamento;1;2;;;;;1
10/06/2014;17:09:00;296;sem vítima;550;BR-116/PR;Sul;Choque - Talude;1;2;;;;;1
11/06/2014;02:21:00;52;com vítima;47;BR-116/PR;Sul;Saida de Pista;1;;2;;;;1
11/06/2014;08:16:00;132;com vítima;336,8;BR-116/PR;Sul;Tombamento;1;;1;;;;1
11/06/2014;07:01:00;100;sem vítima;346,9;BR-116/PR;Norte;Colisão Frontal;1;2;;;;;1
11/06/2014;10:14:00;190;sem vítima;483,5;BR-116/PR;Norte;Colisão Traseira;1;3;;;;;1
11/06/2014;22:38:00;404;sem vítima;500,5;BR-116/PR;Sul;Choque - Suporte de Sinalização;1;1;;;;;1
12/06/2014;19:35:00;314;sem vítima;47,7;BR-116/PR;Norte;Colisão Traseira;1;2;;;;;1
12/06/2014;07:39:00;83;sem vítima;362,5;BR-116/PR;Norte;Tombamento;1;2;;;;;1
12/06/2014;18:50:00;305;sem vítima;490,8;BR-116/PR;Sul;Colisão Traseira;1;2;;;;;1
13/06/2014;18:41:00;347;sem vítima;278,8;BR-116/PR;Sul;Colisão Lateral;1;2;;;;;1
13/06/2014;18:06:00;335;sem vítima;528;BR-116/PR;Sul;Saida de Pista;1;3;;;;;1
13/06/2014;21:50:00;393;sem vítima;545,2;BR-116/PR;Norte;Tombamento;1;1;;;;;1
14/06/2014;04:50:00;81;sem vítima;64,4;BR-116/PR;Sul;Saida de Pista;1;1;;;;;1
14/06/2014;04:34:00;79;sem vítima;67;BR-116/PR;Sul;Não Def;1;1;;;;;1
14/06/2014;00:40:00;25;com vítima;359,3;BR-116/PR;Sul;Colisão Frontal;2;;2;;;;1
15/06/2014;21:34:00;330;sem vítima;282;BR-116/PR;Norte;Colisão Traseira;1;3;;;;;1
15/06/2014;15:37:00;206;sem vítima;442,5;BR-116/PR;Norte;Colisão Lateral;1;3;;;;;1
15/06/2014;05:15:00;62;sem vítima;453,6;BR-116/PR;Sul;Saida de Pista;1;1;;;;;1
15/06/2014;07:57:00;79;sem vítima;485,7;BR-116/PR;Sul;Colisão Traseira;1;4;;;;;1
16/06/2014;16:43:00;303;sem vítima;364,1;BR-116/PR;Sul;Colisão Lateral;1;5;;;;;1
17/06/2014;09:19:00;142;sem vítima;58;BR-116/PR;Sul;Choque - Defensa, barreira ou  submarino ;1;1;;;;;1
17/06/2014;08:40:00;125;sem vítima;302;BR-116/PR;Norte;Colisão Traseira;1;2;;;;;1
17/06/2014;12:48:00;222;sem vítima;307;BR-116/PR;Sul;Saida de Pista;1;2;;;;;1
17/06/2014;20:14:00;345;sem vítima;406,7;BR-116/PR;Sul;Colisão Traseira;2;2;;;;;1
18/06/2014;09:47:00;163;sem vítima;38;BR-116/PR;Norte;Tombamento;1;1;;;;;1
18/06/2014;16:01:00;296;com vítima;393,9;BR-116/PR;Sul;Colisão Traseira;2;1;1;;;;1
18/06/2014;07:56:00;109;com vítima;413,9;BR-116/PR;Sul;Colisão Lateral;1;1;1;;;;1
18/06/2014;16:59:00;306;sem vítima;550;BR-116/PR;Sul;Tombamento;1;1;;;;;1
19/06/2014;09:37:00;158;sem vítima;40;BR-116/PR;Sul;Choque - Defensa, barreira ou  submarino ;1;1;;;;;1
19/06/2014;18:22:00;342;sem vítima;44;BR-116/PR;Norte;Colisão Lateral;1;4;;;;;1
19/06/2014;09:38:00;159;sem vítima;70,9;BR-116/PR;Sul;Colisão Traseira;1;4;;;;;1
19/06/2014;08:39:00;132;sem vítima;298,6;BR-116/PR;Norte;Colisão Traseira;2;2;;;;;1
19/06/2014;14:09:00;267;sem vítima;407,5;BR-116/PR;Sul;Colisão Traseira;2;2;;;;;1
19/06/2014;10:43:00;182;sem vítima;538;BR-116/PR;Sul;Colisão Traseira;1;2;;;;;1
20/06/2014;22:09:00;361;com vítima;273;BR-116/PR;Sul;Colisão Traseira;1;1;2;;;;1
21/06/2014;23:41:00;365;sem vítima;291,5;BR-116/PR;Sul;Colisão Lateral;1;3;;;;;1