data;horario;n_da_ocorrencia;tipo_de_ocorrencia;km;trecho;sentido;tipo_de_acidente;caminhao;ilesos;levemente_feridos;moderadamente_feridos;gravemente_feridos;mortos;3
21/06/2014;04:55:00;61;com vítima;473,5;BR-116/PR;Norte;Tombamento;1;2;;1;;;2
22/06/2014;15:28:00;239;com vítima;0,15;BR-116/PR;Sul;Tombamento;1;;3;;;;1
22/06/2014;22:01:00;350;com vítima;30,6;BR-116/PR;Sul;Colisão Traseira;1;2;1;1;;1;3
22/06/2014;15:10:00;230;com vítima;33;BR-116/PR;Norte;Tombamento;1;;;1;;;2
22/06/2014;22:23:00;356;com vítima;359,3;BR-116/PR;Sul;Tombamento;1;1;1;;;;1
22/06/2014;23:06:00;363;sem vítima;359,5;BR-116/PR;Sul;Colisão Traseira;1;4;;;;;1
22/06/2014;04:47:00;65;com vítima;469,3;BR-116/PR;Norte;Tombamento;1;;1;;;;1
23/06/2014;21:16:00;313;sem vítima;280;BR-116/PR;Norte;Colisão Lateral;1;3;;;;;1
23/06/2014;08:45:00;103;sem vítima;433;BR-116/PR;Sul;Saida de Pista;1;2;;;;;1
24/06/2014;05:59:00;77;sem vítima;314,3;BR-116/PR;Norte;Colisão Traseira;2;2;;;;;1
24/06/2014;19:15:00;343;sem vítima;370,4;BR-116/PR;Sul;Colisão Traseira;1;4;;;;;1
24/06/2014;19:57:00;346;sem vítima;426,6;BR-116/PR;Sul;Colisão Lateral;1;2;;;;;1
24/06/2014;23:31:00;386;com vítima;439;BR-116/PR;Norte;Saida de Pista;1;1;2;;;;1
25/06/2014;07:48:00;111;com vítima;32,5;BR-116/PR;Norte;Tombamento;1;;1;;;;1
25/06/2014;10:56:00;197;com vítima;551,3;BR-116/PR;Norte;Tombamento;1;;1;;;;1
26/06/2014;07:54:00;132;sem vítima;9,9;BR-116/CW;Norte;Colisão Traseira;1;2;;;;;1
26/06/2014;09:55:00;184;sem vítima;283,7;BR-116/PR;Norte;Colisão Traseira;1;5;;;;;1
26/06/2014;18:52:00;348;sem vítima;294;BR-116/PR;Norte;Colisão Traseira;3;4;;;;;1
26/06/2014;07:43:00;128;sem vítima;384,9;BR-116/PR;Norte;Tombamento;1;1;;;;;1
26/06/2014;06:51:00;109;sem vítima;506,9;BR-116/PR;Norte;Colisão Lateral;2;2;;;;;1
26/06/2014;05:28:00;94;sem vítima;509,3;BR-116/PR;Sul;Tombamento;1;1;;;;;1
26/06/2014;09:02:00;161;sem vítima;543;BR-116/PR;Sul;Colisão Lateral;1;3;;;;;1
27/06/2014;14:03:00;260;sem vítima;294;BR-116/PR;Sul;Colisão Traseira;1;3;;;;;1
27/06/2014;21:11:00;397;sem vítima;300,3;BR-116/PR;Sul;Colisão Lateral;1;6;;;;;1
28/06/2014;04:51:00;53;com vítima;301,3;BR-116/PR;Sul;Tombamento;1;;1;;;;1
28/06/2014;10:02:00;122;com vítima;340;BR-116/PR;Sul;Engavetamento;2;1;;1;;4;3
28/06/2014;09:43:00;116;com vítima;342;BR-116/PR;Sul;Engavetamento;3;2;2;;;;1
28/06/2014;07:01:00;69;com vítima;352;BR-116/PR;Norte;Colisão Traseira;2;1;1;;;;1
28/06/2014;23:57:00;322;sem vítima;530,9;BR-116/PR;Sul;Choque - Defensa, barreira ou  submarino ;1;2;;;;;1
28/06/2014;08:44:00;99;sem vítima;542,9;BR-116/PR;Sul;Choque - Outros;1;1;;;;;1
29/06/2014;16:24:00;234;sem vítima;33,15;BR-116/PR;Norte;Choque - Defensa, barreira ou  submarino ;1;1;;;;;1
29/06/2014;12:36:00;157;sem vítima;499;BR-116/PR;Sul;Tombamento;1;1;;;;;1
30/06/2014;19:54:00;374;com vítima;10,6;BR-116/CW;Sul;Colisão Traseira;1;1;1;;;;1
30/06/2014;21:25:00;394;com vítima;310,6;BR-116/PR;Norte;Tombamento;1;;1;;;;1
30/06/2014;20:45:00;384;com vítima;426;BR-116/PR;Norte;Colisão Lateral;1;2;;;;1;3
30/06/2014;21:50:00;397;com vítima;431;BR-116/PR;Norte;Atropelamento - Usuário;1;1;1;;;;1
01/07/2014;06:07:00;68;sem vítima;320,6;BR-116/PR;Norte;Colisão Traseira;1;2;;;;;1
01/07/2014;19:28:00;348;com vítima;324,4;BR-116/PR;Sul;Atropelamento - Morador;1;2;;;;1;3
01/07/2014;17:53:00;318;sem vítima;486,2;BR-116/PR;Norte;Saida de Pista;1;1;;;;;1
02/07/2014;04:06:00;53;com vítima;320,8;BR-116/PR;Norte;Colisão Traseira;2;1;1;;;;1
02/07/2014;08:48:00;122;sem vítima;351,7;BR-116/PR;Norte;Colisão Traseira;2;2;;;;;1
02/07/2014;03:39:00;50;sem vítima;352,9;BR-116/PR;Norte;Colisão Lateral;1;2;;;;;1
02/07/2014;03:07:00;45;sem vítima;561,5;BR-116/PR;Norte;Tombamento;1;1;;;;;1
03/07/2014;08:10:00;132;sem vítima;28;BR-116/PR;Norte;Choque - Defensa, barreira ou  submarino ;1;1;;;;;1
03/07/2014;20:55:00;396;sem vítima;323,3;BR-116/PR;Sul;Engavetamento;5;5;;;;;1
03/07/2014;19:34:00;383;com vítima;339,6;BR-116/PR;Sul;Tombamento;1;;;;;1;3
03/07/2014;11:17:00;218;sem vítima;348;BR-116/PR;Sul;Saida de Pista;2;2;;;;;1
03/07/2014;08:58:00;154;sem vítima;363,7;BR-116/PR;Norte;Choque - Defensa, barreira ou  submarino ;1;1;;;;;1
03/07/2014;01:21:00;23;sem vítima;409,8;BR-116/PR;Sul;Tombamento;1;1;;;;;1
04/07/2014;07:28:00;98;sem vítima;291,5;BR-116/PR;Sul;Colisão Lateral;1;2;;;;;1
04/07/2014;15:48:00;306;com vítima;298,1;BR-116/PR;Norte;Colisão Transversal;1;2;1;;;;1
04/07/2014;06:20:00;78;sem vítima;299,9;BR-116/PR;Sul;Colisão Lateral;1;6;;;;;1
04/07/2014;20:12:00;383;sem vítima;310;BR-116/PR;Norte;Colisão Lateral;1;3;;;;;1
04/07/2014;21:58:00;406;sem vítima;444;BR-116/PR;Sul;Colisão Transversal;1;6;;;;;1
04/07/2014;04:46:00;70;sem vítima;458,5;BR-116/PR;Sul;Choque - Defensa, barreira ou  submarino ;1;1;;;;;1
05/07/2014;07:27:00;94;sem vítima;0,8;BR-116/PR;Sul;Saida de Pista;1;2;;;;;1
05/07/2014;01:38:00;25;com vítima;363,9;BR-116/PR;Sul;Tombamento;1;;1;;;;1
05/07/2014;11:28:00;193;sem vítima;560,5;BR-116/PR;Sul;Choque - Defensa, barreira ou  submarino ;1;1;;;;;1
06/07/2014;11:36:00;159;com vítima;39,5;BR-116/PR;Norte;Colisão Traseira;2;;2;;;;1
06/07/2014;22:13:00;350;com vítima;509,8;BR-116/PR;Norte;Tombamento;1;;1;;;;1
07/07/2014;23:31:00;334;sem vítima;282,3;BR-116/PR;Sul;Tombamento;2;2;;;;;1
07/07/2014;01:27:00;17;sem vítima;349,5;BR-116/PR;Norte;Tombamento;1;1;;;;;1
07/07/2014;14:18:00;213;com vítima;562,7;BR-116/PR;Norte;Saida de Pista;1;;1;;;;1
08/07/2014;06:05:00;108;sem vítima;13,9;BR-116/PR;Sul;Choque - Objeto sobre a pista;1;1;;;;;1
08/07/2014;06:36:00;100;com vítima;57,2;BR-116/PR;Norte;Colisão Traseira;2;2;1;;;;1
08/07/2014;23:56:00;395;com vítima;58,7;BR-116/PR;Sul;Colisão Traseira;2;5;1;;;;1
08/07/2014;22:01:00;382;sem vítima;58,9;BR-116/PR;Sul;Colisão Lateral;2;2;;;;;1
08/07/2014;01:06:00;25;sem vítima;63,2;BR-116/PR;Norte;Saida de Pista;1;1;;;;;1
08/07/2014;01:49:00;38;com vítima;314,8;BR-116/PR;Norte;Colisão Traseira;2;1;1;;;;1
08/07/2014;18:50:00;345;sem vítima;397,5;BR-116/PR;Norte;Colisão Lateral;1;2;;;;;1
08/07/2014;23:15:00;388;sem vítima;424,4;BR-116/PR;Sul;Tombamento;1;1;;;;;1
09/07/2014;06:48:00;73;sem vítima;361,3;BR-116/PR;Norte;Colisão Lateral;2;2;;;;;1
09/07/2014;00:11:00;4;com vítima;370,4;BR-116/PR;Norte;Colisão Traseira;1;3;1;;;;1
09/07/2014;12:09:00;167;sem vítima;485,7;BR-116/PR;Sul;Colisão Traseira;1;3;;;;;1
09/07/2014;09:24:00;112;sem vítima;543;BR-116/PR;Sul;Colisão Traseira;2;3;;;;;1
10/07/2014;09:24:00;140;sem vítima;63,5;BR-116/PR;Sul;Choque - Defensa, barreira ou  submarino ;1;3;;;;;1
10/07/2014;13:46:00;215;sem vítima;364,9;BR-116/PR;Norte;Colisão Lateral;1;2;;;;;1
10/07/2014;04:26:00;64;com vítima;389,5;BR-116/PR;Norte;Colisão Traseira;2;1;;1;;;2
10/07/2014;00:21:00;8;sem vítima;447,8;BR-116/PR;Norte;Saida de Pista;1;1;;;;;1
10/07/2014;08:34:00;122;sem vítima;478,9;BR-116/PR;Norte;Tombamento;1;1;;;;;1
10/07/2014;18:44:00;314;com vítima;506,4;BR-116/PR;Sul;Atropelamento - Morador;1;1;;;;1;3
10/07/2014;19:58:00;334;sem vítima;513,1;BR-116/PR;Norte;Saida de Pista;1;2;;;;;1
10/07/2014;16:28:00;269;sem vítima;560,1;BR-116/PR;Sul;Colisão Traseira;2;2;;;;;1
11/07/2014;07:41:00;106;sem vítima;360;BR-116/PR;Sul;Saida de Pista;1;1;;;;;1
11/07/2014;04:34:00;66;com vítima;499,6;BR-116/PR;Sul;Tombamento;1;;1;;;;1
11/07/2014;10:11:00;169;com vítima;504,6;BR-116/PR;Norte;Tombamento;1;1;1;;;;1
11/07/2014;08:28:00;127;sem vítima;518;BR-116/PR;Norte;Colisão Traseira;1;6;;;;;1
11/07/2014;07:41:00;105;sem vítima;541,2;BR-116/PR;Sul;Choque - Defensa, barreira ou  submarino ;2;4;;;;;1
12/07/2014;11:19:00;175;com vítima;24;BR-116/PR;Sul;Colisão Traseira;2;4;1;;;;1
12/07/2014;10:25:00;154;sem vítima;38,5;BR-116/PR;Norte;Colisão Lateral;1;4;;;;;1
12/07/2014;04:13:00;56;sem vítima;269,6;BR-116/PR;Sul;Colisão Traseira;2;2;;;;;1
12/07/2014;04:39:00;60;sem vítima;299;BR-116/PR;Norte;Colisão Traseira;2;2;;;;;1
12/07/2014;15:08:00;225;sem vítima;358,1;BR-116/PR;Sul;Colisão Lateral;2;2;;;;;1
12/07/2014;07:03:00;78;com vítima;393,85;BR-116/PR;Sul;Tombamento;1;2;1;;;;1
12/07/2014;06:04:00;70;com vítima;394;BR-116/PR;Norte;Tombamento;1;1;1;;;;1
12/07/2014;07:18:00;82;sem vítima;394,3;BR-116/PR;Sul;Colisão Traseira;1;5;;;;;1
12/07/2014;19:39:00;300;sem vítima;485,7;BR-116/PR;Norte;Colisão Traseira;1;8;;;;;1
12/07/2014;11:35:00;180;com vítima;545;BR-116/PR;Sul;Engavetamento;2;4;1;;;;1
13/07/2014;14:38:00;228;sem vítima;348,8;BR-116/PR;Sul;Colisão Lateral;1;3;;;;;1
13/07/2014;07:13:00;100;sem vítima;544,5;BR-116/PR;Norte;Tombamento;1;2;;;;;1
13/07/2014;12:54:00;201;com vítima;552;BR-116/PR;Norte;Tombamento;1;;;1;1;;2
14/07/2014;05:22:00;67;sem vítima;298;BR-116/PR;Norte;Colisão Lateral;1;2;;;;;1
14/07/2014;19:04:00;316;com vítima;337;BR-116/PR;Sul;Colisão Traseira;2;1;;1;;;2
14/07/2014;04:14:00;57;sem vítima;551;BR-116/PR;Sul;Tombamento;1;1;;;;;1
15/07/2014;15:42:00;262;sem vítima;269,5;BR-116/PR;Sul;Colisão Traseira;1;5;;;;;1
15/07/2014;17:12:00;299;sem vítima;348,9;BR-116/PR;Norte;Colisão Lateral;4;6;;;;;1
15/07/2014;01:53:00;21;com vítima;391,5;BR-116/PR;Norte;Colisão Traseira;2;;;2;;1;3
15/07/2014;04:48:00;49;sem vítima;424,2;BR-116/PR;Norte;Saida de Pista;1;1;;;;;1
17/07/2014;10:29:00;193;com vítima;33;BR-116/PR;Norte;Tombamento;1;;;2;1;1;3
17/07/2014;03:47:00;54;sem vítima;49,1;BR-116/PR;Sul;Atropelamento de Animal;1;1;;;;;1
17/07/2014;21:19:00;393;com vítima;284,8;BR-116/PR;Norte;Atropelamento - Morador;1;4;;;1;;2
17/07/2014;11:00:00;201;sem vítima;321;BR-116/PR;Norte;Colisão Traseira;2;2;;;;;1
17/07/2014;06:53:00;97;sem vítima;357,7;BR-116/PR;Sul;Tombamento;1;1;;;;;1
17/07/2014;02:55:00;49;sem vítima;364,9;BR-116/PR;Norte;Choque - Defensa, barreira ou  submarino ;1;2;;;;;1
17/07/2014;05:42:00;80;sem vítima;424,2;BR-116/PR;Norte;Saida de Pista;1;1;;;;;1
17/07/2014;23:14:00;410;com vítima;426,5;BR-116/PR;Sul;Tombamento;1;;;1;;;2
17/07/2014;05:29:00;78;sem vítima;427,7;BR-116/PR;Norte;Tombamento;1;1;;;;;1
17/07/2014;10:11:00;181;sem vítima;485,7;BR-116/PR;Sul;Colisão Traseira;2;2;;;;;1
17/07/2014;08:59:00;155;sem vítima;532;BR-116/PR;Sul;Colisão Traseira;2;2;;;;;1
18/07/2014;18:31:00;329;com vítima;327,5;BR-116/PR;Sul;Atropelamento - Morador;1;2;;;;1;3
18/07/2014;06:55:00;80;com vítima;445;BR-116/PR;Norte;Atropelamento - Morador;1;1;1;;;;1
18/07/2014;07:05:00;84;com vítima;506,5;BR-116/PR;Sul;Tombamento;1;;1;;;;1
18/07/2014;17:47:00;313;sem vítima;515;BR-116/PR;Norte;Saida de Pista;1;1;;;;;1
19/07/2014;19:35:00;373;sem vítima;319,5;BR-116/PR;Sul;Atropelamento de Animal;1;2;;;;;1
19/07/2014;12:21:00;220;sem vítima;512,5;BR-116/PR;Sul;Colisão Lateral;1;6;;;;;1
20/07/2014;16:18:00;242;sem vítima;8,8;BR-116/PR;Sul;Saida de Pista;1;2;;;;;1
20/07/2014;18:35:00;295;com vítima;47,4;BR-116/PR;Sul;Colisão Transversal;1;1;1;1;1;;2
20/07/2014;12:55:00;192;com vítima;51,6;BR-116/PR;Norte;Colisão Traseira;1;1;1;;;;1
20/07/2014;08:20:00;122;sem vítima;499,3;BR-116/PR;Sul;Saida de Pista;1;1;;;;;1
20/07/2014;11:09:00;157;com vítima;511,8;BR-116/PR;Norte;Tombamento;1;;1;;;;1
21/07/2014;21:49:00;382;sem vítima;30,9;BR-116/PR;Norte;Saida de Pista;1;1;;;;;1
22/07/2014;12:52:00;170;sem vítima;318,1;BR-116/PR;Sul;Colisão Traseira;1;2;;;;;1
22/07/2014;02:20:00;28;com vítima;362;BR-116/PR;Sul;Tombamento;1;;1;;;;1
22/07/2014;19:19:00;310;com vítima;415;BR-116/PR;Norte;Tombamento;2;1;1;1;;;2
22/07/2014;10:59:00;149;sem vítima;512,5;BR-116/PR;Norte;Colisão Traseira;2;4;;;;;1
22/07/2014;21:41:00;329;com vítima;536,2;BR-116/PR;Sul;Colisão Traseira;2;1;;1;1;1;3
23/07/2014;06:53:00;80;sem vítima;27;BR-116/PR;Sul;Saida de Pista;1;1;;;;;1
23/07/2014;21:14:00;372;sem vítima;28;BR-116/PR;Norte;Choque - Defensa, barreira ou  submarino ;1;1;;;;;1
23/07/2014;18:36:00;342;com vítima;28,1;BR-116/PR;Norte;Tombamento;1;;;1;;1;3
23/07/2014;20:44:00;368;com vítima;49,5;BR-116/PR;Norte;Tombamento;1;;;1;;;2
23/07/2014;16:45:00;303;com vítima;280,1;BR-116/PR;Sul;Colisão Lateral;1;2;1;;;;1
23/07/2014;12:20:00;207;sem vítima;284;BR-116/PR;Sul;Colisão Traseira;2;2;;;;;1
23/07/2014;00:29:00;6;com vítima;436,8;BR-116/PR;Norte;Tombamento;1;;3;;;;1
23/07/2014;03:23:00;44;sem vítima;437,5;BR-116/PR;Norte;Saida de Pista;1;1;;;;;1
23/07/2014;07:15:00;85;com vítima;438,5;BR-116/PR;Norte;Engavetamento;1;10;8;1;;;2
23/07/2014;07:16:00;89;sem vítima;438,6;BR-116/PR;Norte;Saida de Pista;1;2;;;;;1
23/07/2014;00:33:00;7;sem vítima;499;BR-116/PR;Norte;Colisão Lateral;2;3;;;;;1
23/07/2014;03:23:00;45;sem vítima;511;BR-116/PR;Sul;Tombamento;1;1;;;;;1
24/07/2014;11:29:00;195;sem vítima;29;BR-116/PR;Norte;Choque - Defensa, barreira ou  submarino ;1;2;;;;;1
24/07/2014;00:29:00;7;sem vítima;33;BR-116/PR;Norte;Engavetamento;3;3;;;;;1
24/07/2014;01:52:00;28;com vítima;33,35;BR-116/PR;Norte;Colisão Traseira;2;1;1;;;;1
24/07/2014;09:12:00;154;sem vítima;359;BR-116/PR;Sul;Colisão Lateral;3;3;;;;;1
24/07/2014;12:33:00;211;sem vítima;545;BR-116/PR;Norte;Tombamento;1;1;;;;;1
24/07/2014;10:10:00;167;com vítima;564,4;BR-116/PR;Sul;Tombamento;1;;1;;;;1
25/07/2014;15:21:00;279;sem vítima;66,5;BR-116/PR;Sul;Colisão Lateral;1;2;;;;;1
25/07/2014;21:48:00;379;com vítima;348,8;BR-116/PR;Sul;Colisão Lateral;1;5;1;;;;1
25/07/2014;00:08:00;3;sem vítima;378,3;BR-116/PR;Sul;Saida de Pista;1;1;;;;;1
25/07/2014;18:20:00;337;sem vítima;396,9;BR-116/PR;Norte;Saida de Pista;1;2;;;;;1
26/07/2014;18:48:00;293;com vítima;322;BR-116/PR;Norte;Colisão Lateral;1;4;;1;;;2
26/07/2014;18:56:00;296;sem vítima;371;BR-116/PR;Norte;Colisão Lateral;1;3;;;;;1
27/07/2014;13:54:00;235;sem vítima;33;BR-116/PR;Norte;Tombamento;1;1;;;;;1
27/07/2014;22:29:00;376;sem vítima;290;BR-116/PR;Norte;Colisão Transversal;1;3;;;;;1
27/07/2014;07:09:00;84;sem vítima;359,5;BR-116/PR;Norte;Colisão Lateral;1;2;;;;;1
28/07/2014;19:38:00;266;sem vítima;20,8;BR-116/PR;Sul;Saida de Pista;1;1;;;;;1
28/07/2014;10:39:00;129;sem vítima;290,5;BR-116/PR;Norte;Colisão Lateral;1;2;;;;;1
28/07/2014;03:17:00;37;com vítima;502,65;BR-116/PR;Norte;Choque - Talude;1;;1;;;;1
29/07/2014;16:37:00;256;sem vítima;7,3;BR-116/PR;Sul;Tombamento;1;2;;;;;1
29/07/2014;10:51:00;158;sem vítima;7,7;BR-116/PR;Sul;Tombamento;1;1;;;;;1
29/07/2014;05:00:00;59;sem vítima;317,1;BR-116/PR;Norte;Saida de Pista;1;5;;;;;1
29/07/2014;06:56:00;75;sem vítima;370,4;BR-116/PR;Norte;Colisão Traseira;2;2;;;;;1
29/07/2014;09:42:00;134;com vítima;544;BR-116/PR;Norte;Tombamento;1;;1;;;;1
30/07/2014;08:25:00;112;sem vítima;19,3;BR-116/PR;Sul;Choque - Poste;1;3;;;;;1
30/07/2014;23:33:00;418;com vítima;291,8;BR-116/PR;Sul;Colisão Transversal;1;1;3;;;;1
30/07/2014;08:41:00;120;com vítima;304,8;BR-116/PR;Norte;Colisão Traseira;1;1;1;;;;1
30/07/2014;15:16:00;275;sem vítima;544,5;BR-116/PR;Sul;Tombamento;1;1;;;;;1
31/07/2014;19:13:00;361;sem vítima;279,5;BR-116/PR;Sul;Colisão Traseira;1;3;;;;;1
31/07/2014;22:30:00;408;com vítima;339,6;BR-116/PR;Sul;Tombamento;1;;;;1;;2
31/07/2014;04:35:00;63;com vítima;504,3;BR-116/PR;Sul;Tombamento;1;;1;;;;1
01/08/2014;22:26:00;430;sem vítima;11;BR-116/PR;Sul;Saida de Pista;1;2;;;;;1
01/08/2014;05:56:00;84;sem vítima;32;BR-116/PR;Norte;Choque - Defensa, barreira ou  submarino ;1;1;;;;;1
01/08/2014;03:05:00;47;com vítima;351,2;BR-116/PR;Sul;Saida de Pista;1;;1;;;;1
01/08/2014;17:08:00;331;sem vítima;362,8;BR-116/PR;Sul;Choque - Defensa, barreira ou  submarino ;1;2;;;;;1
01/08/2014;11:32:00;218;com vítima;564,1;BR-116/PR;Sul;Tombamento;1;;1;;;;1
02/08/2014;11:28:00;185;com vítima;29,5;BR-116/PR;Norte;Tombamento;1;;;1;;;2
02/08/2014;03:52:00;66;com vítima;278,7;BR-116/PR;Sul;Capotamento;2;;3;;1;;2
02/08/2014;01:43:00;33;com vítima;322,8;BR-116/PR;Sul;Colisão Traseira;1;1;1;;;;1
02/08/2014;06:48:00;92;com vítima;520,2;BR-116/PR;Sul;Colisão Traseira;2;2;1;;;;1
02/08/2014;04:32:00;73;com vítima;550,4;BR-116/PR;Norte;Saida de Pista;1;;1;;;;1
03/08/2014;18:34:00;307;com vítima;47,5;BR-116/PR;Sul;Engavetamento;1;3;2;2;2;;2
03/08/2014;14:40:00;202;sem vítima;352;BR-116/PR;Norte;Colisão Lateral;1;2;;;;;1
03/08/2014;23:09:00;379;sem vítima;370,4;BR-116/PR;Norte;Colisão Traseira;2;2;;;;;1
03/08/2014;22:00:00;362;sem vítima;446,6;BR-116/PR;Sul;Tombamento;1;2;;;;;1
03/08/2014;07:32:00;97;com vítima;550,5;BR-116/PR;Norte;Tombamento;1;;1;;;;1
04/08/2014;15:19:00;264;com vítima;440;BR-116/PR;Norte;Saida de Pista;1;;;1;;;2
05/08/2014;15:23:00;283;sem vítima;0,9;BR-116/PR;Sul;Colisão Traseira;2;2;;;;;1
05/08/2014;07:29:00;113;sem vítima;6,8;BR-116/PR;Sul;Choque - Defensa, barreira ou  submarino ;1;4;;;;;1
05/08/2014;22:31:00;391;sem vítima;23,8;BR-116/PR;Norte;Tombamento;1;1;;;;;1
05/08/2014;08:53:00;146;sem vítima;42;BR-116/PR;Sul;Colisão Lateral;1;2;;;;;1
05/08/2014;21:47:00;386;sem vítima;61;BR-116/PR;Sul;Atropelamento de Animal;1;1;;;;;1
05/08/2014;11:21:00;216;sem vítima;281;BR-116/PR;Norte;Colisão Lateral;1;2;;;;;1
05/08/2014;06:41:00;95;sem vítima;284,4;BR-116/PR;Norte;Colisão Traseira;1;2;;;;;1
05/08/2014;17:17:00;319;sem vítima;345;BR-116/PR;Sul;Engavetamento;4;4;;;;;1
05/08/2014;05:48:00;88;sem vítima;448;BR-116/PR;Norte;Tombamento;1;1;;;;;1
05/08/2014;20:24:00;371;sem vítima;499;BR-116/PR;Sul;Colisão Traseira;2;2;;;;;1
05/08/2014;07:44:00;121;com vítima;504,6;BR-116/PR;Norte;Tombamento;1;;;;;1;3
05/08/2014;14:06:00;267;sem vítima;504,6;BR-116/PR;Norte;Engavetamento;4;5;;;;;1
06/08/2014;00:14:00;2;sem vítima;26,8;BR-116/PR;Norte;Colisão Traseira;2;3;;;;;1
06/08/2014;06:52:00;86;com vítima;336,3;BR-116/PR;Sul;Tombamento;1;;1;;;;1
06/08/2014;16:53:00;326;com vítima;359,95;BR-116/PR;Norte;Tombamento;2;1;1;;;;1
06/08/2014;18:42:00;352;sem vítima;543;BR-116/PR;Sul;Choque - Veiculo parado na pista;1;2;;;;;1
07/08/2014;02:16:00;36;com vítima;7,8;BR-116/CW;Norte;Colisão Traseira;1;1;1;;;;1
07/08/2014;19:16:00;362;sem vítima;342,1;BR-116/PR;Sul;Colisão Traseira;2;2;;;;;1
07/08/2014;07:19:00;88;sem vítima;347,5;BR-116/PR;Sul;Saida de Pista;1;1;;;;;1
07/08/2014;00:36:00;11;com vítima;351;BR-116/PR;Norte;Tombamento;1;;1;;;;1
07/08/2014;16:34:00;300;sem vítima;426;BR-116/PR;Sul;Colisão Traseira;2;2;;;;;1
07/08/2014;11:54:00;206;sem vítima;426,6;BR-116/PR;Norte;Colisão Traseira;1;2;;;;;1
09/08/2014;14:44:00;250;sem vítima;10;BR-116/CW;Sul;Colisão Lateral;1;2;;;;;1
09/08/2014;00:36:00;17;sem vítima;23,1;BR-116/PR;Sul;Colisão Traseira;1;5;;;;;1
09/08/2014;22:46:00;376;com vítima;23,2;BR-116/PR;Norte;Tombamento;1;;1;;;;1
09/08/2014;18:19:00;321;com vítima;291,4;BR-116/PR;Norte;Engavetamento;1;5;1;;;;1
09/08/2014;18:13:00;319;com vítima;293;BR-116/PR;Norte;Capotamento;1;2;1;;;;1
09/08/2014;18:26:00;324;sem vítima;351,5;BR-116/PR;Sul;Colisão Traseira;2;2;;;;;1
09/08/2014;17:05:00;295;sem vítima;406,1;BR-116/PR;Sul;Colisão Traseira;2;2;;;;;1
09/08/2014;10:27:00;183;com vítima;503,5;BR-116/PR;Sul;Tombamento;1;;1;;;;1
09/08/2014;06:55:00;98;com vítima;511,5;BR-116/PR;Sul;Tombamento;1;;1;;;;1
09/08/2014;07:13:00;103;sem vítima;514,6;BR-116/PR;Sul;Saida de Pista;1;1;;;;;1
09/08/2014;00:19:00;8;sem vítima;545,5;BR-116/PR;Norte;Choque - Suporte de Sinalização;1;1;;;;;1
09/08/2014;15:31:00;262;com vítima;562;BR-116/PR;Sul;Tombamento;2;1;1;;;;1
10/08/2014;19:43:00;312;sem vítima;27,7;BR-116/PR;Norte;Tombamento;1;1;;;;;1
10/08/2014;11:13:00;140;sem vítima;282;BR-116/PR;Norte;Saida de Pista;1;2;;;;;1
10/08/2014;13:24:00;166;com vítima;307,7;BR-116/PR;Sul;Colisão Traseira;2;2;1;;;;1
10/08/2014;10:31:00;127;sem vítima;350;BR-116/PR;Norte;Tombamento;1;1;;;;;1
10/08/2014;10:40:00;132;com vítima;509,6;BR-116/PR;Norte;Tombamento;1;;1;;;;1
10/08/2014;23:42:00;373;com vítima;524;BR-116/PR;Norte;Tombamento;1;;1;;;;1
11/08/2014;04:13:00;59;com vítima;18,5;BR-116/PR;Norte;Tombamento;1;;1;;;;1
11/08/2014;19:14:00;332;com vítima;23,1;BR-116/PR;Norte;Queda de Moto;1;1;1;;;;1
12/08/2014;10:11:00;176;sem vítima;274,3;BR-116/PR;Sul;Objeto lançado contra veículo;2;3;;;;;1
12/08/2014;07:54:00;109;com vítima;368;BR-116/PR;Norte;Tombamento;1;;1;;;;1
12/08/2014;09:26:00;160;com vítima;503,8;BR-116/PR;Norte;Tombamento;1;;1;;;;1
13/08/2014;08:46:00;142;com vítima;16,9;BR-116/PR;Norte;Tombamento;1;;1;;;;1
13/08/2014;09:47:00;163;sem vítima;17,1;BR-116/PR;Sul;Tombamento;1;1;;;;;1
13/08/2014;03:11:00;57;sem vítima;290;BR-116/PR;Sul;Colisão Lateral;1;2;;;;;1
13/08/2014;18:33:00;302;sem vítima;298,8;BR-116/PR;Sul;Colisão Traseira;1;3;;;;;1
13/08/2014;09:18:00;157;sem vítima;319,1;BR-116/PR;Sul;Tombamento;1;1;;;;;1
13/08/2014;10:12:00;176;sem vítima;343,4;BR-116/PR;Norte;Colisão Lateral;1;5;;;;;1
13/08/2014;17:44:00;284;sem vítima;517,8;BR-116/PR;Norte;Colisão Lateral;1;4;;;;;1
13/08/2014;16:05:00;260;sem vítima;543;BR-116/PR;Norte;Colisão Traseira;2;2;;;;;1
13/08/2014;11:04:00;191;sem vítima;555,3;BR-116/PR;Sul;Colisão Lateral;1;2;;;;;1
14/08/2014;08:38:00;136;sem vítima;280;BR-116/PR;Norte;Colisão Lateral;1;2;;;;;1
14/08/2014;10:08:00;183;sem vítima;284;BR-116/PR;Norte;Colisão Traseira;2;2;;;;;1
14/08/2014;07:39:00;107;sem vítima;361;BR-116/PR;Norte;Colisão Traseira;2;2;;;;;1
14/08/2014;09:26:00;162;com vítima;415;BR-116/PR;Sul;Queda de Moto;1;1;1;;;;1
14/08/2014;02:30:00;45;com vítima;454,1;BR-116/PR;Norte;Tombamento;1;;1;;;;1