data;horario;n_da_ocorrencia;tipo_de_ocorrencia;km;trecho;sentido;tipo_de_acidente;caminhao;ilesos;levemente_feridos;moderadamente_feridos;gravemente_feridos;mortos;3
14/08/2014;11:05:00;206;sem vítima;460;BR-116/PR;Sul;Tombamento;1;1;;;;;1
15/08/2014;10:15:00;167;com vítima;8;BR-116/PR;Sul;Choque - Defensa, barreira ou  submarino ;1;;1;;;;1
15/08/2014;12:17:00;204;sem vítima;294;BR-116/PR;Norte;Colisão Traseira;1;2;;;;;1
15/08/2014;20:08:00;329;com vítima;323,2;BR-116/PR;Sul;Colisão Traseira;1;1;2;;;;1
15/08/2014;10:54:00;182;com vítima;339;BR-116/PR;Sul;Colisão Traseira;2;2;1;;;;1
15/08/2014;08:23:00;126;com vítima;339,5;BR-116/PR;Sul;Tombamento;1;;1;;;;1
15/08/2014;18:47:00;315;sem vítima;415,5;BR-116/PR;Norte;Saida de Pista;1;3;;;;;1
15/08/2014;10:58:00;183;sem vítima;416,2;BR-116/PR;Sul;Colisão Traseira;1;2;;;;;1
16/08/2014;10:23:00;146;sem vítima;17;BR-116/PR;Sul;Saida de Pista;1;1;;;;;1
16/08/2014;06:01:00;78;sem vítima;24,5;BR-116/PR;Sul;Colisão Traseira;2;2;;;;;1
16/08/2014;17:51:00;286;sem vítima;344,5;BR-116/PR;Sul;Saida de Pista;1;2;;;;;1
16/08/2014;13:22:00;204;sem vítima;445;BR-116/PR;Sul;Colisão Traseira;1;4;;;;;1
16/08/2014;02:32:00;48;sem vítima;454,3;BR-116/PR;Sul;Saida de Pista;1;1;;;;;1
16/08/2014;16:46:00;266;sem vítima;485,7;BR-116/PR;Sul;Colisão Traseira;1;2;;;;;1
16/08/2014;16:02:00;252;sem vítima;513;BR-116/PR;Norte;Tombamento;1;2;;;;;1
16/08/2014;14:24:00;217;sem vítima;515,7;BR-116/PR;Norte;Saida de Pista;1;1;;;;;1
16/08/2014;11:44:00;170;com vítima;548,3;BR-116/PR;Sul;Colisão Lateral;1;3;;;1;;2
16/08/2014;11:02:00;156;com vítima;550,9;BR-116/PR;Sul;Saida de Pista;1;;1;;;;1
16/08/2014;08:30:00;108;sem vítima;566;BR-116/PR;Sul;Choque - Defensa, barreira ou  submarino ;1;1;;;;;1
17/08/2014;23:24:00;334;com vítima;15;BR-116/CW;Sul;Saida de Pista;1;1;3;;;;1
17/08/2014;10:38:00;135;sem vítima;510,5;BR-116/PR;Norte;Tombamento;1;1;;;;;1
18/08/2014;01:04:00;18;sem vítima;370,4;BR-116/PR;Norte;Engavetamento;2;5;;;;;1
18/08/2014;23:26:00;351;sem vítima;541,9;BR-116/PR;Norte;Colisão Traseira;1;2;;;;;1
18/08/2014;19:50:00;307;sem vítima;561,5;BR-116/PR;Norte;Outros;1;1;;;;;1
19/08/2014;16:07:00;283;com vítima;279;BR-116/PR;Sul;Colisão Lateral;1;1;1;;;;1
19/08/2014;14:00:00;228;com vítima;282;BR-116/PR;Sul;Colisão Traseira;2;4;1;;2;;2
19/08/2014;15:32:00;270;sem vítima;285;BR-116/PR;Norte;Colisão Traseira;1;5;;;;;1
19/08/2014;09:26:00;145;sem vítima;291;BR-116/PR;Norte;Saida de Pista;1;6;;;;;1
19/08/2014;15:21:00;263;sem vítima;446,5;BR-116/PR;Norte;Colisão Lateral;2;2;;;;;1
20/08/2014;16:45:00;337;sem vítima;289,5;BR-116/PR;Sul;Colisão Traseira;1;2;;;;;1
20/08/2014;19:48:00;413;sem vítima;307,1;BR-116/PR;Sul;Colisão Traseira;2;2;;;;;1
20/08/2014;05:05:00;84;sem vítima;351,5;BR-116/PR;Norte;Choque - Objeto sobre a pista;1;2;;;;;1
20/08/2014;09:21:00;162;sem vítima;356,4;BR-116/PR;Norte;Colisão Transversal;2;2;;;;;1
20/08/2014;18:58:00;387;sem vítima;421;BR-116/PR;Norte;Colisão Lateral;1;4;;;;;1
20/08/2014;00:55:00;18;sem vítima;426;BR-116/PR;Sul;Colisão Traseira;2;2;;;;;1
20/08/2014;05:00:00;82;sem vítima;426;BR-116/PR;Norte;Colisão Traseira;2;2;;;;;1
20/08/2014;11:49:00;240;sem vítima;552,9;BR-116/PR;Sul;Tombamento;1;1;;;;;1
21/08/2014;08:31:00;154;sem vítima;273;BR-116/PR;Norte;Colisão Traseira;2;3;;;;;1
21/08/2014;05:33:00;101;com vítima;351,4;BR-116/PR;Norte;Colisão Frontal;1;1;1;;;;1
21/08/2014;09:11:00;177;sem vítima;426,6;BR-116/PR;Norte;Colisão Traseira;1;2;;;;;1
21/08/2014;20:48:00;400;com vítima;439,6;BR-116/PR;Norte;Tombamento;1;1;;1;;;2
21/08/2014;23:02:00;420;sem vítima;493,6;BR-116/PR;Sul;Colisão Lateral;2;2;;;;;1
21/08/2014;07:42:00;133;com vítima;550,2;BR-116/PR;Norte;Tombamento;1;;1;;;;1
22/08/2014;01:09:00;26;sem vítima;40;BR-116/PR;Norte;Choque - Objeto sobre a pista;1;1;;;;;1
22/08/2014;21:44:00;438;com vítima;344,2;BR-116/PR;Sul;Colisão Traseira;1;1;1;;;1;3
22/08/2014;08:05:00;120;sem vítima;347,3;BR-116/PR;Norte;Colisão Lateral;1;3;;;;;1
22/08/2014;10:09:00;182;sem vítima;490;BR-116/PR;Norte;Colisão Lateral;2;4;;;;;1
22/08/2014;07:31:00;107;com vítima;503,5;BR-116/PR;Sul;Tombamento;1;;1;;;;1
23/08/2014;02:44:00;42;sem vítima;364,5;BR-116/PR;Sul;Tombamento;1;1;;;;;1
23/08/2014;09:32:00;152;sem vítima;426,6;BR-116/PR;Norte;Colisão Lateral;1;3;;;;;1
23/08/2014;05:43:00;71;sem vítima;493,5;BR-116/PR;Norte;Tombamento;1;1;;;;;1
24/08/2014;15:53:00;259;sem vítima;283;BR-116/PR;Sul;Colisão Lateral;1;7;;;;;1
24/08/2014;04:19:00;61;com vítima;359,3;BR-116/PR;Sul;Saida de Pista;1;;1;;;;1
24/08/2014;16:10:00;269;com vítima;364,8;BR-116/PR;Norte;Tombamento;1;;1;;;;1
24/08/2014;20:22:00;376;sem vítima;461;BR-116/PR;Norte;Colisão Traseira;2;2;;;;;1
25/08/2014;23:18:00;424;sem vítima;57,2;BR-116/PR;Norte;Choque - Objeto sobre a pista;1;1;;;;;1
25/08/2014;07:09:00;101;sem vítima;283,2;BR-116/PR;Norte;Colisão Traseira;1;2;;;;;1
25/08/2014;00:31:00;13;sem vítima;343,2;BR-116/PR;Norte;Colisão Lateral;2;2;;;;;1
25/08/2014;20:52:00;403;com vítima;509,7;BR-116/PR;Norte;Tombamento;1;1;1;;;;1
25/08/2014;22:47:00;420;sem vítima;520,4;BR-116/PR;Sul;Colisão Traseira;2;2;;;;;1
26/08/2014;11:59:00;214;com vítima;291;BR-116/PR;Norte;Choque - Outros;1;4;1;;;;1
26/08/2014;19:23:00;358;sem vítima;437,8;BR-116/PR;Sul;Objeto lançado contra veículo;1;1;;;;;1
26/08/2014;23:17:00;410;sem vítima;440,5;BR-116/PR;Sul;Atropelamento de Animal;1;1;;;;;1
26/08/2014;23:37:00;416;com vítima;489,1;BR-116/PR;Norte;Colisão Traseira;2;1;1;;;;1
26/08/2014;07:28:00;100;sem vítima;504,2;BR-116/PR;Sul;Tombamento;1;1;;;;;1
27/08/2014;05:30:00;70;sem vítima;44,1;BR-116/PR;Sul;Saida de Pista;1;1;;;;;1
27/08/2014;13:48:00;249;sem vítima;57,5;BR-116/PR;Sul;Colisão Lateral;2;2;;;;;1
27/08/2014;05:16:00;68;sem vítima;304,5;BR-116/PR;Sul;Choque - Suporte de Sinalização;2;2;;;;;1
27/08/2014;01:44:00;23;sem vítima;327,3;BR-116/PR;Norte;Saida de Pista;1;1;;;;;1
27/08/2014;17:03:00;313;sem vítima;347,9;BR-116/PR;Sul;Colisão Traseira;2;2;;;;;1
27/08/2014;06:47:00;83;com vítima;487;BR-116/PR;Norte;Colisão Lateral;1;1;1;;;;1
27/08/2014;12:16:00;211;sem vítima;542,9;BR-116/PR;Sul;Choque - Outros;2;2;;;;;1
28/08/2014;14:04:00;266;sem vítima;6,8;BR-116/CW;Norte;Colisão Traseira;1;2;;;;;1
28/08/2014;19:35:00;377;sem vítima;297,15;BR-116/PR;Sul;Colisão Traseira;1;3;;;;;1
28/08/2014;21:51:00;409;sem vítima;297,8;BR-116/PR;Sul;Colisão Lateral;1;2;;;;;1
28/08/2014;17:57:00;346;sem vítima;298,6;BR-116/PR;Sul;Colisão Lateral;1;4;;;;;1
28/08/2014;19:21:00;371;sem vítima;298,6;BR-116/PR;Sul;Colisão Traseira;1;3;;;;;1
28/08/2014;06:29:00;99;sem vítima;343;BR-116/PR;Norte;Saida de Pista;1;1;;;;;1
28/08/2014;16:06:00;304;sem vítima;352,8;BR-116/PR;Sul;Colisão Lateral;1;4;;;;;1
28/08/2014;17:31:00;338;com vítima;357,9;BR-116/PR;Sul;Colisão Traseira;2;4;1;;;;1
28/08/2014;07:46:00;128;sem vítima;503;BR-116/PR;Sul;Tombamento;1;1;;;;;1
29/08/2014;12:20:00;226;sem vítima;31;BR-116/PR;Sul;Colisão Traseira;2;2;;;;;1
29/08/2014;09:50:00;172;sem vítima;281,5;BR-116/PR;Sul;Outros;1;1;;;;;1
29/08/2014;04:26:00;73;sem vítima;294;BR-116/PR;Norte;Outros - Sequência;2;4;;;;;1
29/08/2014;00:00:00;1;sem vítima;432,1;BR-116/PR;Norte;Saida de Pista;1;1;;;;;1
29/08/2014;21:04:00;370;sem vítima;439;BR-116/PR;Sul;Colisão Traseira;1;3;;;;;1
29/08/2014;13:01:00;243;sem vítima;543;BR-116/PR;Sul;Colisão Traseira;1;3;;;;;1
30/08/2014;11:34:00;206;sem vítima;36,8;BR-116/PR;Sul;Colisão Lateral;1;3;;;;;1
30/08/2014;19:19:00;354;sem vítima;70,8;BR-116/PR;Norte;Colisão Traseira;1;6;;;;;1
30/08/2014;07:20:00;108;com vítima;300,3;BR-116/PR;Sul;Choque - Talude;1;;1;;;;1
30/08/2014;07:21:00;110;com vítima;457,5;BR-116/PR;Norte;Tombamento;1;;1;;;;1
31/08/2014;17:38:00;287;sem vítima;40,1;BR-116/PR;Norte;Choque - Defensa, barreira ou  submarino ;1;2;;;;;1
31/08/2014;18:27:00;297;com vítima;282,2;BR-116/PR;Norte;Engavetamento;2;5;4;;;;1
31/08/2014;10:53:00;147;com vítima;340;BR-116/PR;Norte;Tombamento;1;;1;;;;1
31/08/2014;16:47:00;271;sem vítima;340;BR-116/PR;Norte;Colisão Lateral;1;6;;;;;1
31/08/2014;20:04:00;324;com vítima;447,8;BR-116/PR;Norte;Tombamento;1;3;1;;;;1
31/08/2014;22:48:00;359;sem vítima;506;BR-116/PR;Norte;Saida de Pista;1;1;;;;;1
01/09/2014;14:04:00;235;sem vítima;280,2;BR-116/PR;Sul;Colisão Lateral;2;2;;;;;1
01/09/2014;11:33:00;195;sem vítima;342;BR-116/PR;Norte;Outros;1;1;;;;;1
01/09/2014;10:03:00;172;sem vítima;370;BR-116/PR;Norte;Colisão Traseira;1;4;;;;;1
01/09/2014;06:33:00;80;com vítima;514,2;BR-116/PR;Norte;Tombamento;1;;;1;;;2
02/09/2014;22:09:00;374;sem vítima;384,4;BR-116/PR;Sul;Tombamento;1;1;;;;;1
02/09/2014;20:46:00;364;com vítima;388,9;BR-116/PR;Sul;Colisão Traseira;1;1;1;;1;;2
02/09/2014;23:14:00;381;sem vítima;509,4;BR-116/PR;Norte;Tombamento;1;1;;;;;1
02/09/2014;00:25:00;8;sem vítima;521;BR-116/PR;Norte;Tombamento;1;1;;;;;1
02/09/2014;11:57:00;203;sem vítima;529,2;BR-116/PR;Norte;Saida de Pista;1;1;;;;;1
02/09/2014;08:04:00;124;sem vítima;563,5;BR-116/PR;Sul;Tombamento;1;1;;;;;1
03/09/2014;16:50:00;328;com vítima;26,3;BR-116/PR;Norte;Tombamento;1;;1;;;;1
03/09/2014;19:51:00;382;sem vítima;348;BR-116/PR;Sul;Colisão Traseira;2;2;;;;;1
03/09/2014;01:05:00;21;com vítima;354,9;BR-116/PR;Sul;Tombamento;1;;1;;;;1
03/09/2014;13:29:00;269;sem vítima;426,6;BR-116/PR;Norte;Colisão Traseira;2;2;;;;;1
03/09/2014;23:15:00;419;com vítima;513,4;BR-116/PR;Norte;Colisão Traseira;2;1;1;;;;1
03/09/2014;09:54:00;171;sem vítima;514,3;BR-116/PR;Norte;Choque - Defensa, barreira ou  submarino ;1;1;;;;;1
03/09/2014;20:53:00;396;sem vítima;547,9;BR-116/PR;Norte;Saida de Pista;1;1;;;;;1
03/09/2014;01:36:00;32;sem vítima;548,7;BR-116/PR;Sul;Choque - Defensa, barreira ou  submarino ;2;3;;;;;1
03/09/2014;02:28:00;41;sem vítima;552,5;BR-116/PR;Sul;Saida de Pista;1;2;;;;;1
03/09/2014;05:14:00;78;com vítima;561,6;BR-116/PR;Sul;Tombamento;1;;1;;;;1
04/09/2014;09:29:00;144;sem vítima;40,5;BR-116/PR;Sul;Saida de Pista;1;1;;;;;1
04/09/2014;17:18:00;297;sem vítima;42;BR-116/PR;Sul;Colisão Lateral;2;2;;;;;1
04/09/2014;22:07:00;358;sem vítima;47,2;BR-116/PR;Norte;Colisão Traseira;2;2;;;;;1
04/09/2014;10:18:00;158;com vítima;57,2;BR-116/PR;Sul;Colisão Traseira;2;1;1;;;;1
04/09/2014;15:42:00;270;sem vítima;57,2;BR-116/PR;Sul;Colisão Traseira;1;2;;;;;1
04/09/2014;21:04:00;348;sem vítima;318,1;BR-116/PR;Sul;Saida de Pista;1;1;;;;;1
04/09/2014;06:44:00;84;com vítima;340,1;BR-116/PR;Norte;Colisão Lateral;1;2;;1;;;2
04/09/2014;20:01:00;338;sem vítima;345;BR-116/PR;Sul;Saida de Pista;1;1;;;;;1
04/09/2014;03:56:00;56;com vítima;530,9;BR-116/PR;Norte;Colisão Traseira;2;1;;;;1;3
04/09/2014;03:25:00;47;sem vítima;535,3;BR-116/PR;Norte;Colisão Lateral;2;2;;;;;1
05/09/2014;17:03:00;278;sem vítima;16,3;BR-116/PR;Sul;Colisão Traseira;2;2;;;;;1
05/09/2014;08:01:00;105;sem vítima;17,1;BR-116/PR;Sul;Tombamento;1;1;;;;;1
05/09/2014;03:26:00;50;sem vítima;286,8;BR-116/PR;Sul;Colisão Lateral;2;3;;;;;1
05/09/2014;02:02:00;33;com vítima;513,4;BR-116/PR;Norte;Tombamento;1;;1;;;;1
05/09/2014;04:06:00;57;sem vítima;513,5;BR-116/PR;Norte;Choque - Defensa, barreira ou  submarino ;1;1;;;;;1
05/09/2014;17:13:00;282;com vítima;550;BR-116/PR;Sul;Colisão Traseira;1;3;;1;;;2
05/09/2014;10:08:00;165;sem vítima;561;BR-116/PR;Sul;Saida de Pista;1;2;;;;;1
05/09/2014;07:29:00;91;com vítima;563,5;BR-116/PR;Sul;Choque - Talude;1;;1;;;;1
06/09/2014;19:24:00;349;com vítima;325;BR-116/PR;Norte;Capotamento;1;1;1;;;;1
07/09/2014;17:41:00;304;com vítima;349,8;BR-116/PR;Norte;Colisão Lateral;1;2;1;;;;1
07/09/2014;08:16:00;115;sem vítima;351,5;BR-116/PR;Sul;Engavetamento;3;4;;;;;1
07/09/2014;00:11:00;5;sem vítima;410,9;BR-116/PR;Norte;Saida de Pista;1;1;;;;;1
07/09/2014;05:19:00;73;sem vítima;524,7;BR-116/PR;Norte;Saida de Pista;1;1;;;;;1
08/09/2014;19:20:00;332;sem vítima;281,2;BR-116/PR;Sul;Saida de Pista;1;2;;;;;1
08/09/2014;09:09:00;138;sem vítima;364,5;BR-116/PR;Norte;Tombamento;1;1;;;;;1
08/09/2014;18:37:00;323;sem vítima;442,2;BR-116/PR;Norte;Colisão Traseira;2;2;;;;;1
09/09/2014;14:30:00;258;sem vítima;13,2;BR-116/CW;Norte;Colisão Traseira;1;3;;;;;1
09/09/2014;06:27:00;88;sem vítima;25,4;BR-116/PR;Norte;Tombamento;1;1;;;;;1
09/09/2014;21:36:00;406;sem vítima;40;BR-116/PR;Sul;Saida de Pista;1;1;;;;;1
09/09/2014;19:39:00;365;sem vítima;57,2;BR-116/PR;Sul;Colisão Traseira;2;3;;;;;1
09/09/2014;14:09:00;250;com vítima;285,3;BR-116/PR;Norte;Outros - Sequência;1;1;;;;1;3
09/09/2014;09:08:00;150;sem vítima;348,4;BR-116/PR;Sul;Tombamento;1;2;;;;;1
09/09/2014;11:25:00;197;sem vítima;551;BR-116/PR;Norte;Choque - Objeto sobre a pista;2;2;;;;;1
10/09/2014;06:54:00;97;com vítima;33,4;BR-116/PR;Norte;Tombamento;1;;;1;;;2
10/09/2014;10:12:00;171;sem vítima;269;BR-116/PR;Sul;Colisão Lateral;1;2;;;;;1
10/09/2014;15:31:00;276;sem vítima;281,4;BR-116/PR;Norte;Colisão Traseira;1;5;;;;;1
10/09/2014;10:42:00;177;sem vítima;282;BR-116/PR;Norte;Colisão Traseira;1;2;;;;;1
10/09/2014;07:38:00;107;com vítima;301;BR-116/PR;Sul;Colisão Traseira;1;35;1;;;;1
10/09/2014;10:10:00;170;com vítima;349;BR-116/PR;Sul;Colisão Frontal;3;2;2;;;;1
10/09/2014;14:52:00;257;sem vítima;357,5;BR-116/PR;Norte;Colisão Traseira;2;3;;;;;1
10/09/2014;05:19:00;83;sem vítima;362,4;BR-116/PR;Sul;Saida de Pista;1;1;;;;;1
10/09/2014;10:21:00;172;sem vítima;529,1;BR-116/PR;Norte;Colisão Traseira;1;2;;;;;1
10/09/2014;06:10:00;90;sem vítima;531,5;BR-116/PR;Sul;Choque - Objeto sobre a pista;2;2;;;;;1
11/09/2014;03:55:00;66;sem vítima;282,1;BR-116/PR;Norte;Tombamento;1;1;;;;;1
11/09/2014;07:53:00;113;sem vítima;284,6;BR-116/PR;Sul;Colisão Lateral;1;2;;;;;1
11/09/2014;06:52:00;91;com vítima;287,9;BR-116/PR;Norte;Colisão Traseira;2;3;1;;;;1
11/09/2014;03:47:00;64;com vítima;322,9;BR-116/PR;Sul;Saida de Pista;1;1;;;1;;2
11/09/2014;04:17:00;69;sem vítima;396,8;BR-116/PR;Sul;Saida de Pista;1;1;;;;;1
11/09/2014;09:33:00;151;sem vítima;459,6;BR-116/PR;Sul;Saida de Pista;1;1;;;;;1
11/09/2014;02:16:00;43;sem vítima;474,8;BR-116/PR;Sul;Saida de Pista;1;1;;;;;1
11/09/2014;16:29:00;317;com vítima;478,1;BR-116/PR;Norte;Saida de Pista;2;1;2;;1;;2
11/09/2014;06:26:00;84;sem vítima;543;BR-116/PR;Sul;Choque - Cancela de Pedagio;1;2;;;;;1
12/09/2014;15:53:00;312;sem vítima;279,6;BR-116/PR;Sul;Colisão Traseira;2;3;;;;;1
12/09/2014;06:26:00;90;sem vítima;322,5;BR-116/PR;Sul;Colisão Lateral;2;2;;;;;1
12/09/2014;04:34:00;69;sem vítima;395,7;BR-116/PR;Norte;Choque - Objeto sobre a pista;1;2;;;;;1
12/09/2014;20:08:00;400;sem vítima;509,7;BR-116/PR;Sul;Colisão Traseira;2;2;;;;;1
13/09/2014;02:59:00;55;com vítima;23,7;BR-116/PR;Sul;Colisão Traseira;2;1;;1;;;2
13/09/2014;09:42:00;158;com vítima;23,9;BR-116/PR;Norte;Tombamento;1;;;1;;;2
13/09/2014;14:19:00;220;com vítima;28;BR-116/PR;Norte;Tombamento;1;;2;;;;1
13/09/2014;07:30:00;114;sem vítima;284,4;BR-116/PR;Sul;Colisão Lateral;1;2;;;;;1
13/09/2014;18:02:00;319;sem vítima;485,7;BR-116/PR;Sul;Choque - Cancela de Pedagio;1;1;;;;;1
14/09/2014;13:58:00;204;com vítima;286;BR-116/PR;Norte;Colisão Lateral;1;4;1;;;;1
14/09/2014;19:23:00;360;sem vítima;298,6;BR-116/PR;Norte;Colisão Lateral;1;3;;;;;1
14/09/2014;21:24:00;397;sem vítima;298,8;BR-116/PR;Norte;Colisão Traseira;1;4;;;;;1
14/09/2014;13:26:00;195;sem vítima;485,7;BR-116/PR;Sul;Colisão Traseira;1;2;;;;;1
15/09/2014;01:12:00;31;com vítima;48,5;BR-116/PR;Sul;Colisão Traseira;2;3;;1;;;2
15/09/2014;00:36:00;20;sem vítima;542,9;BR-116/PR;Norte;Choque - Cancela de Pedagio;1;1;;;;;1
16/09/2014;14:04:00;236;sem vítima;8,9;BR-116/CW;Norte;Colisão Lateral;1;2;;;;;1
16/09/2014;17:40:00;311;sem vítima;67;BR-116/PR;Sul;Colisão Lateral;2;3;;;;;1
16/09/2014;22:44:00;372;com vítima;382;BR-116/PR;Sul;Tombamento;1;2;;1;;;2
16/09/2014;06:27:00;84;sem vítima;533,3;BR-116/PR;Sul;Tombamento;1;2;;;;;1
17/09/2014;09:40:00;188;com vítima;285,1;BR-116/PR;Sul;Tombamento;1;;;1;;;2
17/09/2014;22:45:00;416;com vítima;347,7;BR-116/PR;Norte;Capotamento;1;;1;;;;1
17/09/2014;16:39:00;329;sem vítima;485;BR-116/PR;Sul;Colisão Traseira;1;6;;;;;1
18/09/2014;20:16:00;351;com vítima;9,9;BR-116/PR;Sul;Colisão Traseira;1;1;;1;;;2
18/09/2014;20:11:00;350;sem vítima;14;BR-116/PR;Sul;Engavetamento;2;43;;;;;1
18/09/2014;22:08:00;373;sem vítima;17;BR-116/PR;Norte;Tombamento;1;1;;;;;1
18/09/2014;16:46:00;301;sem vítima;32;BR-116/PR;Norte;Tombamento;1;1;;;;;1
18/09/2014;15:03:00;260;com vítima;269,5;BR-116/PR;Sul;Colisão Traseira;1;2;1;;;;1
18/09/2014;09:12:00;156;com vítima;364,4;BR-116/PR;Norte;Tombamento;1;1;1;;;;1
19/09/2014;09:39:00;152;sem vítima;7,5;BR-116/PR;Sul;Saida de Pista;1;1;;;;;1
19/09/2014;13:01:00;206;sem vítima;283,3;BR-116/PR;Sul;Colisão Lateral;1;2;;;;;1
19/09/2014;13:13:00;210;sem vítima;283,3;BR-116/PR;Norte;Colisão Traseira;1;2;;;;;1
19/09/2014;16:25:00;266;sem vítima;291,6;BR-116/PR;Sul;Colisão Lateral;1;4;;;;;1
19/09/2014;16:43:00;274;sem vítima;334,4;BR-116/PR;Norte;Choque - Defensa, barreira ou  submarino ;1;1;;;;;1
19/09/2014;04:41:00;65;com vítima;423,4;BR-116/PR;Norte;Tombamento;1;1;1;;;;1
19/09/2014;23:23:00;366;com vítima;468,9;BR-116/PR;Norte;Colisão Traseira;1;1;;;1;;2
19/09/2014;11:29:00;188;sem vítima;470;BR-116/PR;Sul;Tombamento;1;1;;;;;1
19/09/2014;10:54:00;180;com vítima;485,7;BR-116/PR;Norte;Tombamento;1;;1;;;;1
19/09/2014;08:21:00;112;sem vítima;505,5;BR-116/PR;Sul;Saida de Pista;1;2;;;;;1
19/09/2014;09:15:00;141;sem vítima;505,5;BR-116/PR;Sul;Colisão Lateral;2;4;;;;;1
19/09/2014;09:07:00;136;sem vítima;507;BR-116/PR;Norte;Tombamento;1;1;;;;;1
19/09/2014;05:42:00;74;sem vítima;545,4;BR-116/PR;Norte;Choque - Defensa, barreira ou  submarino ;1;1;;;;;1
20/09/2014;00:04:00;2;sem vítima;61;BR-116/PR;Norte;Colisão Traseira;2;2;;;;;1
20/09/2014;02:05:00;33;sem vítima;473,5;BR-116/PR;Norte;Saida de Pista;1;1;;;;;1
20/09/2014;03:23:00;53;com vítima;482,5;BR-116/PR;Sul;Tombamento;1;1;2;;;;1
20/09/2014;00:30:00;15;sem vítima;546;BR-116/PR;Sul;Capotamento;1;3;;;;;1
21/09/2014;14:04:00;210;sem vítima;529,5;BR-116/PR;Norte;Capotamento;1;2;;;;;1
22/09/2014;17:57:00;294;sem vítima;515;BR-116/PR;Norte;Colisão Traseira;2;2;;;;;1
22/09/2014;15:52:00;265;sem vítima;545,3;BR-116/PR;Norte;Choque - Defensa, barreira ou  submarino ;1;1;;;;;1
23/09/2014;15:38:00;288;com vítima;28,7;BR-116/PR;Norte;Tombamento;1;;;;1;;2
23/09/2014;07:27:00;110;com vítima;277,8;BR-116/PR;Norte;Colisão Traseira;1;1;;;1;;2
23/09/2014;07:15:00;106;sem vítima;290,1;BR-116/PR;Norte;Tombamento;1;3;;;;;1
23/09/2014;19:25:00;361;sem vítima;291,6;BR-116/PR;Sul;Colisão Lateral;1;2;;;;;1
23/09/2014;20:05:00;365;sem vítima;551;BR-116/PR;Sul;Soterramento;1;1;;;;;1
23/09/2014;23:10:00;398;sem vítima;551,2;BR-116/PR;Norte;Colisão Traseira;2;2;;;;;1
24/09/2014;15:22:00;253;com vítima;52,5;BR-116/PR;Sul;Colisão Traseira;1;1;;2;;;2
24/09/2014;14:09:00;237;sem vítima;54,45;BR-116/PR;Sul;Colisão Traseira;2;3;;;;;1
24/09/2014;14:16:00;239;sem vítima;291,3;BR-116/PR;Sul;Engavetamento;2;3;;;;;1
24/09/2014;11:47:00;198;sem vítima;315;BR-116/PR;Sul;Colisão Traseira;1;5;;;;;1
24/09/2014;06:13:00;80;com vítima;393,95;BR-116/PR;Sul;Tombamento;1;1;1;;;;1
24/09/2014;16:01:00;272;sem vítima;426,6;BR-116/PR;Norte;Colisão Traseira;1;2;;;;;1
24/09/2014;02:42:00;45;sem vítima;516,5;BR-116/PR;Norte;Tombamento;1;1;;;;;1
24/09/2014;15:38:00;261;sem vítima;545;BR-116/PR;Norte;Choque - Defensa, barreira ou  submarino ;1;1;;;;;1
25/09/2014;04:31:00;65;sem vítima;22,8;BR-116/PR;Sul;Colisão Traseira;2;2;;;;;1
25/09/2014;16:25:00;274;sem vítima;57,2;BR-116/PR;Norte;Choque - Cancela de Pedagio;1;1;;;;;1
25/09/2014;10:41:00;183;sem vítima;282;BR-116/PR;Norte;Colisão Lateral;1;2;;;;;1
25/09/2014;06:15:00;82;sem vítima;406;BR-116/PR;Sul;Tombamento;1;2;;;;;1
25/09/2014;19:58:00;334;sem vítima;426,6;BR-116/PR;Norte;Colisão Traseira;2;2;;;;;1
25/09/2014;01:41:00;22;sem vítima;458;BR-116/PR;Norte;Colisão Lateral;1;3;;;;;1
25/09/2014;00:11:00;2;sem vítima;465,5;BR-116/PR;Norte;Saida de Pista;1;2;;;;;1
26/09/2014;15:21:00;243;com vítima;23,8;BR-116/PR;Norte;Tombamento;1;;;1;;;2
26/09/2014;10:32:00;169;sem vítima;280;BR-116/PR;Norte;Engavetamento;1;4;;;;;1
26/09/2014;01:30:00;22;com vítima;393,8;BR-116/PR;Sul;Colisão Lateral;1;1;1;;;;1
26/09/2014;22:52:00;351;sem vítima;453,4;BR-116/PR;Norte;Saida de Pista;1;3;;;;;1
26/09/2014;14:58:00;236;com vítima;459;BR-116/PR;Sul;Saida de Pista;1;;1;;;;1
26/09/2014;01:24:00;21;sem vítima;485,7;BR-116/PR;Norte;Choque - Cancela de Pedagio;1;1;;;;;1
26/09/2014;09:19:00;144;sem vítima;545,5;BR-116/PR;Norte;Colisão Frontal;1;6;;;;;1
27/09/2014;00:36:00;16;com vítima;284,6;BR-116/PR;Sul;Colisão Lateral;1;1;;1;;;2
27/09/2014;08:36:00;131;sem vítima;301,4;BR-116/PR;Norte;Colisão Lateral;1;2;;;;;1
27/09/2014;20:33:00;334;com vítima;494;BR-116/PR;Norte;Colisão Frontal;1;1;;;;1;3
27/09/2014;05:27:00;92;com vítima;545,2;BR-116/PR;Norte;Choque - Defensa, barreira ou  submarino ;1;;;1;;;2
27/09/2014;09:17:00;141;sem vítima;564,3;BR-116/PR;Norte;Engavetamento;1;7;;;;;1
28/09/2014;13:22:00;180;sem vítima;42;BR-116/PR;Norte;Colisão Lateral;1;2;;;;;1
28/09/2014;15:28:00;211;sem vítima;44,5;BR-116/PR;Norte;Colisão Lateral;1;2;;;;;1