data;horario;n_da_ocorrencia;tipo_de_ocorrencia;km;trecho;sentido;tipo_de_acidente;caminhao;ilesos;levemente_feridos;moderadamente_feridos;gravemente_feridos;mortos;3
08/11/2014;06:21:00;94;com vítima;491,8;BR-116/PR;Sul;Colisão Traseira;2;1;1;;;;1
09/11/2014;18:01:00;341;sem vítima;57,2;BR-116/PR;Norte;Colisão Traseira;1;2;;;;;1
09/11/2014;22:51:00;436;sem vítima;313;BR-116/PR;Norte;Colisão Traseira;2;2;;;;;1
09/11/2014;02:52:00;46;sem vítima;498,8;BR-116/PR;Sul;Saida de Pista;1;1;;;;;1
10/11/2014;21:24:00;345;sem vítima;295;BR-116/PR;Sul;Colisão Lateral;2;2;;;;;1
10/11/2014;15:15:00;237;com vítima;300,7;BR-116/PR;Norte;Colisão Traseira;1;3;;1;;;2
11/11/2014;09:08:00;139;com vítima;8,5;BR-116/PR;Sul;Outros;2;1;4;;;;1
11/11/2014;02:18:00;54;sem vítima;272,3;BR-116/PR;Norte;Choque - Suporte de Sinalização;1;1;;;;;1
11/11/2014;11:07:00;181;com vítima;273,6;BR-116/PR;Norte;Colisão Traseira;1;1;1;;;;1
11/11/2014;09:31:00;152;sem vítima;298,8;BR-116/PR;Norte;Colisão Traseira;1;3;;;;;1
11/11/2014;19:43:00;369;sem vítima;342,8;BR-116/PR;Norte;Tombamento;1;1;;;;;1
11/11/2014;15:04:00;262;sem vítima;485,7;BR-116/PR;Sul;Colisão Traseira;2;2;;;;;1
11/11/2014;12:32:00;207;com vítima;509,8;BR-116/PR;Norte;Tombamento;1;;1;;;;1
12/11/2014;05:48:00;92;sem vítima;324,3;BR-116/PR;Norte;Tombamento;1;1;;;;;1
12/11/2014;03:20:00;62;sem vítima;440,9;BR-116/PR;Norte;Tombamento;1;1;;;;;1
12/11/2014;03:50:00;74;sem vítima;442;BR-116/PR;Norte;Colisão Traseira;2;2;;;;;1
12/11/2014;23:12:00;408;sem vítima;473,8;BR-116/PR;Sul;Colisão Traseira;2;3;;;;;1
13/11/2014;17:07:00;352;sem vítima;57,2;BR-116/PR;Sul;Colisão Traseira;1;2;;;;;1
13/11/2014;18:46:00;389;com vítima;59,2;BR-116/PR;Norte;Colisão Traseira;1;2;2;2;;;2
13/11/2014;08:22:00;157;sem vítima;60;BR-116/PR;Sul;Colisão Traseira;2;2;;;;;1
13/11/2014;15:00:00;315;com vítima;332,5;BR-116/PR;Norte;Choque - Defensa, barreira ou  submarino ;1;;;1;;;2
13/11/2014;08:35:00;161;com vítima;356;BR-116/PR;Norte;Colisão Frontal;2;1;1;;;;1
13/11/2014;19:01:00;393;sem vítima;392;BR-116/PR;Norte;Saida de Pista;1;1;;;;;1
13/11/2014;05:26:00;102;sem vítima;396,8;BR-116/PR;Norte;Tombamento;1;1;;;;;1
13/11/2014;17:02:00;351;sem vítima;452;BR-116/PR;Norte;Tombamento;1;1;;;;;1
13/11/2014;19:57:00;402;com vítima;500;BR-116/PR;Norte;Colisão Lateral;1;;2;;1;;2
13/11/2014;09:59:00;206;sem vítima;542,9;BR-116/PR;Norte;Colisão Lateral;2;3;;;;;1
13/11/2014;22:23:00;432;com vítima;551,2;BR-116/PR;Sul;Colisão Traseira;2;1;1;;;;1
14/11/2014;06:43:00;102;sem vítima;17,1;BR-116/PR;Sul;Colisão Traseira;2;2;;;;;1
14/11/2014;08:20:00;139;sem vítima;347,8;BR-116/PR;Sul;Colisão Traseira;1;3;;;;;1
14/11/2014;17:50:00;332;com vítima;428,8;BR-116/PR;Sul;Tombamento;1;1;1;;;;1
14/11/2014;10:26:00;182;sem vítima;513;BR-116/PR;Norte;Tombamento;1;1;;;;;1
14/11/2014;17:07:00;319;com vítima;534;BR-116/PR;Norte;Tombamento;1;1;2;;;;1
14/11/2014;14:57:00;274;sem vítima;542,9;BR-116/PR;Sul;Choque - Cancela de Pedagio;1;1;;;;;1
14/11/2014;07:53:00;127;sem vítima;543;BR-116/PR;Sul;Choque - Cancela de Pedagio;1;4;;;;;1
14/11/2014;01:39:00;41;com vítima;555,1;BR-116/PR;Norte;Choque - Defensa, barreira ou  submarino ;1;;;1;;;2
14/11/2014;17:02:00;318;sem vítima;560;BR-116/PR;Sul;Choque - Defensa, barreira ou  submarino ;1;1;;;;;1
15/11/2014;05:50:00;88;sem vítima;17;BR-116/PR;Sul;Colisão Traseira;1;5;;;;;1
15/11/2014;00:42:00;15;sem vítima;427,5;BR-116/PR;Sul;Choque - Objeto sobre a pista;1;1;;;;;1
15/11/2014;09:04:00;158;com vítima;506,8;BR-116/PR;Norte;Saida de Pista;1;;1;;;;1
15/11/2014;12:06:00;227;sem vítima;550,3;BR-116/PR;Norte;Tombamento;1;1;;;;;1
16/11/2014;14:43:00;246;sem vítima;387,5;BR-116/PR;Norte;Engavetamento;3;6;;;;;1
16/11/2014;19:17:00;360;sem vítima;516,6;BR-116/PR;Sul;Choque - Outros;2;2;;;;;1
17/11/2014;22:52:00;400;com vítima;4,85;BR-116/PR;Norte;Colisão Traseira;2;1;1;;;;1
17/11/2014;04:12:00;79;com vítima;23,1;BR-116/PR;Sul;Saida de Pista;1;1;1;;;;1
17/11/2014;03:58:00;74;com vítima;283,3;BR-116/PR;Norte;Colisão Traseira;1;1;1;;;;1
17/11/2014;00:34:00;14;sem vítima;298,8;BR-116/PR;Norte;Colisão Lateral;1;3;;;;;1
17/11/2014;04:38:00;82;com vítima;370;BR-116/PR;Norte;Colisão Traseira;2;2;1;;;;1
18/11/2014;06:04:00;88;com vítima;14,5;BR-116/PR;Sul;Tombamento;1;;1;;;;1
18/11/2014;10:27:00;177;sem vítima;298,8;BR-116/PR;Sul;Colisão Traseira;1;5;;;;;1
18/11/2014;14:33:00;242;sem vítima;330;BR-116/PR;Norte;Saida de Pista;1;1;;;;;1
18/11/2014;15:11:00;256;sem vítima;344,7;BR-116/PR;Sul;Colisão Traseira;2;2;;;;;1
18/11/2014;09:49:00;164;com vítima;353;BR-116/PR;Norte;Colisão Transversal;3;2;;;1;1;3
18/11/2014;04:05:00;64;sem vítima;357,9;BR-116/PR;Sul;Colisão Lateral;1;4;;;;;1
18/11/2014;22:15:00;389;com vítima;378,3;BR-116/PR;Sul;Colisão Traseira;1;1;;1;;;2
19/11/2014;02:32:00;46;sem vítima;378,5;BR-116/PR;Sul;Colisão Traseira;2;2;;;;;1
20/11/2014;22:53:00;421;sem vítima;23;BR-116/PR;Sul;Colisão Traseira;1;2;;;;;1
20/11/2014;06:07:00;84;sem vítima;69;BR-116/PR;Sul;Colisão Traseira;2;2;;;;;1
20/11/2014;16:53:00;304;sem vítima;279,5;BR-116/PR;Sul;Colisão Lateral;1;4;;;;;1
20/11/2014;10:39:00;194;sem vítima;280;BR-116/PR;Sul;Colisão Lateral;1;3;;;;;1
20/11/2014;10:35:00;193;sem vítima;342,5;BR-116/PR;Sul;Choque - Defensa, barreira ou  submarino ;1;4;;;;;1
20/11/2014;01:19:00;27;com vítima;462,4;BR-116/PR;Norte;Colisão Traseira;2;2;1;;;;1
20/11/2014;01:21:00;28;com vítima;511;BR-116/PR;Sul;Tombamento;1;1;;1;;;2
20/11/2014;03:39:00;57;com vítima;513,6;BR-116/PR;Norte;Tombamento;1;;;1;;;2
20/11/2014;07:30:00;111;sem vítima;559;BR-116/PR;Sul;Saida de Pista;1;1;;;;;1
21/11/2014;23:35:00;463;sem vítima;1,7;BR-116/PR;Norte;Choque - Objeto sobre a pista;1;1;;;;;1
21/11/2014;09:40:00;191;sem vítima;12,5;BR-116/CW;Norte;Colisão Traseira;1;3;;;;;1
21/11/2014;22:41:00;448;sem vítima;62;BR-116/PR;Sul;Choque - Veiculo parado no acostamento;2;2;;;;;1
21/11/2014;10:19:00;208;sem vítima;435,1;BR-116/PR;Norte;Capotamento;1;2;;;;;1
21/11/2014;18:28:00;382;sem vítima;561,6;BR-116/PR;Sul;Choque - Defensa, barreira ou  submarino ;1;3;;;;;1
22/11/2014;05:12:00;93;sem vítima;47,4;BR-116/PR;Sul;Colisão Traseira;2;2;;;;;1
22/11/2014;06:14:00;103;sem vítima;348,7;BR-116/PR;Sul;Choque - Defensa, barreira ou  submarino ;1;1;;;;;1
22/11/2014;18:13:00;348;sem vítima;349,8;BR-116/PR;Sul;Colisão Traseira;1;5;;;;;1
22/11/2014;08:48:00;140;sem vítima;543;BR-116/PR;Sul;Colisão Traseira;2;2;;;;;1
22/11/2014;06:58:00;113;com vítima;550;BR-116/PR;Sul;Colisão Traseira;2;1;1;1;1;1;3
22/11/2014;18:03:00;343;sem vítima;553;BR-116/PR;Sul;Choque - Defensa, barreira ou  submarino ;1;2;;;;;1
22/11/2014;09:25:00;151;sem vítima;561,9;BR-116/PR;Sul;Engavetamento;4;4;;;;;1
23/11/2014;18:41:00;351;sem vítima;289,5;BR-116/PR;Norte;Colisão Traseira;1;2;;;;;1
23/11/2014;09:22:00;163;sem vítima;307;BR-116/PR;Norte;Colisão Traseira;1;2;;;;;1
23/11/2014;19:19:00;363;sem vítima;310,5;BR-116/PR;Norte;Tombamento;1;1;;;;;1
23/11/2014;22:32:00;427;sem vítima;314;BR-116/PR;Sul;Tombamento;1;1;;;;;1
23/11/2014;13:54:00;252;sem vítima;353,9;BR-116/PR;Norte;Engavetamento;1;5;;;;;1
23/11/2014;09:47:00;169;sem vítima;360,4;BR-116/PR;Norte;Colisão Lateral;2;2;;;;;1
23/11/2014;06:45:00;116;sem vítima;370,4;BR-116/PR;Norte;Colisão Traseira;1;2;;;;;1
23/11/2014;16:35:00;306;sem vítima;538;BR-116/PR;Norte;Choque - Objeto sobre a pista;2;2;;;;;1
24/11/2014;14:38:00;265;sem vítima;15,6;BR-116/CW;Norte;Colisão Lateral;1;3;;;;;1
24/11/2014;22:30:00;407;com vítima;54,1;BR-116/PR;Sul;Colisão Traseira;2;2;;;;1;3
24/11/2014;23:07:00;416;sem vítima;298,6;BR-116/PR;Norte;Choque - Cancela de Pedagio;1;2;;;;;1
24/11/2014;14:46:00;271;sem vítima;300,6;BR-116/PR;Sul;Tombamento;1;2;;;;;1
24/11/2014;07:51:00;123;com vítima;347,5;BR-116/PR;Norte;Choque - Talude;1;;1;;;;1
24/11/2014;23:28:00;424;sem vítima;365;BR-116/PR;Sul;Colisão Traseira;2;2;;;;;1
25/11/2014;11:24:00;248;sem vítima;3,9;BR-116/PR;Sul;Colisão Traseira;2;2;;;;;1
25/11/2014;14:51:00;310;sem vítima;7,7;BR-116/PR;Sul;Colisão Traseira;2;3;;;;;1
25/11/2014;14:51:00;309;sem vítima;7,9;BR-116/PR;Sul;Saida de Pista;1;1;;;;;1
25/11/2014;06:01:00;101;com vítima;311,5;BR-116/PR;Norte;Colisão Traseira;1;7;8;;;;1
25/11/2014;16:15:00;346;sem vítima;438;BR-116/PR;Norte;Objeto lançado contra veículo;2;2;;;;;1
25/11/2014;17:18:00;368;com vítima;547;BR-116/PR;Norte;Engavetamento;4;4;;1;;;2
25/11/2014;16:35:00;352;com vítima;550;BR-116/PR;Sul;Tombamento;1;;2;;1;;2
25/11/2014;15:05:00;320;sem vítima;561,7;BR-116/PR;Sul;Saida de Pista;1;1;;;;;1
25/11/2014;04:37:00;88;sem vítima;565,1;BR-116/PR;Sul;Saida de Pista;1;1;;;;;1
26/11/2014;07:49:00;142;com vítima;47,6;BR-116/PR;Norte;Tombamento;1;;;1;;;2
26/11/2014;18:14:00;399;sem vítima;281,8;BR-116/PR;Norte;Colisão Traseira;1;2;;;;;1
26/11/2014;17:29:00;387;sem vítima;345,8;BR-116/PR;Sul;Engavetamento;3;3;;;;;1
26/11/2014;00:02:00;2;sem vítima;353;BR-116/PR;Sul;Colisão Traseira;2;3;;;;;1
26/11/2014;21:01:00;448;sem vítima;357,6;BR-116/PR;Norte;Colisão Traseira;2;3;;;;;1
26/11/2014;14:19:00;315;sem vítima;391,2;BR-116/PR;Sul;Colisão Lateral;1;2;;;;;1
26/11/2014;07:14:00;113;sem vítima;554,3;BR-116/PR;Sul;Colisão Traseira;1;3;;;;;1
27/11/2014;08:54:00;178;com vítima;0,65;BR-116/CW;Sul;Colisão Traseira;1;2;1;;;;1
27/11/2014;00:27:00;13;sem vítima;6,75;BR-116/PR;Norte;Saida de Pista;1;1;;;;;1
27/11/2014;06:27:00;104;sem vítima;14,3;BR-116/PR;Norte;Colisão Transversal;1;3;;;;;1
27/11/2014;09:48:00;203;sem vítima;283,6;BR-116/PR;Norte;Colisão Traseira;1;3;;;;;1
27/11/2014;10:56:00;232;sem vítima;305,9;BR-116/PR;Norte;Colisão Lateral;1;3;;;;;1
27/11/2014;00:03:00;1;sem vítima;315,1;BR-116/PR;Norte;Colisão Traseira;1;3;;;;;1
27/11/2014;23:38:00;472;sem vítima;347,7;BR-116/PR;Sul;Colisão Traseira;2;3;;;;;1
27/11/2014;05:29:00;91;sem vítima;392,7;BR-116/PR;Norte;Colisão Traseira;1;3;;;;;1
27/11/2014;10:46:00;227;com vítima;414;BR-116/PR;Norte;Colisão Traseira;2;1;1;;;;1
27/11/2014;19:03:00;405;com vítima;420;BR-116/PR;Sul;Colisão Traseira;1;10;4;2;;;2
27/11/2014;23:31:00;470;sem vítima;557,5;BR-116/PR;Sul;Colisão Lateral;2;2;;;;;1
28/11/2014;10:17:00;189;sem vítima;292,3;BR-116/PR;Sul;Colisão Lateral;1;4;;;;;1
28/11/2014;15:42:00;296;com vítima;335,8;BR-116/PR;Sul;Colisão Traseira;1;26;2;;1;;2
28/11/2014;01:26:00;27;com vítima;392,8;BR-116/PR;Norte;Colisão Traseira;1;33;3;;;;1
28/11/2014;17:06:00;328;com vítima;491,1;BR-116/PR;Sul;Saida de Pista;1;1;1;;;;1
28/11/2014;00:36:00;11;sem vítima;513;BR-116/PR;Norte;Choque - Defensa, barreira ou  submarino ;1;1;;;;;1
28/11/2014;22:10:00;416;com vítima;513,7;BR-116/PR;Norte;Choque - Defensa, barreira ou  submarino ;1;;1;;;;1
28/11/2014;23:56:00;442;sem vítima;554,95;BR-116/PR;Sul;Tombamento;1;1;;;;;1
29/11/2014;08:45:00;133;sem vítima;10,95;BR-116/PR;Sul;Tombamento;1;1;;;;;1
29/11/2014;16:20:00;278;sem vítima;40;BR-116/PR;Norte;Colisão Traseira;1;2;;;;;1
29/11/2014;14:16:00;236;sem vítima;270,5;BR-116/PR;Norte;Colisão Lateral;1;3;;;;;1
29/11/2014;03:38:00;67;com vítima;291,6;BR-116/PR;Sul;Colisão Lateral;1;1;;;;1;3
29/11/2014;01:18:00;33;com vítima;310,8;BR-116/PR;Sul;Colisão Traseira;2;3;1;;;;1
29/11/2014;02:00:00;48;com vítima;351,7;BR-116/PR;Sul;Colisão Traseira;1;8;1;;;;1
29/11/2014;08:31:00;130;com vítima;453;BR-116/PR;Sul;Colisão Frontal;1;;1;;2;;2
29/11/2014;14:32:00;239;com vítima;507,8;BR-116/PR;Norte;Tombamento;1;;2;;;;1
30/11/2014;08:13:00;121;sem vítima;286,2;BR-116/PR;Norte;Colisão Lateral;1;2;;;;;1
30/11/2014;17:32:00;333;sem vítima;349,2;BR-116/PR;Sul;Colisão Traseira;1;2;;;;;1
30/11/2014;19:18:00;381;sem vítima;542,9;BR-116/PR;Sul;Choque - Cancela de Pedagio;1;3;;;;;1
30/11/2014;07:07:00;101;sem vítima;542,95;BR-116/PR;Norte;Colisão Traseira;2;3;;;;;1
01/12/2014;15:43:00;314;sem vítima;14,9;BR-116/CW;Sul;Colisão Traseira;1;2;;;;;1
01/12/2014;00:04:00;5;sem vítima;31,5;BR-116/PR;Norte;Colisão Traseira;2;2;;;;;1
01/12/2014;03:54:00;81;com vítima;277,8;BR-116/PR;Norte;Colisão Traseira;1;1;1;;;;1
01/12/2014;20:28:00;404;sem vítima;348,8;BR-116/PR;Sul;Tombamento;1;1;;;;;1
01/12/2014;04:11:00;84;sem vítima;408,3;BR-116/PR;Sul;Colisão Traseira;1;6;;;;;1
01/12/2014;08:34:00;155;sem vítima;469,5;BR-116/PR;Norte;Saida de Pista;1;1;;;;;1
01/12/2014;08:14:00;140;sem vítima;542,9;BR-116/PR;Norte;Choque - Objeto sobre a pista;1;1;;;;;1
02/12/2014;16:40:00;357;sem vítima;7,2;BR-116/PR;Norte;Choque - Outros;1;1;;;;;1
02/12/2014;11:05:00;211;sem vítima;324;BR-116/PR;Norte;Engavetamento;4;4;;;;;1
02/12/2014;21:03:00;443;sem vítima;358;BR-116/PR;Sul;Choque - Talude;1;1;;;;;1
02/12/2014;10:11:00;197;sem vítima;370,3;BR-116/PR;Norte;Colisão Traseira;1;2;;;;;1
02/12/2014;16:32:00;353;sem vítima;461,1;BR-116/PR;Sul;Tombamento;2;2;;;;;1
02/12/2014;09:53:00;189;com vítima;511;BR-116/PR;Sul;Tombamento;1;;1;;;;1
03/12/2014;10:44:00;203;sem vítima;344,3;BR-116/PR;Sul;Choque - Defensa, barreira ou  submarino ;1;1;;;;;1
03/12/2014;12:24:00;242;sem vítima;362;BR-116/PR;Sul;Tombamento;1;2;;;;;1
03/12/2014;04:38:00;86;com vítima;392,9;BR-116/PR;Norte;Colisão Traseira;2;1;1;;;;1
03/12/2014;05:58:00;99;sem vítima;460;BR-116/PR;Sul;Colisão Traseira;2;2;;;;;1
03/12/2014;17:29:00;390;sem vítima;520;BR-116/PR;Norte;Tombamento;1;1;;;;;1
04/12/2014;07:51:00;152;sem vítima;3,5;BR-116/PR;Norte;Choque - Defensa, barreira ou  submarino ;2;4;;;;;1
04/12/2014;09:01:00;174;sem vítima;28,7;BR-116/PR;Norte;Saida de Pista;1;1;;;;;1
04/12/2014;15:09:00;294;sem vítima;357,8;BR-116/PR;Sul;Saida de Pista;1;1;;;;;1
04/12/2014;12:37:00;255;sem vítima;511,8;BR-116/PR;Norte;Saida de Pista;1;3;;;;;1
04/12/2014;04:57:00;102;sem vítima;548,8;BR-116/PR;Sul;Choque - Defensa, barreira ou  submarino ;1;1;;;;;1
04/12/2014;10:38:00;210;sem vítima;555;BR-116/PR;Sul;Colisão Traseira;1;2;;;;;1
04/12/2014;14:37:00;281;sem vítima;567,5;BR-116/PR;Sul;Saida de Pista;1;2;;;;;1
05/12/2014;09:14:00;154;sem vítima;57;BR-116/PR;Sul;Colisão Traseira;1;3;;;;;1
05/12/2014;17:49:00;347;sem vítima;274,9;BR-116/PR;Norte;Colisão Traseira;1;2;;;;;1
05/12/2014;09:29:00;167;sem vítima;281,8;BR-116/PR;Norte;Colisão Traseira;1;2;;;;;1
05/12/2014;14:57:00;280;sem vítima;347,9;BR-116/PR;Sul;Colisão Traseira;2;2;;;;;1
05/12/2014;17:10:00;333;sem vítima;357;BR-116/PR;Sul;Colisão Traseira;1;2;;;;;1
05/12/2014;17:19:00;336;sem vítima;370,4;BR-116/PR;Norte;Choque - Cancela de Pedagio;1;1;;;;;1
05/12/2014;10:52:00;203;com vítima;509,7;BR-116/PR;Norte;Tombamento;1;;1;;;;1
05/12/2014;15:48:00;303;sem vítima;510,5;BR-116/PR;Norte;Colisão Traseira;2;2;;;;;1
05/12/2014;04:43:00;84;com vítima;518,8;BR-116/PR;Sul;Tombamento;1;;1;;;;1
06/12/2014;06:45:00;103;sem vítima;1,8;BR-116/PR;Sul;Colisão Traseira;1;2;;;;;1
06/12/2014;10:21:00;171;sem vítima;283;BR-116/PR;Norte;Colisão Lateral;1;3;;;;;1
06/12/2014;14:21:00;241;sem vítima;285,8;BR-116/PR;Sul;Colisão Lateral;1;4;;;;;1
06/12/2014;09:58:00;163;com vítima;316,8;BR-116/PR;Sul;Tombamento;1;;1;;;;1
06/12/2014;19:54:00;341;sem vítima;347;BR-116/PR;Sul;Engavetamento;3;3;;;;;1
06/12/2014;00:11:00;11;sem vítima;390,5;BR-116/PR;Sul;Tombamento;1;1;;;;;1
06/12/2014;03:06:00;60;sem vítima;417,9;BR-116/PR;Norte;Colisão Traseira;1;2;;;;;1
07/12/2014;11:13:00;184;sem vítima;500;BR-116/PR;Norte;Colisão Traseira;1;5;;;;;1
08/12/2014;16:29:00;376;sem vítima;18,5;BR-116/CW;Norte;Colisão Lateral;1;2;;;;;1
08/12/2014;18:40:00;419;sem vítima;278,3;BR-116/PR;Norte;Colisão Traseira;1;2;;;;;1
09/12/2014;20:55:00;388;sem vítima;37;BR-116/PR;Norte;Saida de Pista;1;6;;;;;1
09/12/2014;15:28:00;302;sem vítima;278,3;BR-116/PR;Sul;Colisão Traseira;1;2;;;;;1
09/12/2014;17:15:00;340;sem vítima;306,8;BR-116/PR;Sul;Engavetamento;3;4;;;;;1
09/12/2014;13:13:00;248;sem vítima;360,1;BR-116/PR;Sul;Colisão Traseira;2;3;;;;;1
09/12/2014;18:54:00;366;sem vítima;426,6;BR-116/PR;Norte;Colisão Traseira;2;3;;;;;1
09/12/2014;23:13:00;417;com vítima;513,6;BR-116/PR;Norte;Choque - Defensa, barreira ou  submarino ;1;1;1;;;;1
10/12/2014;03:55:00;46;sem vítima;4,7;BR-116/PR;Sul;Colisão Traseira;2;2;;;;;1
10/12/2014;17:57:00;386;sem vítima;37,1;BR-116/PR;Sul;Colisão Traseira;1;3;;;;;1
10/12/2014;17:03:00;365;sem vítima;68,1;BR-116/PR;Norte;Tombamento;1;2;;;;;1
10/12/2014;04:22:00;54;sem vítima;398,5;BR-116/PR;Norte;Saida de Pista;1;1;;;;;1
10/12/2014;15:34:00;325;sem vítima;426,6;BR-116/PR;Sul;Colisão Traseira;1;4;;;;;1
10/12/2014;08:31:00;135;sem vítima;498,9;BR-116/PR;Sul;Saida de Pista;1;1;;;;;1
10/12/2014;13:01:00;262;sem vítima;513,5;BR-116/PR;Sul;Colisão Traseira;2;3;;;;;1
11/12/2014;19:23:00;420;sem vítima;47,8;BR-116/PR;Sul;Colisão Traseira;2;2;;;;;1
11/12/2014;20:54:00;447;sem vítima;273,5;BR-116/PR;Sul;Engavetamento;1;6;;;;;1
11/12/2014;18:16:00;393;sem vítima;281,1;BR-116/PR;Norte;Colisão Traseira;2;3;;;;;1
11/12/2014;14:25:00;291;sem vítima;290,7;BR-116/PR;Sul;Colisão Lateral;1;3;;;;;1
11/12/2014;11:48:00;248;sem vítima;299;BR-116/PR;Sul;Colisão Traseira;2;2;;;;;1
11/12/2014;18:05:00;386;com vítima;308,1;BR-116/PR;Sul;Choque - Defensa, barreira ou  submarino ;3;4;;1;;;2
11/12/2014;16:18:00;331;sem vítima;361,4;BR-116/PR;Norte;Colisão Lateral;1;6;;;;;1
11/12/2014;11:54:00;250;sem vítima;370,3;BR-116/PR;Sul;Colisão Traseira;2;2;;;;;1
11/12/2014;18:26:00;398;sem vítima;413,1;BR-116/PR;Sul;Tombamento;1;1;;;;;1
11/12/2014;08:38:00;166;com vítima;414,4;BR-116/PR;Norte;Tombamento;1;1;2;;;;1
11/12/2014;01:23:00;40;sem vítima;416,6;BR-116/PR;Norte;Saida de Pista;1;1;;;;;1
11/12/2014;18:28:00;399;com vítima;429,8;BR-116/PR;Sul;Tombamento;1;;1;;;;1
11/12/2014;12:01:00;253;sem vítima;485;BR-116/PR;Sul;Colisão Traseira;2;2;;;;;1
11/12/2014;21:49:00;457;sem vítima;542,9;BR-116/PR;Sul;Choque - Cancela de Pedagio;1;1;;;;;1
12/12/2014;21:06:00;435;sem vítima;7,6;BR-116/PR;Sul;Saida de Pista;1;2;;;;;1
12/12/2014;15:13:00;334;sem vítima;32,5;BR-116/PR;Norte;Choque - Defensa, barreira ou  submarino ;1;1;;;;;1
12/12/2014;15:22:00;339;com vítima;59,5;BR-116/PR;Sul;Engavetamento;3;5;3;;;;1
12/12/2014;21:52:00;441;sem vítima;404,6;BR-116/PR;Norte;Colisão Traseira;2;2;;;;;1
12/12/2014;02:33:00;53;com vítima;413,9;BR-116/PR;Norte;Colisão Traseira;1;3;3;;;;1
12/12/2014;19:56:00;419;com vítima;422,4;BR-116/PR;Sul;Colisão Lateral;1;3;1;;;;1
12/12/2014;08:05:00;152;sem vítima;446,7;BR-116/PR;Norte;Colisão Traseira;1;2;;;;;1
12/12/2014;08:41:00;169;com vítima;500;BR-116/PR;Sul;Colisão Traseira;2;1;1;;;;1
12/12/2014;16:24:00;362;sem vítima;503,4;BR-116/PR;Sul;Choque - Talude;1;1;;;;;1
12/12/2014;00:42:00;15;com vítima;516,5;BR-116/PR;Norte;Colisão Traseira;2;1;;1;;;2
12/12/2014;22:05:00;445;sem vítima;529,6;BR-116/PR;Norte;Tombamento;1;1;;;;;1
12/12/2014;11:29:00;267;sem vítima;546,5;BR-116/PR;Sul;Saida de Pista;1;1;;;;;1
12/12/2014;16:37:00;366;sem vítima;548,8;BR-116/PR;Sul;Choque - Defensa, barreira ou  submarino ;1;1;;;;;1
13/12/2014;08:16:00;151;sem vítima;415;BR-116/PR;Sul;Saida de Pista;1;1;;;;;1
13/12/2014;10:05:00;186;com vítima;417,9;BR-116/PR;Sul;Tombamento;1;1;1;;;;1
13/12/2014;17:32:00;326;sem vítima;504,5;BR-116/PR;Sul;Choque - Defensa, barreira ou  submarino ;1;1;;;;;1
13/12/2014;08:07:00;147;sem vítima;515;BR-116/PR;Norte;Colisão Traseira;1;6;;;;;1
13/12/2014;21:43:00;403;sem vítima;537,8;BR-116/PR;Sul;Colisão Lateral;2;2;;;;;1
13/12/2014;11:33:00;217;sem vítima;545,5;BR-116/PR;Norte;Colisão Lateral;1;5;;;;;1
13/12/2014;22:27:00;413;com vítima;545,5;BR-116/PR;Norte;Colisão Frontal;1;2;;1;;;2
13/12/2014;03:09:00;61;sem vítima;555,4;BR-116/PR;Sul;Colisão Lateral;1;4;;;;;1
14/12/2014;18:07:00;286;sem vítima;7,6;BR-116/PR;Sul;Colisão Traseira;1;5;;;;;1
14/12/2014;13:35:00;218;sem vítima;17;BR-116/PR;Norte;Tombamento;1;1;;;;;1
14/12/2014;17:26:00;276;com vítima;17;BR-116/PR;Norte;Colisão Lateral;1;1;1;;;;1
14/12/2014;14:10:00;228;sem vítima;23,2;BR-116/PR;Sul;Colisão Traseira;2;2;;;;;1
14/12/2014;13:14:00;211;sem vítima;64,6;BR-116/PR;Sul;Colisão Lateral;1;6;;;;;1
14/12/2014;08:26:00;115;com vítima;509,7;BR-116/PR;Norte;Tombamento;1;;;;1;;2
14/12/2014;01:34:00;23;sem vítima;521,2;BR-116/PR;Sul;Colisão Traseira;2;3;;;;;1
15/12/2014;17:56:00;393;com vítima;313,4;BR-116/PR;Norte;Colisão Lateral;1;2;3;1;;;2
15/12/2014;16:40:00;353;sem vítima;542,9;BR-116/PR;Norte;Colisão Traseira;1;2;;;;;1
16/12/2014;09:57:00;186;com vítima;301,9;BR-116/PR;Sul;Tombamento;1;;1;;;;1
16/12/2014;15:46:00;327;com vítima;302;BR-116/PR;Norte;Colisão Traseira;1;1;1;;;;1
16/12/2014;14:14:00;284;sem vítima;349;BR-116/PR;Sul;Colisão Lateral;1;3;;;;;1
17/12/2014;12:53:00;239;sem vítima;304,5;BR-116/PR;Norte;Tombamento;1;2;;;;;1
17/12/2014;11:43:00;214;sem vítima;352,5;BR-116/PR;Sul;Colisão Lateral;1;5;;;;;1
17/12/2014;01:41:00;25;sem vítima;438,95;BR-116/PR;Sul;Saida de Pista;1;1;;;;;1
17/12/2014;23:56:00;463;sem vítima;544,5;BR-116/PR;Sul;Choque - Objeto sobre a pista;1;1;;;;;1
18/12/2014;19:14:00;414;com vítima;61,9;BR-116/PR;Norte;Tombamento;2;1;1;1;;;2
18/12/2014;23:31:00;482;sem vítima;70,9;BR-116/PR;Norte;Colisão Traseira;2;2;;;;;1
18/12/2014;23:40:00;489;sem vítima;70,9;BR-116/PR;Norte;Colisão Traseira;2;4;;;;;1