data;horario;n_da_ocorrencia;tipo_de_ocorrencia;km;trecho;sentido;tipo_de_acidente;caminhao;ilesos;levemente_feridos;moderadamente_feridos;gravemente_feridos;mortos;3
02/04/2015;14:39:00;291;sem vítima;348,6;BR-116/PR;Sul;Colisão Lateral;1;3;0;0;0;0;1
02/04/2015;05:40:00;103;com vítima;445;BR-116/PR;Norte;Colisão Transversal;1;1;2;0;0;0;1
02/04/2015;17:31:00;349;sem vítima;477,3;BR-116/PR;Sul;Outros - Sequência;1;1;0;0;0;0;1
02/04/2015;17:35:00;352;sem vítima;506;BR-116/PR;Sul;Saida de Pista;1;1;0;0;0;0;1
03/04/2015;05:40:00;98;sem vítima;297,2;BR-116/PR;Sul;Colisão Traseira;1;4;0;0;0;0;1
03/04/2015;11:31:00;237;sem vítima;370,4;BR-116/PR;Norte;Colisão Traseira;2;2;0;0;0;0;1
04/04/2015;15:07:00;193;sem vítima;57,2;BR-116/PR;Sul;Choque - Cancela de Pedagio;1;1;0;0;0;0;1
05/04/2015;23:58:00;399;sem vítima;26,5;BR-116/PR;Norte;Saida de Pista;1;2;0;0;0;0;1
05/04/2015;04:45:00;53;sem vítima;27,3;BR-116/PR;Sul;Colisão Traseira;1;11;0;0;0;0;1
05/04/2015;15:10:00;218;sem vítima;45,2;BR-116/PR;Norte;Colisão Lateral;1;7;0;0;0;0;1
05/04/2015;08:59:00;93;sem vítima;346;BR-116/PR;Norte;Colisão Lateral;1;3;0;0;0;0;1
05/04/2015;06:37:00;64;sem vítima;357;BR-116/PR;Norte;Tombamento;1;2;0;0;0;0;1
05/04/2015;12:29:00;163;sem vítima;360,2;BR-116/PR;Norte;Tombamento;1;1;0;0;0;0;1
06/04/2015;08:39:00;125;com vítima;431;BR-116/PR;Norte;Engavetamento;1;7;1;0;0;0;1
07/04/2015;18:40:00;323;sem vítima;13;BR-116/CW;Norte;Colisão Lateral;1;3;0;0;0;0;1
07/04/2015;09:14:00;150;com vítima;23,9;BR-116/PR;Norte;Tombamento;1;0;0;1;0;0;2
07/04/2015;17:44:00;312;sem vítima;32,5;BR-116/PR;Norte;Tombamento;1;2;0;0;0;0;1
07/04/2015;09:18:00;151;com vítima;353,3;BR-116/PR;Norte;Colisão Traseira;1;1;1;0;0;0;1
07/04/2015;08:46:00;137;sem vítima;383,4;BR-116/PR;Norte;Colisão Traseira;2;2;0;0;0;0;1
07/04/2015;05:55:00;82;sem vítima;420,5;BR-116/PR;Norte;Saida de Pista;1;1;0;0;0;0;1
07/04/2015;11:19:00;193;sem vítima;426,6;BR-116/PR;Sul;Colisão Traseira;1;2;0;0;0;0;1
07/04/2015;05:55:00;81;sem vítima;495,7;BR-116/PR;Norte;Atropelamento de Animal;1;1;0;0;0;0;1
07/04/2015;15:23:00;273;com vítima;528,9;BR-116/PR;Sul;Saida de Pista;1;0;1;0;0;0;1
08/04/2015;15:02:00;257;sem vítima;283,2;BR-116/PR;Norte;Colisão Lateral;1;2;0;0;0;0;1
08/04/2015;01:21:00;26;com vítima;323,8;BR-116/PR;Sul;Colisão Traseira;3;3;1;0;0;1;3
08/04/2015;06:53:00;81;com vítima;513,2;BR-116/PR;Norte;Tombamento;1;0;0;1;0;0;2
09/04/2015;08:57:00;165;sem vítima;352,5;BR-116/PR;Sul;Colisão Traseira;2;2;0;0;0;0;1
09/04/2015;03:33:00;92;sem vítima;358,4;BR-116/PR;Norte;Colisão Lateral;3;3;0;0;0;0;1
09/04/2015;07:28:00;137;com vítima;384,9;BR-116/PR;Sul;Capotamento;1;0;0;1;0;0;2
09/04/2015;08:54:00;164;sem vítima;402;BR-116/PR;Sul;Colisão Traseira;1;2;0;0;0;0;1
09/04/2015;14:08:00;274;sem vítima;426,6;BR-116/PR;Norte;Colisão Traseira;1;2;0;0;0;0;1
09/04/2015;22:29:00;408;sem vítima;465,2;BR-116/PR;Sul;Colisão Traseira;2;2;0;0;0;0;1
09/04/2015;22:37:00;409;sem vítima;478,9;BR-116/PR;Norte;Choque - Defensa, barreira ou  submarino ;1;2;0;0;0;0;1
09/04/2015;22:42:00;414;sem vítima;562,5;BR-116/PR;Sul;Colisão Traseira;2;2;0;0;0;0;1
10/04/2015;13:43:00;240;sem vítima;306,9;BR-116/PR;Sul;Engavetamento;2;4;0;0;0;0;1
10/04/2015;13:27:00;237;com vítima;308,98;BR-116/PR;Sul;Engavetamento;5;7;0;1;0;0;2
10/04/2015;15:16:00;255;sem vítima;363,7;BR-116/PR;Norte;Tombamento;1;2;0;0;0;0;1
10/04/2015;06:26:00;93;sem vítima;547,5;BR-116/PR;Sul;Não Def;1;1;0;0;0;0;1
11/04/2015;08:24:00;137;com vítima;8,7;BR-116/CW;Norte;Atropelamento - Outros;1;1;0;0;0;1;3
11/04/2015;11:10:00;189;sem vítima;70,2;BR-116/PR;Sul;Engavetamento;1;6;0;0;0;0;1
11/04/2015;15:01:00;243;sem vítima;281,8;BR-116/PR;Norte;Capotamento;1;2;0;0;0;0;1
11/04/2015;09:56:00;168;sem vítima;294,3;BR-116/PR;Sul;Colisão Lateral;2;2;0;0;0;0;1
11/04/2015;02:01:00;39;com vítima;330,9;BR-116/PR;Sul;Colisão Traseira;1;1;0;0;0;1;3
11/04/2015;14:26:00;237;sem vítima;335;BR-116/PR;Sul;Choque - Talude;1;1;0;0;0;0;1
11/04/2015;03:12:00;59;com vítima;468,2;BR-116/PR;Norte;Colisão Lateral;1;1;1;0;0;0;1
12/04/2015;14:42:00;203;sem vítima;7,3;BR-116/CW;Sul;Choque - Outros;1;2;0;0;0;0;1
12/04/2015;22:09:00;329;sem vítima;341,5;BR-116/PR;Norte;Colisão Traseira;2;4;0;0;0;0;1
13/04/2015;23:37:00;369;sem vítima;1;BR-116/CW;Sul;Colisão Lateral;2;3;0;0;0;0;1
13/04/2015;21:09:00;345;sem vítima;14;BR-116/PR;Sul;Choque - Defensa, barreira ou  submarino ;1;1;0;0;0;0;1
13/04/2015;20:42:00;338;sem vítima;297,6;BR-116/PR;Sul;Colisão Transversal;1;2;0;0;0;0;1
13/04/2015;18:13:00;302;sem vítima;476,7;BR-116/PR;Sul;Colisão Lateral;1;2;0;0;0;0;1
13/04/2015;01:16:00;20;sem vítima;485,6;BR-116/PR;Sul;Choque - Objeto sobre a pista;1;1;0;0;0;0;1
13/04/2015;13:59:00;223;sem vítima;566,9;BR-116/PR;Norte;Saida de Pista;1;1;0;0;0;0;1
14/04/2015;12:07:00;214;com vítima;468,8;BR-116/PR;Sul;Atropelamento - Usuário;1;1;1;0;0;0;1
15/04/2015;13:12:00;222;sem vítima;57;BR-116/PR;Sul;Colisão Traseira;1;2;0;0;0;0;1
15/04/2015;12:31:00;208;sem vítima;345,9;BR-116/PR;Sul;Choque - Defensa, barreira ou  submarino ;1;1;0;0;0;0;1
15/04/2015;03:32:00;47;com vítima;368,4;BR-116/PR;Norte;Colisão Traseira;2;2;1;0;0;0;1
15/04/2015;00:10:00;2;sem vítima;399,8;BR-116/PR;Norte;Saida de Pista;1;1;0;0;0;0;1
15/04/2015;01:32:00;19;sem vítima;487,5;BR-116/PR;Norte;Colisão Lateral;2;2;0;0;0;0;1
15/04/2015;09:19:00;134;sem vítima;542,9;BR-116/PR;Sul;Colisão Traseira;1;5;0;0;0;0;1
16/04/2015;23:37:00;420;com vítima;65,2;BR-116/PR;Sul;Tombamento;1;1;1;0;0;0;1
16/04/2015;09:36:00;187;sem vítima;333;BR-116/PR;Norte;Colisão Lateral;2;2;0;0;0;0;1
16/04/2015;21:24:00;396;com vítima;395,2;BR-116/PR;Sul;Colisão Traseira;2;1;0;1;0;0;2
16/04/2015;03:53:00;85;sem vítima;474,5;BR-116/PR;Sul;Saida de Pista;1;2;0;0;0;0;1
16/04/2015;04:15:00;92;sem vítima;502,7;BR-116/PR;Norte;Tombamento;1;2;0;0;0;0;1
17/04/2015;11:28:00;173;sem vítima;42;BR-116/PR;Norte;Colisão Traseira;2;3;0;0;0;0;1
17/04/2015;10:18:00;146;sem vítima;278,8;BR-116/PR;Norte;Colisão Lateral;1;2;0;0;0;0;1
17/04/2015;09:39:00;131;sem vítima;283,3;BR-116/PR;Norte;Colisão Lateral;1;2;0;0;0;0;1
17/04/2015;05:26:00;67;sem vítima;283,8;BR-116/PR;Norte;Colisão Traseira;1;2;0;0;0;0;1
17/04/2015;01:55:00;20;sem vítima;310;BR-116/PR;Sul;Tombamento;1;1;0;0;0;0;1
17/04/2015;13:27:00;217;com vítima;499,6;BR-116/PR;Sul;Tombamento;1;0;1;0;0;0;1
17/04/2015;09:26:00;123;sem vítima;518;BR-116/PR;Sul;Colisão Traseira;2;2;0;0;0;0;1
17/04/2015;21:49:00;372;sem vítima;543;BR-116/PR;Sul;Colisão Traseira;2;2;0;0;0;0;1
18/04/2015;15:43:00;274;sem vítima;279,3;BR-116/PR;Sul;Colisão Lateral;1;4;0;0;0;0;1
18/04/2015;13:49:00;222;sem vítima;279,5;BR-116/PR;Sul;Engavetamento;1;7;0;0;0;0;1
18/04/2015;01:28:00;20;sem vítima;329,8;BR-116/PR;Sul;Colisão Lateral;1;6;0;0;0;0;1
18/04/2015;10:36:00;153;sem vítima;426,6;BR-116/PR;Sul;Colisão Lateral;1;2;0;0;0;0;1
18/04/2015;06:16:00;71;sem vítima;485,7;BR-116/PR;Sul;Colisão Traseira;1;5;0;0;0;0;1
19/04/2015;12:01:00;166;com vítima;294;BR-116/PR;Norte;Saida de Pista;1;3;3;1;0;0;2
19/04/2015;21:13:00;311;sem vítima;395,1;BR-116/PR;Norte;Tombamento;1;1;0;0;0;0;1
20/04/2015;02:11:00;28;sem vítima;57,2;BR-116/PR;Norte;Colisão Traseira;2;2;0;0;0;0;1
20/04/2015;13:52:00;183;com vítima;409,9;BR-116/PR;Sul;Saida de Pista;1;1;1;0;0;0;1
21/04/2015;16:45:00;265;sem vítima;344,8;BR-116/PR;Sul;Tombamento;1;1;0;0;0;0;1
21/04/2015;16:24:00;258;sem vítima;347,5;BR-116/PR;Sul;Colisão Traseira;2;2;0;0;0;0;1
21/04/2015;11:21:00;158;sem vítima;496,5;BR-116/PR;Sul;Colisão Traseira;2;2;0;0;0;0;1
21/04/2015;18:42:00;305;sem vítima;542,9;BR-116/PR;Sul;Colisão Traseira;1;2;0;0;0;0;1
21/04/2015;16:56:00;269;sem vítima;561,5;BR-116/PR;Sul;Tombamento;1;1;0;0;0;0;1
22/04/2015;12:54:00;208;sem vítima;27;BR-116/PR;Sul;Tombamento;1;2;0;0;0;0;1
22/04/2015;10:46:00;171;sem vítima;29,3;BR-116/PR;Norte;Choque - Defensa, barreira ou  submarino ;1;3;0;0;0;0;1
22/04/2015;16:06:00;273;sem vítima;274,3;BR-116/PR;Norte;Capotamento;1;2;0;0;0;0;1
22/04/2015;06:06:00;88;sem vítima;282,1;BR-116/PR;Norte;Choque - Defensa, barreira ou  submarino ;1;1;0;0;0;0;1
22/04/2015;18:16:00;302;com vítima;284;BR-116/PR;Sul;Engavetamento;1;5;1;0;0;0;1
22/04/2015;05:53:00;86;sem vítima;513,5;BR-116/PR;Norte;Choque - Defensa, barreira ou  submarino ;1;2;0;0;0;0;1
22/04/2015;15:14:00;248;sem vítima;515;BR-116/PR;Norte;Saida de Pista;1;1;0;0;0;0;1
23/04/2015;17:19:00;301;sem vítima;439,95;BR-116/PR;Norte;Colisão Lateral;1;2;0;0;0;0;1
23/04/2015;17:37:00;305;com vítima;446,5;BR-116/PR;Sul;Colisão Lateral;1;1;0;1;1;0;2
23/04/2015;21:37:00;352;com vítima;509,4;BR-116/PR;Sul;Tombamento;1;0;2;0;0;0;1
24/04/2015;05:17:00;72;sem vítima;426,6;BR-116/PR;Norte;Colisão Lateral;2;2;0;0;0;0;1
24/04/2015;15:21:00;257;sem vítima;426,6;BR-116/PR;Norte;Colisão Traseira;2;2;0;0;0;0;1
24/04/2015;18:40:00;328;sem vítima;434,3;BR-116/PR;Norte;Objeto lançado contra veículo;1;3;0;0;0;0;1
25/04/2015;01:38:00;33;com vítima;294,5;BR-116/PR;Sul;Colisão Traseira;1;2;0;0;1;0;2
25/04/2015;12:30:00;191;com vítima;408;BR-116/PR;Sul;Colisão Lateral;1;1;1;0;0;0;1
25/04/2015;16:12:00;258;sem vítima;426,6;BR-116/PR;Sul;Colisão Traseira;2;2;0;0;0;0;1
26/04/2015;09:55:00;109;sem vítima;23;BR-116/PR;Norte;Tombamento;1;1;0;0;0;0;1
26/04/2015;02:15:00;36;sem vítima;416;BR-116/PR;Sul;Saida de Pista;1;1;0;0;0;0;1
26/04/2015;20:49:00;300;sem vítima;511,5;BR-116/PR;Norte;Tombamento;1;2;0;0;0;0;1
26/04/2015;16:14:00;220;sem vítima;529;BR-116/PR;Norte;Colisão Lateral;2;2;0;0;0;0;1
27/04/2015;14:53:00;257;sem vítima;449,1;BR-116/PR;Norte;Saida de Pista;1;2;0;0;0;0;1
27/04/2015;23:41:00;403;sem vítima;567,7;BR-116/PR;Sul;Atropelamento de Animal;1;1;0;0;0;0;1
28/04/2015;17:42:00;304;com vítima;282,9;BR-116/PR;Sul;Colisão Lateral;1;1;1;0;0;0;1
28/04/2015;13:57:00;231;sem vítima;354,7;BR-116/PR;Sul;Colisão Traseira;3;7;0;0;0;0;1
28/04/2015;16:37:00;279;sem vítima;392,4;BR-116/PR;Sul;Saida de Pista;1;1;0;0;0;0;1
28/04/2015;15:08:00;254;sem vítima;415,3;BR-116/PR;Norte;Tombamento;1;1;0;0;0;0;1
28/04/2015;10:07:00;155;sem vítima;564;BR-116/PR;Norte;Choque - Defensa, barreira ou  submarino ;1;1;0;0;0;0;1
28/04/2015;00:38:00;11;sem vítima;566,9;BR-116/PR;Sul;Atropelamento de Animal;1;1;0;0;0;0;1
28/04/2015;00:19:00;4;sem vítima;569;BR-116/PR;Sul;Atropelamento de Animal;2;2;0;0;0;0;1
29/04/2015;19:20:00;344;sem vítima;58;BR-116/PR;Norte;Engavetamento;2;4;0;0;0;0;1
29/04/2015;06:20:00;69;sem vítima;337,5;BR-116/PR;Norte;Saida de Pista;1;1;0;0;0;0;1
29/04/2015;09:12:00;144;sem vítima;418;BR-116/PR;Norte;Colisão Traseira;1;3;0;0;0;0;1
29/04/2015;04:42:00;56;com vítima;444,4;BR-116/PR;Norte;Colisão Traseira;2;2;1;0;0;0;1
29/04/2015;07:14:00;85;sem vítima;545,2;BR-116/PR;Sul;Saida de Pista;1;1;0;0;0;0;1
29/04/2015;15:35:00;266;sem vítima;560;BR-116/PR;Sul;Saida de Pista;1;1;0;0;0;0;1
29/04/2015;16:48:00;295;com vítima;562;BR-116/PR;Norte;Choque - Defensa, barreira ou  submarino ;1;0;1;0;0;0;1
29/04/2015;18:14:00;324;sem vítima;567,2;BR-116/PR;Sul;Choque - Defensa, barreira ou  submarino ;1;1;0;0;0;0;1
30/04/2015;02:47:00;47;sem vítima;7,9;BR-116/PR;Sul;Saida de Pista;1;1;0;0;0;0;1
30/04/2015;05:13:00;79;sem vítima;283,5;BR-116/PR;Norte;Engavetamento;2;7;0;0;0;0;1
30/04/2015;06:08:00;90;sem vítima;288;BR-116/PR;Norte;Colisão Traseira;1;4;0;0;0;0;1
30/04/2015;10:10:00;190;sem vítima;295,5;BR-116/PR;Sul;Saida de Pista;1;1;0;0;0;0;1
30/04/2015;10:56:00;207;sem vítima;298,8;BR-116/PR;Norte;Colisão Lateral;1;2;0;0;0;0;1
30/04/2015;23:40:00;428;com vítima;314,7;BR-116/PR;Sul;Colisão Traseira;2;2;0;1;0;0;2
30/04/2015;03:06:00;53;sem vítima;455,2;BR-116/PR;Sul;Colisão Traseira;1;2;0;0;0;0;1
30/04/2015;00:53:00;17;com vítima;544,4;BR-116/PR;Norte;Tombamento;1;0;0;1;0;0;2
01/05/2015;04:06:00;67;sem vítima;28,7;BR-116/PR;Sul;Colisão Traseira;2;2;0;0;0;0;1
01/05/2015;18:15:00;331;sem vítima;447,95;BR-116/PR;Sul;Colisão Lateral;1;5;0;0;0;0;1
01/05/2015;06:31:00;90;sem vítima;543,3;BR-116/PR;Sul;Colisão Traseira;2;2;0;0;0;0;1
02/05/2015;15:53:00;210;sem vítima;376,7;BR-116/PR;Sul;Saida de Pista;1;1;0;0;0;0;1
03/05/2015;16:59:00;276;com vítima;295,1;BR-116/PR;Norte;Engavetamento;1;2;2;1;0;1;3
03/05/2015;18:24:00;304;com vítima;303,5;BR-116/PR;Norte;Colisão Traseira;2;1;1;0;0;0;1
03/05/2015;14:52:00;223;com vítima;339,9;BR-116/PR;Sul;Choque - Defensa, barreira ou  submarino ;1;0;1;0;0;0;1
03/05/2015;05:43:00;75;com vítima;359,3;BR-116/PR;Norte;Tombamento;1;0;1;0;0;0;1
04/05/2015;15:15:00;204;sem vítima;281,7;BR-116/PR;Norte;Colisão Traseira;1;2;0;0;0;0;1
04/05/2015;13:42:00;188;sem vítima;284;BR-116/PR;Norte;Colisão Traseira;2;4;0;0;0;0;1
04/05/2015;09:07:00;104;sem vítima;285;BR-116/PR;Norte;Colisão Lateral;2;2;0;0;0;0;1
04/05/2015;05:23:00;63;com vítima;313,3;BR-116/PR;Norte;Colisão Traseira;2;1;1;0;0;0;1
04/05/2015;13:48:00;190;com vítima;363,7;BR-116/PR;Norte;Tombamento;1;0;1;0;0;0;1
04/05/2015;04:56:00;60;sem vítima;390,5;BR-116/PR;Norte;Não Def;1;1;0;0;0;0;1
04/05/2015;13:34:00;186;sem vítima;454,9;BR-116/PR;Sul;Colisão Frontal;1;6;0;0;0;0;1
05/05/2015;14:04:00;228;com vítima;67,3;BR-116/PR;Norte;Colisão Traseira;1;1;0;1;0;0;2
05/05/2015;15:17:00;252;com vítima;312,8;BR-116/PR;Norte;Colisão Traseira;2;2;1;0;0;0;1
05/05/2015;13:25:00;216;sem vítima;376,2;BR-116/PR;Sul;Tombamento;1;1;0;0;0;0;1
06/05/2015;23:31:00;374;com vítima;49,1;BR-116/PR;Norte;Atropelamento - Andarilho;1;1;0;0;0;1;3
06/05/2015;00:23:00;9;sem vítima;485,7;BR-116/PR;Norte;Colisão Traseira;2;2;0;0;0;0;1
06/05/2015;16:08:00;275;sem vítima;508;BR-116/PR;Sul;Tombamento;1;1;0;0;0;0;1
06/05/2015;22:23:00;364;com vítima;515,1;BR-116/PR;Norte;Engavetamento;3;1;0;2;0;0;2
07/05/2015;16:27:00;268;sem vítima;283;BR-116/PR;Norte;Colisão Traseira;1;4;0;0;0;0;1
07/05/2015;05:28:00;65;sem vítima;284;BR-116/PR;Norte;Colisão Traseira;1;63;0;0;0;0;1
07/05/2015;04:49:00;60;com vítima;340;BR-116/PR;Sul;Colisão Frontal;1;0;1;0;0;1;3
07/05/2015;18:18:00;296;com vítima;381,9;BR-116/PR;Norte;Colisão Traseira;1;1;2;0;0;0;1
07/05/2015;02:43:00;39;sem vítima;381,95;BR-116/PR;Norte;Tombamento;1;1;0;0;0;0;1
07/05/2015;16:28:00;269;sem vítima;430,1;BR-116/PR;Sul;Saida de Pista;1;1;0;0;0;0;1
07/05/2015;04:23:00;58;sem vítima;450;BR-116/PR;Sul;Choque - Defensa, barreira ou  submarino ;1;1;0;0;0;0;1
07/05/2015;01:34:00;19;sem vítima;496,3;BR-116/PR;Norte;Tombamento;1;2;0;0;0;0;1
07/05/2015;07:04:00;78;com vítima;511,8;BR-116/PR;Norte;Tombamento;1;0;1;0;0;0;1
07/05/2015;21:34:00;340;sem vítima;545,1;BR-116/PR;Norte;Colisão Traseira;1;2;0;0;0;0;1
08/05/2015;22:11:00;347;sem vítima;370,6;BR-116/PR;Sul;Colisão Lateral;1;5;0;0;0;0;1
09/05/2015;13:23:00;211;sem vítima;270,3;BR-116/PR;Norte;Colisão Traseira;1;2;0;0;0;0;1
09/05/2015;06:31:00;80;sem vítima;370,4;BR-116/PR;Sul;Colisão Traseira;2;2;0;0;0;0;1
09/05/2015;11:31:00;185;sem vítima;397,8;BR-116/PR;Sul;Colisão Lateral;2;2;0;0;0;0;1
10/05/2015;14:46:00;165;sem vítima;1;BR-116/PR;Sul;Colisão Traseira;1;2;0;0;0;0;1
10/05/2015;16:01:00;188;sem vítima;48;BR-116/PR;Norte;Colisão Traseira;1;2;0;0;0;0;1
10/05/2015;19:48:00;275;com vítima;392,8;BR-116/PR;Sul;Atropelamento - Morador;1;2;1;1;1;2;3
10/05/2015;21:01:00;293;sem vítima;392,8;BR-116/PR;Norte;Choque - Outros;1;1;0;0;0;0;1
10/05/2015;08:17:00;72;com vítima;523,8;BR-116/PR;Sul;Colisão Traseira;1;6;1;0;0;0;1
11/05/2015;06:18:00;63;com vítima;15,1;BR-116/CW;Sul;Atropelamento - Morador;1;1;1;0;0;0;1
12/05/2015;05:36:00;86;sem vítima;0,3;BR-116/CW;Sul;Saida de Pista;1;2;0;0;0;0;1
12/05/2015;23:09:00;391;sem vítima;16,5;BR-116/PR;Sul;Tombamento;1;1;0;0;0;0;1
12/05/2015;07:24:00;104;sem vítima;270;BR-116/PR;Sul;Colisão Lateral;1;2;0;0;0;0;1
12/05/2015;19:16:00;331;sem vítima;282;BR-116/PR;Norte;Colisão Traseira;1;6;0;0;0;0;1
12/05/2015;13:45:00;239;com vítima;385;BR-116/PR;Sul;Colisão Lateral;1;1;2;0;0;0;1
12/05/2015;23:00:00;386;sem vítima;414;BR-116/PR;Norte;Outros;1;1;0;0;0;0;1
12/05/2015;04:09:00;73;sem vítima;431,95;BR-116/PR;Norte;Saida de Pista;1;1;0;0;0;0;1
12/05/2015;12:02:00;217;sem vítima;511;BR-116/PR;Sul;Tombamento;1;1;0;0;0;0;1
12/05/2015;07:55:00;113;sem vítima;515,1;BR-116/PR;Norte;Saida de Pista;1;1;0;0;0;0;1
12/05/2015;04:34:00;77;sem vítima;542,9;BR-116/PR;Norte;Colisão Traseira;2;2;0;0;0;0;1
12/05/2015;13:00:00;230;sem vítima;567;BR-116/PR;Sul;Engavetamento;3;11;0;0;0;0;1
13/05/2015;18:37:00;300;sem vítima;283;BR-116/PR;Sul;Engavetamento;1;3;0;0;0;0;1
13/05/2015;10:11:00;143;com vítima;285,1;BR-116/PR;Sul;Colisão Traseira;2;2;1;0;0;0;1
13/05/2015;19:06:00;312;sem vítima;340;BR-116/PR;Sul;Saida de Pista;1;1;0;0;0;0;1
13/05/2015;16:19:00;264;sem vítima;359;BR-116/PR;Norte;Tombamento;1;2;0;0;0;0;1
13/05/2015;00:26:00;8;sem vítima;372,9;BR-116/PR;Sul;Saida de Pista;1;1;0;0;0;0;1
13/05/2015;09:12:00;119;sem vítima;426,6;BR-116/PR;Norte;Colisão Traseira;1;3;0;0;0;0;1
13/05/2015;05:52:00;59;sem vítima;479;BR-116/PR;Norte;Colisão Traseira;2;2;0;0;0;0;1
13/05/2015;08:17:00;91;com vítima;517,8;BR-116/PR;Norte;Saida de Pista;1;0;0;0;1;0;2
14/05/2015;10:56:00;172;sem vítima;23;BR-116/PR;Norte;Colisão Lateral;2;2;0;0;0;0;1
14/05/2015;20:58:00;327;sem vítima;57;BR-116/PR;Norte;Choque - Defensa, barreira ou  submarino ;1;1;0;0;0;0;1
14/05/2015;07:20:00;85;sem vítima;282,1;BR-116/PR;Sul;Colisão Traseira;1;2;0;0;0;0;1
14/05/2015;01:48:00;27;com vítima;308,8;BR-116/PR;Sul;Choque - Defensa, barreira ou  submarino ;1;1;1;0;0;0;1
14/05/2015;22:23:00;351;sem vítima;358,1;BR-116/PR;Sul;Colisão Traseira;1;2;0;0;0;0;1
14/05/2015;21:50:00;343;com vítima;471,5;BR-116/PR;Norte;Tombamento;1;0;1;0;0;0;1
14/05/2015;15:03:00;239;sem vítima;511,8;BR-116/PR;Norte;Saida de Pista;1;1;0;0;0;0;1
14/05/2015;13:58:00;222;com vítima;513;BR-116/PR;Norte;Choque - Defensa, barreira ou  submarino ;1;0;0;1;0;0;2
14/05/2015;11:35:00;184;sem vítima;515,6;BR-116/PR;Norte;Saida de Pista;1;1;0;0;0;0;1
15/05/2015;20:37:00;352;sem vítima;28;BR-116/PR;Norte;Choque - Defensa, barreira ou  submarino ;1;2;0;0;0;0;1
15/05/2015;15:00:00;249;sem vítima;301,5;BR-116/PR;Norte;Objeto lançado contra veículo;1;2;0;0;0;0;1
15/05/2015;16:14:00;272;sem vítima;426,6;BR-116/PR;Norte;Colisão Traseira;1;2;0;0;0;0;1
16/05/2015;14:30:00;238;sem vítima;550;BR-116/PR;Sul;Saida de Pista;1;1;0;0;0;0;1
17/05/2015;21:03:00;316;com vítima;294,5;BR-116/PR;Norte;Colisão Traseira;1;1;1;0;0;0;1
17/05/2015;23:37:00;351;sem vítima;304,2;BR-116/PR;Norte;Choque - Defensa, barreira ou  submarino ;1;1;0;0;0;0;1
17/05/2015;17:22:00;253;sem vítima;370,4;BR-116/PR;Norte;Colisão Traseira;1;5;0;0;0;0;1
17/05/2015;09:02:00;107;com vítima;393,1;BR-116/PR;Sul;Queda de Moto;1;2;0;0;0;1;3
17/05/2015;20:30:00;307;sem vítima;476;BR-116/PR;Norte;Colisão Traseira;1;2;0;0;0;0;1
18/05/2015;18:01:00;284;sem vítima;32,5;BR-116/PR;Norte;Tombamento;1;1;0;0;0;0;1
18/05/2015;21:18:00;326;sem vítima;62,6;BR-116/PR;Sul;Saida de Pista;1;2;0;0;0;0;1
18/05/2015;14:52:00;228;com vítima;67,5;BR-116/PR;Norte;Colisão Traseira;1;2;1;0;0;0;1
18/05/2015;16:27:00;255;sem vítima;343,8;BR-116/PR;Sul;Colisão Lateral;1;2;0;0;0;0;1
18/05/2015;21:50:00;332;sem vítima;357,9;BR-116/PR;Sul;Colisão Traseira;1;2;0;0;0;0;1
19/05/2015;11:55:00;195;com vítima;9,5;BR-116/CW;Sul;Colisão Traseira;1;2;1;0;0;0;1
19/05/2015;00:20:00;8;sem vítima;298,9;BR-116/PR;Sul;Colisão Lateral;2;3;0;0;0;0;1
19/05/2015;17:43:00;293;com vítima;339,8;BR-116/PR;Sul;Tombamento;1;0;1;0;0;0;1
19/05/2015;19:37:00;325;com vítima;386,3;BR-116/PR;Norte;Tombamento;1;0;1;0;0;0;1
20/05/2015;18:32:00;290;sem vítima;67;BR-116/PR;Sul;Colisão Traseira;2;2;0;0;0;0;1
20/05/2015;07:07:00;81;sem vítima;280,1;BR-116/PR;Sul;Colisão Traseira;1;3;0;0;0;0;1
20/05/2015;14:01:00;203;sem vítima;345,9;BR-116/PR;Sul;Colisão Lateral;2;2;0;0;0;0;1
20/05/2015;15:00:00;217;sem vítima;349,7;BR-116/PR;Sul;Colisão Traseira;1;2;0;0;0;0;1
20/05/2015;06:56:00;77;com vítima;360,3;BR-116/PR;Sul;Tombamento;2;1;1;0;0;0;1
20/05/2015;15:37:00;226;sem vítima;362,7;BR-116/PR;Sul;Choque - Defensa, barreira ou  submarino ;1;2;0;0;0;0;1
20/05/2015;01:46:00;32;sem vítima;433,4;BR-116/PR;Norte;Colisão Traseira;2;2;0;0;0;0;1
20/05/2015;04:44:00;66;sem vítima;484,6;BR-116/PR;Sul;Tombamento;1;1;0;0;0;0;1
20/05/2015;13:04:00;191;sem vítima;558,2;BR-116/PR;Sul;Choque - Defensa, barreira ou  submarino ;1;1;0;0;0;0;1
20/05/2015;06:10:00;75;sem vítima;560;BR-116/PR;Sul;Saida de Pista;1;1;0;0;0;0;1
20/05/2015;01:54:00;36;com vítima;561,9;BR-116/PR;Norte;Tombamento;1;0;1;0;0;0;1
20/05/2015;18:48:00;297;com vítima;562;BR-116/PR;Sul;Saida de Pista;1;0;1;0;0;0;1
21/05/2015;15:24:00;270;sem vítima;278;BR-116/PR;Norte;Colisão Lateral;1;2;0;0;0;0;1
21/05/2015;18:53:00;349;com vítima;302,2;BR-116/PR;Sul;Colisão Lateral;1;1;1;0;0;0;1
21/05/2015;22:10:00;377;com vítima;337,3;BR-116/PR;Sul;Colisão Traseira;1;1;0;0;0;1;3
22/05/2015;13:13:00;217;sem vítima;284,3;BR-116/PR;Sul;Colisão Traseira;1;2;0;0;0;0;1
22/05/2015;07:10:00;81;com vítima;362,7;BR-116/PR;Sul;Tombamento;1;0;1;0;0;0;1
22/05/2015;15:48:00;250;sem vítima;512,3;BR-116/PR;Norte;Colisão Traseira;2;3;0;0;0;0;1
23/05/2015;19:13:00;326;sem vítima;56,5;BR-116/PR;Norte;Saida de Pista;1;1;0;0;0;0;1