data;horario;n_da_ocorrencia;tipo_de_ocorrencia;km;trecho;sentido;tipo_de_acidente;caminhao;ilesos;levemente_feridos;moderadamente_feridos;gravemente_feridos;mortos;3
16/07/2015;17:12:00;264;sem vítima;444,4;BR-116/PR;Norte;Choque - Objeto sobre a pista;1;3;0;0;0;0;1
17/07/2015;16:38:00;286;sem vítima;361;BR-116/PR;Norte;Colisão Lateral;2;2;0;0;0;0;1
17/07/2015;09:11:00;139;sem vítima;485,7;BR-116/PR;Sul;Colisão Traseira;2;4;0;0;0;0;1
17/07/2015;04:45:00;70;sem vítima;532,2;BR-116/PR;Sul;Tombamento;1;1;0;0;0;0;1
18/07/2015;17:50:00;261;sem vítima;426,6;BR-116/PR;Sul;Choque - Suporte de Sinalização;1;2;0;0;0;0;1
19/07/2015;18:39:00;272;sem vítima;45;BR-116/PR;Norte;Colisão Traseira;2;3;0;0;0;0;1
20/07/2015;18:17:00;295;sem vítima;344,5;BR-116/PR;Norte;Colisão Traseira;1;9;0;0;0;0;1
20/07/2015;21:24:00;335;sem vítima;417,1;BR-116/PR;Sul;Choque - Objeto sobre a pista;1;1;0;0;0;0;1
20/07/2015;16:14:00;259;sem vítima;426,6;BR-116/PR;Sul;Choque - Cancela de Pedagio;1;1;0;0;0;0;1
20/07/2015;21:53:00;340;sem vítima;511,5;BR-116/PR;Sul;Tombamento;1;1;0;0;0;0;1
21/07/2015;15:31:00;231;sem vítima;344,4;BR-116/PR;Sul;Colisão Traseira;2;2;0;0;0;0;1
21/07/2015;20:35:00;285;sem vítima;348,6;BR-116/PR;Norte;Choque - Defensa, barreira ou  submarino ;1;1;0;0;0;0;1
21/07/2015;15:58:00;239;sem vítima;485,7;BR-116/PR;Norte;Choque - Suporte de Sinalização;1;1;0;0;0;0;1
21/07/2015;21:30:00;298;sem vítima;508;BR-116/PR;Sul;Colisão Lateral;1;2;0;0;0;0;1
22/07/2015;15:20:00;265;sem vítima;23,2;BR-116/PR;Norte;Colisão Lateral;2;2;0;0;0;0;1
22/07/2015;13:25:00;235;sem vítima;269,5;BR-116/PR;Sul;Colisão Traseira;1;3;0;0;0;0;1
22/07/2015;18:35:00;338;sem vítima;370,4;BR-116/PR;Sul;Choque - Cancela de Pedagio;1;1;0;0;0;0;1
22/07/2015;03:32:00;54;sem vítima;377,9;BR-116/PR;Sul;Saida de Pista;1;1;0;0;0;0;1
22/07/2015;15:06:00;258;sem vítima;389;BR-116/PR;Sul;Colisão Lateral;2;2;0;0;0;0;1
22/07/2015;23:51:00;401;sem vítima;417,2;BR-116/PR;Norte;Saida de Pista;1;1;0;0;0;0;1
22/07/2015;10:14:00;183;com vítima;430;BR-116/PR;Sul;Colisão Lateral;1;2;0;0;1;0;2
22/07/2015;08:18:00;130;sem vítima;542,9;BR-116/PR;Sul;Choque - Cancela de Pedagio;1;1;0;0;0;0;1
23/07/2015;12:48:00;210;com vítima;13,7;BR-116/CW;Sul;Colisão Lateral;1;1;1;0;0;0;1
23/07/2015;13:44:00;232;sem vítima;325,8;BR-116/PR;Norte;Colisão Traseira;1;4;0;0;0;0;1
23/07/2015;01:43:00;34;com vítima;377,2;BR-116/PR;Norte;Colisão Traseira;2;1;0;0;1;0;2
23/07/2015;11:21:00;193;sem vítima;518;BR-116/PR;Sul;Saida de Pista;1;1;0;0;0;0;1
23/07/2015;02:25:00;46;com vítima;522,4;BR-116/PR;Norte;Saida de Pista;1;0;1;0;0;0;1
24/07/2015;00:36:00;11;sem vítima;269,5;BR-116/PR;Sul;Colisão Traseira;1;2;0;0;0;0;1
24/07/2015;13:14:00;211;sem vítima;334,8;BR-116/PR;Norte;Capotamento;1;4;0;0;0;0;1
24/07/2015;10:58:00;174;com vítima;364,6;BR-116/PR;Norte;Tombamento;1;0;0;1;0;0;2
24/07/2015;03:56:00;54;com vítima;404;BR-116/PR;Norte;Tombamento;1;0;3;0;0;0;1
24/07/2015;08:48:00;131;sem vítima;436,3;BR-116/PR;Sul;Tombamento;1;2;0;0;0;0;1
24/07/2015;03:52:00;53;sem vítima;543;BR-116/PR;Norte;Choque - Objeto sobre a pista;1;1;0;0;0;0;1
24/07/2015;19:18:00;302;sem vítima;550,9;BR-116/PR;Norte;Saida de Pista;1;1;0;0;0;0;1
25/07/2015;21:21:00;316;sem vítima;12,9;BR-116/PR;Norte;Saida de Pista;1;1;0;0;0;0;1
25/07/2015;09:26:00;134;sem vítima;361,4;BR-116/PR;Norte;Objeto lançado contra veículo;2;2;0;0;0;0;1
25/07/2015;00:52:00;16;sem vítima;429;BR-116/PR;Norte;Objeto lançado contra veículo;1;3;0;0;0;0;1
25/07/2015;00:15:00;4;sem vítima;551,5;BR-116/PR;Norte;Tombamento;1;1;0;0;0;0;1
26/07/2015;17:15:00;234;sem vítima;57,4;BR-116/PR;Norte;Saida de Pista;1;1;0;0;0;0;1
26/07/2015;15:46:00;208;sem vítima;395;BR-116/PR;Norte;Colisão Traseira;1;3;0;0;0;0;1
26/07/2015;04:33:00;60;sem vítima;416;BR-116/PR;Norte;Saida de Pista;1;1;0;0;0;0;1
26/07/2015;07:15:00;83;sem vítima;468,4;BR-116/PR;Norte;Tombamento;1;1;0;0;0;0;1
26/07/2015;12:41:00;167;sem vítima;507,5;BR-116/PR;Norte;Choque - Defensa, barreira ou  submarino ;1;1;0;0;0;0;1
27/07/2015;07:46:00;105;sem vítima;282,3;BR-116/PR;Norte;Colisão Lateral;1;3;0;0;0;0;1
27/07/2015;10:47:00;176;sem vítima;359,4;BR-116/PR;Norte;Choque - Defensa, barreira ou  submarino ;1;3;0;0;0;0;1
27/07/2015;11:48:00;194;sem vítima;426,6;BR-116/PR;Sul;Colisão Traseira;1;3;0;0;0;0;1
27/07/2015;02:40:00;51;sem vítima;436,6;BR-116/PR;Sul;Saida de Pista;1;2;0;0;0;0;1
27/07/2015;01:05:00;32;sem vítima;509;BR-116/PR;Sul;Tombamento;1;2;0;0;0;0;1
28/07/2015;04:19:00;79;sem vítima;11,8;BR-116/CW;Sul;Atropelamento de Animal;1;1;0;0;0;0;1
28/07/2015;23:46:00;409;sem vítima;406,5;BR-116/PR;Norte;Colisão Traseira;2;2;0;0;0;0;1
28/07/2015;02:52:00;57;com vítima;555;BR-116/PR;Norte;Saida de Pista;1;0;0;1;0;0;2
29/07/2015;05:23:00;79;sem vítima;31;BR-116/PR;Sul;Colisão Lateral;1;2;0;0;0;0;1
29/07/2015;13:19:00;252;sem vítima;269;BR-116/PR;Sul;Colisão Traseira;1;4;0;0;0;0;1
30/07/2015;05:04:00;87;sem vítima;12,2;BR-116/CW;Norte;Colisão Traseira;1;5;0;0;0;0;1
30/07/2015;05:54:00;95;com vítima;272,5;BR-116/PR;Norte;Engavetamento;2;4;1;0;0;0;1
31/07/2015;20:01:00;351;sem vítima;299,2;BR-116/PR;Sul;Colisão Lateral;1;3;0;0;0;0;1
31/07/2015;18:45:00;339;sem vítima;351;BR-116/PR;Norte;Colisão Traseira;1;3;0;0;0;0;1
31/07/2015;23:43:00;402;com vítima;351,9;BR-116/PR;Sul;Colisão Traseira;3;2;1;0;0;0;1
01/08/2015;13:31:00;203;com vítima;284;BR-116/PR;Sul;Atropelamento - Outros;1;2;1;0;0;0;1
01/08/2015;15:23:00;240;com vítima;339,6;BR-116/PR;Sul;Tombamento;1;0;1;0;0;0;1
01/08/2015;11:37:00;179;sem vítima;347;BR-116/PR;Sul;Colisão Lateral;1;28;0;0;0;0;1
01/08/2015;09:25:00;138;sem vítima;426,8;BR-116/PR;Sul;Colisão Lateral;1;3;0;0;0;0;1
01/08/2015;16:52:00;276;sem vítima;437,5;BR-116/PR;Norte;Objeto lançado contra veículo;1;1;0;0;0;0;1
02/08/2015;20:59:00;289;sem vítima;12,1;BR-116/CW;Norte;Colisão Traseira;1;2;0;0;0;0;1
02/08/2015;15:04:00;187;com vítima;569;BR-116/PR;Norte;Colisão Traseira;2;1;0;0;0;1;3
03/08/2015;16:20:00;286;com vítima;7,5;BR-116/CW;Sul;Choque - Defensa, barreira ou  submarino ;1;1;2;0;0;0;1
03/08/2015;23:54:00;389;sem vítima;26,8;BR-116/PR;Norte;Colisão Lateral;2;2;0;0;0;0;1
03/08/2015;01:31:00;27;sem vítima;552,7;BR-116/PR;Norte;Atropelamento de Animal;1;1;0;0;0;0;1
04/08/2015;15:17:00;253;sem vítima;419,3;BR-116/PR;Sul;Choque - Defensa, barreira ou  submarino ;1;3;0;0;0;0;1
04/08/2015;02:51:00;39;sem vítima;485,7;BR-116/PR;Norte;Choque - Suporte de Sinalização;1;2;0;0;0;0;1
04/08/2015;09:15:00;138;com vítima;511,6;BR-116/PR;Norte;Capotamento;1;0;0;0;0;1;3
05/08/2015;13:41:00;246;sem vítima;8,2;BR-116/PR;Norte;Tombamento;1;1;0;0;0;0;1
05/08/2015;19:36:00;344;sem vítima;13,5;BR-116/CW;Sul;Colisão Lateral;1;7;0;0;0;0;1
05/08/2015;06:07:00;81;sem vítima;45,1;BR-116/PR;Norte;Colisão Traseira;2;2;0;0;0;0;1
05/08/2015;01:28:00;28;sem vítima;329,2;BR-116/PR;Norte;Choque - Objeto sobre a pista;1;1;0;0;0;0;1
05/08/2015;08:02:00;112;sem vítima;513,3;BR-116/PR;Norte;Tombamento;1;1;0;0;0;0;1
05/08/2015;07:47:00;105;sem vítima;513,5;BR-116/PR;Norte;Colisão Lateral;2;2;0;0;0;0;1
05/08/2015;20:52:00;356;com vítima;561,5;BR-116/PR;Sul;Tombamento;1;0;1;0;0;0;1
06/08/2015;03:03:00;45;sem vítima;50,5;BR-116/PR;Norte;Choque - Defensa, barreira ou  submarino ;1;1;0;0;0;0;1
06/08/2015;14:44:00;241;sem vítima;279,1;BR-116/PR;Sul;Engavetamento;1;7;0;0;0;0;1
06/08/2015;05:21:00;74;com vítima;301,7;BR-116/PR;Sul;Choque - Defensa, barreira ou  submarino ;1;0;2;0;0;0;1
06/08/2015;02:31:00;37;sem vítima;398,6;BR-116/PR;Norte;Tombamento;1;1;0;0;0;0;1
06/08/2015;18:08:00;313;sem vítima;426,8;BR-116/PR;Norte;Colisão Traseira;1;2;0;0;0;0;1
06/08/2015;00:24:00;5;com vítima;459,9;BR-116/PR;Sul;Tombamento;1;0;1;0;0;0;1
07/08/2015;14:12:00;229;sem vítima;18,2;BR-116/PR;Norte;Objeto lançado contra veículo;2;2;0;0;0;0;1
07/08/2015;05:21:00;72;sem vítima;41,9;BR-116/PR;Sul;Saida de Pista;1;1;0;0;0;0;1
07/08/2015;11:31:00;189;sem vítima;401,8;BR-116/PR;Norte;Tombamento;1;1;0;0;0;0;1
07/08/2015;11:11:00;182;com vítima;520;BR-116/PR;Norte;Tombamento;1;1;1;0;0;0;1
08/08/2015;10:59:00;166;sem vítima;291,1;BR-116/PR;Sul;Colisão Lateral;1;3;0;0;0;0;1
08/08/2015;16:29:00;264;sem vítima;499,5;BR-116/PR;Norte;Atropelamento de Animal;1;1;0;0;0;0;1
08/08/2015;21:35:00;343;com vítima;534,7;BR-116/PR;Sul;Saida de Pista;1;0;1;0;0;0;1
09/08/2015;07:28:00;89;sem vítima;465,9;BR-116/PR;Sul;Colisão Lateral;1;5;0;0;0;0;1
09/08/2015;17:02:00;264;com vítima;563;BR-116/PR;Norte;Colisão Lateral;1;1;2;0;0;0;1
10/08/2015;15:32:00;229;sem vítima;277,5;BR-116/PR;Sul;Colisão Lateral;1;3;0;0;0;0;1
10/08/2015;20:49:00;323;sem vítima;334,5;BR-116/PR;Sul;Colisão Lateral;1;5;0;0;0;0;1
10/08/2015;06:44:00;71;com vítima;363,8;BR-116/PR;Norte;Tombamento;1;0;1;0;0;0;1
10/08/2015;10:44:00;161;sem vítima;426,6;BR-116/PR;Norte;Colisão Traseira;1;5;0;0;0;0;1
10/08/2015;23:47:00;363;sem vítima;426,6;BR-116/PR;Norte;Colisão Traseira;2;2;0;0;0;0;1
11/08/2015;19:11:00;306;sem vítima;374;BR-116/PR;Sul;Outros;2;2;0;0;0;0;1
11/08/2015;04:36:00;50;sem vítima;435,8;BR-116/PR;Norte;Saida de Pista;1;2;0;0;0;0;1
11/08/2015;06:22:00;61;sem vítima;490,9;BR-116/PR;Sul;Colisão Traseira;2;2;0;0;0;0;1
12/08/2015;06:40:00;79;sem vítima;12,7;BR-116/CW;Norte;Choque - Poste;1;2;0;0;0;0;1
12/08/2015;12:38:00;219;com vítima;32,4;BR-116/PR;Norte;Tombamento;1;0;1;0;0;0;1
12/08/2015;10:21:00;177;sem vítima;43;BR-116/PR;Sul;Choque - Objeto sobre a pista;2;2;0;0;0;0;1
12/08/2015;23:45:00;385;com vítima;359,3;BR-116/PR;Sul;Tombamento;1;0;1;0;0;0;1
12/08/2015;09:46:00;158;sem vítima;394;BR-116/PR;Norte;Choque - Suporte de Sinalização;1;1;0;0;0;0;1
12/08/2015;06:37:00;76;sem vítima;496;BR-116/PR;Sul;Colisão Traseira;2;2;0;0;0;0;1
12/08/2015;05:12:00;61;sem vítima;544,3;BR-116/PR;Sul;Choque - Talude;1;1;0;0;0;0;1
12/08/2015;16:34:00;299;sem vítima;564,2;BR-116/PR;Sul;Outros;1;1;0;0;0;0;1
13/08/2015;02:23:00;37;sem vítima;379,8;BR-116/PR;Norte;Saida de Pista;1;2;0;0;0;0;1
14/08/2015;21:24:00;358;sem vítima;272;BR-116/PR;Sul;Colisão Lateral;1;3;0;0;0;0;1
14/08/2015;01:59:00;43;sem vítima;471,65;BR-116/PR;Norte;Tombamento;1;1;0;0;0;0;1
14/08/2015;01:45:00;41;com vítima;471,7;BR-116/PR;Norte;Tombamento;1;0;1;0;0;0;1
14/08/2015;07:39:00;118;sem vítima;474,5;BR-116/PR;Norte;Saida de Pista;1;2;0;0;0;0;1
15/08/2015;07:36:00;113;sem vítima;326,5;BR-116/PR;Norte;Choque - Defensa, barreira ou  submarino ;1;2;0;0;0;0;1
15/08/2015;05:52:00;87;sem vítima;405,8;BR-116/PR;Sul;Saida de Pista;1;1;0;0;0;0;1
16/08/2015;05:21:00;57;com vítima;382;BR-116/PR;Norte;Tombamento;1;1;1;0;0;0;1
16/08/2015;12:32:00;163;com vítima;383;BR-116/PR;Norte;Tombamento;1;0;1;0;0;0;1
16/08/2015;14:59:00;209;sem vítima;422,4;BR-116/PR;Norte;Saida de Pista;1;2;0;0;0;0;1
16/08/2015;09:26:00;124;sem vítima;461,1;BR-116/PR;Norte;Tombamento;1;3;0;0;0;0;1
17/08/2015;22:25:00;378;com vítima;336;BR-116/PR;Sul;Atropelamento - Morador;1;1;0;1;0;0;2
17/08/2015;21:36:00;369;sem vítima;362,6;BR-116/PR;Sul;Tombamento;1;1;0;0;0;0;1
17/08/2015;05:45:00;72;sem vítima;392,5;BR-116/PR;Norte;Colisão Traseira;2;3;0;0;0;0;1
18/08/2015;20:26:00;367;com vítima;12,8;BR-116/CW;Norte;Colisão Traseira;2;2;0;0;0;1;3
18/08/2015;13:10:00;218;sem vítima;283,1;BR-116/PR;Norte;Colisão Traseira;2;2;0;0;0;0;1
18/08/2015;19:50:00;358;sem vítima;347,2;BR-116/PR;Sul;Colisão Lateral;1;2;0;0;0;0;1
18/08/2015;17:22:00;317;sem vítima;476;BR-116/PR;Norte;Choque - Objeto sobre a pista;1;1;0;0;0;0;1
18/08/2015;08:07:00;111;sem vítima;481,9;BR-116/PR;Sul;Colisão Lateral;1;3;0;0;0;0;1
18/08/2015;19:32:00;356;sem vítima;486;BR-116/PR;Norte;Colisão Traseira;2;2;0;0;0;0;1
19/08/2015;04:05:00;55;sem vítima;340;BR-116/PR;Norte;Choque - Objeto sobre a pista;1;1;0;0;0;0;1
19/08/2015;20:52:00;376;sem vítima;362,4;BR-116/PR;Sul;Tombamento;1;1;0;0;0;0;1
19/08/2015;15:19:00;271;sem vítima;387,7;BR-116/PR;Norte;Colisão Traseira;2;2;0;0;0;0;1
19/08/2015;14:39:00;255;sem vítima;446,5;BR-116/PR;Sul;Colisão Traseira;1;2;0;0;0;0;1
20/08/2015;22:59:00;352;sem vítima;390,2;BR-116/PR;Norte;Colisão Traseira;2;2;0;0;0;0;1
20/08/2015;02:51:00;37;sem vítima;509;BR-116/PR;Sul;Tombamento;1;1;0;0;0;0;1
21/08/2015;06:57:00;88;sem vítima;12,7;BR-116/PR;Sul;Tombamento;1;1;0;0;0;0;1
21/08/2015;16:09:00;264;com vítima;14,1;BR-116/CW;Sul;Colisão Transversal;1;1;1;0;0;0;1
21/08/2015;05:17:00;70;sem vítima;28,2;BR-116/PR;Sul;Colisão Traseira;2;2;0;0;0;0;1
21/08/2015;10:37:00;166;sem vítima;284;BR-116/PR;Sul;Engavetamento;2;6;0;0;0;0;1
21/08/2015;23:37:00;384;com vítima;363;BR-116/PR;Sul;Tombamento;1;0;1;0;0;0;1
21/08/2015;08:15:00;107;sem vítima;363,8;BR-116/PR;Norte;Tombamento;1;2;0;0;0;0;1
21/08/2015;01:46:00;32;com vítima;499,4;BR-116/PR;Sul;Colisão Transversal;1;1;1;0;0;0;1
21/08/2015;02:00:00;36;sem vítima;523,9;BR-116/PR;Sul;Colisão Traseira;2;2;0;0;0;0;1
21/08/2015;07:16:00;91;sem vítima;567,1;BR-116/PR;Sul;Choque - Talude;1;3;0;0;0;0;1
22/08/2015;21:43:00;322;sem vítima;31;BR-116/PR;Norte;Objeto lançado contra veículo;1;2;0;0;0;0;1
22/08/2015;22:15:00;331;sem vítima;31;BR-116/PR;Norte;Objeto lançado contra veículo;1;1;0;0;0;0;1
22/08/2015;22:15:00;332;sem vítima;31;BR-116/PR;Norte;Objeto lançado contra veículo;1;1;0;0;0;0;1
22/08/2015;19:17:00;296;sem vítima;32;BR-116/PR;Norte;Objeto lançado contra veículo;1;1;0;0;0;0;1
22/08/2015;20:58:00;314;sem vítima;32;BR-116/PR;Norte;Objeto lançado contra veículo;1;1;0;0;0;0;1
22/08/2015;21:25:00;320;sem vítima;32;BR-116/PR;Norte;Objeto lançado contra veículo;1;1;0;0;0;0;1
22/08/2015;21:35:00;321;sem vítima;38;BR-116/PR;Norte;Objeto lançado contra veículo;1;1;0;0;0;0;1
22/08/2015;01:21:00;20;sem vítima;281;BR-116/PR;Norte;Colisão Lateral;1;3;0;0;0;0;1
22/08/2015;14:15:00;215;com vítima;307;BR-116/PR;Norte;Tombamento;1;0;1;0;0;0;1
23/08/2015;19:11:00;280;com vítima;7,5;BR-116/CW;Norte;Colisão Lateral;1;3;1;0;0;0;1
23/08/2015;18:58:00;278;sem vítima;285,3;BR-116/PR;Norte;Engavetamento;1;7;0;0;0;0;1
23/08/2015;20:07:00;296;com vítima;360,3;BR-116/PR;Norte;Tombamento;2;4;0;0;0;1;3
23/08/2015;23:31:00;333;sem vítima;507,7;BR-116/PR;Norte;Engavetamento;3;3;0;0;0;0;1
24/08/2015;11:34:00;157;sem vítima;3;BR-116/PR;Norte;Colisão Traseira;2;3;0;0;0;0;1
24/08/2015;11:37:00;159;com vítima;17;BR-116/PR;Sul;Saida de Pista;1;1;0;1;0;0;2
24/08/2015;13:51:00;187;sem vítima;283;BR-116/PR;Norte;Colisão Traseira;1;4;0;0;0;0;1
24/08/2015;09:06:00;104;com vítima;291,5;BR-116/PR;Sul;Colisão Transversal;1;3;1;1;0;0;2
24/08/2015;01:11:00;19;sem vítima;306;BR-116/PR;Norte;Colisão Traseira;2;2;0;0;0;0;1
24/08/2015;22:30:00;289;com vítima;328,8;BR-116/PR;Norte;Tombamento;1;0;1;0;0;0;1
24/08/2015;09:30:00;114;com vítima;349;BR-116/PR;Sul;Colisão Lateral;1;1;2;0;0;0;1
24/08/2015;23:26:00;300;com vítima;376,95;BR-116/PR;Norte;Colisão Traseira;2;1;1;0;0;0;1
24/08/2015;13:26:00;179;sem vítima;545,5;BR-116/PR;Norte;Engavetamento;2;5;0;0;0;0;1
25/08/2015;02:03:00;15;sem vítima;22,5;BR-116/PR;Sul;Choque - Defensa, barreira ou  submarino ;1;1;0;0;0;0;1
25/08/2015;13:28:00;165;com vítima;23,3;BR-116/PR;Norte;Tombamento;1;0;0;2;0;0;2
25/08/2015;12:51:00;155;sem vítima;340;BR-116/PR;Norte;Tombamento;3;3;0;0;0;0;1
25/08/2015;16:37:00;206;sem vítima;348;BR-116/PR;Sul;Engavetamento;3;5;0;0;0;0;1
25/08/2015;09:57:00;128;com vítima;359;BR-116/PR;Sul;Objeto lançado contra veículo;2;2;1;0;0;0;1
26/08/2015;18:08:00;321;sem vítima;361,7;BR-116/PR;Sul;Colisão Traseira;1;2;0;0;0;0;1
26/08/2015;18:45:00;326;sem vítima;362,6;BR-116/PR;Sul;Tombamento;1;1;0;0;0;0;1
26/08/2015;08:04:00;120;sem vítima;469,5;BR-116/PR;Sul;Colisão Lateral;1;2;0;0;0;0;1
26/08/2015;04:27:00;61;com vítima;513,5;BR-116/PR;Norte;Colisão Traseira;2;2;1;0;0;0;1
27/08/2015;16:21:00;266;com vítima;42,9;BR-116/PR;Norte;Colisão Frontal;1;4;0;0;0;1;3
27/08/2015;09:43:00;156;sem vítima;270;BR-116/PR;Norte;Colisão Lateral;1;5;0;0;0;0;1
27/08/2015;08:20:00;107;sem vítima;287;BR-116/PR;Norte;Colisão Traseira;1;2;0;0;0;0;1
27/08/2015;07:15:00;84;sem vítima;477;BR-116/PR;Sul;Colisão Lateral;2;2;0;0;0;0;1
27/08/2015;12:44:00;206;sem vítima;485,7;BR-116/PR;Norte;Choque - Defensa, barreira ou  submarino ;1;1;0;0;0;0;1
27/08/2015;10:05:00;164;sem vítima;513;BR-116/PR;Norte;Engavetamento;2;5;0;0;0;0;1
27/08/2015;09:13:00;144;sem vítima;523,5;BR-116/PR;Sul;Choque - Suporte de Sinalização;2;2;0;0;0;0;1
28/08/2015;21:28:00;357;com vítima;23,5;BR-116/PR;Sul;Colisão Traseira;2;1;1;0;0;0;1
28/08/2015;09:29:00;136;sem vítima;305;BR-116/PR;Norte;Colisão Lateral;2;2;0;0;0;0;1
28/08/2015;02:22:00;35;com vítima;348,5;BR-116/PR;Norte;Tombamento;1;0;1;0;0;0;1
28/08/2015;02:04:00;32;sem vítima;426,6;BR-116/PR;Sul;Choque - Defensa, barreira ou  submarino ;1;1;0;0;0;0;1
28/08/2015;14:40:00;238;sem vítima;426,7;BR-116/PR;Sul;Colisão Traseira;1;4;0;0;0;0;1
28/08/2015;10:25:00;164;sem vítima;426,8;BR-116/PR;Sul;Colisão Lateral;1;3;0;0;0;0;1
28/08/2015;11:35:00;191;sem vítima;437,4;BR-116/PR;Norte;Choque - Objeto sobre a pista;1;1;0;0;0;0;1
28/08/2015;23:39:00;383;com vítima;528,9;BR-116/PR;Sul;Saida de Pista;1;0;1;0;0;0;1
28/08/2015;16:25:00;283;sem vítima;531,95;BR-116/PR;Sul;Colisão Traseira;1;5;0;0;0;0;1
30/08/2015;19:11:00;343;com vítima;492;BR-116/PR;Norte;Colisão Lateral;1;2;3;0;0;0;1
30/08/2015;09:55:00;124;sem vítima;513;BR-116/PR;Norte;Colisão Traseira;2;2;0;0;0;0;1
31/08/2015;11:00:00;169;com vítima;420,2;BR-116/PR;Norte;Engavetamento;3;2;3;0;0;0;1
01/09/2015;11:31:00;198;sem vítima;279,1;BR-116/PR;N/A;Colisão Lateral;1;4;0;0;0;0;1
01/09/2015;22:47:00;399;com vítima;545,2;BR-116/PR;N/A;Tombamento;1;0;1;0;0;0;1
01/09/2015;23:17:00;405;com vítima;545,7;BR-116/PR;N/A;Engavetamento;3;3;1;0;0;0;1
02/09/2015;06:00:00;68;sem vítima;5,4;BR-116/PR;N/A;Colisão Lateral;1;2;0;0;0;0;1
02/09/2015;19:54:00;355;sem vítima;27,9;BR-116/PR;N/A;Choque - Objeto sobre a pista;1;1;0;0;0;0;1
02/09/2015;23:28:00;398;sem vítima;68,9;BR-116/PR;N/A;Colisão Lateral;1;3;0;0;0;0;1
02/09/2015;09:23:00;156;com vítima;390,3;BR-116/PR;N/A;Tombamento;1;1;1;0;0;0;1
02/09/2015;11:58:00;214;sem vítima;444,9;BR-116/PR;N/A;Tombamento;1;3;0;0;0;0;1
02/09/2015;10:42:00;192;sem vítima;447,1;BR-116/PR;N/A;Saida de Pista;1;2;0;0;0;0;1
02/09/2015;01:30:00;23;sem vítima;455,3;BR-116/PR;N/A;Atropelamento de Animal;1;3;0;0;0;0;1
02/09/2015;19:27:00;346;sem vítima;511,2;BR-116/PR;N/A;Outros - Sequência;2;2;0;0;0;0;1
02/09/2015;07:34:00;104;sem vítima;542,9;BR-116/PR;N/A;Choque - Defensa, barreira ou  submarino ;1;2;0;0;0;0;1
03/09/2015;08:01:00;121;com vítima;28;BR-116/PR;N/A;Tombamento;1;0;0;1;0;0;2
03/09/2015;22:02:00;377;com vítima;305,5;BR-116/PR;N/A;Tombamento;1;0;0;1;0;0;2
03/09/2015;18:46:00;328;sem vítima;348;BR-116/PR;N/A;Colisão Traseira;2;2;0;0;0;0;1
03/09/2015;19:16:00;340;com vítima;362,6;BR-116/PR;N/A;Tombamento;1;1;0;1;0;0;2
03/09/2015;06:29:00;83;sem vítima;427,6;BR-116/PR;N/A;Colisão Traseira;1;2;0;0;0;0;1
03/09/2015;04:06:00;54;sem vítima;481;BR-116/PR;N/A;Choque - Outros;1;1;0;0;0;0;1
03/09/2015;05:38:00;72;sem vítima;501,7;BR-116/PR;N/A;Capotamento;1;2;0;0;0;0;1
03/09/2015;11:40:00;203;com vítima;555,5;BR-116/PR;N/A;Colisão Lateral;1;1;2;0;0;0;1
04/09/2015;05:45:00;61;sem vítima;39,6;BR-116/PR;N/A;Saida de Pista;1;2;0;0;0;0;1
04/09/2015;15:02:00;240;sem vítima;299;BR-116/PR;N/A;Choque - Objeto sobre a pista;1;1;0;0;0;0;1
04/09/2015;21:20:00;355;sem vítima;348;BR-116/PR;N/A;Colisão Traseira;1;2;0;0;0;0;1
04/09/2015;17:07:00;292;sem vítima;511,6;BR-116/PR;N/A;Tombamento;1;2;0;0;0;0;1
05/09/2015;11:59:00;230;com vítima;327;BR-116/PR;N/A;Engavetamento;1;7;3;1;0;0;2
05/09/2015;12:30:00;240;sem vítima;352;BR-116/PR;N/A;Engavetamento;4;4;0;0;0;0;1
05/09/2015;11:32:00;219;sem vítima;448;BR-116/PR;N/A;Tombamento;1;1;0;0;0;0;1
05/09/2015;11:00:00;207;sem vítima;522;BR-116/PR;N/A;Colisão Lateral;1;4;0;0;0;0;1
06/09/2015;09:31:00;126;com vítima;7,8;BR-116/PR;N/A;Saida de Pista;1;1;0;2;0;0;2
06/09/2015;16:58:00;234;sem vítima;290;BR-116/PR;N/A;Colisão Lateral;1;2;0;0;0;0;1
06/09/2015;15:27:00;201;sem vítima;510,8;BR-116/PR;N/A;Tombamento;1;2;0;0;0;0;1
06/09/2015;10:37:00;144;sem vítima;522,2;BR-116/PR;N/A;Colisão Lateral;1;3;0;0;0;0;1
07/09/2015;21:12:00;328;sem vítima;1;BR-116/PR;N/A;Colisão Lateral;1;2;0;0;0;0;1
07/09/2015;14:02:00;185;sem vítima;391;BR-116/PR;N/A;Tombamento;1;1;0;0;0;0;1
07/09/2015;14:30:00;193;sem vítima;472,2;BR-116/PR;N/A;Colisão Lateral;1;7;0;0;0;0;1
07/09/2015;19:49:00;304;sem vítima;536,8;BR-116/PR;N/A;Saida de Pista;1;1;0;0;0;0;1
08/09/2015;13:46:00;212;sem vítima;3,2;BR-116/PR;N/A;Tombamento;1;2;0;0;0;0;1
08/09/2015;01:16:00;15;sem vítima;34,2;BR-116/PR;N/A;Saida de Pista;1;1;0;0;0;0;1
08/09/2015;17:24:00;286;sem vítima;40,1;BR-116/PR;N/A;Colisão Frontal;1;3;0;0;0;0;1
08/09/2015;08:39:00;107;sem vítima;51;BR-116/PR;N/A;Tombamento;1;3;0;0;0;0;1
08/09/2015;08:57:00;114;sem vítima;400,3;BR-116/PR;N/A;Tombamento;1;1;0;0;0;0;1
08/09/2015;00:28:00;8;sem vítima;412;BR-116/PR;N/A;Colisão Lateral;2;2;0;0;0;0;1
09/09/2015;09:00:00;155;com vítima;23,3;BR-116/PR;N/A;Tombamento;1;0;1;0;0;0;1
09/09/2015;23:31:00;409;sem vítima;27,9;BR-116/PR;N/A;Choque - Objeto sobre a pista;1;1;0;0;0;0;1