data;horario;n_da_ocorrencia;tipo_de_ocorrencia;km;trecho;sentido;tipo_de_acidente;caminhao;ilesos;levemente_feridos;moderadamente_feridos;gravemente_feridos;mortos;3
09/09/2015;08:35:00;141;sem vítima;278,2;BR-116/PR;N/A;Colisão Frontal;1;6;0;0;0;0;1
09/09/2015;15:17:00;269;sem vítima;321;BR-116/PR;N/A;Tombamento;1;1;0;0;0;0;1
09/09/2015;15:45:00;284;sem vítima;529,5;BR-116/PR;N/A;Saida de Pista;1;1;0;0;0;0;1
10/09/2015;23:38:00;401;sem vítima;453,5;BR-116/PR;N/A;Saida de Pista;1;1;0;0;0;0;1
10/09/2015;05:34:00;71;com vítima;545;BR-116/PR;N/A;Tombamento;1;0;1;0;0;0;1
10/09/2015;03:01:00;51;sem vítima;555;BR-116/PR;N/A;Choque - Objeto sobre a pista;1;1;0;0;0;0;1
11/09/2015;15:27:00;249;sem vítima;296;BR-116/PR;N/A;Colisão Lateral;2;4;0;0;0;0;1
11/09/2015;00:12:00;8;sem vítima;481,8;BR-116/PR;N/A;Saida de Pista;1;1;0;0;0;0;1
12/09/2015;12:18:00;184;sem vítima;270,7;BR-116/PR;N/A;Colisão Traseira;1;2;0;0;0;0;1
12/09/2015;11:52:00;176;sem vítima;346;BR-116/PR;N/A;Choque - Defensa, barreira ou  submarino ;1;2;0;0;0;0;1
12/09/2015;07:23:00;89;sem vítima;348;BR-116/PR;N/A;Colisão Traseira;1;2;0;0;0;0;1
12/09/2015;04:04:00;55;sem vítima;390,95;BR-116/PR;N/A;Tombamento;1;1;0;0;0;0;1
12/09/2015;05:22:00;64;sem vítima;450;BR-116/PR;N/A;Colisão Traseira;2;2;0;0;0;0;1
12/09/2015;14:06:00;206;com vítima;481,7;BR-116/PR;N/A;Saida de Pista;2;6;1;0;0;0;1
13/09/2015;08:08:00;120;sem vítima;370,4;BR-116/PR;N/A;Colisão Traseira;1;5;0;0;0;0;1
13/09/2015;14:53:00;215;sem vítima;525;BR-116/PR;N/A;Choque - Objeto sobre a pista;1;1;0;0;0;0;1
14/09/2015;06:46:00;96;com vítima;364,7;BR-116/PR;N/A;Tombamento;1;1;0;1;0;0;2
14/09/2015;05:00:00;83;sem vítima;522,4;BR-116/PR;N/A;Choque - Defensa, barreira ou  submarino ;1;1;0;0;0;0;1
15/09/2015;02:14:00;42;sem vítima;23,2;BR-116/PR;N/A;Colisão Traseira;2;2;0;0;0;0;1
15/09/2015;22:03:00;376;com vítima;507,5;BR-116/PR;N/A;Tombamento;1;0;0;1;0;0;2
15/09/2015;22:35:00;382;sem vítima;507,5;BR-116/PR;N/A;Colisão Traseira;1;5;0;0;0;0;1
16/09/2015;16:35:00;331;sem vítima;282;BR-116/PR;N/A;Colisão Transversal;1;2;0;0;0;0;1
16/09/2015;13:21:00;247;sem vítima;351,4;BR-116/PR;N/A;Colisão Traseira;1;2;0;0;0;0;1
16/09/2015;12:24:00;232;com vítima;545;BR-116/PR;N/A;Tombamento;1;0;1;0;0;0;1
16/09/2015;23:31:00;466;sem vítima;557,8;BR-116/PR;N/A;Colisão Traseira;1;2;0;0;0;0;1
17/09/2015;00:54:00;17;sem vítima;35;BR-116/PR;N/A;Tombamento;1;1;0;0;0;0;1
17/09/2015;04:21:00;58;sem vítima;40,6;BR-116/PR;N/A;Choque - Defensa, barreira ou  submarino ;1;1;0;0;0;0;1
17/09/2015;21:54:00;380;sem vítima;58,6;BR-116/PR;N/A;Saida de Pista;1;1;0;0;0;0;1
17/09/2015;18:06:00;318;sem vítima;282;BR-116/PR;N/A;Colisão Lateral;1;3;0;0;0;0;1
17/09/2015;05:47:00;75;sem vítima;282,4;BR-116/PR;N/A;Tombamento;1;1;0;0;0;0;1
17/09/2015;10:01:00;146;sem vítima;291,5;BR-116/PR;N/A;Colisão Lateral;1;2;0;0;0;0;1
17/09/2015;10:01:00;147;sem vítima;291,5;BR-116/PR;N/A;Colisão Traseira;2;2;0;0;0;0;1
17/09/2015;05:17:00;71;com vítima;513,7;BR-116/PR;N/A;Tombamento;1;0;0;1;0;0;2
18/09/2015;05:23:00;73;sem vítima;349,2;BR-116/PR;N/A;Colisão Lateral;2;2;0;0;0;0;1
18/09/2015;00:01:00;1;sem vítima;430,7;BR-116/PR;N/A;Tombamento;1;1;0;0;0;0;1
19/09/2015;16:29:00;291;com vítima;419,8;BR-116/PR;N/A;Colisão Traseira;1;1;0;0;1;0;2
19/09/2015;06:36:00;81;sem vítima;508,7;BR-116/PR;N/A;Colisão Lateral;2;4;0;0;0;0;1
19/09/2015;18:44:00;336;sem vítima;542,9;BR-116/PR;N/A;Colisão Traseira;2;2;0;0;0;0;1
20/09/2015;08:28:00;108;com vítima;303,2;BR-116/PR;N/A;Colisão Traseira;1;2;1;0;0;0;1
20/09/2015;15:37:00;234;com vítima;305,9;BR-116/PR;N/A;Tombamento;1;0;0;1;0;0;2
20/09/2015;02:34:00;42;com vítima;337,6;BR-116/PR;N/A;Choque - Defensa, barreira ou  submarino ;1;1;1;0;0;0;1
20/09/2015;17:11:00;274;sem vítima;553;BR-116/PR;N/A;Colisão Lateral;2;3;0;0;0;0;1
21/09/2015;20:31:00;320;com vítima;305,9;BR-116/PR;N/A;Tombamento;1;0;0;1;0;0;2
21/09/2015;01:41:00;28;com vítima;377;BR-116/PR;N/A;Colisão Traseira;2;1;1;0;0;0;1
22/09/2015;17:23:00;306;sem vítima;44,2;BR-116/PR;N/A;Colisão Traseira;3;3;0;0;0;0;1
22/09/2015;14:40:00;249;sem vítima;299,1;BR-116/PR;N/A;Colisão Lateral;2;2;0;0;0;0;1
22/09/2015;07:20:00;100;com vítima;363,7;BR-116/PR;N/A;Tombamento;1;0;1;0;0;0;1
22/09/2015;23:20:00;401;sem vítima;562,9;BR-116/PR;N/A;Choque - Objeto sobre a pista;1;1;0;0;0;0;1
23/09/2015;20:11:00;377;sem vítima;32;BR-116/PR;N/A;Choque - Objeto não identificado;1;1;0;0;0;0;1
23/09/2015;14:15:00;268;sem vítima;344,9;BR-116/PR;N/A;Colisão Traseira;1;2;0;0;0;0;1
23/09/2015;07:07:00;111;sem vítima;351;BR-116/PR;N/A;Saida de Pista;1;2;0;0;0;0;1
23/09/2015;06:18:00;101;com vítima;503,5;BR-116/PR;N/A;Tombamento;1;0;1;0;0;0;1
24/09/2015;14:42:00;315;com vítima;28,6;BR-116/PR;N/A;Colisão Traseira;2;1;0;1;0;0;2
24/09/2015;09:42:00;206;sem vítima;269,4;BR-116/PR;N/A;Colisão Lateral;1;2;0;0;0;0;1
24/09/2015;14:54:00;318;sem vítima;297,3;BR-116/PR;N/A;Colisão Lateral;1;2;0;0;0;0;1
24/09/2015;15:49:00;337;sem vítima;357;BR-116/PR;N/A;Colisão Traseira;2;2;0;0;0;0;1
24/09/2015;19:54:00;441;sem vítima;516,7;BR-116/PR;N/A;Colisão Traseira;2;2;0;0;0;0;1
24/09/2015;11:16:00;252;com vítima;568;BR-116/PR;N/A;Atropelamento - Funcionário;1;1;0;1;0;0;2
25/09/2015;04:33:00;76;sem vítima;6,2;BR-116/PR;N/A;Colisão Traseira;3;3;0;0;0;0;1
25/09/2015;05:22:00;90;com vítima;275,1;BR-116/PR;N/A;Atropelamento - Ciclista;1;1;0;0;0;1;3
25/09/2015;13:06:00;263;com vítima;281,8;BR-116/PR;N/A;Colisão Lateral;1;2;1;0;0;0;1
25/09/2015;16:58:00;347;sem vítima;283,5;BR-116/PR;N/A;Colisão Traseira;1;7;0;0;0;0;1
25/09/2015;03:17:00;61;com vítima;310,1;BR-116/PR;N/A;Colisão Traseira;1;1;2;0;0;0;1
25/09/2015;05:12:00;86;sem vítima;413,9;BR-116/PR;N/A;Colisão Traseira;2;2;0;0;0;0;1
25/09/2015;20:25:00;416;sem vítima;440,2;BR-116/PR;N/A;Colisão Lateral;1;2;0;0;0;0;1
25/09/2015;19:03:00;396;sem vítima;478,5;BR-116/PR;N/A;Colisão Traseira;2;2;0;0;0;0;1
25/09/2015;19:34:00;404;sem vítima;511,8;BR-116/PR;N/A;Choque - Talude;1;1;0;0;0;0;1
25/09/2015;20:21:00;413;sem vítima;548,8;BR-116/PR;N/A;Choque - Defensa, barreira ou  submarino ;1;2;0;0;0;0;1
25/09/2015;22:50:00;448;com vítima;567;BR-116/PR;N/A;Choque - Arvore;1;0;2;0;0;0;1
26/09/2015;07:26:00;115;sem vítima;358,3;BR-116/PR;N/A;Colisão Frontal;1;3;0;0;0;0;1
26/09/2015;18:00:00;324;sem vítima;393;BR-116/PR;N/A;Colisão Lateral;1;5;0;0;0;0;1
26/09/2015;17:05:00;309;sem vítima;444,3;BR-116/PR;N/A;Colisão Lateral;1;2;0;0;0;0;1
26/09/2015;05:17:00;80;sem vítima;517,8;BR-116/PR;N/A;Colisão Traseira;2;2;0;0;0;0;1
26/09/2015;17:03:00;308;sem vítima;553;BR-116/PR;N/A;Colisão Lateral;2;4;0;0;0;0;1
26/09/2015;01:54:00;33;com vítima;553,4;BR-116/PR;N/A;Saida de Pista;1;0;0;1;0;0;2
26/09/2015;14:52:00;267;sem vítima;554,8;BR-116/PR;N/A;Saida de Pista;1;1;0;0;0;0;1
27/09/2015;21:35:00;366;sem vítima;27;BR-116/PR;N/A;Choque - Objeto sobre a pista;1;1;0;0;0;0;1
27/09/2015;15:48:00;256;sem vítima;32,6;BR-116/PR;N/A;Saida de Pista;1;1;0;0;0;0;1
27/09/2015;12:01:00;185;sem vítima;58,7;BR-116/PR;N/A;Tombamento;1;1;0;0;0;0;1
27/09/2015;02:00:00;49;com vítima;300;BR-116/PR;N/A;Choque - Talude;1;0;0;1;0;0;2
27/09/2015;18:54:00;325;sem vítima;357,8;BR-116/PR;N/A;Engavetamento;2;6;0;0;0;0;1
28/09/2015;02:38:00;47;sem vítima;321;BR-116/PR;N/A;Colisão Traseira;2;2;0;0;0;0;1
28/09/2015;04:17:00;63;sem vítima;429;BR-116/PR;N/A;Saida de Pista;1;1;0;0;0;0;1
28/09/2015;04:34:00;70;sem vítima;429;BR-116/PR;N/A;Tombamento;1;2;0;0;0;0;1
29/09/2015;06:38:00;105;sem vítima;5,1;BR-116/PR;N/A;Colisão Traseira;1;2;0;0;0;0;1
29/09/2015;13:00:00;252;sem vítima;283,4;BR-116/PR;N/A;Colisão Traseira;1;5;0;0;0;0;1
29/09/2015;05:41:00;94;sem vítima;407;BR-116/PR;N/A;Colisão Traseira;2;2;0;0;0;0;1
29/09/2015;08:16:00;145;sem vítima;513,6;BR-116/PR;N/A;Tombamento;1;1;0;0;0;0;1
29/09/2015;05:33:00;92;sem vítima;531,8;BR-116/PR;N/A;Saida de Pista;1;1;0;0;0;0;1
29/09/2015;02:36:00;50;sem vítima;567,1;BR-116/PR;N/A;Saida de Pista;1;1;0;0;0;0;1
30/09/2015;17:35:00;333;sem vítima;280;BR-116/PR;N/A;Colisão Traseira;1;4;0;0;0;0;1
30/09/2015;15:28:00;295;sem vítima;291,1;BR-116/PR;N/A;Saida de Pista;1;2;0;0;0;0;1
30/09/2015;16:07:00;309;sem vítima;325;BR-116/PR;N/A;Colisão Traseira;2;2;0;0;0;0;1
30/09/2015;09:02:00;161;sem vítima;347,5;BR-116/PR;N/A;Colisão Traseira;1;3;0;0;0;0;1
30/09/2015;15:47:00;299;com vítima;347,5;BR-116/PR;N/A;Engavetamento;3;2;0;1;0;0;2
30/09/2015;07:38:00;132;sem vítima;401,7;BR-116/PR;N/A;Saida de Pista;1;1;0;0;0;0;1
30/09/2015;03:10:00;63;com vítima;511,5;BR-116/PR;N/A;Tombamento;1;0;1;0;0;0;1
30/09/2015;15:58:00;305;sem vítima;561,6;BR-116/PR;N/A;Choque - Defensa, barreira ou  submarino ;1;2;0;0;0;0;1
01/10/2015;00:27:00;15;sem vítima;459,9;BR-116/PR;Norte;Choque - Outros;1;1;;;;;1
01/10/2015;06:01:00;116;com vítima;489,95;BR-116/PR;Norte;Tombamento;1;;;1;;;2
01/10/2015;13:51:00;280;sem vítima;451;BR-116/PR;Norte;Colisão Traseira;1;3;;;;;1
02/10/2015;00:19:00;10;com vítima;461,1;BR-116/PR;Norte;Colisão Traseira;2;1;;;1;;2
02/10/2015;04:08:00;71;com vítima;561,3;BR-116/PR;Norte;Colisão Traseira;1;2;1;;;;1
02/10/2015;08:18:00;133;sem vítima;42,95;BR-116/PR;Norte;Choque - Talude;1;1;;;;;1
02/10/2015;21:10:00;368;sem vítima;292;BR-116/PR;Sul;Colisão Traseira;1;47;;;;;1
02/10/2015;23:11:00;399;com vítima;528;BR-116/PR;Norte;Choque - Defensa, barreira ou  submarino ;1;1;1;;;;1
03/10/2015;02:49:00;58;sem vítima;461;BR-116/PR;Norte;Colisão Traseira;2;2;;;;;1
03/10/2015;07:39:00;111;sem vítima;482,7;BR-116/PR;Sul;Choque - Objeto sobre a pista;1;1;;;;;1
03/10/2015;18:32:00;322;sem vítima;312,3;BR-116/PR;Norte;Choque - Talude;1;4;;;;;1
03/10/2015;20:08:00;342;com vítima;548,8;BR-116/PR;Sul;Saida de Pista;1;;2;;;;1
03/10/2015;21:07:00;355;com vítima;364,6;BR-116/PR;Norte;Tombamento;1;;1;;;;1
04/10/2015;13:38:00;169;sem vítima;414,9;BR-116/PR;Norte;Tombamento;1;1;;;;;1
04/10/2015;16:29:00;217;sem vítima;542,9;BR-116/PR;Sul;Choque - Cancela de Pedagio;1;1;;;;;1
04/10/2015;16:59:00;230;sem vítima;466,3;BR-116/PR;Norte;Saida de Pista;1;1;;;;;1
04/10/2015;19:50:00;269;sem vítima;498;BR-116/PR;Norte;Colisão Lateral;1;2;;;;;1
05/10/2015;03:33:00;44;sem vítima;481,9;BR-116/PR;Norte;Saida de Pista;1;1;;;;;1
05/10/2015;04:49:00;57;sem vítima;28,8;BR-116/PR;Norte;Tombamento;1;1;;;;;1
05/10/2015;14:30:00;229;sem vítima;270,3;BR-116/PR;Norte;Colisão Traseira;1;3;;;;;1
05/10/2015;14:33:00;231;sem vítima;270,6;BR-116/PR;Norte;Colisão Lateral;1;2;;;;;1
05/10/2015;22:17:00;329;com vítima;22;BR-116/PR;Sul;Colisão Traseira;1;2;1;;;;1
06/10/2015;00:29:00;15;sem vítima;7,8;BR-116/PR;Sul;Tombamento;1;1;;;;;1
06/10/2015;00:31:00;16;sem vítima;504,5;BR-116/PR;Norte;Colisão Traseira;2;4;;;;;1
06/10/2015;12:27:00;204;sem vítima;560;BR-116/PR;Sul;Colisão Traseira;1;2;;;;;1
06/10/2015;16:26:00;267;sem vítima;485,7;BR-116/PR;Norte;Outros;1;1;;;;;1
06/10/2015;20:44:00;325;sem vítima;486;BR-116/PR;Sul;Colisão Traseira;2;2;;;;;1
06/10/2015;23:13:00;358;sem vítima;483,2;BR-116/PR;Norte;Colisão Traseira;1;2;;;;;1
07/10/2015;00:35:00;11;sem vítima;37,3;BR-116/PR;Sul;Tombamento;1;2;;;;;1
07/10/2015;01:22:00;18;com vítima;337;BR-116/PR;Norte;Choque - Defensa, barreira ou  submarino ;1;;1;;;;1
07/10/2015;06:34:00;90;sem vítima;320,1;BR-116/PR;Norte;Colisão Traseira;1;2;;;;;1
07/10/2015;07:54:00;120;sem vítima;499,95;BR-116/PR;Sul;Tombamento;1;1;;;;;1
07/10/2015;10:13:00;174;sem vítima;15,6;BR-116/PR;Norte;Objeto lançado contra veículo;1;1;;;;;1
07/10/2015;19:29:00;360;sem vítima;57;BR-116/PR;Sul;Objeto lançado contra veículo;1;1;;;;;1
07/10/2015;21:48:00;380;sem vítima;57;BR-116/PR;Sul;Objeto lançado contra veículo;1;1;;;;;1
07/10/2015;23:48:00;414;sem vítima;565,9;BR-116/PR;Norte;Saida de Pista;1;1;;;;;1
08/10/2015;00:20:00;10;sem vítima;419,8;BR-116/PR;Sul;Tombamento;1;1;;;;;1
08/10/2015;02:59:00;53;sem vítima;388,9;BR-116/PR;Norte;Colisão Traseira;2;3;;;;;1
08/10/2015;05:31:00;90;sem vítima;9;BR-116/CW;Sul;Colisão Traseira;1;2;;;;;1
08/10/2015;11:59:00;217;sem vítima;352;BR-116/PR;Sul;Choque - Objeto sobre a pista;1;1;;;;;1
08/10/2015;13:47:00;247;sem vítima;301,3;BR-116/PR;Norte;Colisão Traseira;2;3;;;;;1
08/10/2015;14:42:00;261;com vítima;561,5;BR-116/PR;Sul;Tombamento;1;;1;;;;1
08/10/2015;15:21:00;269;sem vítima;542,9;BR-116/PR;Sul;Colisão Traseira;1;2;;;;;1
09/10/2015;02:07:00;39;sem vítima;499,5;BR-116/PR;Sul;Tombamento;1;1;;;;;1
09/10/2015;03:48:00;63;sem vítima;21,5;BR-116/PR;Sul;Tombamento;1;1;;;;;1
09/10/2015;06:10:00;90;sem vítima;500,5;BR-116/PR;Sul;Saida de Pista;1;1;;;;;1
09/10/2015;06:56:00;97;sem vítima;545,8;BR-116/PR;Norte;Tombamento;1;1;;;;;1
09/10/2015;15:29:00;253;sem vítima;344,9;BR-116/PR;Sul;Saida de Pista;1;1;;;;;1
09/10/2015;17:35:00;305;sem vítima;23,5;BR-116/PR;Norte;Engavetamento;2;3;;;;;1
09/10/2015;20:42:00;351;sem vítima;15,4;BR-116/PR;Sul;Colisão Traseira;2;2;;;;;1
09/10/2015;21:27:00;364;sem vítima;57;BR-116/PR;Sul;Colisão Traseira;1;2;;;;;1
09/10/2015;23:48:00;404;sem vítima;285,4;BR-116/PR;Sul;Colisão Traseira;1;5;;;;;1
10/10/2015;00:43:00;20;sem vítima;511,7;BR-116/PR;Norte;Saida de Pista;1;1;;;;;1
10/10/2015;01:02:00;24;sem vítima;367,3;BR-116/PR;Sul;Colisão Traseira;2;2;;;;;1
10/10/2015;02:52:00;53;sem vítima;359,4;BR-116/PR;Sul;Choque - Talude;1;1;;;;;1
10/10/2015;04:29:00;77;sem vítima;354,8;BR-116/PR;Norte;Choque - Defensa, barreira ou  submarino ;1;1;;;;;1
10/10/2015;06:06:00;96;sem vítima;40,5;BR-116/PR;Norte;Colisão Traseira;1;2;;;;;1
10/10/2015;06:37:00;104;sem vítima;298,5;BR-116/PR;Sul;Colisão Traseira;1;2;;;;;1
10/10/2015;07:40:00;124;sem vítima;522;BR-116/PR;Sul;Choque - Defensa, barreira ou  submarino ;1;2;;;;;1
10/10/2015;11:42:00;219;com vítima;353,4;BR-116/PR;Norte;Engavetamento;1;2;2;;;;1
10/10/2015;19:29:00;362;com vítima;342;BR-116/PR;Norte;Capotamento;1;1;1;1;;;2
11/10/2015;03:27:00;57;com vítima;411;BR-116/PR;Sul;Saida de Pista;1;;2;;;;1
11/10/2015;08:49:00;136;sem vítima;40;BR-116/PR;Norte;Colisão Frontal;1;2;;;;;1
11/10/2015;11:26:00;190;sem vítima;23;BR-116/PR;Norte;Saida de Pista;1;1;;;;;1
11/10/2015;14:36:00;230;com vítima;515,5;BR-116/PR;Norte;Choque - Defensa, barreira ou  submarino ;1;;1;;;;1
12/10/2015;11:08:00;160;sem vítima;493,4;BR-116/PR;Norte;Saida de Pista;1;2;;;;;1
12/10/2015;08:20:00;105;sem vítima;40;BR-116/PR;Norte;Colisão Traseira;1;4;;;;;1
13/10/2015;05:39:00;49;sem vítima;504;BR-116/PR;Sul;Tombamento;1;1;;;;;1
13/10/2015;15:08:00;224;sem vítima;292,85;BR-116/PR;Sul;Colisão Traseira;1;3;;;;;1
13/10/2015;16:37:00;248;sem vítima;304,5;BR-116/PR;Norte;Colisão Lateral;1;2;;;;;1
13/10/2015;23:39:00;337;sem vítima;379,6;BR-116/PR;Norte;Tombamento;1;1;;;;;1
14/10/2015;01:10:00;15;com vítima;272,2;BR-116/PR;Norte;Colisão Lateral;1;2;1;;;;1
14/10/2015;02:56:00;33;sem vítima;394;BR-116/PR;Norte;Saida de Pista;1;3;;;;;1
14/10/2015;04:49:00;50;com vítima;326,8;BR-116/PR;Norte;Saida de Pista;1;;1;;;;1
14/10/2015;04:56:00;52;sem vítima;273,3;BR-116/PR;Norte;Tombamento;1;2;;;;;1
14/10/2015;07:14:00;85;sem vítima;370,4;BR-116/PR;Norte;Colisão Lateral;1;4;;;;;1
14/10/2015;08:45:00;127;com vítima;271,8;BR-116/PR;Norte;Atropelamento - Morador;1;1;;;;1;3
14/10/2015;20:29:00;354;sem vítima;68,6;BR-116/PR;Sul;Colisão Lateral;3;3;;;;;1
15/10/2015;05:09:00;80;com vítima;367,8;BR-116/PR;Norte;Tombamento;1;;1;;;;1
15/10/2015;08:03:00;134;sem vítima;282;BR-116/PR;Norte;Colisão Lateral;1;2;;;;;1
15/10/2015;09:37:00;187;com vítima;443,2;BR-116/PR;Norte;Colisão Transversal;2;1;;1;;;2
16/10/2015;08:08:00;119;sem vítima;506,9;BR-116/PR;Norte;Tombamento;1;1;;;;;1
16/10/2015;15:27:00;274;sem vítima;345,8;BR-116/PR;Sul;Colisão Lateral;2;2;;;;;1
16/10/2015;15:33:00;277;sem vítima;345;BR-116/PR;Sul;Choque - Suporte de Sinalização;1;1;;;;;1
16/10/2015;21:13:00;376;com vítima;352;BR-116/PR;Sul;Engavetamento;1;5;1;;;;1
16/10/2015;21:44:00;388;sem vítima;384;BR-116/PR;Sul;Choque - Veiculo parado no acostamento;1;3;;;;;1
17/10/2015;08:40:00;117;sem vítima;288,3;BR-116/PR;Norte;Colisão Traseira;1;3;;;;;1
17/10/2015;11:49:00;173;com vítima;362,7;BR-116/PR;Sul;Choque - Objeto sobre a pista;1;;1;;;;1
17/10/2015;23:06:00;347;sem vítima;428,2;BR-116/PR;Norte;Saida de Pista;1;2;;;;;1
18/10/2015;11:43:00;148;sem vítima;7,8;BR-116/PR;Sul;Tombamento;1;2;;;;;1
18/10/2015;23:55:00;317;sem vítima;370,4;BR-116/PR;Norte;Choque - Defensa, barreira ou  submarino ;1;1;;;;;1
19/10/2015;00:45:00;14;sem vítima;354,2;BR-116/PR;Sul;Colisão Traseira;1;2;;;;;1
19/10/2015;01:52:00;31;sem vítima;50,4;BR-116/PR;Norte;Tombamento;1;1;;;;;1
20/10/2015;03:20:00;45;com vítima;19,35;BR-116/PR;Sul;Colisão Traseira;2;1;1;;;;1
20/10/2015;09:24:00;120;sem vítima;18;BR-116/PR;Sul;Colisão Traseira;2;2;;;;;1
20/10/2015;17:53:00;276;sem vítima;346,8;BR-116/PR;Norte;Choque - Defensa, barreira ou  submarino ;1;1;;;;;1
20/10/2015;19:23:00;300;sem vítima;347,2;BR-116/PR;Sul;Colisão Traseira;2;2;;;;;1
21/10/2015;09:18:00;145;com vítima;291,5;BR-116/PR;Norte;Colisão Lateral;1;1;3;;;;1
21/10/2015;10:12:00;166;com vítima;363,8;BR-116/PR;Norte;Tombamento;1;;;;1;;2
21/10/2015;13:34:00;220;sem vítima;288,3;BR-116/PR;Norte;Colisão Lateral;1;3;;;;;1
21/10/2015;15:15:00;242;sem vítima;537;BR-116/PR;Sul;Objeto lançado contra veículo;1;1;;;;;1
21/10/2015;16:00:00;261;com vítima;537,8;BR-116/PR;Sul;Tombamento;1;;1;;;;1
21/10/2015;16:14:00;270;sem vítima;25;BR-116/PR;Norte;Choque - Suporte de Sinalização;1;1;;;;;1
21/10/2015;16:29:00;272;sem vítima;59;BR-116/PR;Sul;Choque - Defensa, barreira ou  submarino ;1;4;;;;;1
21/10/2015;16:43:00;276;sem vítima;537;BR-116/PR;Norte;Colisão Lateral;2;2;;;;;1
21/10/2015;18:30:00;309;sem vítima;342;BR-116/PR;Sul;Engavetamento;3;4;;;;;1
22/10/2015;10:31:00;176;com vítima;351,5;BR-116/PR;Norte;Colisão Transversal;2;1;1;;;;1
22/10/2015;14:40:00;261;sem vítima;359,8;BR-116/PR;Sul;Tombamento;1;2;;;;;1
22/10/2015;14:52:00;270;sem vítima;7,7;BR-116/PR;Sul;Saida de Pista;1;2;;;;;1
22/10/2015;20:18:00;365;sem vítima;1;BR-116/PR;Sul;Colisão Traseira;1;2;;;;;1
23/10/2015;01:37:00;30;sem vítima;343,2;BR-116/PR;Norte;Colisão Traseira;2;2;;;;;1
23/10/2015;05:26:00;70;sem vítima;42,2;BR-116/PR;Norte;Choque - Defensa, barreira ou  submarino ;1;1;;;;;1
23/10/2015;14:47:00;283;sem vítima;269,85;BR-116/PR;Norte;Colisão Lateral;1;3;;;;;1
23/10/2015;15:23:00;297;sem vítima;346,7;BR-116/PR;Sul;Colisão Traseira;1;2;;;;;1
24/10/2015;09:58:00;135;sem vítima;551;BR-116/PR;Sul;Capotamento;1;1;;;;;1
24/10/2015;16:13:00;223;sem vítima;508,6;BR-116/PR;Sul;Choque - Defensa, barreira ou  submarino ;1;1;;;;;1
25/10/2015;09:56:00;114;com vítima;416,7;BR-116/PR;Norte;Tombamento;1;;1;;;;1
25/10/2015;10:12:00;120;sem vítima;5;BR-116/PR;Norte;Colisão Traseira;1;6;;;;;1
25/10/2015;15:45:00;201;sem vítima;544,8;BR-116/PR;Norte;Tombamento;1;1;;;;;1
25/10/2015;17:23:00;235;sem vítima;285,2;BR-116/PR;Norte;Engavetamento;2;4;;;;;1
25/10/2015;22:20:00;321;sem vítima;38,45;BR-116/PR;Sul;Colisão Lateral;1;6;;;;;1
26/10/2015;13:36:00;212;sem vítima;489;BR-116/PR;Norte;Colisão Transversal;1;2;;;;;1
26/10/2015;17:44:00;274;sem vítima;19;BR-116/PR;Norte;Saida de Pista;1;1;;;;;1
26/10/2015;18:23:00;283;com vítima;538,1;BR-116/PR;Sul;Choque - Defensa, barreira ou  submarino ;1;2;;1;;;2
26/10/2015;18:56:00;292;com vítima;511,5;BR-116/PR;Norte;Saida de Pista;1;1;1;;;;1
26/10/2015;23:17:00;335;sem vítima;567;BR-116/PR;Sul;Choque - Defensa, barreira ou  submarino ;1;1;;;;;1
27/10/2015;02:08:00;22;sem vítima;347,5;BR-116/PR;Sul;Colisão Traseira;2;3;;;;;1
27/10/2015;05:46:00;56;sem vítima;433,9;BR-116/PR;Sul;Saida de Pista;1;1;;;;;1
27/10/2015;06:21:00;62;com vítima;351,7;BR-116/PR;Norte;Colisão Traseira;1;2;1;;;;1
27/10/2015;14:42:00;241;sem vítima;426;BR-116/PR;Norte;Colisão Traseira;1;2;;;;;1
27/10/2015;22:37:00;368;sem vítima;442;BR-116/PR;Norte;Saida de Pista;1;1;;;;;1
27/10/2015;22:59:00;373;sem vítima;66,6;BR-116/PR;Norte;Tombamento;1;2;;;;;1
28/10/2015;00:50:00;17;sem vítima;488,3;BR-116/PR;Norte;Choque - Defensa, barreira ou  submarino ;1;1;;;;;1
28/10/2015;04:18:00;57;com vítima;487,4;BR-116/PR;Sul;Choque - Defensa, barreira ou  submarino ;1;;2;;;;1
28/10/2015;10:36:00;173;com vítima;363,8;BR-116/PR;Norte;Tombamento;1;;1;;;;1
28/10/2015;13:13:00;205;sem vítima;538,1;BR-116/PR;Sul;Capotamento;1;2;;;;;1
28/10/2015;16:35:00;263;sem vítima;291;BR-116/PR;Sul;Colisão Traseira;1;4;;;;;1
29/10/2015;00:19:00;10;sem vítima;497;BR-116/PR;Norte;Tombamento;1;2;;;;;1
29/10/2015;01:34:00;25;sem vítima;347;BR-116/PR;Sul;Colisão Lateral;1;2;;;;;1
29/10/2015;03:05:00;35;sem vítima;407,3;BR-116/PR;Norte;Tombamento;1;2;;;;;1
29/10/2015;03:17:00;36;sem vítima;35;BR-116/PR;Norte;Colisão Traseira;2;2;;;;;1
29/10/2015;06:11:00;54;com vítima;275,8;BR-116/PR;Sul;Colisão Traseira;1;2;;1;;;2
29/10/2015;08:56:00;107;sem vítima;41,95;BR-116/PR;Sul;Saida de Pista;1;2;;;;;1
29/10/2015;13:49:00;214;sem vítima;17,1;BR-116/PR;Norte;Choque - Defensa, barreira ou  submarino ;1;1;;;;;1
29/10/2015;17:57:00;292;sem vítima;18,4;BR-116/PR;Norte;Saida de Pista;1;1;;;;;1
29/10/2015;18:01:00;294;sem vítima;560,2;BR-116/PR;Sul;Saida de Pista;1;1;;;;;1