data;horario;n_da_ocorrencia;tipo_de_ocorrencia;km;trecho;sentido;tipo_de_acidente;caminhao;ilesos;levemente_feridos;moderadamente_feridos;gravemente_feridos;mortos;3
29/10/2015;18:24:00;300;com vítima;27,6;BR-116/PR;Norte;Tombamento;1;;1;;;;1
29/10/2015;18:35:00;302;sem vítima;414,8;BR-116/PR;Norte;Saida de Pista;1;2;;;;;1
29/10/2015;22:03:00;344;sem vítima;561,5;BR-116/PR;Sul;Capotamento;1;1;;;;;1
29/10/2015;22:18:00;347;sem vítima;482;BR-116/PR;Sul;Tombamento;1;1;;;;;1
29/10/2015;23:30:00;365;sem vítima;514;BR-116/PR;Norte;Colisão Traseira;2;3;;;;;1
29/10/2015;23:31:00;367;sem vítima;1,1;BR-116/PR;Sul;Tombamento;1;2;;;;;1
30/10/2015;05:50:00;76;sem vítima;377;BR-116/PR;Norte;Colisão Traseira;2;2;;;;;1
30/10/2015;09:59:00;172;com vítima;14,9;BR-116/PR;Sul;Colisão Frontal;1;2;3;;;;1
30/10/2015;18:56:00;350;sem vítima;506,5;BR-116/PR;Sul;Colisão Traseira;1;2;;;;;1
30/10/2015;19:22:00;359;sem vítima;22,6;BR-116/PR;Sul;Saida de Pista;1;1;;;;;1
30/10/2015;20:04:00;372;sem vítima;273;BR-116/PR;Norte;Colisão Traseira;1;2;;;;;1
30/10/2015;23:09:00;435;sem vítima;528,2;BR-116/PR;Sul;Tombamento;1;1;;;;;1
31/10/2015;15:49:00;269;com vítima;270,4;BR-116/PR;Sul;Choque - Elemento de Drenagem;1;3;1;;;;1
31/10/2015;16:06:00;275;sem vítima;545;BR-116/PR;Sul;Colisão Traseira;1;2;;;;;1
31/10/2015;05:06:00;75;sem vítima;419,5;BR-116/PR;Sul;Colisão Lateral;2;3;;;;;1
31/10/2015;05:50:00;83;sem vítima;374,95;BR-116/PR;Sul;Saida de Pista;1;3;;;;;1
31/10/2015;06:17:00;89;sem vítima;536,4;BR-116/PR;Norte;Saida de Pista;1;1;;;;;1
31/10/2015;11:37:00;204;sem vítima;42;BR-116/PR;Sul;Colisão Traseira;1;3;;;;;1
31/10/2015;12:20:00;225;sem vítima;40;BR-116/PR;Norte;Colisão Traseira;2;2;;;;;1
31/10/2015;12:56:00;227;sem vítima;2,35;BR-116/CW;Norte;Choque - Defensa, barreira ou  submarino ;1;1;;;;;1
31/10/2015;17:02:00;292;sem vítima;444,4;BR-116/PR;Norte;Colisão Traseira;1;6;;;;;1
31/10/2015;21:09:00;343;sem vítima;313;BR-116/PR;Sul;Saida de Pista;1;2;;;;;1
01/11/2015;00:43:00;15;com vítima;477,8;BR-116/PR;Sul;Saida de Pista;1;2;3;0;0;0;1
01/11/2015;01:08:00;22;sem vítima;509,2;BR-116/PR;Sul;Saida de Pista;1;1;0;0;0;0;1
01/11/2015;07:50:00;86;sem vítima;273;BR-116/PR;Norte;Colisão Lateral;1;3;0;0;0;0;1
01/11/2015;14:03:00;198;com vítima;496,6;BR-116/PR;Norte;Tombamento;1;1;1;0;0;0;1
01/11/2015;19:41:00;299;sem vítima;330;BR-116/PR;Sul;Colisão Lateral;1;4;0;0;0;0;1
02/11/2015;01:24:00;21;sem vítima;379;BR-116/PR;Norte;Choque - Talude;1;1;0;0;0;0;1
02/11/2015;08:16:00;108;sem vítima;543;BR-116/PR;Norte;Choque - Cancela de Pedagio;1;1;0;0;0;0;1
02/11/2015;13:37:00;240;sem vítima;370,4;BR-116/PR;Norte;Colisão Traseira;1;2;0;0;0;0;1
02/11/2015;14:33:00;260;sem vítima;437,2;BR-116/PR;Norte;Colisão Traseira;2;2;0;0;0;0;1
02/11/2015;14:54:00;268;sem vítima;436,8;BR-116/PR;Norte;Saida de Pista;1;1;0;0;0;0;1
02/11/2015;15:25:00;277;sem vítima;436,1;BR-116/PR;Norte;Colisão Lateral;2;2;0;0;0;0;1
02/11/2015;16:27:00;306;sem vítima;375;BR-116/PR;Norte;Colisão Traseira;2;2;0;0;0;0;1
02/11/2015;17:35:00;328;sem vítima;503,8;BR-116/PR;Sul;Saida de Pista;1;1;0;0;0;0;1
02/11/2015;18:25:00;349;com vítima;529,2;BR-116/PR;Norte;Colisão Traseira;1;2;1;0;0;0;1
02/11/2015;19:03:00;360;sem vítima;420,5;BR-116/PR;Norte;Colisão Traseira;2;2;0;0;0;0;1
02/11/2015;22:11:00;423;sem vítima;31,5;BR-116/PR;Sul;Colisão Lateral;1;49;0;0;0;0;1
03/11/2015;08:37:00;121;sem vítima;284,5;BR-116/PR;Norte;Colisão Traseira;1;2;0;0;0;0;1
03/11/2015;09:38:00;150;sem vítima;277,2;BR-116/PR;Sul;Colisão Traseira;1;3;0;0;0;0;1
03/11/2015;21:27:00;370;sem vítima;45,4;BR-116/PR;Norte;Saida de Pista;1;1;0;0;0;0;1
03/11/2015;22:06:00;374;sem vítima;512,95;BR-116/PR;Norte;Colisão Traseira;1;2;0;0;0;0;1
04/11/2015;05:17:00;58;sem vítima;357,8;BR-116/PR;Sul;Choque - Talude;1;1;0;0;0;0;1
04/11/2015;08:18:00;114;sem vítima;370,4;BR-116/PR;Norte;Choque - Defensa, barreira ou  submarino ;1;1;0;0;0;0;1
04/11/2015;12:33:00;232;sem vítima;279;BR-116/PR;Sul;Colisão Lateral;2;3;0;0;0;0;1
04/11/2015;16:59:00;303;sem vítima;22,5;BR-116/PR;Sul;Choque - Defensa, barreira ou  submarino ;1;1;0;0;0;0;1
04/11/2015;18:52:00;328;sem vítima;289,1;BR-116/PR;Norte;Colisão Lateral;2;2;0;0;0;0;1
04/11/2015;22:07:00;370;com vítima;18;BR-116/CW;Norte;Colisão Lateral;1;1;1;0;0;0;1
04/11/2015;22:22:00;374;sem vítima;548,6;BR-116/PR;Norte;Colisão Traseira;1;2;0;0;0;0;1
05/11/2015;01:26:00;31;sem vítima;350,1;BR-116/PR;Norte;Colisão Traseira;2;2;0;0;0;0;1
05/11/2015;06:15:00;94;sem vítima;390,9;BR-116/PR;Norte;Saida de Pista;1;2;0;0;0;0;1
05/11/2015;11:51:00;235;com vítima;357,3;BR-116/PR;Sul;Choque - Talude;1;0;1;0;0;0;1
05/11/2015;15:44:00;315;sem vítima;370,4;BR-116/PR;Norte;Choque - Defensa, barreira ou  submarino ;1;1;0;0;0;0;1
06/11/2015;18:18:00;326;sem vítima;7,5;BR-116/PR;Sul;Colisão Lateral;1;2;0;0;0;0;1
06/11/2015;13:00:00;230;sem vítima;27,2;BR-116/PR;Sul;Colisão Traseira;2;2;0;0;0;0;1
06/11/2015;16:06:00;283;sem vítima;5;BR-116/PR;Norte;Colisão Traseira;1;3;0;0;0;0;1
06/11/2015;19:53:00;349;sem vítima;299;BR-116/PR;Norte;Choque - Objeto sobre a pista;1;1;0;0;0;0;1
06/11/2015;20:37:00;359;sem vítima;325;BR-116/PR;Sul;Colisão Traseira;1;6;0;0;0;0;1
06/11/2015;21:23:00;367;sem vítima;298,7;BR-116/PR;Sul;Colisão Traseira;2;2;0;0;0;0;1
06/11/2015;21:34:00;371;sem vítima;360,7;BR-116/PR;Sul;Tombamento;1;1;0;0;0;0;1
06/11/2015;21:43:00;375;com vítima;511,7;BR-116/PR;Norte;Tombamento;1;1;0;0;1;0;2
06/11/2015;23:57:00;401;sem vítima;37,4;BR-116/PR;Sul;Saida de Pista;1;2;0;0;0;0;1
07/11/2015;05:34:00;69;sem vítima;298,5;BR-116/PR;Sul;Choque - Outros;1;1;0;0;0;0;1
07/11/2015;09:01:00;128;sem vítima;421,2;BR-116/PR;Sul;Colisão Traseira;1;2;0;0;0;0;1
07/11/2015;10:02:00;159;sem vítima;348,9;BR-116/PR;Sul;Colisão Lateral;1;2;0;0;0;0;1
08/11/2015;15:14:00;213;com vítima;344,3;BR-116/PR;Norte;Colisão Lateral;1;1;1;0;0;0;1
08/11/2015;16:51:00;247;com vítima;553;BR-116/PR;Norte;Tombamento;1;0;0;1;0;0;2
09/11/2015;15:41:00;214;sem vítima;27,5;BR-116/PR;Sul;Choque - Defensa, barreira ou  submarino ;1;1;0;0;0;0;1
09/11/2015;16:48:00;238;sem vítima;550,9;BR-116/PR;Sul;Colisão Lateral;1;2;0;0;0;0;1
09/11/2015;18:10:00;268;sem vítima;274,3;BR-116/PR;Norte;Engavetamento;1;6;0;0;0;0;1
10/11/2015;03:37:00;52;com vítima;351,9;BR-116/PR;Norte;Colisão Traseira;2;1;1;0;0;0;1
10/11/2015;14:45:00;237;sem vítima;289;BR-116/PR;Norte;Colisão Traseira;2;2;0;0;0;0;1
11/11/2015;16:36:00;312;com vítima;393;BR-116/PR;Norte;Atropelamento - Morador;2;2;1;0;0;1;3
11/11/2015;20:28:00;391;sem vítima;516,3;BR-116/PR;Norte;Engavetamento;4;4;0;0;0;0;1
11/11/2015;07:22:00;96;com vítima;505,6;BR-116/PR;Sul;Tombamento;2;0;2;0;0;0;1
12/11/2015;01:39:00;37;com vítima;352,3;BR-116/PR;Sul;Tombamento;1;0;1;0;0;0;1
12/11/2015;04:38:00;69;sem vítima;24;BR-116/PR;Norte;Saida de Pista;1;1;0;0;0;0;1
12/11/2015;05:47:00;91;sem vítima;481,9;BR-116/PR;Sul;Saida de Pista;1;1;0;0;0;0;1
12/11/2015;06:34:00;99;sem vítima;320,7;BR-116/PR;Norte;Colisão Traseira;2;2;0;0;0;0;1
12/11/2015;06:37:00;100;sem vítima;436,9;BR-116/PR;Norte;Choque - Objeto sobre a pista;1;1;0;0;0;0;1
12/11/2015;08:19:00;132;sem vítima;342;BR-116/PR;Norte;Colisão Traseira;1;3;0;0;0;0;1
12/11/2015;13:19:00;251;sem vítima;284,5;BR-116/PR;Norte;Colisão Traseira;2;2;0;0;0;0;1
12/11/2015;18:16:00;354;sem vítima;1,9;BR-116/PR;Sul;Colisão Traseira;2;2;0;0;0;0;1
13/11/2015;00:35:00;12;com vítima;35,8;BR-116/PR;Sul;Colisão Traseira;2;1;0;1;0;0;2
13/11/2015;04:03:00;47;sem vítima;519;BR-116/PR;Norte;Saida de Pista;1;1;0;0;0;0;1
13/11/2015;05:20:00;60;sem vítima;384,5;BR-116/PR;Norte;Colisão Lateral;1;2;0;0;0;0;1
13/11/2015;16:21:00;298;com vítima;360,3;BR-116/PR;Sul;Tombamento;1;0;0;1;0;0;2
13/11/2015;17:16:00;310;sem vítima;501,5;BR-116/PR;Sul;Colisão Lateral;1;3;0;0;0;0;1
13/11/2015;23:24:00;428;sem vítima;285;BR-116/PR;Sul;Colisão Traseira;2;2;0;0;0;0;1
14/11/2015;02:47:00;37;sem vítima;458,4;BR-116/PR;Sul;Saida de Pista;1;1;0;0;0;0;1
14/11/2015;06:41:00;91;sem vítima;560,8;BR-116/PR;Sul;Choque - Defensa, barreira ou  submarino ;1;1;0;0;0;0;1
16/11/2015;05:32:00;79;sem vítima;347,1;BR-116/PR;Norte;Engavetamento;3;3;0;0;0;0;1
16/11/2015;05:33:00;80;sem vítima;28,5;BR-116/PR;Sul;Choque - Talude;1;1;0;0;0;0;1
16/11/2015;08:10:00;114;com vítima;414,9;BR-116/PR;Norte;Saida de Pista;1;0;3;0;0;0;1
16/11/2015;21:03:00;352;sem vítima;62,4;BR-116/PR;Norte;Choque - Objeto sobre a pista;1;1;0;0;0;0;1
17/11/2015;04:19:00;47;sem vítima;318,5;BR-116/PR;Norte;Choque - Defensa, barreira ou  submarino ;1;1;0;0;0;0;1
17/11/2015;08:42:00;102;sem vítima;527;BR-116/PR;Sul;Saida de Pista;1;2;0;0;0;0;1
17/11/2015;15:04:00;230;com vítima;32,5;BR-116/PR;Norte;Tombamento;1;0;1;0;0;0;1
17/11/2015;15:55:00;247;com vítima;340;BR-116/PR;Norte;Tombamento;1;0;1;0;0;0;1
17/11/2015;18:14:00;291;sem vítima;38,7;BR-116/PR;Norte;Colisão Traseira;1;2;0;0;0;0;1
17/11/2015;21:49:00;339;sem vítima;22,3;BR-116/PR;Norte;Tombamento;1;1;0;0;0;0;1
18/11/2015;01:38:00;22;sem vítima;26,5;BR-116/PR;Norte;Colisão Traseira;1;2;0;0;0;0;1
18/11/2015;04:29:00;52;sem vítima;523,1;BR-116/PR;Sul;Choque - Defensa, barreira ou  submarino ;1;3;0;0;0;0;1
18/11/2015;05:55:00;68;sem vítima;531;BR-116/PR;Norte;Saida de Pista;1;1;0;0;0;0;1
18/11/2015;06:47:00;79;com vítima;43;BR-116/PR;Sul;Tombamento;2;2;1;0;0;0;1
18/11/2015;08:04:00;108;sem vítima;359,7;BR-116/PR;Sul;Colisão Traseira;1;3;0;0;0;0;1
18/11/2015;08:37:00;116;com vítima;270,5;BR-116/PR;Norte;Colisão Traseira;1;1;1;0;0;0;1
18/11/2015;13:21:00;220;com vítima;359,8;BR-116/PR;Sul;Colisão Frontal;1;1;0;0;0;1;3
18/11/2015;16:03:00;284;sem vítima;359;BR-116/PR;Sul;Colisão Lateral;1;2;0;0;0;0;1
18/11/2015;16:57:00;296;sem vítima;285;BR-116/PR;Sul;Colisão Traseira;1;2;0;0;0;0;1
19/11/2015;00:22:00;11;sem vítima;424,3;BR-116/PR;Sul;Saida de Pista;1;1;0;0;0;0;1
19/11/2015;02:49:00;50;com vítima;406,6;BR-116/PR;Norte;Tombamento;1;2;1;0;0;0;1
19/11/2015;03:26:00;58;sem vítima;304;BR-116/PR;Sul;Tombamento;1;1;0;0;0;0;1
19/11/2015;03:57:00;64;sem vítima;406,7;BR-116/PR;Norte;Saida de Pista;1;2;0;0;0;0;1
19/11/2015;10:47:00;201;sem vítima;290,5;BR-116/PR;Norte;Colisão Traseira;2;2;0;0;0;0;1
19/11/2015;12:31:00;236;com vítima;357,65;BR-116/PR;Norte;Tombamento;2;0;1;1;0;0;2
19/11/2015;18:17:00;355;sem vítima;478;BR-116/PR;Sul;Saida de Pista;1;2;0;0;0;0;1
19/11/2015;20:41:00;393;sem vítima;343,4;BR-116/PR;Sul;Colisão Lateral;2;2;0;0;0;0;1
20/11/2015;03:18:00;52;sem vítima;561,7;BR-116/PR;Norte;Saida de Pista;1;1;0;0;0;0;1
20/11/2015;05:14:00;73;sem vítima;340;BR-116/PR;Sul;Colisão Traseira;2;2;0;0;0;0;1
20/11/2015;06:53:00;94;sem vítima;382,8;BR-116/PR;Norte;Colisão Traseira;1;2;0;0;0;0;1
20/11/2015;07:36:00;105;sem vítima;55,2;BR-116/PR;Sul;Saida de Pista;1;2;0;0;0;0;1
20/11/2015;10:57:00;185;sem vítima;503,3;BR-116/PR;Sul;Colisão Traseira;2;2;0;0;0;0;1
20/11/2015;15:55:00;319;com vítima;413,6;BR-116/PR;Norte;Tombamento;1;0;1;0;0;0;1
20/11/2015;17:11:00;351;sem vítima;462,9;BR-116/PR;Sul;Saida de Pista;1;2;0;0;0;0;1
20/11/2015;20:39:00;429;sem vítima;362,7;BR-116/PR;Sul;Tombamento;1;3;0;0;0;0;1
20/11/2015;22:39:00;457;sem vítima;339,2;BR-116/PR;Sul;Colisão Lateral;2;2;0;0;0;0;1
21/11/2015;07:58:00;94;sem vítima;507,4;BR-116/PR;Norte;Saida de Pista;1;1;0;0;0;0;1
21/11/2015;08:14:00;98;sem vítima;507,5;BR-116/PR;Norte;Saida de Pista;1;1;0;0;0;0;1
22/11/2015;11:33:00;172;sem vítima;370,4;BR-116/PR;Norte;Outros;1;1;0;0;0;0;1
22/11/2015;15:19:00;226;com vítima;40;BR-116/PR;Norte;Engavetamento;1;5;3;0;0;0;1
22/11/2015;19:17:00;308;sem vítima;57,2;BR-116/PR;Norte;Choque - Cancela de Pedagio;1;1;0;0;0;0;1
22/11/2015;21:10:00;341;sem vítima;370,4;BR-116/PR;Norte;Colisão Traseira;2;2;0;0;0;0;1
24/11/2015;20:51:00;365;sem vítima;431;BR-116/PR;Sul;Choque - Objeto sobre a pista;1;1;0;0;0;0;1
24/11/2015;05:35:00;86;sem vítima;420,8;BR-116/PR;Norte;Saida de Pista;1;1;0;0;0;0;1
24/11/2015;13:32:00;237;sem vítima;269,1;BR-116/PR;Norte;Colisão Traseira;1;4;0;0;0;0;1
24/11/2015;15:10:00;262;com vítima;315;BR-116/PR;Sul;Colisão Traseira;1;1;0;1;0;0;2
25/11/2015;02:25:00;30;sem vítima;499,5;BR-116/PR;Sul;Tombamento;1;1;0;0;0;0;1
25/11/2015;07:09:00;78;com vítima;362,7;BR-116/PR;Sul;Tombamento;1;0;1;0;0;0;1
25/11/2015;08:03:00;92;sem vítima;564,8;BR-116/PR;Sul;Tombamento;1;2;0;0;0;0;1
25/11/2015;08:35:00;101;sem vítima;515,2;BR-116/PR;Norte;Colisão Traseira;3;3;0;0;0;0;1
25/11/2015;10:26:00;144;sem vítima;57,2;BR-116/PR;Sul;Choque - Cancela de Pedagio;1;1;0;0;0;0;1
25/11/2015;11:20:00;164;sem vítima;348,7;BR-116/PR;Sul;Colisão Lateral;1;2;0;0;0;0;1
25/11/2015;13:03:00;196;com vítima;346;BR-116/PR;Sul;Atropelamento - Ambulante;1;1;0;1;0;0;2
26/11/2015;01:03:00;16;com vítima;282,3;BR-116/PR;Sul;Colisão Lateral;2;2;2;1;0;0;2
26/11/2015;02:13:00;30;sem vítima;456,5;BR-116/PR;Sul;Tombamento;1;1;0;0;0;0;1
26/11/2015;04:24:00;57;sem vítima;469,2;BR-116/PR;Sul;Saida de Pista;1;1;0;0;0;0;1
26/11/2015;05:19:00;69;com vítima;18,3;BR-116/CW;Norte;Colisão Traseira;1;3;2;0;0;0;1
26/11/2015;15:54:00;244;sem vítima;19;BR-116/PR;Norte;Saida de Pista;1;5;0;0;0;0;1
26/11/2015;16:30:00;257;sem vítima;8;BR-116/PR;Sul;Tombamento;1;2;0;0;0;0;1
26/11/2015;17:30:00;282;sem vítima;511,8;BR-116/PR;Norte;Tombamento;1;1;0;0;0;0;1
26/11/2015;18:27:00;298;sem vítima;426,6;BR-116/PR;Norte;Colisão Traseira;2;2;0;0;0;0;1
26/11/2015;22:33:00;361;sem vítima;484;BR-116/PR;Sul;Colisão Lateral;1;2;0;0;0;0;1
26/11/2015;23:51:00;388;com vítima;362,3;BR-116/PR;Sul;Tombamento;1;0;0;1;0;0;2
27/11/2015;00:48:00;20;com vítima;300,2;BR-116/PR;Sul;Tombamento;1;0;1;0;0;0;1
27/11/2015;06:38:00;99;sem vítima;468,3;BR-116/PR;Norte;Saida de Pista;1;2;0;0;0;0;1
27/11/2015;09:25:00;162;com vítima;352,8;BR-116/PR;Sul;Colisão Traseira;2;1;1;0;0;0;1
27/11/2015;15:17:00;286;sem vítima;413,8;BR-116/PR;Sul;Choque - Outros;1;2;0;0;0;0;1
27/11/2015;16:29:00;310;sem vítima;485,9;BR-116/PR;Sul;Objeto lançado contra veículo;1;2;0;0;0;0;1
27/11/2015;17:43:00;334;com vítima;403;BR-116/PR;Norte;Colisão Traseira;1;1;1;0;0;0;1
27/11/2015;20:05:00;372;com vítima;6;BR-116/CW;Norte;Saida de Pista;1;1;0;1;0;0;2
28/11/2015;00:51:00;15;sem vítima;347;BR-116/PR;Sul;Colisão Traseira;2;2;0;0;0;0;1
28/11/2015;04:29:00;75;sem vítima;518,15;BR-116/PR;Sul;Tombamento;1;1;0;0;0;0;1
28/11/2015;09:38:00;148;com vítima;538,8;BR-116/PR;Sul;Colisão Lateral;1;6;1;0;0;0;1
28/11/2015;13:17:00;223;com vítima;509,9;BR-116/PR;Sul;Colisão Traseira;2;1;1;0;0;0;1
28/11/2015;15:39:00;258;sem vítima;291,5;BR-116/PR;Sul;Colisão Lateral;1;2;0;0;0;0;1
28/11/2015;16:01:00;274;sem vítima;431,8;BR-116/PR;Sul;Colisão Traseira;1;3;0;0;0;0;1
29/11/2015;10:25:00;151;com vítima;450,1;BR-116/PR;Sul;Colisão Traseira;1;1;2;0;0;0;1
29/11/2015;16:54:00;258;sem vítima;370,4;BR-116/PR;Sul;Choque - Objeto sobre a pista;1;1;0;0;0;0;1
29/11/2015;17:52:00;281;sem vítima;40,6;BR-116/PR;Norte;Colisão Lateral;2;2;0;0;0;0;1
29/11/2015;22:55:00;353;sem vítima;290,1;BR-116/PR;Norte;Colisão Traseira;2;2;0;0;0;0;1
30/11/2015;06:34:00;71;sem vítima;280,4;BR-116/PR;Norte;Saida de Pista;1;2;0;0;0;0;1
30/11/2015;07:08:00;81;sem vítima;561,4;BR-116/PR;Norte;Tombamento;1;1;0;0;0;0;1
30/11/2015;10:04:00;149;sem vítima;289,5;BR-116/PR;Norte;Colisão Lateral;1;2;0;0;0;0;1
30/11/2015;13:39:00;218;com vítima;340;BR-116/PR;Norte;Choque - Defensa, barreira ou  submarino ;1;0;0;1;0;0;2
30/11/2015;15:54:00;255;sem vítima;566,4;BR-116/PR;Sul;Saida de Pista;1;1;0;0;0;0;1
30/11/2015;18:59:00;299;com vítima;351,4;BR-116/PR;Sul;Engavetamento;3;3;0;0;1;0;2
30/11/2015;22:12:00;334;sem vítima;280,3;BR-116/PR;Sul;Colisão Lateral;1;4;0;0;0;0;1
01/12/2015;04:04:00;58;sem vítima;291,5;BR-116/PR;Sul;Tombamento;1;2;0;0;0;0;1
01/12/2015;09:29:00;171;com vítima;545,2;BR-116/PR;Norte;Tombamento;1;0;2;1;0;0;2
01/12/2015;09:45:00;183;com vítima;385;BR-116/PR;Norte;Tombamento;1;1;1;0;0;0;1
01/12/2015;10:05:00;190;com vítima;65,9;BR-116/PR;Norte;Choque - Defensa, barreira ou  submarino ;1;0;1;1;0;0;2
01/12/2015;10:43:00;205;com vítima;380,9;BR-116/PR;Sul;Saida de Pista;1;1;0;1;0;0;2
01/12/2015;14:12:00;258;sem vítima;550,3;BR-116/PR;Norte;Tombamento;1;1;0;0;0;0;1
01/12/2015;20:08:00;353;sem vítima;18,4;BR-116/CW;Sul;Colisão Lateral;1;3;0;0;0;0;1
02/12/2015;01:09:00;23;sem vítima;403,9;BR-116/PR;Norte;Saida de Pista;1;2;0;0;0;0;1
02/12/2015;03:13:00;51;com vítima;280,2;BR-116/PR;Sul;Colisão Traseira;1;1;0;1;0;0;2
02/12/2015;14:21:00;241;sem vítima;426,6;BR-116/PR;Norte;Choque - Objeto sobre a pista;1;1;0;0;0;0;1
02/12/2015;04:00:00;62;sem vítima;533,2;BR-116/PR;Sul;Saida de Pista;1;1;0;0;0;0;1
02/12/2015;07:21:00;97;sem vítima;495,5;BR-116/PR;Norte;Tombamento;1;1;0;0;0;0;1
02/12/2015;08:02:00;106;sem vítima;16;BR-116/PR;Sul;Colisão Lateral;1;2;0;0;0;0;1
02/12/2015;22:33:00;377;com vítima;512;BR-116/PR;Sul;Engavetamento;3;2;1;0;0;0;1
03/12/2015;02:21:00;35;sem vítima;299,5;BR-116/PR;Norte;Colisão Lateral;2;2;0;0;0;0;1
03/12/2015;06:36:00;90;sem vítima;426,6;BR-116/PR;Norte;Colisão Lateral;1;2;0;0;0;0;1
03/12/2015;13:23:00;249;sem vítima;361,3;BR-116/PR;Sul;Colisão Traseira;1;2;0;0;0;0;1
03/12/2015;15:49:00;294;com vítima;331;BR-116/PR;Norte;Tombamento;1;0;1;0;0;0;1
03/12/2015;15:54:00;298;sem vítima;517,7;BR-116/PR;Norte;Saida de Pista;1;1;0;0;0;0;1
03/12/2015;16:57:00;320;sem vítima;14,2;BR-116/CW;Sul;Colisão Traseira;1;2;0;0;0;0;1
03/12/2015;17:28:00;328;com vítima;1,5;BR-116/PR;Norte;Atropelamento - Ciclista;1;1;0;1;0;0;2
03/12/2015;22:01:00;393;sem vítima;464,2;BR-116/PR;Norte;Choque - Objeto sobre a pista;1;2;0;0;0;0;1
04/12/2015;05:41:00;71;sem vítima;423,8;BR-116/PR;Sul;Colisão Traseira;1;2;0;0;0;0;1
04/12/2015;07:46:00;108;sem vítima;351,3;BR-116/PR;Norte;Tombamento;1;3;0;0;0;0;1
04/12/2015;10:35:00;190;com vítima;355,8;BR-116/PR;Norte;Objeto lançado contra veículo;2;4;1;0;0;0;1
04/12/2015;12:14:00;222;com vítima;279,6;BR-116/PR;Sul;Choque - Defensa, barreira ou  submarino ;1;2;0;1;0;0;2
04/12/2015;15:33:00;289;sem vítima;485,7;BR-116/PR;Norte;Choque - Outros;1;1;0;0;0;0;1
04/12/2015;19:03:00;362;sem vítima;424,6;BR-116/PR;Sul;Colisão Traseira;1;2;0;0;0;0;1
05/12/2015;00:42:00;15;sem vítima;347,2;BR-116/PR;Sul;Colisão Traseira;1;25;0;0;0;0;1
05/12/2015;16:01:00;284;sem vítima;300,5;BR-116/PR;Sul;Colisão Lateral;1;3;0;0;0;0;1
06/12/2015;13:25:00;201;sem vítima;561,5;BR-116/PR;Sul;Saida de Pista;1;2;0;0;0;0;1
06/12/2015;15:28:00;232;sem vítima;7,3;BR-116/PR;Sul;Tombamento;1;2;0;0;0;0;1
06/12/2015;16:07:00;245;sem vítima;377;BR-116/PR;Norte;Colisão Traseira;2;2;0;0;0;0;1
07/12/2015;10:28:00;177;com vítima;24;BR-116/PR;Norte;Tombamento;1;0;1;0;0;0;1
07/12/2015;11:34:00;194;sem vítima;280,8;BR-116/PR;Norte;Colisão Traseira;2;2;0;0;0;0;1
07/12/2015;21:39:00;345;sem vítima;322,9;BR-116/PR;Sul;Colisão Traseira;1;2;0;0;0;0;1
07/12/2015;23:49:00;379;sem vítima;376,9;BR-116/PR;Norte;Colisão Traseira;2;2;0;0;0;0;1
08/12/2015;00:51:00;17;com vítima;508,3;BR-116/PR;Norte;Colisão Traseira;2;0;3;0;0;0;1
08/12/2015;02:41:00;37;sem vítima;509;BR-116/PR;Norte;Colisão Traseira;3;3;0;0;0;0;1
08/12/2015;06:04:00;78;sem vítima;496,1;BR-116/PR;Norte;Saida de Pista;1;1;0;0;0;0;1
08/12/2015;06:24:00;84;sem vítima;59,2;BR-116/PR;Norte;Choque - Objeto sobre a pista;1;1;0;0;0;0;1
08/12/2015;13:18:00;233;sem vítima;349,2;BR-116/PR;Sul;Choque - Outros;1;1;0;0;0;0;1
08/12/2015;14:02:00;245;sem vítima;421;BR-116/PR;Norte;Objeto lançado contra veículo;1;1;0;0;0;0;1
08/12/2015;14:20:00;252;sem vítima;507,95;BR-116/PR;Norte;Saida de Pista;1;1;0;0;0;0;1
08/12/2015;15:22:00;267;sem vítima;426;BR-116/PR;Norte;Choque - Suporte de Sinalização;1;1;0;0;0;0;1
08/12/2015;16:46:00;290;com vítima;279,5;BR-116/PR;Norte;Colisão Traseira;1;1;1;0;0;0;1
10/12/2015;20:25:00;390;sem vítima;560;BR-116/PR;Norte;Saida de Pista;1;1;0;0;0;0;1
10/12/2015;21:50:00;411;sem vítima;347;BR-116/PR;Sul;Colisão Traseira;2;2;0;0;0;0;1
10/12/2015;04:24:00;64;com vítima;321;BR-116/PR;Norte;Engavetamento;1;4;0;1;0;0;2
10/12/2015;08:11:00;122;sem vítima;562,5;BR-116/PR;Norte;Colisão Lateral;1;4;0;0;0;0;1
10/12/2015;10:09:00;183;sem vítima;425,7;BR-116/PR;Norte;Choque - Objeto sobre a pista;1;1;0;0;0;0;1
10/12/2015;13:27:00;258;sem vítima;270,3;BR-116/PR;Norte;Colisão Traseira;1;3;0;0;0;0;1
10/12/2015;17:39:00;351;sem vítima;281;BR-116/PR;Sul;Engavetamento;2;4;0;0;0;0;1
10/12/2015;20:22:00;389;sem vítima;347,1;BR-116/PR;Sul;Colisão Traseira;2;2;0;0;0;0;1
11/12/2015;02:28:00;33;sem vítima;518;BR-116/PR;Norte;Tombamento;1;1;0;0;0;0;1
11/12/2015;05:37:00;66;com vítima;509,5;BR-116/PR;Sul;Saida de Pista;1;0;1;0;0;0;1
11/12/2015;10:50:00;166;sem vítima;289,5;BR-116/PR;Norte;Colisão Traseira;2;4;0;0;0;0;1
11/12/2015;15:48:00;275;sem vítima;470,3;BR-116/PR;Sul;Colisão Traseira;2;2;0;0;0;0;1
11/12/2015;15:51:00;278;sem vítima;515,8;BR-116/PR;Sul;Outros;1;1;0;0;0;0;1
11/12/2015;20:29:00;340;sem vítima;279;BR-116/PR;Sul;Choque - Suporte de Sinalização;1;2;0;0;0;0;1
11/12/2015;21:47:00;360;sem vítima;57,2;BR-116/PR;Norte;Choque - Cancela de Pedagio;1;1;0;0;0;0;1