data;horario;n_da_ocorrencia;tipo_de_ocorrencia;km;trecho;sentido;tipo_de_acidente;caminhao;ilesos;levemente_feridos;moderadamente_feridos;gravemente_feridos;mortos;3
12/12/2015;01:39:00;34;sem vítima;23,85;BR-116/PR;Sul;Saida de Pista;1;1;0;0;0;0;1
12/12/2015;09:27:00;145;com vítima;290;BR-116/PR;Norte;Capotamento;1;1;2;0;0;0;1
12/12/2015;17:38:00;305;sem vítima;1,8;BR-116/PR;Sul;Colisão Traseira;1;2;0;0;0;0;1
12/12/2015;18:28:00;321;sem vítima;347,3;BR-116/PR;Sul;Colisão Lateral;2;2;0;0;0;0;1
12/12/2015;22:07:00;375;com vítima;18,7;BR-116/PR;Norte;Tombamento;1;0;1;0;0;0;1
13/12/2015;02:53:00;40;com vítima;552;BR-116/PR;Sul;Tombamento;1;1;1;1;0;0;2
13/12/2015;10:16:00;137;sem vítima;22,9;BR-116/PR;Norte;Saida de Pista;2;2;0;0;0;0;1
13/12/2015;13:42:00;200;sem vítima;379,1;BR-116/PR;Norte;Colisão Traseira;2;2;0;0;0;0;1
13/12/2015;21:29:00;392;sem vítima;555;BR-116/PR;Norte;Colisão Traseira;1;5;0;0;0;0;1
14/12/2015;19:20:00;377;com vítima;331;BR-116/PR;Sul;Colisão Traseira;1;1;1;0;0;0;1
14/12/2015;09:25:00;157;com vítima;17,8;BR-116/PR;Norte;Tombamento;1;0;0;1;0;0;2
14/12/2015;12:39:00;231;sem vítima;283,3;BR-116/PR;Norte;Colisão Traseira;1;4;0;0;0;0;1
14/12/2015;19:12:00;375;sem vítima;443;BR-116/PR;Norte;Saida de Pista;1;1;0;0;0;0;1
15/12/2015;10:46:00;212;com vítima;391,5;BR-116/PR;Sul;Tombamento;1;2;2;0;0;0;1
15/12/2015;14:58:00;300;com vítima;34,5;BR-116/PR;Sul;Colisão Lateral;1;1;1;0;0;0;1
16/12/2015;00:08:00;8;sem vítima;364,7;BR-116/PR;Sul;Choque - Objeto sobre a pista;2;2;0;0;0;0;1
16/12/2015;08:02:00;131;sem vítima;309,3;BR-116/PR;Norte;Colisão Lateral;1;2;0;0;0;0;1
16/12/2015;08:18:00;139;sem vítima;351;BR-116/PR;Sul;Saida de Pista;1;1;0;0;0;0;1
16/12/2015;12:41:00;231;sem vítima;298,3;BR-116/PR;Sul;Choque - Defensa, barreira ou  submarino ;1;1;0;0;0;0;1
16/12/2015;16:56:00;312;com vítima;511,5;BR-116/PR;Norte;Tombamento;1;0;1;0;0;1;3
17/12/2015;02:36:00;39;sem vítima;270,4;BR-116/PR;Norte;Colisão Lateral;1;3;0;0;0;0;1
17/12/2015;03:15:00;48;sem vítima;390,5;BR-116/PR;Norte;Saida de Pista;1;1;0;0;0;0;1
17/12/2015;06:18:00;79;com vítima;362,6;BR-116/PR;Sul;Tombamento;2;1;0;0;0;1;3
17/12/2015;07:26:00;96;sem vítima;556;BR-116/PR;Sul;Choque - Talude;1;1;0;0;0;0;1
17/12/2015;11:23:00;190;sem vítima;339,5;BR-116/PR;Sul;Colisão Traseira;2;2;0;0;0;0;1
17/12/2015;13:46:00;246;com vítima;270,3;BR-116/PR;Norte;Engavetamento;1;2;1;0;0;0;1
17/12/2015;15:51:00;281;sem vítima;422,9;BR-116/PR;Sul;Choque - Objeto sobre a pista;1;1;0;0;0;0;1
17/12/2015;16:19:00;288;sem vítima;555,4;BR-116/PR;Norte;Saida de Pista;1;3;0;0;0;0;1
18/12/2015;01:38:00;34;sem vítima;341,1;BR-116/PR;Sul;Colisão Traseira;1;43;0;0;0;0;1
18/12/2015;15:45:00;328;com vítima;409;BR-116/PR;Sul;Saida de Pista;1;1;1;0;0;0;1
18/12/2015;16:13:00;340;com vítima;284,9;BR-116/PR;Sul;Colisão Traseira;1;1;2;0;0;0;1
18/12/2015;17:56:00;376;sem vítima;543;BR-116/PR;Sul;Objeto lançado contra veículo;1;1;0;0;0;0;1
18/12/2015;21:54:00;454;sem vítima;430,3;BR-116/PR;Norte;Tombamento;1;1;0;0;0;0;1
19/12/2015;09:39:00;171;sem vítima;270;BR-116/PR;Norte;Colisão Traseira;1;3;0;0;0;0;1
19/12/2015;14:43:00;278;sem vítima;57,2;BR-116/PR;Sul;Colisão Lateral;1;3;0;0;0;0;1
19/12/2015;18:46:00;385;com vítima;545;BR-116/PR;Norte;Choque - Defensa, barreira ou  submarino ;1;2;1;0;0;0;1
19/12/2015;19:18:00;394;com vítima;47,8;BR-116/PR;Sul;Tombamento;1;0;1;0;0;0;1
20/12/2015;02:15:00;34;com vítima;503,3;BR-116/PR;Sul;Objeto lançado contra veículo;1;0;1;5;0;0;2
20/12/2015;04:59:00;58;sem vítima;426,6;BR-116/PR;Norte;Colisão Traseira;1;5;0;0;0;0;1
20/12/2015;09:57:00;129;sem vítima;47,8;BR-116/PR;Norte;Colisão Lateral;2;2;0;0;0;0;1
20/12/2015;17:51:00;304;sem vítima;565;BR-116/PR;Sul;Colisão Traseira;1;2;0;0;0;0;1
20/12/2015;20:24:00;360;com vítima;22,5;BR-116/PR;Sul;Colisão Lateral;1;2;1;0;0;0;1
21/12/2015;15:36:00;274;sem vítima;15,5;BR-116/PR;Norte;Colisão Traseira;1;4;0;0;0;0;1
21/12/2015;06:44:00;79;sem vítima;284,1;BR-116/PR;Sul;Tombamento;1;2;0;0;0;0;1
21/12/2015;09:33:00;154;sem vítima;306;BR-116/PR;Norte;Saida de Pista;1;1;0;0;0;0;1
21/12/2015;12:39:00;220;sem vítima;515;BR-116/PR;Norte;Saida de Pista;1;1;0;0;0;0;1
21/12/2015;13:11:00;230;sem vítima;316,5;BR-116/PR;Norte;Colisão Lateral;1;2;0;0;0;0;1
21/12/2015;16:58:00;311;com vítima;446,5;BR-116/PR;Sul;Tombamento;2;2;1;0;0;0;1
21/12/2015;19:52:00;367;com vítima;507;BR-116/PR;Norte;Saida de Pista;2;1;0;1;0;0;2
22/12/2015;14:59:00;286;sem vítima;386,5;BR-116/PR;Sul;Colisão Lateral;1;2;0;0;0;0;1
22/12/2015;16:39:00;338;sem vítima;283,6;BR-116/PR;Sul;Colisão Lateral;1;8;0;0;0;0;1
23/12/2015;00:05:00;2;sem vítima;457,3;BR-116/PR;Norte;Colisão Lateral;2;2;0;0;0;0;1
23/12/2015;03:45:00;61;sem vítima;499,5;BR-116/PR;Sul;Tombamento;1;1;0;0;0;0;1
23/12/2015;09:33:00;164;com vítima;302;BR-116/PR;Sul;Colisão Lateral;1;4;1;0;0;0;1
23/12/2015;11:06:00;197;sem vítima;349,4;BR-116/PR;Sul;Colisão Lateral;1;2;0;0;0;0;1
23/12/2015;14:59:00;280;sem vítima;57,2;BR-116/PR;Norte;Colisão Lateral;1;2;0;0;0;0;1
23/12/2015;16:45:00;331;sem vítima;21,6;BR-116/PR;Sul;Não Def;1;4;0;0;0;0;1
24/12/2015;08:52:00;140;sem vítima;70;BR-116/PR;Sul;Choque - Outros;1;1;0;0;0;0;1
24/12/2015;15:44:00;294;sem vítima;370,8;BR-116/PR;Sul;Choque - Cancela de Pedagio;1;1;0;0;0;0;1
24/12/2015;18:50:00;359;com vítima;15;BR-116/PR;Sul;Engavetamento;2;5;1;1;0;0;2
25/12/2015;20:21:00;266;sem vítima;515,5;BR-116/PR;Sul;Saida de Pista;1;1;0;0;0;0;1
26/12/2015;13:27:00;187;com vítima;339,2;BR-116/PR;Norte;Colisão Traseira;1;3;2;0;0;0;1
26/12/2015;14:44:00;215;sem vítima;485,7;BR-116/PR;Sul;Choque - Cancela de Pedagio;1;1;0;0;0;0;1
27/12/2015;04:09:00;60;sem vítima;521,9;BR-116/PR;Sul;Saida de Pista;1;2;0;0;0;0;1
27/12/2015;15:31:00;258;sem vítima;360,2;BR-116/PR;Sul;Colisão Traseira;1;2;0;0;0;0;1
27/12/2015;17:20:00;314;sem vítima;561,6;BR-116/PR;Sul;Choque - Talude;1;1;0;0;0;0;1
28/12/2015;02:42:00;39;com vítima;303,5;BR-116/PR;Norte;Tombamento;1;0;1;0;0;0;1
29/12/2015;09:10:00;143;sem vítima;359,6;BR-116/PR;Norte;Colisão Traseira;1;5;0;0;0;0;1
29/12/2015;15:07:00;262;sem vítima;7,95;BR-116/PR;Norte;Choque - Defensa, barreira ou  submarino ;1;1;0;0;0;0;1
29/12/2015;17:31:00;315;sem vítima;543;BR-116/PR;Sul;Choque - Suporte de Sinalização;1;1;0;0;0;0;1
29/12/2015;23:40:00;426;com vítima;567,5;BR-116/PR;Norte;Choque - Defensa, barreira ou  submarino ;1;0;1;0;0;0;1
30/12/2015;10:56:00;191;com vítima;363,75;BR-116/PR;Norte;Tombamento;1;1;1;0;0;0;1
30/12/2015;17:14:00;306;sem vítima;277,65;BR-116/PR;Norte;Colisão Traseira;1;2;0;0;0;0;1
30/12/2015;17:16:00;307;sem vítima;398;BR-116/PR;Sul;Colisão Traseira;1;3;0;0;0;0;1
01/01/2016;20:46:00;219;sem vítima;20,9;BR-116/PR;Norte;Choque - Defensa, barreira ou  submarino ;1;1;0;0;0;0;1
02/01/2016;09:48:00;126;sem vítima;300;BR-116/SP;Sul;Choque - Defensa, barreira ou  submarino ;1;1;0;0;0;0;1
02/01/2016;11:00:00;139;com vítima;385,4;BR-116/SP;Norte;Choque - Defensa, barreira ou  submarino ;1;0;2;0;0;0;1
02/01/2016;14:32:00;207;sem vítima;515,5;BR-116/SP;Norte;Colisão Transversal;1;6;0;0;0;0;1
02/01/2016;14:44:00;213;sem vítima;533,5;BR-116/SP;Sul;Choque - Elemento de Drenagem;1;1;0;0;0;0;1
02/01/2016;17:15:00;287;sem vítima;48,3;BR-116/PR;Norte;Colisão Lateral;1;2;0;0;0;0;1
02/01/2016;23:55:00;408;sem vítima;57,7;BR-116/PR;Norte;Saida de Pista;1;1;0;0;0;0;1
03/01/2016;04:28:00;48;sem vítima;373,2;BR-116/SP;Norte;Choque - Objeto sobre a pista;1;1;0;0;0;0;1
03/01/2016;11:43:00;163;com vítima;564,3;BR-116/SP;Sul;Tombamento;1;0;1;0;0;0;1
03/01/2016;11:44:00;164;sem vítima;509,5;BR-116/SP;Sul;Colisão Lateral;1;3;0;0;0;0;1
04/01/2016;01:39:00;35;sem vítima;21,8;BR-116/PR;Sul;Choque - Objeto sobre a pista;1;1;0;0;0;0;1
05/01/2016;03:29:00;61;sem vítima;435,5;BR-116/SP;Sul;Choque - Defensa, barreira ou  submarino ;1;1;0;0;0;0;1
05/01/2016;08:34:00;129;sem vítima;565,5;BR-116/SP;Sul;Choque - Objeto sobre a pista;1;1;0;0;0;0;1
05/01/2016;18:12:00;360;sem vítima;0,2;BR-116/PR;Sul;Tombamento;1;1;0;0;0;0;1
06/01/2016;02:26:00;39;com vítima;518,7;BR-116/SP;Sul;Colisão Traseira;2;1;0;1;0;0;2
06/01/2016;07:49:00;107;sem vítima;476;BR-116/SP;Sul;Colisão Lateral;1;3;0;0;0;0;1
06/01/2016;11:59:00;220;sem vítima;370,7;BR-116/SP;Sul;Colisão Traseira;1;2;0;0;0;0;1
06/01/2016;19:41:00;386;sem vítima;321;BR-116/SP;Norte;Choque - Objeto sobre a pista;1;1;0;0;0;0;1
07/01/2016;14:59:00;269;sem vítima;431;BR-116/SP;Sul;Colisão Traseira;2;2;0;0;0;0;1
07/01/2016;16:58:00;319;sem vítima;57,2;BR-116/PR;Sul;Choque - Cancela de Pedagio;1;1;0;0;0;0;1
07/01/2016;02:05:00;35;sem vítima;352,2;BR-116/SP;Sul;Tombamento;1;1;0;0;0;0;1
07/01/2016;03:36:00;56;sem vítima;426,6;BR-116/SP;Sul;Choque - Objeto sobre a pista;1;1;0;0;0;0;1
07/01/2016;06:44:00;86;sem vítima;388,7;BR-116/SP;Norte;Tombamento;1;1;0;0;0;0;1
07/01/2016;11:19:00;186;sem vítima;57,2;BR-116/PR;Norte;Colisão Lateral;1;2;0;0;0;0;1
08/01/2016;04:24:00;62;com vítima;421,5;BR-116/SP;Norte;Colisão Traseira;2;2;1;0;0;0;1
08/01/2016;17:35:00;305;com vítima;412,9;BR-116/SP;Norte;Colisão Traseira;1;1;0;0;1;0;2
08/01/2016;19:14:00;332;sem vítima;279,5;BR-116/SP;Sul;Engavetamento;1;4;0;0;0;0;1
08/01/2016;21:50:00;372;com vítima;544,9;BR-116/SP;Norte;Tombamento;1;0;0;1;0;0;2
09/01/2016;10:42:00;172;sem vítima;57;BR-116/PR;Norte;Choque - Cancela de Pedagio;1;1;0;0;0;0;1
09/01/2016;15:26:00;260;com vítima;40,1;BR-116/PR;Norte;Capotamento;1;4;1;0;0;0;1
09/01/2016;17:12:00;300;sem vítima;548,8;BR-116/SP;Sul;Engavetamento;1;8;0;0;0;0;1
09/01/2016;19:28:00;345;sem vítima;430,3;BR-116/SP;Norte;Saida de Pista;1;2;0;0;0;0;1
09/01/2016;20:32:00;367;sem vítima;305,9;BR-116/SP;Sul;Saida de Pista;1;3;0;0;0;0;1
09/01/2016;23:11:00;396;sem vítima;315,4;BR-116/SP;Norte;Choque - Defensa, barreira ou  submarino ;1;2;0;0;0;0;1
10/01/2016;03:57:00;63;sem vítima;445,1;BR-116/SP;Norte;Colisão Lateral;1;2;0;0;0;0;1
10/01/2016;09:09:00;130;sem vítima;54,35;BR-116/PR;Norte;Saida de Pista;1;2;0;0;0;0;1
10/01/2016;12:25:00;196;com vítima;487,7;BR-116/SP;Norte;Colisão Traseira;2;6;2;0;0;0;1
10/01/2016;14:29:00;227;sem vítima;283,8;BR-116/SP;Norte;Objeto lançado contra veículo;1;1;0;0;0;0;1
10/01/2016;17:00:00;280;com vítima;7;BR-116/PR;Sul;Colisão Lateral;1;3;1;0;0;0;1
10/01/2016;20:37:00;354;sem vítima;298,8;BR-116/SP;Norte;Colisão Traseira;1;2;0;0;0;0;1
11/01/2016;00:04:00;2;sem vítima;404,6;BR-116/SP;Norte;Saida de Pista;1;1;0;0;0;0;1
11/01/2016;17:52:00;375;com vítima;555;BR-116/SP;Norte;Tombamento;1;0;1;0;0;0;1
11/01/2016;17:56:00;377;sem vítima;359,2;BR-116/SP;Sul;Colisão Traseira;2;2;0;0;0;0;1
11/01/2016;19:48:00;409;sem vítima;351,3;BR-116/SP;Sul;Saida de Pista;1;1;0;0;0;0;1
11/01/2016;21:09:00;440;sem vítima;426,6;BR-116/SP;Norte;Colisão Lateral;1;3;0;0;0;0;1
11/01/2016;22:13:00;461;sem vítima;26;BR-116/PR;Norte;Saida de Pista;1;1;0;0;0;0;1
11/01/2016;22:20:00;465;com vítima;320,4;BR-116/SP;Norte;Colisão Traseira;1;4;2;0;0;0;1
12/01/2016;00:29:00;10;sem vítima;368;BR-116/SP;Sul;Saida de Pista;1;1;0;0;0;0;1
12/01/2016;01:28:00;22;sem vítima;281,1;BR-116/SP;Sul;Saida de Pista;1;2;0;0;0;0;1
13/01/2016;02:29:00;50;com vítima;43;BR-116/PR;Norte;Tombamento;1;0;1;0;0;0;1
13/01/2016;07:53:00;130;sem vítima;15,7;BR-116/PR;Norte;Tombamento;1;1;0;0;0;0;1
13/01/2016;09:59:00;192;com vítima;14,2;BR-116/PR;Sul;Saida de Pista;1;0;1;0;0;0;1
13/01/2016;18:58:00;363;sem vítima;28;BR-116/PR;Norte;Tombamento;1;1;0;0;0;0;1
13/01/2016;20:12:00;381;sem vítima;513,1;BR-116/SP;Sul;Choque - Veiculo parado na pista;2;2;0;0;0;0;1
13/01/2016;20:28:00;384;sem vítima;343,9;BR-116/SP;Norte;Colisão Lateral;2;3;0;0;0;0;1
14/01/2016;01:13:00;25;sem vítima;491,7;BR-116/SP;Norte;Colisão Traseira;1;3;0;0;0;0;1
14/01/2016;07:36:00;90;sem vítima;459,5;BR-116/SP;Sul;Tombamento;1;1;0;0;0;0;1
14/01/2016;09:24:00;138;sem vítima;339;BR-116/SP;Sul;Colisão Traseira;2;2;0;0;0;0;1
14/01/2016;09:32:00;143;sem vítima;335;BR-116/SP;Norte;Engavetamento;2;3;0;0;0;0;1
14/01/2016;13:56:00;230;sem vítima;367;BR-116/SP;Sul;Choque - Defensa, barreira ou  submarino ;1;1;0;0;0;0;1
14/01/2016;16:37:00;275;sem vítima;28;BR-116/PR;Norte;Colisão Traseira;2;2;0;0;0;0;1
14/01/2016;17:30:00;290;com vítima;294;BR-116/SP;Sul;Colisão Traseira;1;3;2;0;0;0;1
15/01/2016;19:05:00;367;com vítima;507,5;BR-116/SP;Norte;Tombamento;1;0;1;0;0;0;1
15/01/2016;22:28:00;418;sem vítima;426,6;BR-116/SP;Sul;Colisão Traseira;1;30;0;0;0;0;1
15/01/2016;04:27:00;79;sem vítima;455,1;BR-116/SP;Sul;Saida de Pista;1;2;0;0;0;0;1
15/01/2016;04:32:00;81;sem vítima;19,35;BR-116/PR;Sul;Colisão Traseira;2;2;0;0;0;0;1
16/01/2016;08:59:00;130;sem vítima;543;BR-116/SP;Sul;Colisão Traseira;2;2;0;0;0;0;1
16/01/2016;14:04:00;228;com vítima;455,1;BR-116/SP;Norte;Tombamento;1;2;1;0;0;0;1
17/01/2016;09:08:00;146;sem vítima;355;BR-116/SP;Norte;Colisão Traseira;1;5;0;0;0;0;1
17/01/2016;11:33:00;182;com vítima;514,1;BR-116/SP;Norte;Tombamento;1;0;1;0;0;0;1
17/01/2016;23:34:00;382;sem vítima;316,6;BR-116/SP;Norte;Engavetamento;2;10;0;0;0;0;1
18/01/2016;06:03:00;72;sem vítima;388,5;BR-116/SP;Norte;Saida de Pista;1;2;0;0;0;0;1
18/01/2016;06:41:00;79;sem vítima;290,5;BR-116/SP;Norte;Tombamento;1;1;0;0;0;0;1
19/01/2016;12:52:00;186;sem vítima;330,5;BR-116/SP;Norte;Colisão Traseira;1;3;0;0;0;0;1
19/01/2016;16:11:00;249;sem vítima;498,7;BR-116/SP;Sul;Saida de Pista;1;1;0;0;0;0;1
19/01/2016;16:44:00;262;sem vítima;298,5;BR-116/SP;Sul;Colisão Traseira;1;5;0;0;0;0;1
19/01/2016;23:36:00;343;sem vítima;535,6;BR-116/SP;Norte;Saida de Pista;1;1;0;0;0;0;1
20/01/2016;07:30:00;82;sem vítima;290,1;BR-116/SP;Norte;Tombamento;1;2;0;0;0;0;1
20/01/2016;10:18:00;156;com vítima;380,9;BR-116/SP;Norte;Tombamento;1;0;1;0;0;0;1
20/01/2016;23:42:00;380;sem vítima;509;BR-116/SP;Norte;Colisão Traseira;2;4;0;0;0;0;1
21/01/2016;01:18:00;24;com vítima;503,3;BR-116/SP;Sul;Tombamento;1;0;1;0;0;0;1
21/01/2016;07:28:00;91;sem vítima;542,9;BR-116/SP;Norte;Colisão Traseira;2;2;0;0;0;0;1
21/01/2016;10:32:00;174;sem vítima;8,1;BR-116/PR;Sul;Colisão Lateral;2;2;0;0;0;0;1
21/01/2016;11:49:00;191;sem vítima;543;BR-116/SP;Sul;Colisão Traseira;1;2;0;0;0;0;1
21/01/2016;17:55:00;308;sem vítima;57,2;BR-116/PR;Norte;Choque - Cancela de Pedagio;1;1;0;0;0;0;1
21/01/2016;22:56:00;354;sem vítima;355,7;BR-116/SP;Norte;Objeto lançado contra veículo;2;3;0;0;0;0;1
22/01/2016;04:44:00;63;sem vítima;507,7;BR-116/SP;Norte;Colisão Traseira;2;2;0;0;0;0;1
22/01/2016;05:43:00;75;sem vítima;522,5;BR-116/SP;Sul;Choque - Defensa, barreira ou  submarino ;1;1;0;0;0;0;1
22/01/2016;11:57:00;201;sem vítima;519,5;BR-116/SP;Sul;Saida de Pista;1;1;0;0;0;0;1
22/01/2016;16:35:00;289;sem vítima;17,8;BR-116/CW;Norte;Colisão Traseira;1;3;0;0;0;0;1
23/01/2016;16:32:00;279;com vítima;439,3;BR-116/SP;Norte;Atropelamento - Funcionário;1;1;0;1;0;0;2
24/01/2016;05:18:00;59;sem vítima;310,2;BR-116/SP;Norte;Choque - Talude;1;3;0;0;0;0;1
24/01/2016;11:24:00;138;sem vítima;485,7;BR-116/SP;Norte;Choque - Cancela de Pedagio;1;1;0;0;0;0;1
24/01/2016;23:20:00;342;sem vítima;426,6;BR-116/SP;Sul;Colisão Lateral;2;3;0;0;0;0;1
25/01/2016;05:39:00;90;sem vítima;426;BR-116/SP;Norte;Colisão Traseira;2;2;0;0;0;0;1
25/01/2016;17:34:00;348;sem vítima;59;BR-116/PR;Norte;Colisão Traseira;1;5;0;0;0;0;1
26/01/2016;12:21:00;255;com vítima;445;BR-116/SP;Sul;Colisão Lateral;1;1;1;0;0;0;1
26/01/2016;12:43:00;264;sem vítima;284,5;BR-116/SP;Sul;Colisão Traseira;1;2;0;0;0;0;1
26/01/2016;16:31:00;337;com vítima;506,8;BR-116/SP;Sul;Saida de Pista;1;1;0;1;0;0;2
26/01/2016;17:13:00;354;sem vítima;356;BR-116/SP;Norte;Colisão Traseira;2;2;0;0;0;0;1
26/01/2016;19:26:00;399;com vítima;359,9;BR-116/SP;Sul;Tombamento;1;0;1;0;0;0;1
27/01/2016;11:24:00;225;sem vítima;51;BR-116/PR;Sul;Colisão Traseira;2;2;0;0;0;0;1
27/01/2016;16:44:00;333;sem vítima;306,5;BR-116/SP;Sul;Saida de Pista;1;2;0;0;0;0;1
27/01/2016;16:55:00;338;sem vítima;18,4;BR-116/PR;Norte;Saida de Pista;1;1;0;0;0;0;1
27/01/2016;17:29:00;350;sem vítima;279;BR-116/SP;Norte;Colisão Traseira;1;2;0;0;0;0;1
28/01/2016;01:43:00;36;sem vítima;356;BR-116/SP;Sul;Colisão Traseira;1;6;0;0;0;0;1
28/01/2016;09:28:00;172;com vítima;363,8;BR-116/SP;Norte;Tombamento;1;4;1;0;0;0;1
28/01/2016;09:59:00;181;sem vítima;503,1;BR-116/SP;Norte;Saida de Pista;1;1;0;0;0;0;1
28/01/2016;14:01:00;247;sem vítima;544,2;BR-116/SP;Sul;Saida de Pista;1;2;0;0;0;0;1
28/01/2016;17:47:00;331;sem vítima;24,2;BR-116/PR;Sul;Capotamento;1;3;0;0;0;0;1
28/01/2016;18:16:00;345;com vítima;290;BR-116/SP;Norte;Capotamento;1;1;2;0;0;0;1
29/01/2016;03:56:00;52;sem vítima;19,3;BR-116/PR;Sul;Colisão Traseira;2;2;0;0;0;0;1
29/01/2016;03:57:00;53;com vítima;359,3;BR-116/SP;Norte;Tombamento;2;1;1;0;0;0;1
29/01/2016;06:00:00;69;com vítima;36,8;BR-116/PR;Sul;Tombamento;1;1;1;0;0;0;1
29/01/2016;07:54:00;94;sem vítima;369;BR-116/SP;Norte;Colisão Lateral;1;2;0;0;0;0;1
29/01/2016;13:04:00;220;sem vítima;487,15;BR-116/SP;Norte;Colisão Traseira;2;2;0;0;0;0;1
29/01/2016;13:07:00;222;sem vítima;347,9;BR-116/SP;Norte;Choque - Defensa, barreira ou  submarino ;1;1;0;0;0;0;1
29/01/2016;18:54:00;327;sem vítima;2,9;BR-116/CW;Norte;Capotamento;1;4;0;0;0;0;1
30/01/2016;03:50:00;51;sem vítima;561;BR-116/SP;Sul;Choque - Defensa, barreira ou  submarino ;1;1;0;0;0;0;1
30/01/2016;06:32:00;82;sem vítima;525,5;BR-116/SP;Sul;Tombamento;1;1;0;0;0;0;1
30/01/2016;06:47:00;86;sem vítima;20;BR-116/PR;Sul;Saida de Pista;1;1;0;0;0;0;1
30/01/2016;10:50:00;179;sem vítima;56;BR-116/PR;Sul;Colisão Traseira;2;3;0;0;0;0;1
30/01/2016;11:54:00;196;sem vítima;535,2;BR-116/SP;Sul;Colisão Traseira;2;2;0;0;0;0;1
30/01/2016;15:27:00;261;sem vítima;401,8;BR-116/SP;Norte;Choque - Defensa, barreira ou  submarino ;1;2;0;0;0;0;1
30/01/2016;18:28:00;335;sem vítima;283;BR-116/SP;Sul;Colisão Traseira;1;4;0;0;0;0;1
30/01/2016;21:18:00;393;sem vítima;494,2;BR-116/SP;Norte;Colisão Traseira;1;4;0;0;0;0;1
31/01/2016;00:14:00;6;sem vítima;351;BR-116/SP;Sul;Saida de Pista;2;3;0;0;0;0;1
31/01/2016;02:49:00;41;sem vítima;439,8;BR-116/SP;Norte;Saida de Pista;1;1;0;0;0;0;1
31/01/2016;09:23:00;133;sem vítima;61;BR-116/PR;Norte;Colisão Traseira;2;2;0;0;0;0;1
31/01/2016;18:04:00;332;sem vítima;544,1;BR-116/SP;Norte;Tombamento;1;1;0;0;0;0;1
01/02/2016;16:18:00;301;sem vítima;543;BR-116/SP;Sul;Choque - Poste;1;1;0;0;0;0;1
01/02/2016;17:14:00;328;sem vítima;57;BR-116/PR;Norte;Choque - Cancela de Pedagio;1;1;0;0;0;0;1
01/02/2016;18:32:00;368;sem vítima;426,6;BR-116/SP;Sul;Choque - Cancela de Pedagio;1;1;0;0;0;0;1
02/02/2016;03:23:00;51;sem vítima;462,2;BR-116/SP;Sul;Tombamento;1;3;0;0;0;0;1
02/02/2016;03:25:00;53;sem vítima;63,4;BR-116/PR;Norte;Atropelamento - Animal;1;1;0;0;0;0;1
02/02/2016;15:18:00;253;sem vítima;431,8;BR-116/SP;Sul;Choque - Objeto sobre a pista;1;1;0;0;0;0;1
02/02/2016;18:06:00;313;com vítima;485,7;BR-116/SP;Norte;Colisão Transversal;2;1;0;0;1;0;2
02/02/2016;21:25:00;364;com vítima;567,2;BR-116/SP;Sul;Saida de Pista;1;0;1;0;0;0;1
02/02/2016;22:51:00;380;sem vítima;542,9;BR-116/SP;Sul;Colisão Traseira;2;2;0;0;0;0;1
03/02/2016;00:10:00;5;sem vítima;277,5;BR-116/SP;Sul;Colisão Traseira;1;2;0;0;0;0;1
03/02/2016;01:12:00;30;com vítima;385;BR-116/SP;Norte;Tombamento;1;0;0;1;0;0;2
03/02/2016;04:53:00;80;com vítima;473,9;BR-116/SP;Norte;Tombamento;1;1;1;0;0;0;1
03/02/2016;09:25:00;137;sem vítima;344;BR-116/SP;Norte;Colisão Traseira;2;2;0;0;0;0;1
03/02/2016;11:07:00;168;sem vítima;19,4;BR-116/PR;Sul;Colisão Traseira;2;2;0;0;0;0;1
03/02/2016;14:12:00;222;sem vítima;475,3;BR-116/SP;Norte;Colisão Lateral;1;3;0;0;0;0;1
03/02/2016;20:48:00;344;sem vítima;364;BR-116/SP;Sul;Choque - Objeto sobre a pista;2;2;0;0;0;0;1
03/02/2016;21:18:00;347;sem vítima;336,3;BR-116/SP;Sul;Colisão Traseira;2;3;0;0;0;0;1
04/02/2016;01:35:00;36;sem vítima;542,9;BR-116/SP;Norte;Colisão Traseira;2;2;0;0;0;0;1
04/02/2016;03:47:00;60;sem vítima;7,6;BR-116/PR;Sul;Tombamento;1;1;0;0;0;0;1
04/02/2016;05:09:00;75;com vítima;567,3;BR-116/SP;Sul;Choque - Defensa, barreira ou  submarino ;1;0;1;0;0;0;1
04/02/2016;05:24:00;79;com vítima;278,3;BR-116/SP;Sul;Tombamento;1;1;2;0;0;0;1
04/02/2016;06:23:00;86;sem vítima;457,2;BR-116/SP;Norte;Colisão Traseira;1;2;0;0;0;0;1
04/02/2016;08:20:00;126;com vítima;485,7;BR-116/SP;Norte;Colisão Traseira;2;4;1;0;0;0;1
04/02/2016;11:29:00;190;sem vítima;346,4;BR-116/SP;Sul;Colisão Lateral;2;3;0;0;0;0;1
04/02/2016;15:02:00;251;com vítima;490,5;BR-116/SP;Sul;Colisão Traseira;2;2;1;0;0;0;1
04/02/2016;18:08:00;313;sem vítima;504;BR-116/SP;Sul;Saida de Pista;1;1;0;0;0;0;1
05/02/2016;10:26:00;198;sem vítima;426,6;BR-116/SP;Sul;Choque - Cancela de Pedagio;1;1;0;0;0;0;1
05/02/2016;13:33:00;279;sem vítima;281;BR-116/SP;Sul;Colisão Lateral;1;2;0;0;0;0;1
05/02/2016;13:53:00;289;sem vítima;280;BR-116/SP;Sul;Colisão Traseira;1;4;0;0;0;0;1
05/02/2016;14:39:00;309;sem vítima;514,2;BR-116/SP;Norte;Saida de Pista;1;1;0;0;0;0;1
05/02/2016;16:00:00;348;com vítima;42;BR-116/PR;Norte;Colisão Frontal;1;2;1;2;0;0;2
05/02/2016;17:11:00;370;sem vítima;563;BR-116/SP;Sul;Colisão Lateral;1;2;0;0;0;0;1
05/02/2016;22:23:00;462;sem vítima;500;BR-116/SP;Norte;Colisão Traseira;2;4;0;0;0;0;1