data;horario;n_da_ocorrencia;tipo_de_ocorrencia;km;trecho;sentido;tipo_de_acidente;caminhao;ilesos;levemente_feridos;moderadamente_feridos;gravemente_feridos;mortos;3
06/02/2016;01:24:00;27;sem vítima;554,1;BR-116/SP;Sul;Colisão Traseira;2;2;0;0;0;0;1
06/02/2016;02:12:00;43;sem vítima;57,2;BR-116/PR;Sul;Colisão Traseira;1;6;0;0;0;0;1
06/02/2016;05:08:00;86;sem vítima;500,9;BR-116/SP;Sul;Saida de Pista;1;1;0;0;0;0;1
06/02/2016;14:03:00;249;com vítima;328;BR-116/SP;Norte;Capotamento;1;1;1;0;0;0;1
06/02/2016;14:05:00;252;sem vítima;360,3;BR-116/SP;Sul;Colisão Traseira;2;2;0;0;0;0;1
07/02/2016;07:37:00;102;sem vítima;28,5;BR-116/PR;Norte;Choque - Defensa, barreira ou  submarino ;1;1;0;0;0;0;1
07/02/2016;14:14:00;230;sem vítima;559,9;BR-116/SP;Norte;Saida de Pista;1;1;0;0;0;0;1
08/02/2016;14:24:00;183;sem vítima;485,7;BR-116/SP;Norte;Colisão Traseira;2;3;0;0;0;0;1
08/02/2016;14:46:00;186;com vítima;326,5;BR-116/SP;Sul;Tombamento;3;4;1;0;0;0;1
09/02/2016;17:15:00;319;sem vítima;503,2;BR-116/SP;Sul;Tombamento;1;1;0;0;0;0;1
10/02/2016;07:16:00;108;sem vítima;302;BR-116/SP;Norte;Saida de Pista;1;2;0;0;0;0;1
10/02/2016;14:58:00;267;sem vítima;421;BR-116/SP;Sul;Colisão Traseira;1;4;0;0;0;0;1
10/02/2016;15:15:00;274;sem vítima;14,6;BR-116/PR;Sul;Outros;1;1;0;0;0;0;1
10/02/2016;15:51:00;291;sem vítima;339,8;BR-116/SP;Sul;Choque - Defensa, barreira ou  submarino ;1;2;0;0;0;0;1
10/02/2016;17:20:00;317;sem vítima;429;BR-116/SP;Sul;Colisão Traseira;1;2;0;0;0;0;1
10/02/2016;17:45:00;320;com vítima;426,6;BR-116/SP;Sul;Atropelamento - Funcionário;1;1;1;0;0;0;1
11/02/2016;01:24:00;29;sem vítima;275,3;BR-116/SP;Sul;Colisão Lateral;1;2;0;0;0;0;1
11/02/2016;18:10:00;262;sem vítima;357,7;BR-116/SP;Sul;Engavetamento;2;3;0;0;0;0;1
11/02/2016;21:05:00;303;sem vítima;48;BR-116/PR;Sul;Colisão Lateral;2;2;0;0;0;0;1
11/02/2016;21:08:00;305;sem vítima;46,1;BR-116/PR;Sul;Tombamento;1;2;0;0;0;0;1
13/02/2016;09:34:00;160;sem vítima;2,8;BR-116/PR;Sul;Tombamento;1;1;0;0;0;0;1
13/02/2016;10:04:00;171;sem vítima;566,1;BR-116/SP;Sul;Saida de Pista;1;1;0;0;0;0;1
14/02/2016;14:26:00;216;com vítima;498,95;BR-116/SP;Sul;Saida de Pista;1;0;1;0;0;0;1
14/02/2016;17:00:00;299;sem vítima;565,3;BR-116/SP;Sul;Colisão Traseira;1;4;0;0;0;0;1
14/02/2016;20:19:00;371;sem vítima;542,9;BR-116/SP;Norte;Colisão Traseira;1;2;0;0;0;0;1
15/02/2016;03:59:00;58;sem vítima;14;BR-116/PR;Sul;Colisão Traseira;1;6;0;0;0;0;1
15/02/2016;11:17:00;191;sem vítima;446;BR-116/SP;Norte;Colisão Traseira;1;2;0;0;0;0;1
15/02/2016;17:15:00;309;sem vítima;522;BR-116/SP;Sul;Tombamento;1;1;0;0;0;0;1
15/02/2016;22:14:00;390;sem vítima;515,8;BR-116/SP;Norte;Saida de Pista;1;2;0;0;0;0;1
16/02/2016;03:35:00;52;sem vítima;23,9;BR-116/PR;Norte;Saida de Pista;1;1;0;0;0;0;1
16/02/2016;05:01:00;64;com vítima;269,5;BR-116/SP;Norte;Colisão Lateral;1;3;2;0;0;0;1
16/02/2016;16:03:00;291;sem vítima;8;BR-116/PR;Sul;Colisão Traseira;1;2;0;0;0;0;1
16/02/2016;17:30:00;345;sem vítima;509,7;BR-116/SP;Norte;Saida de Pista;1;1;0;0;0;0;1
16/02/2016;18:02:00;358;sem vítima;285;BR-116/SP;Sul;Colisão Lateral;1;3;0;0;0;0;1
16/02/2016;23:24:00;448;sem vítima;433,4;BR-116/SP;Norte;Saida de Pista;1;2;0;0;0;0;1
17/02/2016;02:49:00;36;sem vítima;560,8;BR-116/SP;Sul;Saida de Pista;1;1;0;0;0;0;1
17/02/2016;07:00:00;80;com vítima;414;BR-116/SP;Norte;Colisão Traseira;1;1;2;0;0;0;1
17/02/2016;14:17:00;261;sem vítima;284,9;BR-116/SP;Sul;Colisão Traseira;2;2;0;0;0;0;1
17/02/2016;15:09:00;271;sem vítima;560,3;BR-116/SP;Sul;Choque - Defensa, barreira ou  submarino ;1;1;0;0;0;0;1
17/02/2016;16:04:00;291;sem vítima;4,9;BR-116/PR;Norte;Saida de Pista;1;1;0;0;0;0;1
17/02/2016;21:05:00;357;sem vítima;8;BR-116/PR;Sul;Saida de Pista;1;2;0;0;0;0;1
18/02/2016;07:07:00;125;sem vítima;386;BR-116/SP;Sul;Colisão Traseira;2;2;0;0;0;0;1
18/02/2016;07:38:00;135;com vítima;313,4;BR-116/SP;Norte;Saida de Pista;1;1;0;1;0;0;2
18/02/2016;12:05:00;244;sem vítima;284;BR-116/SP;Norte;Colisão Traseira;1;2;0;0;0;0;1
18/02/2016;12:12:00;246;sem vítima;459;BR-116/SP;Sul;Choque - Defensa, barreira ou  submarino ;1;1;0;0;0;0;1
18/02/2016;16:53:00;343;com vítima;48;BR-116/PR;Norte;Colisão Traseira;1;2;2;0;0;0;1
18/02/2016;17:24:00;346;sem vítima;456,3;BR-116/SP;Sul;Colisão Traseira;1;2;0;0;0;0;1
18/02/2016;17:52:00;358;com vítima;457,3;BR-116/SP;Sul;Engavetamento;3;5;1;0;0;0;1
18/02/2016;19:23:00;381;sem vítima;385;BR-116/SP;Norte;Tombamento;1;1;0;0;0;0;1
18/02/2016;22:43:00;434;sem vítima;444,8;BR-116/SP;Sul;Colisão Lateral;1;3;0;0;0;0;1
19/02/2016;01:03:00;31;com vítima;327,7;BR-116/SP;Norte;Choque - Talude;1;0;1;0;0;0;1
19/02/2016;03:02:00;48;com vítima;549;BR-116/SP;Sul;Choque - Defensa, barreira ou  submarino ;1;0;1;0;0;0;1
19/02/2016;08:31:00;136;com vítima;444,9;BR-116/SP;Norte;Atropelamento - Outros;1;1;0;0;0;1;3
19/02/2016;14:50:00;250;com vítima;511,6;BR-116/SP;Norte;Tombamento;1;0;1;0;0;0;1
19/02/2016;17:02:00;296;sem vítima;348;BR-116/SP;Norte;Saida de Pista;1;1;0;0;0;0;1
19/02/2016;18:56:00;335;sem vítima;347,3;BR-116/SP;Sul;Colisão Traseira;2;2;0;0;0;0;1
19/02/2016;19:07:00;336;sem vítima;298,6;BR-116/SP;Sul;Colisão Traseira;1;2;0;0;0;0;1
20/02/2016;12:54:00;234;sem vítima;322,5;BR-116/SP;Sul;Colisão Lateral;2;2;0;0;0;0;1
20/02/2016;14:25:00;260;com vítima;28;BR-116/PR;Norte;Tombamento;1;1;1;0;0;0;1
20/02/2016;16:00:00;292;com vítima;288,7;BR-116/SP;Norte;Colisão Lateral;1;1;1;0;0;0;1
20/02/2016;17:05:00;309;sem vítima;426,6;BR-116/SP;Sul;Colisão Traseira;1;3;0;0;0;0;1
21/02/2016;00:57:00;15;sem vítima;42,8;BR-116/PR;Sul;Tombamento;1;2;0;0;0;0;1
21/02/2016;16:46:00;258;sem vítima;526,1;BR-116/SP;Norte;Colisão Lateral;1;5;0;0;0;0;1
21/02/2016;23:05:00;345;com vítima;477,2;BR-116/SP;Norte;Colisão Traseira;1;1;1;0;0;0;1
21/02/2016;23:57:00;356;com vítima;322,5;BR-116/SP;Sul;Colisão Lateral;1;1;1;0;0;0;1
22/02/2016;01:44:00;25;com vítima;17;BR-116/PR;Sul;Choque - Outros;1;0;1;0;0;0;1
22/02/2016;02:23:00;33;sem vítima;418,8;BR-116/SP;Sul;Tombamento;1;2;0;0;0;0;1
22/02/2016;17:23:00;284;sem vítima;560,9;BR-116/SP;Sul;Colisão Traseira;1;3;0;0;0;0;1
22/02/2016;21:55:00;328;sem vítima;36,8;BR-116/PR;Sul;Tombamento;1;1;0;0;0;0;1
23/02/2016;07:35:00;103;sem vítima;346;BR-116/SP;Sul;Colisão Traseira;1;4;0;0;0;0;1
23/02/2016;09:19:00;137;sem vítima;56;BR-116/PR;Norte;Colisão Traseira;1;5;0;0;0;0;1
23/02/2016;10:38:00;168;com vítima;12,4;BR-116/PR;Sul;Colisão Frontal;1;2;1;0;0;0;1
24/02/2016;08:12:00;114;sem vítima;70,6;BR-116/PR;Norte;Tombamento;1;2;0;0;0;0;1
24/02/2016;08:23:00;118;sem vítima;321;BR-116/SP;Norte;Colisão Traseira;2;3;0;0;0;0;1
24/02/2016;18:39:00;325;sem vítima;361;BR-116/SP;Norte;Colisão Lateral;2;2;0;0;0;0;1
24/02/2016;23:26:00;378;com vítima;511,5;BR-116/SP;Norte;Tombamento;1;1;0;1;0;0;2
25/02/2016;07:46:00;117;com vítima;511,7;BR-116/SP;Norte;Tombamento;1;1;1;0;0;0;1
25/02/2016;08:46:00;137;sem vítima;459;BR-116/SP;Sul;Saida de Pista;1;3;0;0;0;0;1
25/02/2016;12:13:00;208;com vítima;302,3;BR-116/SP;Norte;Choque - Defensa, barreira ou  submarino ;1;3;1;0;0;0;1
25/02/2016;12:36:00;213;sem vítima;433,3;BR-116/SP;Norte;Colisão Traseira;3;3;0;0;0;0;1
25/02/2016;19:58:00;331;sem vítima;294;BR-116/SP;Norte;Tombamento;1;3;0;0;0;0;1
25/02/2016;21:07:00;349;sem vítima;5,9;BR-116/PR;Norte;Colisão Lateral;2;2;0;0;0;0;1
26/02/2016;11:05:00;189;sem vítima;364;BR-116/SP;Sul;Colisão Lateral;2;2;0;0;0;0;1
26/02/2016;13:09:00;223;sem vítima;502,9;BR-116/SP;Norte;Saida de Pista;1;1;0;0;0;0;1
26/02/2016;14:28:00;234;sem vítima;280,95;BR-116/SP;Sul;Saida de Pista;1;2;0;0;0;0;1
26/02/2016;17:19:00;288;sem vítima;426,6;BR-116/SP;Sul;Choque - Cancela de Pedagio;1;1;0;0;0;0;1
26/02/2016;22:45:00;365;sem vítima;37,1;BR-116/PR;Sul;Saida de Pista;1;1;0;0;0;0;1
27/02/2016;03:15:00;65;sem vítima;546,2;BR-116/SP;Sul;Tombamento;1;1;0;0;0;0;1
27/02/2016;03:35:00;69;com vítima;23,3;BR-116/PR;Norte;Tombamento;1;0;1;0;0;0;1
27/02/2016;12:59:00;194;com vítima;29,5;BR-116/PR;Norte;Choque - Defensa, barreira ou  submarino ;1;0;1;0;0;0;1
28/02/2016;09:28:00;140;sem vítima;37,6;BR-116/PR;Sul;Colisão Lateral;2;2;0;0;0;0;1
28/02/2016;11:02:00;173;sem vítima;16,9;BR-116/PR;Norte;Tombamento;1;1;0;0;0;0;1
28/02/2016;13:19:00;210;sem vítima;21,5;BR-116/PR;Norte;Saida de Pista;1;1;0;0;0;0;1
28/02/2016;23:34:00;367;sem vítima;461,1;BR-116/SP;Norte;Saida de Pista;1;3;0;0;0;0;1
29/02/2016;00:18:00;10;sem vítima;516,5;BR-116/SP;Norte;Saida de Pista;1;1;0;0;0;0;1
29/02/2016;04:50:00;68;com vítima;492,9;BR-116/SP;Norte;Tombamento;1;0;1;0;0;0;1
29/02/2016;08:45:00;152;com vítima;544,4;BR-116/SP;Sul;Tombamento;1;0;1;0;0;0;1
29/02/2016;17:35:00;321;sem vítima;485,7;BR-116/SP;Norte;Colisão Traseira;1;2;0;0;0;0;1
29/02/2016;17:59:00;329;sem vítima;352,8;BR-116/SP;Sul;Choque - Talude;1;1;0;0;0;0;1
29/02/2016;19:48:00;347;sem vítima;489,4;BR-116/SP;Sul;Tombamento;1;2;0;0;0;0;1
29/02/2016;20:56:00;366;sem vítima;60,5;BR-116/PR;Norte;Tombamento;1;1;0;0;0;0;1
29/02/2016;21:33:00;378;com vítima;464;BR-116/SP;Sul;Atropelamento - Outros;1;2;0;0;0;1;3
29/02/2016;23:27:00;402;com vítima;269,9;BR-116/SP;Norte;Colisão Transversal;1;1;0;1;1;0;2
01/03/2016;08:19:00;126;com vítima;336,3;BR-116/SP;Sul;Tombamento;1;0;1;0;0;0;1
01/03/2016;10:35:00;192;sem vítima;57,2;BR-116/PR;Sul;Choque - Cancela de Pedagio;1;1;0;0;0;0;1
01/03/2016;12:07:00;219;sem vítima;56,3;BR-116/PR;Norte;Colisão Lateral;1;3;0;0;0;0;1
01/03/2016;16:07:00;288;sem vítima;347,9;BR-116/SP;Sul;Engavetamento;2;4;0;0;0;0;1
01/03/2016;16:39:00;300;sem vítima;347,8;BR-116/SP;Sul;Colisão Lateral;2;2;0;0;0;0;1
02/03/2016;04:38:00;79;com vítima;467,8;BR-116/SP;Norte;Colisão Transversal;1;1;0;1;0;0;2
02/03/2016;07:33:00;117;com vítima;42,5;BR-116/PR;Norte;Tombamento;1;1;1;0;0;0;1
02/03/2016;08:10:00;131;com vítima;477;BR-116/SP;Sul;Colisão Traseira;1;1;0;1;0;0;2
02/03/2016;09:45:00;171;sem vítima;57;BR-116/PR;Sul;Choque - Defensa, barreira ou  submarino ;1;1;0;0;0;0;1
02/03/2016;10:11:00;186;sem vítima;426;BR-116/SP;Sul;Colisão Traseira;1;2;0;0;0;0;1
02/03/2016;12:55:00;240;com vítima;42,45;BR-116/PR;Norte;Tombamento;1;1;1;0;0;0;1
02/03/2016;19:11:00;368;sem vítima;405;BR-116/SP;Norte;Colisão Traseira;1;2;0;0;0;0;1
02/03/2016;19:34:00;372;com vítima;445,3;BR-116/SP;Sul;Choque - Defensa, barreira ou  submarino ;1;3;1;0;0;0;1
02/03/2016;23:09:00;405;com vítima;357,5;BR-116/SP;Norte;Tombamento;1;0;0;1;0;0;2
03/03/2016;00:51:00;16;sem vítima;502,8;BR-116/SP;Sul;Colisão Lateral;1;5;0;0;0;0;1
03/03/2016;03:46:00;67;sem vítima;355,8;BR-116/SP;Norte;Colisão Traseira;2;2;0;0;0;0;1
03/03/2016;04:02:00;70;sem vítima;515,9;BR-116/SP;Sul;Saida de Pista;1;2;0;0;0;0;1
03/03/2016;05:57:00;97;sem vítima;519,2;BR-116/SP;Sul;Tombamento;1;1;0;0;0;0;1
03/03/2016;09:19:00;171;com vítima;15,4;BR-116/PR;Norte;Colisão Traseira;1;1;1;0;0;0;1
03/03/2016;16:52:00;335;sem vítima;347;BR-116/SP;Sul;Colisão Traseira;2;2;0;0;0;0;1
04/03/2016;00:40:00;29;sem vítima;312,4;BR-116/SP;Sul;Colisão Traseira;2;3;0;0;0;0;1
04/03/2016;06:15:00;92;sem vítima;279;BR-116/SP;Norte;Colisão Traseira;1;2;0;0;0;0;1
04/03/2016;09:04:00;161;sem vítima;564,3;BR-116/SP;Sul;Saida de Pista;1;1;0;0;0;0;1
04/03/2016;17:55:00;335;sem vítima;347,7;BR-116/SP;Sul;Engavetamento;3;4;0;0;0;0;1
06/03/2016;12:02:00;185;com vítima;32,7;BR-116/PR;Norte;Tombamento;1;0;1;0;0;0;1
06/03/2016;13:27:00;209;com vítima;514,3;BR-116/SP;Norte;Colisão Traseira;2;0;2;0;0;0;1
06/03/2016;22:47:00;362;com vítima;16,9;BR-116/CW;Norte;Colisão Traseira;1;4;1;0;0;0;1
06/03/2016;23:48:00;376;sem vítima;335,7;BR-116/SP;Norte;Saida de Pista;1;1;0;0;0;0;1
07/03/2016;06:30:00;90;sem vítima;31,9;BR-116/PR;Norte;Colisão Lateral;1;2;0;0;0;0;1
07/03/2016;07:22:00;105;sem vítima;282,7;BR-116/SP;Norte;Colisão Traseira;1;3;0;0;0;0;1
07/03/2016;09:41:00;169;sem vítima;352,7;BR-116/SP;Sul;Tombamento;1;1;0;0;0;0;1
07/03/2016;17:57:00;323;com vítima;560,4;BR-116/SP;Sul;Choque - Defensa, barreira ou  submarino ;1;0;0;0;1;0;2
08/03/2016;10:16:00;194;com vítima;347,8;BR-116/SP;Sul;Tombamento;1;0;1;0;0;0;1
08/03/2016;14:29:00;268;sem vítima;8,2;BR-116/CW;Sul;Colisão Traseira;1;2;0;0;0;0;1
08/03/2016;21:22:00;381;sem vítima;23,9;BR-116/PR;Sul;Colisão Traseira;2;2;0;0;0;0;1
08/03/2016;23:52:00;418;sem vítima;562,5;BR-116/SP;Norte;Saida de Pista;1;2;0;0;0;0;1
09/03/2016;06:52:00;93;sem vítima;284,7;BR-116/SP;Sul;Tombamento;1;2;0;0;0;0;1
09/03/2016;09:23:00;160;sem vítima;282;BR-116/SP;Norte;Colisão Lateral;1;2;0;0;0;0;1
09/03/2016;09:58:00;174;com vítima;42,5;BR-116/PR;Sul;Colisão Traseira;2;1;1;0;0;0;1
09/03/2016;22:41:00;423;sem vítima;286;BR-116/SP;Norte;Tombamento;1;1;0;0;0;0;1
10/03/2016;01:01:00;25;com vítima;30,1;BR-116/PR;Sul;Choque - Talude;1;0;0;1;0;0;2
10/03/2016;04:41:00;70;sem vítima;406,3;BR-116/SP;Norte;Tombamento;1;1;0;0;0;0;1
10/03/2016;13:31:00;255;sem vítima;545;BR-116/SP;Norte;Choque - Defensa, barreira ou  submarino ;1;2;0;0;0;0;1
10/03/2016;14:21:00;269;com vítima;363,7;BR-116/SP;Norte;Atropelamento - Funcionário;1;1;1;0;0;0;1
10/03/2016;14:59:00;284;sem vítima;511;BR-116/SP;Sul;Choque - Defensa, barreira ou  submarino ;1;2;0;0;0;0;1
10/03/2016;20:28:00;388;sem vítima;339,4;BR-116/SP;Sul;Colisão Lateral;1;4;0;0;0;0;1
11/03/2016;06:13:00;116;sem vítima;505,5;BR-116/SP;Sul;Colisão Traseira;1;3;0;0;0;0;1
11/03/2016;21:51:00;404;sem vítima;284,7;BR-116/SP;Sul;Colisão Lateral;1;3;0;0;0;0;1
12/03/2016;02:53:00;55;com vítima;479,4;BR-116/SP;Norte;Colisão Transversal;1;1;2;0;0;0;1
12/03/2016;09:09:00;148;sem vítima;312,95;BR-116/SP;Norte;Colisão Traseira;1;2;0;0;0;0;1
12/03/2016;10:15:00;171;sem vítima;469;BR-116/SP;Sul;Saida de Pista;1;1;0;0;0;0;1
12/03/2016;14:49:00;240;sem vítima;426,6;BR-116/SP;Norte;Colisão Traseira;1;4;0;0;0;0;1
12/03/2016;17:25:00;293;sem vítima;57,2;BR-116/PR;Norte;Choque - Outros;1;1;0;0;0;0;1
12/03/2016;17:34:00;301;com vítima;511,1;BR-116/SP;Sul;Choque - Defensa, barreira ou  submarino ;1;0;1;0;0;0;1
13/03/2016;08:45:00;154;sem vítima;516,3;BR-116/SP;Norte;Colisão Traseira;2;3;0;0;0;0;1
14/03/2016;04:46:00;87;com vítima;363,5;BR-116/SP;Norte;Tombamento;1;0;2;0;0;0;1
14/03/2016;07:30:00;129;sem vítima;417,8;BR-116/SP;Sul;Tombamento;1;1;0;0;0;0;1
15/03/2016;05:21:00;102;sem vítima;58,8;BR-116/PR;Norte;Colisão Traseira;2;2;0;0;0;0;1
15/03/2016;07:35:00;134;sem vítima;321;BR-116/SP;Norte;Choque - Talude;1;1;0;0;0;0;1
15/03/2016;14:21:00;287;sem vítima;342;BR-116/SP;Norte;Tombamento;1;1;0;0;0;0;1
15/03/2016;16:22:00;327;sem vítima;355,4;BR-116/SP;Norte;Colisão Traseira;1;2;0;0;0;0;1
15/03/2016;17:50:00;351;sem vítima;355,2;BR-116/SP;Norte;Choque - Outros;2;2;0;0;0;0;1
15/03/2016;20:45:00;389;sem vítima;475,1;BR-116/SP;Norte;Saida de Pista;1;1;0;0;0;0;1
16/03/2016;03:24:00;63;com vítima;460,2;BR-116/SP;Norte;Colisão Traseira;1;2;1;0;0;0;1
16/03/2016;05:07:00;82;sem vítima;418,2;BR-116/SP;Norte;Choque - Talude;1;1;0;0;0;0;1
16/03/2016;08:50:00;145;com vítima;57,6;BR-116/PR;Norte;Tombamento;1;0;1;0;0;0;1
16/03/2016;09:53:00;174;sem vítima;515,3;BR-116/SP;Norte;Choque - Defensa, barreira ou  submarino ;1;1;0;0;0;0;1
16/03/2016;11:51:00;221;sem vítima;67;BR-116/PR;Norte;Colisão Lateral;2;2;0;0;0;0;1
16/03/2016;16:04:00;287;com vítima;363,7;BR-116/SP;Norte;Tombamento;1;0;0;1;0;0;2
17/03/2016;03:14:00;58;sem vítima;405,9;BR-116/SP;Norte;Saida de Pista;1;2;0;0;0;0;1
18/03/2016;17:37:00;355;sem vítima;281,8;BR-116/SP;Sul;Saida de Pista;1;1;0;0;0;0;1
18/03/2016;20:17:00;393;com vítima;508,9;BR-116/SP;Sul;Tombamento;1;0;1;0;0;0;1
20/03/2016;09:11:00;148;com vítima;397,3;BR-116/SP;Sul;Colisão Lateral;1;1;1;0;0;0;1
20/03/2016;11:52:00;204;com vítima;503,5;BR-116/SP;Sul;Tombamento;1;0;1;0;0;0;1
20/03/2016;12:19:00;208;com vítima;8;BR-116/PR;Sul;Choque - Defensa, barreira ou  submarino ;2;1;1;0;0;0;1
20/03/2016;14:12:00;230;com vítima;339,8;BR-116/SP;Norte;Tombamento;1;0;1;0;0;0;1
20/03/2016;15:28:00;253;com vítima;482,8;BR-116/SP;Sul;Atropelamento - Ciclista;1;1;0;0;1;0;2
20/03/2016;15:29:00;254;sem vítima;5;BR-116/PR;Norte;Colisão Traseira;1;5;0;0;0;0;1
20/03/2016;16:22:00;269;com vítima;289;BR-116/SP;Sul;Colisão Traseira;1;1;0;1;0;0;2
22/03/2016;10:10:00;183;com vítima;284;BR-116/SP;Sul;Colisão Lateral;1;3;1;0;0;0;1
22/03/2016;13:11:00;233;sem vítima;485,5;BR-116/SP;Norte;Colisão Traseira;1;2;0;0;0;0;1
23/03/2016;00:00:00;1;sem vítima;45;BR-116/PR;Norte;Colisão Traseira;2;2;0;0;0;0;1
23/03/2016;07:53:00;158;sem vítima;491,3;BR-116/SP;Sul;Colisão Lateral;1;2;0;0;0;0;1
23/03/2016;08:47:00;182;sem vítima;10,95;BR-116/CW;Norte;Colisão Lateral;1;2;0;0;0;0;1
23/03/2016;09:23:00;203;sem vítima;297;BR-116/SP;Norte;Colisão Traseira;1;2;0;0;0;0;1
23/03/2016;12:46:00;271;sem vítima;356,8;BR-116/SP;Sul;Saida de Pista;1;1;0;0;0;0;1
23/03/2016;13:00:00;274;sem vítima;321;BR-116/SP;Norte;Colisão Traseira;1;2;0;0;0;0;1
23/03/2016;18:39:00;388;sem vítima;394,8;BR-116/SP;Norte;Tombamento;1;2;0;0;0;0;1
23/03/2016;19:28:00;394;com vítima;39,3;BR-116/PR;Sul;Capotamento;1;7;1;0;0;0;1
23/03/2016;22:33:00;431;sem vítima;519,5;BR-116/SP;Sul;Tombamento;1;1;0;0;0;0;1
24/03/2016;04:46:00;83;sem vítima;438;BR-116/SP;Sul;Colisão Lateral;1;2;0;0;0;0;1
24/03/2016;20:51:00;406;sem vítima;490,2;BR-116/SP;Sul;Choque - Veiculo parado no acostamento;1;2;0;0;0;0;1
24/03/2016;23:22:00;442;com vítima;311;BR-116/SP;Sul;Queda de Moto;1;1;1;0;0;0;1
25/03/2016;00:32:00;18;com vítima;304,95;BR-116/SP;Sul;Tombamento;1;1;1;0;0;0;1
25/03/2016;06:22:00;101;sem vítima;494,7;BR-116/SP;Norte;Colisão Traseira;1;2;0;0;0;0;1
25/03/2016;14:12:00;273;com vítima;15,7;BR-116/PR;Sul;Saida de Pista;1;0;2;0;0;0;1
25/03/2016;21:19:00;389;sem vítima;504,2;BR-116/SP;Sul;Saida de Pista;1;1;0;0;0;0;1
26/03/2016;04:29:00;84;sem vítima;485,7;BR-116/SP;Sul;Choque - Defensa, barreira ou  submarino ;1;2;0;0;0;0;1
26/03/2016;22:54:00;349;com vítima;4,9;BR-116/PR;Norte;Tombamento;1;0;1;0;0;0;1
27/03/2016;16:10:00;291;sem vítima;515,6;BR-116/SP;Norte;Tombamento;1;1;0;0;0;0;1
28/03/2016;23:51:00;379;com vítima;458,1;BR-116/SP;Sul;Choque - Veiculo parado na pista;1;1;1;0;0;0;1
29/03/2016;14:48:00;267;sem vítima;348,9;BR-116/SP;Norte;Colisão Lateral;1;2;0;0;0;0;1
29/03/2016;18:33:00;352;sem vítima;567;BR-116/SP;Sul;Choque - Talude;1;1;0;0;0;0;1
29/03/2016;22:32:00;395;com vítima;480;BR-116/SP;Norte;Colisão Traseira;2;1;1;0;0;0;1
30/03/2016;05:11:00;83;sem vítima;518,95;BR-116/SP;Sul;Choque - Talude;1;1;0;0;0;0;1
30/03/2016;08:31:00;146;com vítima;363,8;BR-116/SP;Norte;Tombamento;1;0;0;1;0;0;2
30/03/2016;08:39:00;149;com vítima;303,3;BR-116/SP;Norte;Queda de Moto;1;2;0;1;0;0;2
30/03/2016;13:49:00;254;sem vítima;363;BR-116/SP;Sul;Saida de Pista;1;1;0;0;0;0;1
30/03/2016;23:59:00;421;sem vítima;502,8;BR-116/SP;Norte;Colisão Lateral;2;2;0;0;0;0;1
31/03/2016;02:32:00;64;sem vítima;409;BR-116/SP;Sul;Tombamento;1;3;0;0;0;0;1
31/03/2016;02:44:00;66;sem vítima;17,7;BR-116/PR;Sul;Colisão Traseira;1;2;0;0;0;0;1
31/03/2016;16:57:00;362;sem vítima;50,2;BR-116/PR;Norte;Tombamento;1;1;0;0;0;0;1
31/03/2016;17:54:00;378;sem vítima;290,4;BR-116/SP;Sul;Objeto lançado contra veículo;1;2;0;0;0;0;1
31/03/2016;19:56:00;402;com vítima;279,1;BR-116/SP;Sul;Choque - Defensa, barreira ou  submarino ;1;1;1;0;0;0;1
31/03/2016;23:56:00;455;com vítima;515,3;BR-116/SP;Norte;Saida de Pista;1;0;0;0;0;1;3
01/04/2016;03:16:00;47;com vítima;348,75;BR-116/SP;Sul;Colisão Traseira;2;1;1;0;0;0;1
01/04/2016;03:26:00;48;sem vítima;380;BR-116/SP;Sul;Colisão Traseira;2;2;0;0;0;0;1
01/04/2016;04:14:00;55;com vítima;453,3;BR-116/SP;Sul;Colisão Traseira;1;1;2;0;0;0;1
01/04/2016;04:48:00;62;sem vítima;527,5;BR-116/SP;Sul;Tombamento;1;1;0;0;0;0;1
01/04/2016;06:42:00;81;sem vítima;449,1;BR-116/SP;Norte;Colisão Lateral;2;2;0;0;0;0;1
01/04/2016;08:02:00;111;sem vítima;281,7;BR-116/SP;Norte;Colisão Lateral;1;3;0;0;0;0;1
02/04/2016;06:57:00;96;sem vítima;280;BR-116/SP;Sul;Colisão Lateral;1;2;0;0;0;0;1
02/04/2016;16:24:00;303;sem vítima;509,2;BR-116/SP;Norte;Saida de Pista;1;4;0;0;0;0;1
03/04/2016;03:59:00;62;com vítima;23,2;BR-116/PR;Norte;Tombamento;1;0;1;0;0;0;1
03/04/2016;16:11:00;264;com vítima;318,1;BR-116/SP;Norte;Colisão Traseira;1;2;2;0;0;0;1
03/04/2016;16:17:00;269;com vítima;377;BR-116/SP;Norte;Engavetamento;4;3;0;1;0;0;2
03/04/2016;17:08:00;293;com vítima;23,5;BR-116/PR;Sul;Colisão Traseira;1;3;2;0;0;0;1
03/04/2016;22:27:00;385;sem vítima;484;BR-116/SP;Norte;Tombamento;1;1;0;0;0;0;1
04/04/2016;09:43:00;145;sem vítima;70,5;BR-116/PR;Sul;Saida de Pista;1;3;0;0;0;0;1
04/04/2016;17:14:00;292;com vítima;354,95;BR-116/SP;Sul;Colisão Traseira;1;3;1;0;0;0;1
04/04/2016;23:14:00;381;sem vítima;411,95;BR-116/SP;Sul;Saida de Pista;1;1;0;0;0;0;1
05/04/2016;00:22:00;16;com vítima;351,4;BR-116/SP;Norte;Colisão Traseira;2;2;1;0;0;0;1
05/04/2016;04:42:00;83;sem vítima;502,8;BR-116/SP;Sul;Choque - Defensa, barreira ou  submarino ;1;2;0;0;0;0;1
05/04/2016;12:49:00;230;sem vítima;347,3;BR-116/SP;Norte;Colisão Traseira;2;4;0;0;0;0;1
05/04/2016;20:01:00;359;sem vítima;396,4;BR-116/SP;Norte;Saida de Pista;1;3;0;0;0;0;1
06/04/2016;02:37:00;51;com vítima;434,3;BR-116/SP;Sul;Saida de Pista;1;0;1;0;0;0;1