data;horario;n_da_ocorrencia;tipo_de_ocorrencia;km;trecho;sentido;tipo_de_acidente;caminhao;ilesos;levemente_feridos;moderadamente_feridos;gravemente_feridos;mortos;3
06/04/2016;17:38:00;308;com vítima;313,8;BR-116/SP;Norte;Capotamento;1;0;2;0;0;0;1
07/04/2016;00:02:00;1;com vítima;357,3;BR-116/SP;Sul;Tombamento;2;1;0;0;0;1;3
07/04/2016;13:09:00;242;sem vítima;345,5;BR-116/SP;Sul;Saida de Pista;1;1;0;0;0;0;1
07/04/2016;13:23:00;248;sem vítima;31;BR-116/PR;Norte;Choque - Objeto sobre a pista;1;1;0;0;0;0;1
07/04/2016;22:59:00;407;com vítima;51,3;BR-116/PR;Norte;Colisão Traseira;2;1;1;0;0;0;1
08/04/2016;10:39:00;189;com vítima;57,6;BR-116/PR;Norte;Tombamento;1;0;1;0;0;0;1
08/04/2016;14:26:00;254;com vítima;333,1;BR-116/SP;Norte;Colisão Traseira;2;1;0;0;1;0;2
08/04/2016;15:26:00;275;com vítima;482,8;BR-116/SP;Norte;Saida de Pista;3;1;2;0;0;0;1
08/04/2016;15:49:00;282;com vítima;347;BR-116/SP;Sul;Colisão Lateral;2;1;1;0;0;0;1
09/04/2016;00:43:00;22;com vítima;362,6;BR-116/SP;Sul;Tombamento;1;0;1;0;0;0;1
09/04/2016;15:26:00;271;sem vítima;270,6;BR-116/SP;Sul;Colisão Lateral;1;3;0;0;0;0;1
10/04/2016;16:31:00;260;sem vítima;282;BR-116/SP;Norte;Colisão Traseira;1;5;0;0;0;0;1
11/04/2016;15:20:00;271;sem vítima;49,3;BR-116/PR;Norte;Colisão Traseira;1;2;0;0;0;0;1
11/04/2016;19:05:00;347;com vítima;18,5;BR-116/PR;Norte;Tombamento;1;0;1;0;0;0;1
12/04/2016;05:46:00;98;sem vítima;310,2;BR-116/SP;Norte;Tombamento;1;2;0;0;0;0;1
12/04/2016;08:56:00;174;sem vítima;275;BR-116/SP;Sul;Colisão Traseira;2;3;0;0;0;0;1
12/04/2016;09:15:00;183;sem vítima;352,7;BR-116/SP;Norte;Engavetamento;3;3;0;0;0;0;1
12/04/2016;14:04:00;290;sem vítima;58;BR-116/PR;Norte;Colisão Traseira;1;4;0;0;0;0;1
12/04/2016;16:52:00;350;sem vítima;555;BR-116/SP;Sul;Colisão Lateral;1;3;0;0;0;0;1
12/04/2016;19:13:00;395;com vítima;473,5;BR-116/SP;Norte;Atropelamento - Ciclista;1;1;0;0;0;1;3
13/04/2016;06:32:00;104;sem vítima;349,8;BR-116/SP;Norte;Tombamento;1;1;0;0;0;0;1
13/04/2016;17:22:00;330;sem vítima;347,5;BR-116/SP;Sul;Colisão Lateral;3;30;0;0;0;0;1
13/04/2016;20:32:00;371;sem vítima;352,7;BR-116/SP;Sul;Colisão Traseira;2;2;0;0;0;0;1
14/04/2016;14:21:00;273;sem vítima;352,1;BR-116/SP;Sul;Choque - Arvore;1;2;0;0;0;0;1
15/04/2016;05:12:00;71;com vítima;295,2;BR-116/SP;Norte;Colisão Traseira;1;1;1;0;0;0;1
15/04/2016;14:09:00;246;sem vítima;281;BR-116/SP;Sul;Colisão Lateral;1;2;0;0;0;0;1
15/04/2016;14:11:00;248;com vítima;279;BR-116/SP;Sul;Colisão Traseira;1;3;1;0;0;0;1
15/04/2016;16:31:00;304;sem vítima;19,5;BR-116/PR;Sul;Colisão Traseira;2;2;0;0;0;0;1
15/04/2016;23:42:00;425;com vítima;316;BR-116/SP;Norte;Colisão Traseira;1;2;1;0;0;0;1
16/04/2016;03:40:00;62;com vítima;46,8;BR-116/PR;Sul;Choque - Defensa, barreira ou  submarino ;1;0;1;0;0;0;1
16/04/2016;03:56:00;65;sem vítima;350;BR-116/SP;Norte;Colisão Traseira;2;5;0;0;0;0;1
16/04/2016;17:01:00;309;sem vítima;36,8;BR-116/PR;Norte;Saida de Pista;1;1;0;0;0;0;1
16/04/2016;21:53:00;381;com vítima;32,5;BR-116/PR;Norte;Tombamento;1;0;1;0;0;0;1
17/04/2016;19:59:00;342;sem vítima;344,9;BR-116/SP;Norte;Tombamento;1;1;0;0;0;0;1
17/04/2016;23:00:00;391;com vítima;40,15;BR-116/PR;Norte;Tombamento;1;0;0;0;0;1;3
17/04/2016;23:00:00;392;sem vítima;472,5;BR-116/SP;Norte;Colisão Traseira;2;2;0;0;0;0;1
17/04/2016;23:44:00;403;com vítima;40,2;BR-116/PR;Norte;Colisão Traseira;2;1;0;1;0;0;2
18/04/2016;03:39:00;58;sem vítima;306;BR-116/SP;Norte;Tombamento;1;1;0;0;0;0;1
18/04/2016;08:15:00;108;sem vítima;307,5;BR-116/SP;Norte;Engavetamento;2;5;0;0;0;0;1
18/04/2016;11:57:00;187;sem vítima;52,2;BR-116/PR;Norte;Choque - Cancela de Pedagio;1;1;0;0;0;0;1
18/04/2016;13:15:00;211;com vítima;318,9;BR-116/SP;Sul;Colisão Traseira;1;2;3;0;0;0;1
18/04/2016;23:01:00;388;com vítima;47,7;BR-116/PR;Norte;Atropelamento - Andarilho;1;1;0;1;0;0;2
18/04/2016;23:17:00;402;sem vítima;370,4;BR-116/SP;Sul;Choque - Cancela de Pedagio;1;1;0;0;0;0;1
19/04/2016;08:08:00;135;sem vítima;294;BR-116/SP;Norte;Colisão Traseira;1;3;0;0;0;0;1
19/04/2016;09:34:00;170;com vítima;15,8;BR-116/CW;Sul;Atropelamento - Morador;1;1;0;0;1;0;2
19/04/2016;10:56:00;210;sem vítima;402;BR-116/SP;Norte;Saida de Pista;1;1;0;0;0;0;1
19/04/2016;22:59:00;432;sem vítima;347,8;BR-116/SP;Sul;Tombamento;1;2;0;0;0;0;1
20/04/2016;03:31:00;59;sem vítima;411,1;BR-116/SP;Norte;Tombamento;1;1;0;0;0;0;1
20/04/2016;03:49:00;61;sem vítima;39,4;BR-116/PR;Sul;Engavetamento;3;4;0;0;0;0;1
20/04/2016;04:27:00;67;com vítima;498,8;BR-116/SP;Sul;Saida de Pista;1;1;1;0;0;0;1
20/04/2016;20:12:00;380;com vítima;347;BR-116/SP;Sul;Choque - Defensa, barreira ou  submarino ;1;0;1;0;0;0;1
21/04/2016;00:02:00;2;sem vítima;501;BR-116/SP;Sul;Colisão Traseira;1;3;0;0;0;0;1
21/04/2016;08:31:00;128;sem vítima;472,2;BR-116/SP;Norte;Objeto lançado contra veículo;1;1;0;0;0;0;1
21/04/2016;08:50:00;142;sem vítima;40,1;BR-116/PR;Norte;Colisão Traseira;1;2;0;0;0;0;1
22/04/2016;11:52:00;182;com vítima;513,7;BR-116/SP;Norte;Tombamento;1;0;1;0;0;0;1
23/04/2016;05:32:00;90;sem vítima;407,5;BR-116/SP;Sul;Choque - Defensa, barreira ou  submarino ;1;1;0;0;0;0;1
23/04/2016;15:01:00;233;sem vítima;317,8;BR-116/SP;Sul;Colisão Lateral;1;5;0;0;0;0;1
23/04/2016;15:28:00;245;com vítima;499,6;BR-116/SP;Sul;Tombamento;1;1;2;0;0;0;1
24/04/2016;09:30:00;149;com vítima;48,5;BR-116/PR;Norte;Tombamento;1;0;1;0;0;0;1
24/04/2016;15:17:00;289;com vítima;504,1;BR-116/SP;Sul;Tombamento;1;0;1;0;0;0;1
24/04/2016;20:02:00;418;sem vítima;351;BR-116/SP;Norte;Colisão Traseira;1;2;0;0;0;0;1
24/04/2016;20:29:00;431;sem vítima;514,2;BR-116/SP;Norte;Tombamento;1;1;0;0;0;0;1
25/04/2016;11:31:00;197;com vítima;411,3;BR-116/SP;Norte;Colisão Traseira;1;0;2;0;0;0;1
25/04/2016;17:26:00;342;sem vítima;66;BR-116/PR;Sul;Choque - Defensa, barreira ou  submarino ;1;1;0;0;0;0;1
25/04/2016;20:41:00;392;sem vítima;548;BR-116/SP;Norte;Choque - Defensa, barreira ou  submarino ;1;5;0;0;0;0;1
25/04/2016;23:20:00;435;com vítima;466,8;BR-116/SP;Sul;Colisão Traseira;1;1;0;1;0;0;2
26/04/2016;01:17:00;23;com vítima;515,6;BR-116/SP;Norte;Tombamento;1;0;1;0;0;0;1
26/04/2016;09:08:00;141;sem vítima;490;BR-116/SP;Sul;Colisão Lateral;1;2;0;0;0;0;1
26/04/2016;11:17:00;201;sem vítima;32;BR-116/PR;Norte;Objeto lançado contra veículo;1;1;0;0;0;0;1
27/04/2016;00:59:00;29;sem vítima;499,5;BR-116/SP;Sul;Saida de Pista;1;3;0;0;0;0;1
27/04/2016;01:37:00;43;com vítima;344,5;BR-116/SP;Norte;Colisão Traseira;2;1;1;0;0;0;1
27/04/2016;08:15:00;106;sem vítima;476,8;BR-116/SP;Norte;Engavetamento;3;3;0;0;0;0;1
27/04/2016;08:21:00;111;sem vítima;363;BR-116/SP;Sul;Colisão Lateral;1;2;0;0;0;0;1
27/04/2016;10:39:00;165;sem vítima;515,2;BR-116/SP;Norte;Saida de Pista;1;1;0;0;0;0;1
27/04/2016;12:35:00;198;sem vítima;481,8;BR-116/SP;Sul;Colisão Lateral;1;2;0;0;0;0;1
27/04/2016;12:37:00;199;sem vítima;514;BR-116/SP;Norte;Saida de Pista;1;1;0;0;0;0;1
27/04/2016;14:41:00;228;com vítima;332;BR-116/SP;Sul;Colisão Traseira;1;2;1;0;0;0;1
27/04/2016;17:21:00;276;sem vítima;426;BR-116/SP;Sul;Colisão Traseira;2;5;0;0;0;0;1
28/04/2016;08:46:00;164;com vítima;509,7;BR-116/SP;Norte;Tombamento;1;0;0;1;0;0;2
28/04/2016;09:17:00;178;sem vítima;455;BR-116/SP;Sul;Saida de Pista;2;2;0;0;0;0;1
28/04/2016;09:20:00;181;sem vítima;286;BR-116/SP;Norte;Colisão Traseira;2;2;0;0;0;0;1
28/04/2016;13:12:00;239;sem vítima;531;BR-116/SP;Sul;Saida de Pista;1;1;0;0;0;0;1
28/04/2016;15:11:00;272;com vítima;347,3;BR-116/SP;Sul;Engavetamento;3;2;1;0;1;0;2
28/04/2016;16:58:00;315;sem vítima;57,2;BR-116/PR;Norte;Colisão Traseira;1;5;0;0;0;0;1
28/04/2016;17:35:00;322;sem vítima;346;BR-116/SP;Sul;Engavetamento;3;4;0;0;0;0;1
28/04/2016;21:49:00;383;sem vítima;347,1;BR-116/SP;Sul;Colisão Traseira;2;2;0;0;0;0;1
28/04/2016;23:12:00;408;com vítima;51,2;BR-116/PR;Norte;Colisão Traseira;2;1;0;1;0;0;2
29/04/2016;00:22:00;13;sem vítima;31,5;BR-116/PR;Sul;Colisão Traseira;2;2;0;0;0;0;1
29/04/2016;08:07:00;129;com vítima;16;BR-116/CW;Sul;Colisão Transversal;1;1;1;0;0;0;1
29/04/2016;08:12:00;131;com vítima;0,2;BR-116/PR;Sul;Tombamento;1;0;1;0;0;0;1
29/04/2016;09:25:00;171;sem vítima;365,5;BR-116/SP;Norte;Capotamento;2;3;0;0;0;0;1
29/04/2016;20:50:00;392;sem vítima;509,2;BR-116/SP;Sul;Tombamento;1;1;0;0;0;0;1
30/04/2016;04:45:00;71;sem vítima;293;BR-116/SP;Norte;Colisão Traseira;1;2;0;0;0;0;1
30/04/2016;05:40:00;83;sem vítima;426,6;BR-116/SP;Sul;Colisão Traseira;1;2;0;0;0;0;1
30/04/2016;07:24:00;111;com vítima;289,5;BR-116/SP;Norte;Colisão Lateral;1;3;1;0;0;0;1
30/04/2016;10:55:00;184;com vítima;32,5;BR-116/PR;Norte;Tombamento;1;0;1;0;0;0;1
30/04/2016;15:27:00;251;sem vítima;504,8;BR-116/SP;Sul;Tombamento;1;1;0;0;0;0;1
30/04/2016;23:36:00;361;sem vítima;485,7;BR-116/SP;Norte;Colisão Traseira;2;2;0;0;0;0;1
01/05/2016;06:09:00;62;com vítima;7,6;BR-116/PR;Sul;Choque - Defensa, barreira ou  submarino ;1;1;1;0;0;0;1
01/05/2016;07:32:00;78;com vítima;513,4;BR-116/SP;Norte;Tombamento;1;0;1;0;0;0;1
01/05/2016;11:36:00;142;sem vítima;1;BR-116/PR;Norte;Colisão Traseira;1;2;0;0;0;0;1
01/05/2016;15:40:00;206;sem vítima;549,7;BR-116/SP;Norte;Choque - Defensa, barreira ou  submarino ;1;1;0;0;0;0;1
01/05/2016;17:17:00;241;sem vítima;281,3;BR-116/SP;Norte;Colisão Lateral;1;3;0;0;0;0;1
02/05/2016;10:20:00;164;com vítima;306,5;BR-116/SP;Sul;Tombamento;1;0;1;1;0;0;2
02/05/2016;17:48:00;283;sem vítima;297,7;BR-116/SP;Sul;Colisão Transversal;1;2;0;0;0;0;1
02/05/2016;18:42:00;295;com vítima;296,2;BR-116/SP;Sul;Atropelamento - Animal;1;1;1;0;0;0;1
03/05/2016;17:19:00;306;sem vítima;485,7;BR-116/SP;Norte;Choque - Cancela de Pedagio;1;1;0;0;0;0;1
04/05/2016;03:17:00;75;com vítima;498,1;BR-116/SP;Sul;Colisão Traseira;2;0;1;1;0;0;2
04/05/2016;16:16:00;305;sem vítima;453,7;BR-116/SP;Sul;Colisão Lateral;1;38;0;0;0;0;1
04/05/2016;17:45:00;340;sem vítima;23,2;BR-116/PR;Norte;Saida de Pista;1;2;0;0;0;0;1
05/05/2016;01:43:00;45;sem vítima;320;BR-116/SP;Sul;Colisão Lateral;1;2;0;0;0;0;1
05/05/2016;04:50:00;85;com vítima;320,95;BR-116/SP;Norte;Colisão Traseira;1;1;1;0;0;0;1
05/05/2016;07:08:00;107;sem vítima;29,4;BR-116/PR;Norte;Colisão Lateral;1;2;0;0;0;0;1
05/05/2016;17:28:00;312;sem vítima;284,5;BR-116/SP;Sul;Colisão Lateral;1;2;0;0;0;0;1
06/05/2016;03:26:00;58;sem vítima;296;BR-116/SP;Norte;Colisão Lateral;2;2;0;0;0;0;1
06/05/2016;03:49:00;63;sem vítima;294,3;BR-116/SP;Sul;Colisão Traseira;2;2;0;0;0;0;1
06/05/2016;07:27:00;107;sem vítima;544;BR-116/SP;Norte;Tombamento;1;1;0;0;0;0;1
06/05/2016;14:34:00;260;sem vítima;350,2;BR-116/SP;Sul;Saida de Pista;1;1;0;0;0;0;1
06/05/2016;20:13:00;363;com vítima;64;BR-116/PR;Norte;Colisão Lateral;1;2;1;0;0;0;1
06/05/2016;22:55:00;406;sem vítima;60,9;BR-116/PR;Norte;Choque - Defensa, barreira ou  submarino ;1;1;0;0;0;0;1
06/05/2016;23:54:00;425;com vítima;351,2;BR-116/SP;Norte;Tombamento;1;0;1;0;0;0;1
08/05/2016;04:35:00;54;sem vítima;496,3;BR-116/SP;Sul;Choque - Defensa, barreira ou  submarino ;1;2;0;0;0;0;1
08/05/2016;05:19:00;62;com vítima;530,8;BR-116/SP;Sul;Choque - Defensa, barreira ou  submarino ;1;0;1;0;0;0;1
08/05/2016;10:17:00;113;sem vítima;338,5;BR-116/SP;Norte;Colisão Traseira;2;2;0;0;0;0;1
08/05/2016;15:54:00;196;com vítima;32,5;BR-116/PR;Norte;Tombamento;1;0;0;1;0;0;2
08/05/2016;18:53:00;255;com vítima;48;BR-116/PR;Sul;Colisão Lateral;1;5;2;0;0;0;1
09/05/2016;07:54:00;117;com vítima;289,8;BR-116/SP;Norte;Colisão Transversal;1;5;2;0;0;0;1
09/05/2016;08:55:00;135;sem vítima;289,9;BR-116/SP;Norte;Colisão Traseira;1;2;0;0;0;0;1
09/05/2016;09:30:00;150;sem vítima;292;BR-116/SP;Norte;Choque - Objeto sobre a pista;1;1;0;0;0;0;1
09/05/2016;15:53:00;267;sem vítima;426,6;BR-116/SP;Sul;Colisão Traseira;1;2;0;0;0;0;1
10/05/2016;22:41:00;380;com vítima;461,3;BR-116/SP;Norte;Colisão Traseira;2;1;0;1;0;0;2
10/05/2016;23:36:00;394;sem vítima;431,9;BR-116/SP;Sul;Tombamento;1;1;0;0;0;0;1
11/05/2016;01:16:00;11;sem vítima;505,9;BR-116/SP;Norte;Saida de Pista;1;1;0;0;0;0;1
11/05/2016;02:52:00;35;com vítima;433,8;BR-116/SP;Sul;Tombamento;1;0;1;0;0;0;1
11/05/2016;09:50:00;157;sem vítima;34;BR-116/PR;Sul;Saida de Pista;1;1;0;0;0;0;1
12/05/2016;03:02:00;49;sem vítima;50,9;BR-116/PR;Sul;Choque - Defensa, barreira ou  submarino ;1;1;0;0;0;0;1
12/05/2016;04:12:00;62;sem vítima;388;BR-116/SP;Norte;Engavetamento;1;3;0;0;0;0;1
12/05/2016;05:58:00;80;sem vítima;520,6;BR-116/SP;Sul;Colisão Traseira;1;2;0;0;0;0;1
12/05/2016;06:33:00;85;sem vítima;491,3;BR-116/SP;Norte;Tombamento;1;1;0;0;0;0;1
12/05/2016;07:20:00;96;com vítima;0,5;BR-116/PR;Sul;Colisão Traseira;2;1;1;0;0;0;1
12/05/2016;07:22:00;97;sem vítima;501,3;BR-116/SP;Sul;Saida de Pista;1;1;0;0;0;0;1
12/05/2016;19:19:00;318;sem vítima;298,6;BR-116/SP;Sul;Objeto lançado contra veículo;1;1;0;0;0;0;1
13/05/2016;19:03:00;284;sem vítima;282,5;BR-116/SP;Sul;Colisão Lateral;1;4;0;0;0;0;1
13/05/2016;21:28:00;319;com vítima;334;BR-116/SP;Sul;Colisão Traseira;1;3;1;0;0;0;1
13/05/2016;00:27:00;7;com vítima;460,7;BR-116/SP;Sul;Colisão Lateral;2;2;0;0;1;0;2
13/05/2016;07:01:00;69;sem vítima;372,1;BR-116/SP;Norte;Colisão Traseira;1;2;0;0;0;0;1
13/05/2016;14:18:00;215;sem vítima;426,6;BR-116/SP;Sul;Colisão Lateral;1;2;0;0;0;0;1
13/05/2016;16:47:00;252;com vítima;278,9;BR-116/SP;Sul;Engavetamento;1;6;1;0;0;0;1
13/05/2016;18:20:00;277;sem vítima;290,2;BR-116/SP;Norte;Saida de Pista;1;1;0;0;0;0;1
13/05/2016;22:18:00;326;sem vítima;340,6;BR-116/SP;Norte;Colisão Traseira;1;2;0;0;0;0;1
14/05/2016;05:22:00;74;sem vítima;473,2;BR-116/SP;Sul;Colisão Traseira;1;3;0;0;0;0;1
14/05/2016;22:24:00;312;com vítima;511,1;BR-116/SP;Norte;Tombamento;1;0;1;0;0;0;1
15/05/2016;04:35:00;58;com vítima;403,15;BR-116/SP;Norte;Tombamento;1;0;1;0;0;0;1
15/05/2016;05:26:00;64;sem vítima;536,6;BR-116/SP;Norte;Tombamento;1;1;0;0;0;0;1
15/05/2016;15:43:00;223;sem vítima;538;BR-116/SP;Norte;Colisão Traseira;2;3;0;0;0;0;1
15/05/2016;16:11:00;236;sem vítima;370,4;BR-116/SP;Norte;Colisão Traseira;1;5;0;0;0;0;1
15/05/2016;19:53:00;291;sem vítima;485,5;BR-116/SP;Sul;Colisão Traseira;2;2;0;0;0;0;1
15/05/2016;20:08:00;299;com vítima;67,5;BR-116/PR;Norte;Atropelamento - Animal;1;8;3;0;0;0;1
15/05/2016;20:11:00;300;sem vítima;289,2;BR-116/SP;Norte;Colisão Lateral;1;2;0;0;0;0;1
16/05/2016;01:32:00;25;sem vítima;337;BR-116/SP;Norte;Colisão Lateral;2;2;0;0;0;0;1
16/05/2016;05:18:00;69;com vítima;498,9;BR-116/SP;Norte;Tombamento;2;1;1;0;0;0;1
16/05/2016;07:32:00;90;sem vítima;485,7;BR-116/SP;Sul;Colisão Traseira;2;2;0;0;0;0;1
16/05/2016;10:05:00;158;sem vítima;55,95;BR-116/PR;Norte;Saida de Pista;1;2;0;0;0;0;1
17/05/2016;13:44:00;213;sem vítima;403,15;BR-116/SP;Norte;Saida de Pista;1;1;0;0;0;0;1
17/05/2016;18:44:00;304;com vítima;61,8;BR-116/PR;Norte;Atropelamento - Ciclista;2;2;0;0;0;1;3
17/05/2016;22:35:00;346;com vítima;388,7;BR-116/SP;Norte;Colisão Traseira;2;1;1;0;0;0;1
18/05/2016;07:12:00;118;com vítima;315;BR-116/SP;Norte;Colisão Traseira;2;1;1;0;0;0;1
18/05/2016;09:44:00;166;com vítima;313,5;BR-116/SP;Norte;Colisão Traseira;1;3;1;0;0;0;1
19/05/2016;01:37:00;34;sem vítima;27,8;BR-116/PR;Norte;Tombamento;1;2;0;0;0;0;1
19/05/2016;09:47:00;146;sem vítima;540,1;BR-116/SP;Sul;Capotamento;1;2;0;0;0;0;1
19/05/2016;11:40:00;185;sem vítima;545,1;BR-116/SP;Norte;Tombamento;1;1;0;0;0;0;1
20/05/2016;05:13:00;77;com vítima;320;BR-116/SP;Norte;Colisão Traseira;2;1;1;0;0;0;1
20/05/2016;16:51:00;258;sem vítima;28,9;BR-116/PR;Norte;Choque - Suporte de Sinalização;1;1;0;0;0;0;1
20/05/2016;19:32:00;309;com vítima;24;BR-116/PR;Norte;Tombamento;3;2;1;1;0;0;2
20/05/2016;23:41:00;361;sem vítima;57;BR-116/PR;Sul;Colisão Lateral;2;2;0;0;0;0;1
21/05/2016;00:11:00;6;sem vítima;416,9;BR-116/SP;Sul;Colisão Traseira;1;5;0;0;0;0;1
21/05/2016;13:42:00;212;sem vítima;289,3;BR-116/SP;Norte;Colisão Lateral;1;2;0;0;0;0;1
21/05/2016;15:41:00;241;com vítima;508,95;BR-116/SP;Sul;Tombamento;1;0;1;0;0;0;1
22/05/2016;17:41:00;241;sem vítima;18,3;BR-116/PR;Norte;Choque - Defensa, barreira ou  submarino ;1;3;0;0;0;0;1
22/05/2016;10:29:00;124;com vítima;363,5;BR-116/SP;Norte;Tombamento;1;0;1;0;0;0;1
23/05/2016;05:59:00;81;com vítima;484,4;BR-116/SP;Norte;Saida de Pista;1;0;1;0;0;0;1
23/05/2016;07:56:00;101;sem vítima;414,6;BR-116/SP;Sul;Colisão Transversal;1;4;0;0;0;0;1
23/05/2016;14:29:00;237;sem vítima;282,2;BR-116/SP;Norte;Engavetamento;1;6;0;0;0;0;1
24/05/2016;01:18:00;20;sem vítima;43,8;BR-116/PR;Norte;Choque - Defensa, barreira ou  submarino ;1;1;0;0;0;0;1
24/05/2016;09:16:00;145;sem vítima;298,8;BR-116/SP;Norte;Choque - Cancela de Pedagio;1;1;0;0;0;0;1
24/05/2016;16:25:00;279;sem vítima;355,2;BR-116/SP;Norte;Choque - Defensa, barreira ou  submarino ;1;3;0;0;0;0;1
24/05/2016;17:14:00;301;sem vítima;347,1;BR-116/SP;Sul;Colisão Traseira;2;2;0;0;0;0;1
24/05/2016;17:53:00;310;sem vítima;449,3;BR-116/SP;Sul;Colisão Traseira;1;2;0;0;0;0;1
24/05/2016;19:42:00;336;sem vítima;532,5;BR-116/SP;Sul;Colisão Lateral;1;3;0;0;0;0;1
24/05/2016;21:38:00;367;sem vítima;508,4;BR-116/SP;Norte;Colisão Traseira;2;2;0;0;0;0;1
25/05/2016;01:49:00;33;com vítima;503,4;BR-116/SP;Sul;Tombamento;1;0;0;1;0;0;2
25/05/2016;05:07:00;60;sem vítima;350,5;BR-116/SP;Sul;Choque - Defensa, barreira ou  submarino ;1;1;0;0;0;0;1
25/05/2016;19:52:00;325;sem vítima;347,1;BR-116/SP;Sul;Colisão Traseira;1;3;0;0;0;0;1
26/05/2016;13:35:00;225;sem vítima;0,5;BR-116/CW;Norte;Colisão Lateral;1;4;0;0;0;0;1
27/05/2016;06:46:00;94;com vítima;414,15;BR-116/SP;Sul;Colisão Traseira;1;1;1;0;0;0;1
27/05/2016;10:52:00;169;sem vítima;288;BR-116/SP;Norte;Colisão Lateral;1;3;0;0;0;0;1
28/05/2016;16:02:00;233;com vítima;357,7;BR-116/SP;Norte;Tombamento;1;0;1;0;0;0;1
28/05/2016;16:13:00;235;sem vítima;355,2;BR-116/SP;Sul;Colisão Frontal;1;3;0;0;0;0;1
29/05/2016;08:50:00;101;com vítima;516;BR-116/SP;Norte;Colisão Traseira;1;1;1;0;0;0;1
29/05/2016;09:13:00;113;com vítima;363,8;BR-116/SP;Norte;Tombamento;1;0;1;0;0;0;1
29/05/2016;11:17:00;147;sem vítima;560;BR-116/SP;Sul;Colisão Lateral;1;4;0;0;0;0;1
29/05/2016;15:35:00;222;sem vítima;369,9;BR-116/SP;Norte;Colisão Traseira;1;2;0;0;0;0;1
29/05/2016;18:53:00;284;sem vítima;370,4;BR-116/SP;Norte;Colisão Traseira;1;5;0;0;0;0;1
30/05/2016;14:32:00;246;sem vítima;350,7;BR-116/SP;Sul;Colisão Traseira;2;4;0;0;0;0;1
30/05/2016;17:43:00;300;sem vítima;370,4;BR-116/SP;Norte;Colisão Traseira;1;3;0;0;0;0;1
30/05/2016;21:09:00;362;com vítima;516;BR-116/SP;Norte;Colisão Traseira;1;1;1;0;0;0;1
31/05/2016;02:49:00;38;sem vítima;366,6;BR-116/SP;Sul;Choque - Suporte de Sinalização;1;1;0;0;0;0;1
31/05/2016;06:20:00;74;sem vítima;445,2;BR-116/SP;Norte;Tombamento;1;1;0;0;0;0;1
31/05/2016;07:16:00;86;com vítima;32,5;BR-116/PR;Norte;Tombamento;1;0;0;0;1;0;2
31/05/2016;08:09:00;100;com vítima;508,95;BR-116/SP;Sul;Tombamento;1;0;1;0;0;0;1
31/05/2016;12:14:00;183;com vítima;23;BR-116/PR;Norte;Tombamento;1;0;1;0;0;0;1
31/05/2016;14:18:00;212;sem vítima;296,2;BR-116/SP;Sul;Engavetamento;3;5;0;0;0;0;1
31/05/2016;15:40:00;240;sem vítima;295,6;BR-116/SP;Sul;Colisão Lateral;1;2;0;0;0;0;1
31/05/2016;18:06:00;290;com vítima;336,9;BR-116/SP;Sul;Colisão Traseira;1;2;0;0;0;1;3
31/05/2016;21:42:00;335;sem vítima;22;BR-116/PR;Norte;Choque - Talude;1;1;0;0;0;0;1
31/05/2016;22:17:00;338;com vítima;319,4;BR-116/SP;Sul;Colisão Traseira;1;2;1;0;0;0;1
31/05/2016;23:30:00;352;sem vítima;457,8;BR-116/SP;Sul;Colisão Traseira;2;2;0;0;0;0;1
01/06/2016;00:24:00;8;sem vítima;493,4;BR-116/SP;Norte;Tombamento;1;2;0;0;0;0;1
01/06/2016;03:52:00;39;sem vítima;408,6;BR-116/SP;Sul;Atropelamento - Animal;1;1;0;0;0;0;1
01/06/2016;04:08:00;41;sem vítima;389,2;BR-116/SP;Sul;Colisão Traseira;1;3;0;0;0;0;1
01/06/2016;07:40:00;84;sem vítima;310,6;BR-116/SP;Norte;Tombamento;1;3;0;0;0;0;1
01/06/2016;09:24:00;122;sem vítima;426,3;BR-116/SP;Norte;Colisão Traseira;1;2;0;0;0;0;1
01/06/2016;19:10:00;267;com vítima;499,1;BR-116/SP;Sul;Saida de Pista;1;1;1;0;0;0;1
01/06/2016;23:14:00;310;sem vítima;390,8;BR-116/SP;Norte;Tombamento;1;1;0;0;0;0;1
02/06/2016;03:17:00;41;com vítima;442;BR-116/SP;Sul;Colisão Lateral;1;1;1;0;0;0;1
02/06/2016;03:52:00;44;com vítima;503;BR-116/SP;Sul;Colisão Lateral;2;1;1;0;0;0;1
02/06/2016;05:15:00;60;sem vítima;544,4;BR-116/SP;Norte;Tombamento;1;1;0;0;0;0;1
02/06/2016;09:35:00;141;com vítima;409;BR-116/SP;Norte;Colisão Traseira;2;2;1;0;0;0;1
02/06/2016;18:40:00;327;sem vítima;347,5;BR-116/SP;Sul;Colisão Traseira;2;6;0;0;0;0;1
02/06/2016;21:43:00;369;sem vítima;492,3;BR-116/SP;Norte;Tombamento;1;1;0;0;0;0;1
03/06/2016;00:46:00;21;sem vítima;518,1;BR-116/SP;Sul;Tombamento;1;1;0;0;0;0;1
03/06/2016;07:25:00;113;sem vítima;412,3;BR-116/SP;Norte;Saida de Pista;1;1;0;0;0;0;1
03/06/2016;12:05:00;234;sem vítima;507,3;BR-116/SP;Norte;Tombamento;1;2;0;0;0;0;1
03/06/2016;13:14:00;249;sem vítima;447,7;BR-116/SP;Sul;Colisão Lateral;1;4;0;0;0;0;1
03/06/2016;20:09:00;359;sem vítima;298,6;BR-116/SP;Sul;Colisão Traseira;1;2;0;0;0;0;1
03/06/2016;20:39:00;363;sem vítima;370;BR-116/SP;Norte;Choque - Defensa, barreira ou  submarino ;1;1;0;0;0;0;1
04/06/2016;10:06:00;158;sem vítima;15;BR-116/PR;Sul;Colisão Traseira;3;3;0;0;0;0;1
04/06/2016;12:47:00;194;com vítima;49,8;BR-116/PR;Sul;Atropelamento - Usuário;1;1;0;0;0;1;3