data;horario;n_da_ocorrencia;tipo_de_ocorrencia;km;trecho;sentido;tipo_de_acidente;caminhao;ilesos;levemente_feridos;moderadamente_feridos;gravemente_feridos;mortos;3
04/06/2016;15:48:00;244;sem vítima;538,3;BR-116/SP;Sul;Saida de Pista;1;1;0;0;0;0;1
04/06/2016;18:06:00;282;sem vítima;299;BR-116/SP;Norte;Choque - Defensa, barreira ou  submarino ;1;1;0;0;0;0;1
04/06/2016;19:53:00;307;com vítima;485,5;BR-116/SP;Sul;Tombamento;1;0;1;0;0;0;1
05/06/2016;00:10:00;5;sem vítima;545,5;BR-116/SP;Sul;Choque - Defensa, barreira ou  submarino ;1;1;0;0;0;0;1
05/06/2016;07:46:00;82;sem vítima;537,4;BR-116/SP;Norte;Outros;1;1;0;0;0;0;1
05/06/2016;12:22:00;151;sem vítima;564,3;BR-116/SP;Sul;Saida de Pista;1;1;0;0;0;0;1
05/06/2016;12:35:00;154;com vítima;557,7;BR-116/SP;Norte;Colisão Traseira;1;3;1;0;0;0;1
05/06/2016;14:02:00;165;sem vítima;28,2;BR-116/PR;Norte;Choque - Objeto sobre a pista;1;1;0;0;0;0;1
06/06/2016;01:23:00;27;sem vítima;389,1;BR-116/SP;Norte;Choque - Objeto sobre a pista;1;6;0;0;0;0;1
06/06/2016;01:43:00;35;sem vítima;435,7;BR-116/SP;Norte;Saida de Pista;1;1;0;0;0;0;1
06/06/2016;04:06:00;62;sem vítima;297,5;BR-116/SP;Sul;Saida de Pista;1;1;0;0;0;0;1
06/06/2016;17:00:00;272;sem vítima;396,7;BR-116/SP;Norte;Tombamento;1;1;0;0;0;0;1
06/06/2016;18:08:00;289;sem vítima;28,3;BR-116/PR;Norte;Choque - Arvore;1;1;0;0;0;0;1
06/06/2016;20:16:00;327;sem vítima;57,2;BR-116/PR;Norte;Colisão Traseira;1;2;0;0;0;0;1
06/06/2016;23:21:00;360;com vítima;26;BR-116/PR;Norte;Colisão Traseira;2;1;1;0;0;0;1
07/06/2016;04:54:00;58;sem vítima;567;BR-116/SP;Norte;Tombamento;1;2;0;0;0;0;1
07/06/2016;12:40:00;204;com vítima;24;BR-116/PR;Norte;Tombamento;1;0;1;0;0;0;1
07/06/2016;12:57:00;208;com vítima;32,5;BR-116/PR;Norte;Tombamento;1;0;1;1;0;0;2
07/06/2016;13:50:00;220;com vítima;499,5;BR-116/SP;Sul;Tombamento;1;0;1;0;0;0;1
07/06/2016;16:47:00;262;sem vítima;35;BR-116/PR;Norte;Colisão Traseira;1;2;0;0;0;0;1
07/06/2016;19:05:00;304;sem vítima;35;BR-116/PR;Norte;Colisão Traseira;1;2;0;0;0;0;1
08/06/2016;16:20:00;249;com vítima;32,5;BR-116/PR;Norte;Tombamento;1;0;1;0;0;0;1
08/06/2016;21:57:00;330;sem vítima;346,5;BR-116/SP;Sul;Choque - Objeto sobre a pista;1;1;0;0;0;0;1
09/06/2016;06:21:00;80;sem vítima;439;BR-116/SP;Norte;Atropelamento - Animal;1;1;0;0;0;0;1
09/06/2016;11:15:00;211;sem vítima;359;BR-116/SP;Sul;Tombamento;1;2;0;0;0;0;1
09/06/2016;23:07:00;406;sem vítima;509;BR-116/SP;Norte;Colisão Traseira;2;2;0;0;0;0;1
10/06/2016;10:22:00;158;sem vítima;273,4;BR-116/SP;Norte;Colisão Traseira;1;2;0;0;0;0;1
10/06/2016;18:15:00;310;com vítima;355,4;BR-116/SP;Norte;Colisão Traseira;2;1;0;2;0;0;2
10/06/2016;19:04:00;324;sem vítima;497;BR-116/SP;Norte;Saida de Pista;1;1;0;0;0;0;1
11/06/2016;13:57:00;215;sem vítima;305,4;BR-116/SP;Sul;Colisão Traseira;1;3;0;0;0;0;1
12/06/2016;00:01:00;2;sem vítima;438,4;BR-116/SP;Norte;Atropelamento - Animal;1;1;0;0;0;0;1
12/06/2016;00:48:00;15;sem vítima;438;BR-116/SP;Norte;Atropelamento - Animal;1;1;0;0;0;0;1
12/06/2016;07:06:00;63;sem vítima;394,1;BR-116/SP;Norte;Colisão Lateral;2;2;0;0;0;0;1
12/06/2016;12:47:00;147;com vítima;391,8;BR-116/SP;Norte;Tombamento;1;1;0;1;0;0;2
12/06/2016;15:37:00;183;sem vítima;371,7;BR-116/SP;Sul;Colisão Traseira;2;2;0;0;0;0;1
13/06/2016;05:02:00;63;com vítima;18,8;BR-116/PR;Sul;Colisão Traseira;2;1;0;1;0;0;2
14/06/2016;02:04:00;43;sem vítima;6,6;BR-116/CW;Sul;Atropelamento - Animal;1;1;0;0;0;0;1
14/06/2016;09:59:00;155;com vítima;564,5;BR-116/SP;Sul;Tombamento;1;0;1;0;0;0;1
14/06/2016;16:34:00;274;sem vítima;54;BR-116/PR;Norte;Saida de Pista;1;1;0;0;0;0;1
15/06/2016;23:02:00;359;sem vítima;411,8;BR-116/SP;Sul;Saida de Pista;1;2;0;0;0;0;1
15/06/2016;23:30:00;366;sem vítima;349;BR-116/SP;Sul;Colisão Traseira;2;2;0;0;0;0;1
15/06/2016;03:33:00;72;sem vítima;370,3;BR-116/SP;Norte;Colisão Traseira;2;3;0;0;0;0;1
15/06/2016;09:14:00;151;com vítima;70,9;BR-116/PR;Sul;Colisão Traseira;1;43;5;0;0;0;1
15/06/2016;14:04:00;227;sem vítima;69,2;BR-116/PR;Norte;Colisão Traseira;1;2;0;0;0;0;1
15/06/2016;14:58:00;244;sem vítima;347,8;BR-116/SP;Sul;Colisão Lateral;2;2;0;0;0;0;1
15/06/2016;15:13:00;247;sem vítima;269,4;BR-116/SP;Sul;Colisão Lateral;1;2;0;0;0;0;1
16/06/2016;01:02:00;28;sem vítima;542,9;BR-116/SP;Norte;Colisão Traseira;2;2;0;0;0;0;1
16/06/2016;05:59:00;82;sem vítima;299,2;BR-116/SP;Norte;Saida de Pista;1;1;0;0;0;0;1
16/06/2016;08:00:00;102;sem vítima;299,2;BR-116/SP;Norte;Colisão Traseira;1;2;0;0;0;0;1
16/06/2016;15:46:00;248;sem vítima;542,9;BR-116/SP;Sul;Choque - Defensa, barreira ou  submarino ;1;1;0;0;0;0;1
17/06/2016;12:39:00;204;sem vítima;279;BR-116/SP;Sul;Colisão Lateral;1;2;0;0;0;0;1
17/06/2016;19:51:00;333;sem vítima;280,8;BR-116/SP;Sul;Colisão Lateral;1;3;0;0;0;0;1
18/06/2016;02:12:00;28;sem vítima;443,3;BR-116/SP;Sul;Atropelamento - Animal;1;1;0;0;0;0;1
18/06/2016;02:53:00;32;com vítima;449,4;BR-116/SP;Sul;Engavetamento;3;2;1;1;0;0;2
18/06/2016;03:39:00;36;sem vítima;485,7;BR-116/SP;Norte;Colisão Traseira;1;2;0;0;0;0;1
18/06/2016;04:07:00;38;com vítima;485,7;BR-116/SP;Sul;Colisão Traseira;1;2;2;0;2;0;2
18/06/2016;04:53:00;45;sem vítima;448,9;BR-116/SP;Sul;Colisão Lateral;2;2;0;0;0;0;1
18/06/2016;06:29:00;53;sem vítima;391,4;BR-116/SP;Sul;Saida de Pista;1;1;0;0;0;0;1
18/06/2016;12:58:00;148;sem vítima;17;BR-116/PR;Sul;Saida de Pista;1;1;0;0;0;0;1
18/06/2016;14:48:00;171;com vítima;348,8;BR-116/SP;Sul;Tombamento;1;0;1;0;0;0;1
19/06/2016;09:54:00;119;sem vítima;518,8;BR-116/SP;Norte;Colisão Transversal;1;2;0;0;0;0;1
19/06/2016;12:29:00;158;sem vítima;5,5;BR-116/PR;Norte;Choque - Defensa, barreira ou  submarino ;1;2;0;0;0;0;1
20/06/2016;10:00:00;144;sem vítima;567,7;BR-116/SP;Norte;Choque - Defensa, barreira ou  submarino ;1;1;0;0;0;0;1
20/06/2016;11:59:00;176;sem vítima;523,8;BR-116/SP;Sul;Choque - Defensa, barreira ou  submarino ;1;1;0;0;0;0;1
20/06/2016;19:30:00;291;sem vítima;10;BR-116/CW;Sul;Colisão Traseira;1;4;0;0;0;0;1
21/06/2016;05:47:00;76;sem vítima;385;BR-116/SP;Norte;Choque - Objeto sobre a pista;2;2;0;0;0;0;1
21/06/2016;18:44:00;301;com vítima;511,5;BR-116/SP;Norte;Tombamento;1;0;1;0;0;0;1
21/06/2016;20:30:00;320;com vítima;294,5;BR-116/SP;Sul;Colisão Transversal;1;2;1;0;0;0;1
22/06/2016;22:01:00;317;sem vítima;450,2;BR-116/SP;Sul;Choque - Objeto sobre a pista;2;3;0;0;0;0;1
22/06/2016;11:51:00;167;com vítima;68,5;BR-116/PR;Sul;Colisão Traseira;2;3;1;0;0;0;1
22/06/2016;14:45:00;212;sem vítima;364;BR-116/SP;Sul;Colisão Lateral;1;3;0;0;0;0;1
22/06/2016;18:48:00;278;com vítima;290,3;BR-116/SP;Norte;Choque - Defensa, barreira ou  submarino ;2;2;1;0;0;0;1
22/06/2016;22:27:00;320;com vítima;381,8;BR-116/SP;Sul;Tombamento;1;1;1;0;0;0;1
22/06/2016;22:41:00;323;com vítima;499,5;BR-116/SP;Sul;Tombamento;1;2;1;0;0;0;1
23/06/2016;03:56:00;52;sem vítima;346,4;BR-116/SP;Norte;Choque - Defensa, barreira ou  submarino ;1;2;0;0;0;0;1
23/06/2016;05:32:00;64;sem vítima;57,2;BR-116/PR;Sul;Colisão Lateral;2;2;0;0;0;0;1
23/06/2016;07:00:00;77;sem vítima;362,5;BR-116/SP;Sul;Choque - Defensa, barreira ou  submarino ;1;1;0;0;0;0;1
23/06/2016;15:19:00;248;sem vítima;519,5;BR-116/SP;Norte;Colisão Traseira;2;2;0;0;0;0;1
23/06/2016;15:26:00;251;com vítima;447,9;BR-116/SP;Sul;Colisão Lateral;1;1;1;0;0;0;1
23/06/2016;17:12:00;288;sem vítima;0,4;BR-116/PR;Sul;Engavetamento;2;3;0;0;0;0;1
23/06/2016;17:15:00;290;sem vítima;353,7;BR-116/SP;Norte;Colisão Lateral;1;2;0;0;0;0;1
23/06/2016;23:18:00;366;sem vítima;527,2;BR-116/SP;Norte;Colisão Traseira;2;2;0;0;0;0;1
24/06/2016;01:37:00;33;com vítima;345,6;BR-116/SP;Sul;Colisão Traseira;1;1;1;1;0;0;2
24/06/2016;06:06:00;88;sem vítima;320,4;BR-116/SP;Norte;Colisão Traseira;2;2;0;0;0;0;1
25/06/2016;07:51:00;112;sem vítima;485,6;BR-116/SP;Norte;Choque - Defensa, barreira ou  submarino ;1;1;0;0;0;0;1
26/06/2016;16:40:00;202;sem vítima;358,6;BR-116/SP;Norte;Colisão Traseira;1;6;0;0;0;0;1
27/06/2016;07:41:00;101;sem vítima;281;BR-116/SP;Norte;Colisão Lateral;2;3;0;0;0;0;1
27/06/2016;18:34:00;265;sem vítima;426,6;BR-116/SP;Norte;Engavetamento;1;4;0;0;0;0;1
27/06/2016;22:56:00;308;sem vítima;27,7;BR-116/PR;Norte;Tombamento;1;1;0;0;0;0;1
28/06/2016;18:32:00;308;sem vítima;57;BR-116/PR;Sul;Choque - Cancela de Pedagio;1;1;0;0;0;0;1
28/06/2016;15:17:00;249;sem vítima;316,8;BR-116/SP;Norte;Objeto lançado contra veículo;1;1;0;0;0;0;1
29/06/2016;00:43:00;16;sem vítima;368,4;BR-116/SP;Sul;Colisão Traseira;3;3;0;0;0;0;1
29/06/2016;07:36:00;97;sem vítima;343;BR-116/SP;Norte;Choque - Outros;1;1;0;0;0;0;1
30/06/2016;02:43:00;47;sem vítima;463,15;BR-116/SP;Sul;Colisão Traseira;1;2;0;0;0;0;1
30/06/2016;15:27:00;260;sem vítima;356,4;BR-116/SP;Norte;Engavetamento;1;9;0;0;0;0;1
30/06/2016;16:29:00;289;sem vítima;282;BR-116/SP;Norte;Colisão Lateral;1;3;0;0;0;0;1
30/06/2016;22:09:00;366;sem vítima;314,9;BR-116/SP;Sul;Atropelamento - Animal;1;1;0;0;0;0;1
01/07/2016;02:10:00;45;sem vítima;376,8;BR-116/SP;Sul;Tombamento;1;1;0;0;0;0;1
01/07/2016;03:15:00;61;com vítima;352,9;BR-116/SP;Norte;Colisão Traseira;2;1;0;1;0;0;2
01/07/2016;17:09:00;304;sem vítima;347,8;BR-116/SP;Sul;Engavetamento;3;3;0;0;0;0;1
01/07/2016;18:42:00;319;sem vítima;522;BR-116/SP;Sul;Colisão Lateral;1;2;0;0;0;0;1
02/07/2016;08:31:00;130;sem vítima;560,3;BR-116/SP;Norte;Saida de Pista;1;1;0;0;0;0;1
03/07/2016;15:27:00;217;sem vítima;25,5;BR-116/PR;Sul;Objeto lançado contra veículo;1;5;0;0;0;0;1
03/07/2016;17:16:00;266;com vítima;363,3;BR-116/SP;Norte;Tombamento;1;0;0;1;0;0;2
03/07/2016;19:36:00;303;com vítima;2;BR-116/PR;Norte;Tombamento;1;0;1;0;0;0;1
04/07/2016;13:06:00;207;sem vítima;378,3;BR-116/SP;Norte;Choque - Defensa, barreira ou  submarino ;1;1;0;0;0;0;1
04/07/2016;16:45:00;289;sem vítima;56;BR-116/PR;Sul;Choque - Cancela de Pedagio;1;1;0;0;0;0;1
04/07/2016;20:37:00;344;sem vítima;289,6;BR-116/SP;Norte;Colisão Lateral;2;3;0;0;0;0;1
04/07/2016;23:30:00;378;com vítima;362,7;BR-116/SP;Sul;Tombamento;1;0;0;1;0;0;2
05/07/2016;04:00:00;59;sem vítima;426,6;BR-116/SP;Norte;Tombamento;1;1;0;0;0;0;1
05/07/2016;05:02:00;70;sem vítima;339;BR-116/SP;Norte;Colisão Traseira;2;2;0;0;0;0;1
05/07/2016;10:00:00;167;sem vítima;485,7;BR-116/SP;Sul;Colisão Traseira;2;2;0;0;0;0;1
06/07/2016;01:46:00;43;sem vítima;548,5;BR-116/SP;Norte;Colisão Traseira;2;2;0;0;0;0;1
06/07/2016;15:14:00;275;sem vítima;284;BR-116/SP;Sul;Colisão Traseira;1;4;0;0;0;0;1
06/07/2016;15:53:00;288;com vítima;282,7;BR-116/SP;Sul;Colisão Lateral;1;1;0;0;0;1;3
06/07/2016;19:24:00;360;sem vítima;348,8;BR-116/SP;Norte;Tombamento;1;1;0;0;0;0;1
06/07/2016;22:02:00;392;sem vítima;393;BR-116/SP;Sul;Colisão Traseira;2;2;0;0;0;0;1
06/07/2016;23:58:00;415;sem vítima;444,5;BR-116/SP;Sul;Colisão Traseira;2;2;0;0;0;0;1
07/07/2016;03:09:00;59;sem vítima;397;BR-116/SP;Norte;Atropelamento - Animal;1;1;0;0;0;0;1
08/07/2016;05:03:00;84;com vítima;336,9;BR-116/SP;Sul;Tombamento;1;0;0;1;0;0;2
08/07/2016;15:16:00;279;sem vítima;501,2;BR-116/SP;Sul;Tombamento;1;1;0;0;0;0;1
08/07/2016;23:15:00;402;sem vítima;347,3;BR-116/SP;Sul;Colisão Traseira;2;4;0;0;0;0;1
10/07/2016;12:06:00;194;com vítima;405;BR-116/SP;Norte;Colisão Traseira;2;1;1;0;1;0;2
10/07/2016;14:10:00;220;sem vítima;298,7;BR-116/SP;Sul;Colisão Traseira;1;5;0;0;0;0;1
10/07/2016;14:28:00;232;sem vítima;523,7;BR-116/SP;Norte;Saida de Pista;1;1;0;0;0;0;1
10/07/2016;20:37:00;380;sem vítima;498,8;BR-116/SP;Norte;Colisão Lateral;1;2;0;0;0;0;1
11/07/2016;03:30:00;47;sem vítima;380,2;BR-116/SP;Sul;Saida de Pista;1;1;0;0;0;0;1
11/07/2016;03:36:00;48;sem vítima;516;BR-116/SP;Sul;Colisão Traseira;1;2;0;0;0;0;1
11/07/2016;17:18:00;291;com vítima;12,7;BR-116/PR;Sul;Saida de Pista;1;2;3;0;0;0;1
11/07/2016;20:29:00;345;com vítima;552,8;BR-116/SP;Sul;Atropelamento - Ciclista;1;1;0;0;0;1;3
12/07/2016;07:34:00;90;com vítima;8;BR-116/PR;Sul;Tombamento;1;0;1;0;0;0;1
12/07/2016;13:09:00;244;sem vítima;269;BR-116/SP;Norte;Colisão Traseira;1;2;0;0;0;0;1
12/07/2016;19:59:00;392;sem vítima;24;BR-116/PR;Norte;Choque - Elemento de Drenagem;1;1;0;0;0;0;1
12/07/2016;22:57:00;444;com vítima;27;BR-116/PR;Norte;Colisão Lateral;1;4;0;1;0;0;2
13/07/2016;12:33:00;218;sem vítima;45,5;BR-116/PR;Norte;Colisão Traseira;2;2;0;0;0;0;1
13/07/2016;12:50:00;224;sem vítima;453;BR-116/SP;Norte;Saida de Pista;1;1;0;0;0;0;1
13/07/2016;17:39:00;320;sem vítima;427,1;BR-116/SP;Sul;Choque - Defensa, barreira ou  submarino ;1;4;0;0;0;0;1
13/07/2016;17:45:00;324;sem vítima;298,6;BR-116/SP;Norte;Choque - Objeto sobre a pista;2;2;0;0;0;0;1
13/07/2016;18:01:00;329;sem vítima;427;BR-116/SP;Sul;Colisão Lateral;1;3;0;0;0;0;1
14/07/2016;02:21:00;39;com vítima;501,4;BR-116/SP;Sul;Tombamento;1;0;1;0;0;0;1
14/07/2016;08:10:00;113;sem vítima;426,6;BR-116/SP;Norte;Colisão Traseira;1;2;0;0;0;0;1
14/07/2016;08:11:00;114;sem vítima;511,1;BR-116/SP;Norte;Tombamento;1;1;0;0;0;0;1
14/07/2016;08:11:00;127;sem vítima;511,15;BR-116/SP;Norte;Colisão Lateral;2;2;0;0;0;0;1
14/07/2016;13:29:00;238;sem vítima;307;BR-116/SP;Norte;Colisão Traseira;1;2;0;0;0;0;1
14/07/2016;16:54:00;314;sem vítima;485,6;BR-116/SP;Sul;Colisão Lateral;1;2;0;0;0;0;1
15/07/2016;12:54:00;246;sem vítima;282;BR-116/SP;Norte;Choque - Outros;1;4;0;0;0;0;1
15/07/2016;16:17:00;328;sem vítima;504,3;BR-116/SP;Norte;Colisão Traseira;2;2;0;0;0;0;1
15/07/2016;21:01:00;423;sem vítima;325;BR-116/SP;Sul;Tombamento;1;1;0;0;0;0;1
15/07/2016;22:45:00;445;com vítima;427,2;BR-116/SP;Sul;Tombamento;1;0;1;0;0;0;1
16/07/2016;05:17:00;80;sem vítima;472,5;BR-116/SP;Norte;Saida de Pista;1;2;0;0;0;0;1
16/07/2016;05:59:00;88;com vítima;20;BR-116/PR;Sul;Saida de Pista;1;0;1;0;0;0;1
16/07/2016;08:30:00;139;sem vítima;564,3;BR-116/SP;Sul;Tombamento;1;1;0;0;0;0;1
16/07/2016;09:32:00;152;sem vítima;29,5;BR-116/PR;Norte;Choque - Defensa, barreira ou  submarino ;1;1;0;0;0;0;1
16/07/2016;09:34:00;153;sem vítima;49,2;BR-116/PR;Norte;Tombamento;1;3;0;0;0;0;1
16/07/2016;09:37:00;154;com vítima;563;BR-116/SP;Sul;Colisão Traseira;2;1;1;0;0;0;1
16/07/2016;12:38:00;189;sem vítima;290,7;BR-116/SP;Sul;Choque - Defensa, barreira ou  submarino ;1;1;0;0;0;0;1
16/07/2016;16:52:00;259;sem vítima;285,5;BR-116/SP;Sul;Colisão Lateral;1;2;0;0;0;0;1
16/07/2016;18:24:00;292;com vítima;41,9;BR-116/PR;Norte;Colisão Traseira;1;1;3;0;0;0;1
16/07/2016;19:28:00;302;sem vítima;316,4;BR-116/SP;Sul;Colisão Lateral;1;6;0;0;0;0;1
16/07/2016;20:05:00;311;sem vítima;285,5;BR-116/SP;Norte;Colisão Lateral;2;3;0;0;0;0;1
16/07/2016;23:38:00;351;sem vítima;460,4;BR-116/SP;Norte;Saida de Pista;1;1;0;0;0;0;1
17/07/2016;06:53:00;74;com vítima;509,7;BR-116/SP;Norte;Tombamento;1;0;2;0;0;0;1
17/07/2016;12:37:00;152;sem vítima;27;BR-116/PR;Norte;Tombamento;1;1;0;0;0;0;1
17/07/2016;15:00:00;186;sem vítima;23,3;BR-116/PR;Norte;Tombamento;1;2;0;0;0;0;1
17/07/2016;17:44:00;246;com vítima;69,9;BR-116/PR;Sul;Colisão Traseira;2;1;1;0;0;0;1
18/07/2016;05:03:00;77;sem vítima;289,5;BR-116/SP;Sul;Atropelamento - Animal;1;1;0;0;0;0;1
19/07/2016;03:09:00;37;sem vítima;542,5;BR-116/SP;Norte;Saida de Pista;1;1;0;0;0;0;1
19/07/2016;12:08:00;180;com vítima;414,6;BR-116/SP;Sul;Atropelamento - Andarilho;1;1;0;0;0;1;3
19/07/2016;12:52:00;191;sem vítima;364,8;BR-116/SP;Sul;Choque - Defensa, barreira ou  submarino ;1;1;0;0;0;0;1
19/07/2016;18:22:00;294;com vítima;451;BR-116/SP;Sul;Colisão Lateral;2;1;1;0;0;0;1
19/07/2016;23:34:00;357;com vítima;342,5;BR-116/SP;Sul;Tombamento;1;1;1;0;0;0;1
20/07/2016;00:15:00;4;sem vítima;24;BR-116/PR;Sul;Colisão Traseira;1;2;0;0;0;0;1
20/07/2016;07:14:00;86;sem vítima;508,95;BR-116/SP;Sul;Tombamento;1;1;0;0;0;0;1
20/07/2016;11:02:00;194;sem vítima;56,9;BR-116/PR;Sul;Colisão Lateral;1;2;0;0;0;0;1
21/07/2016;00:57:00;26;com vítima;325,5;BR-116/SP;Norte;Colisão Lateral;1;1;1;0;0;0;1
21/07/2016;01:22:00;35;com vítima;511,1;BR-116/SP;Norte;Capotamento;1;0;1;1;0;0;2
21/07/2016;02:42:00;51;com vítima;503,95;BR-116/SP;Sul;Colisão Traseira;2;1;1;0;0;0;1
21/07/2016;06:38:00;98;sem vítima;13;BR-116/CW;Norte;Colisão Lateral;1;3;0;0;0;0;1
21/07/2016;11:51:00;224;com vítima;32,5;BR-116/PR;Norte;Tombamento;1;0;0;0;0;1;3
22/07/2016;07:25:00;104;sem vítima;27;BR-116/PR;Sul;Colisão Traseira;2;2;0;0;0;0;1
22/07/2016;11:22:00;191;sem vítima;5,6;BR-116/PR;Sul;Colisão Traseira;2;2;0;0;0;0;1
22/07/2016;12:48:00;213;sem vítima;10,8;BR-116/PR;Norte;Choque - Objeto sobre a pista;1;2;0;0;0;0;1
22/07/2016;12:52:00;215;sem vítima;286;BR-116/SP;Norte;Colisão Traseira;2;3;0;0;0;0;1
22/07/2016;17:19:00;310;sem vítima;57;BR-116/PR;Norte;Colisão Traseira;1;5;0;0;0;0;1
22/07/2016;17:57:00;325;com vítima;282;BR-116/SP;Sul;Outros;1;1;2;0;0;0;1
22/07/2016;19:42:00;344;sem vítima;277,8;BR-116/SP;Sul;Colisão Traseira;1;8;0;0;0;0;1
23/07/2016;13:50:00;252;sem vítima;54,6;BR-116/PR;Sul;Colisão Traseira;1;3;0;0;0;0;1
23/07/2016;16:41:00;305;sem vítima;529,25;BR-116/SP;Sul;Saida de Pista;1;1;0;0;0;0;1
23/07/2016;18:44:00;338;sem vítima;342,2;BR-116/SP;Sul;Choque - Objeto sobre a pista;1;1;0;0;0;0;1
23/07/2016;18:52:00;340;sem vítima;342,2;BR-116/SP;Sul;Choque - Objeto sobre a pista;1;1;0;0;0;0;1
23/07/2016;19:02:00;343;sem vítima;555,5;BR-116/SP;Sul;Saida de Pista;1;2;0;0;0;0;1
24/07/2016;06:17:00;78;sem vítima;444,5;BR-116/SP;Norte;Colisão Traseira;1;2;0;0;0;0;1
24/07/2016;08:51:00;120;sem vítima;32,5;BR-116/PR;Norte;Tombamento;1;1;0;0;0;0;1
24/07/2016;12:11:00;184;sem vítima;269,5;BR-116/SP;Sul;Colisão Lateral;1;7;0;0;0;0;1
24/07/2016;14:53:00;228;sem vítima;37;BR-116/PR;Norte;Colisão Traseira;2;2;0;0;0;0;1
24/07/2016;15:27:00;250;sem vítima;20,5;BR-116/PR;Norte;Colisão Traseira;2;2;0;0;0;0;1
24/07/2016;23:52:00;403;com vítima;513,3;BR-116/SP;Norte;Tombamento;1;1;1;0;0;0;1
25/07/2016;09:52:00;153;sem vítima;291,6;BR-116/SP;Norte;Engavetamento;1;3;0;0;0;0;1
25/07/2016;18:39:00;321;com vítima;9;BR-116/CW;Norte;Colisão Traseira;1;2;1;0;0;0;1
27/07/2016;01:10:00;26;sem vítima;4,8;BR-116/PR;Norte;Colisão Traseira;2;2;0;0;0;0;1
27/07/2016;09:10:00;135;sem vítima;505,3;BR-116/SP;Sul;Tombamento;1;1;0;0;0;0;1
27/07/2016;15:25:00;265;com vítima;564,5;BR-116/SP;Sul;Tombamento;1;0;1;0;0;0;1
28/07/2016;07:09:00;86;sem vítima;347,5;BR-116/SP;Norte;Tombamento;1;1;0;0;0;0;1
28/07/2016;08:28:00;106;com vítima;29,5;BR-116/PR;Norte;Choque - Defensa, barreira ou  submarino ;1;1;1;0;0;0;1
29/07/2016;14:14:00;245;sem vítima;481,9;BR-116/SP;Sul;Capotamento;1;2;0;0;0;0;1
29/07/2016;22:07:00;360;sem vítima;280;BR-116/SP;Sul;Colisão Traseira;1;2;0;0;0;0;1
30/07/2016;06:03:00;104;sem vítima;548,8;BR-116/SP;Sul;Choque - Defensa, barreira ou  submarino ;1;3;0;0;0;0;1
30/07/2016;00:43:00;17;sem vítima;396,5;BR-116/SP;Norte;Saida de Pista;1;1;0;0;0;0;1
30/07/2016;04:01:00;75;sem vítima;19;BR-116/PR;Sul;Colisão Traseira;2;2;0;0;0;0;1
30/07/2016;09:46:00;165;com vítima;23,2;BR-116/PR;Norte;Tombamento;1;0;2;0;0;0;1
30/07/2016;23:46:00;414;sem vítima;347,8;BR-116/SP;Sul;Tombamento;1;2;0;0;0;0;1
31/07/2016;04:04:00;59;com vítima;395;BR-116/SP;Sul;Atropelamento - Morador;1;1;0;0;0;1;3
31/07/2016;06:24:00;83;com vítima;423,2;BR-116/SP;Norte;Capotamento;1;0;1;0;0;0;1
31/07/2016;16:06:00;277;sem vítima;491;BR-116/SP;Sul;Saida de Pista;1;2;0;0;0;0;1
01/08/2016;11:25:00;202;sem vítima;515,6;BR-116/SP;Norte;Colisão Traseira;2;2;0;0;0;0;1
01/08/2016;13:09:00;229;com vítima;278,6;BR-116/SP;Sul;Colisão Lateral;1;1;1;0;0;0;1
02/08/2016;01:00:00;27;sem vítima;459,8;BR-116/SP;Sul;Tombamento;1;1;0;0;0;0;1
02/08/2016;02:43:00;49;sem vítima;378;BR-116/SP;Sul;Saida de Pista;1;2;0;0;0;0;1
02/08/2016;07:00:00;100;com vítima;2;BR-116/PR;Norte;Tombamento;1;0;1;0;0;0;1
02/08/2016;10:18:00;190;sem vítima;550;BR-116/SP;Norte;Tombamento;1;1;0;0;0;0;1
02/08/2016;15:43:00;264;com vítima;281,7;BR-116/SP;Sul;Colisão Lateral;1;2;1;0;0;0;1
02/08/2016;16:41:00;285;sem vítima;278,9;BR-116/SP;Sul;Colisão Lateral;1;5;0;0;0;0;1
02/08/2016;20:37:00;330;sem vítima;513;BR-116/SP;Norte;Colisão Traseira;1;2;0;0;0;0;1
03/08/2016;01:17:00;29;sem vítima;59,4;BR-116/PR;Sul;Choque - Defensa, barreira ou  submarino ;1;1;0;0;0;0;1
03/08/2016;10:18:00;178;com vítima;298,8;BR-116/SP;Norte;Colisão Traseira;2;2;1;0;0;0;1
04/08/2016;00:49:00;17;sem vítima;18;BR-116/PR;Norte;Saida de Pista;1;1;0;0;0;0;1
04/08/2016;02:30:00;40;sem vítima;553;BR-116/SP;Sul;Colisão Traseira;1;2;0;0;0;0;1
04/08/2016;06:06:00;72;com vítima;62,4;BR-116/PR;Sul;Colisão Traseira;2;1;1;0;0;0;1
04/08/2016;10:35:00;157;sem vítima;18;BR-116/CW;Sul;Saida de Pista;1;1;0;0;0;0;1
04/08/2016;15:50:00;256;sem vítima;57,2;BR-116/PR;Sul;Choque - Cancela de Pedagio;1;1;0;0;0;0;1
04/08/2016;17:59:00;308;sem vítima;32,8;BR-116/PR;Norte;Tombamento;1;1;0;0;0;0;1
04/08/2016;22:49:00;358;sem vítima;514,6;BR-116/SP;Norte;Tombamento;1;1;0;0;0;0;1
05/08/2016;17:26:00;306;sem vítima;283,9;BR-116/SP;Norte;Colisão Lateral;1;3;0;0;0;0;1
07/08/2016;04:35:00;66;com vítima;51,1;BR-116/PR;Sul;Colisão Traseira;2;1;0;0;0;1;3
07/08/2016;04:52:00;69;sem vítima;472,9;BR-116/SP;Norte;Tombamento;1;2;0;0;0;0;1
07/08/2016;10:38:00;139;sem vítima;445;BR-116/SP;Sul;Choque - Suporte de Sinalização;1;1;0;0;0;0;1
07/08/2016;14:48:00;201;com vítima;398,8;BR-116/SP;Norte;Colisão Lateral;1;1;1;0;0;0;1