data;horario;n_da_ocorrencia;tipo_de_ocorrencia;km;trecho;sentido;tipo_de_acidente;caminhao;ilesos;levemente_feridos;moderadamente_feridos;gravemente_feridos;mortos;3
07/08/2016;16:42:00;242;sem vítima;402,3;BR-116/SP;Norte;Saida de Pista;2;2;0;0;0;0;1
07/08/2016;17:25:00;259;sem vítima;475;BR-116/SP;Norte;Objeto lançado contra veículo;1;2;0;0;0;0;1
08/08/2016;15:19:00;211;sem vítima;522;BR-116/SP;Norte;Saida de Pista;1;1;0;0;0;0;1
08/08/2016;18:01:00;267;sem vítima;67;BR-116/PR;Sul;Colisão Frontal;1;3;0;0;0;0;1
09/08/2016;05:37:00;80;sem vítima;18,5;BR-116/PR;Norte;Saida de Pista;1;1;0;0;0;0;1
09/08/2016;07:44:00;104;com vítima;281,5;BR-116/SP;Norte;Colisão Traseira;1;2;1;0;0;0;1
09/08/2016;10:47:00;173;com vítima;567;BR-116/SP;Norte;Tombamento;1;0;1;0;0;0;1
09/08/2016;16:54:00;280;com vítima;271,3;BR-116/SP;Norte;Colisão Transversal;1;4;1;0;0;0;1
09/08/2016;20:11:00;319;sem vítima;10;BR-116/CW;Sul;Colisão Lateral;1;2;0;0;0;0;1
10/08/2016;04:48:00;88;com vítima;361,98;BR-116/SP;Sul;Tombamento;1;0;1;0;0;0;1
10/08/2016;05:47:00;102;com vítima;398,5;BR-116/SP;Norte;Saida de Pista;1;0;1;0;0;0;1
10/08/2016;06:14:00;104;com vítima;321,7;BR-116/SP;Sul;Tombamento;1;0;1;0;0;0;1
10/08/2016;14:36:00;270;sem vítima;347,8;BR-116/SP;Sul;Colisão Traseira;2;2;0;0;0;0;1
10/08/2016;15:28:00;281;com vítima;455,3;BR-116/SP;Sul;Colisão Traseira;1;1;1;0;0;0;1
10/08/2016;16:58:00;315;sem vítima;482;BR-116/SP;Norte;Colisão Lateral;1;2;0;0;0;0;1
10/08/2016;20:38:00;376;sem vítima;273,1;BR-116/SP;Norte;Engavetamento;2;5;0;0;0;0;1
12/08/2016;02:44:00;43;sem vítima;380,3;BR-116/SP;Sul;Saida de Pista;1;1;0;0;0;0;1
12/08/2016;03:51:00;56;com vítima;318,5;BR-116/SP;Sul;Colisão Traseira;2;1;1;0;0;0;1
12/08/2016;06:08:00;75;com vítima;545;BR-116/SP;Norte;Tombamento;1;0;1;0;0;0;1
12/08/2016;17:48:00;316;sem vítima;282;BR-116/SP;Norte;Engavetamento;1;7;0;0;0;0;1
13/08/2016;09:25:00;127;sem vítima;517,6;BR-116/SP;Sul;Tombamento;1;1;0;0;0;0;1
14/08/2016;18:35:00;305;sem vítima;466;BR-116/SP;Sul;Colisão Traseira;1;2;0;0;0;0;1
15/08/2016;08:46:00;137;sem vítima;23,8;BR-116/PR;Norte;Saida de Pista;1;1;0;0;0;0;1
16/08/2016;20:52:00;361;com vítima;347,9;BR-116/SP;Sul;Tombamento;1;0;1;0;0;0;1
16/08/2016;14:13:00;230;sem vítima;28,15;BR-116/PR;Norte;Choque - Defensa, barreira ou  submarino ;1;1;0;0;0;0;1
16/08/2016;18:36:00;326;com vítima;23,5;BR-116/PR;Sul;Colisão Traseira;2;2;0;1;0;0;2
17/08/2016;07:28:00;107;sem vítima;485,7;BR-116/SP;Sul;Colisão Traseira;1;3;0;0;0;0;1
17/08/2016;15:18:00;314;com vítima;451,2;BR-116/SP;Sul;Tombamento;1;1;1;0;0;0;1
17/08/2016;16:17:00;339;sem vítima;300,5;BR-116/SP;Sul;Saida de Pista;1;1;0;0;0;0;1
17/08/2016;19:31:00;421;sem vítima;347,8;BR-116/SP;Sul;Colisão Traseira;1;2;0;0;0;0;1
18/08/2016;06:23:00;104;sem vítima;518,1;BR-116/SP;Sul;Saida de Pista;1;1;0;0;0;0;1
18/08/2016;14:08:00;263;sem vítima;567,5;BR-116/SP;Norte;Choque - Defensa, barreira ou  submarino ;1;1;0;0;0;0;1
18/08/2016;15:29:00;286;sem vítima;438,5;BR-116/SP;Sul;Saida de Pista;1;2;0;0;0;0;1
18/08/2016;17:26:00;322;sem vítima;40;BR-116/PR;Norte;Colisão Lateral;1;2;0;0;0;0;1
19/08/2016;19:24:00;353;com vítima;28,1;BR-116/PR;Norte;Colisão Lateral;1;2;2;0;0;0;1
19/08/2016;21:16:00;379;sem vítima;298,5;BR-116/SP;Sul;Colisão Lateral;1;2;0;0;0;0;1
19/08/2016;07:53:00;112;sem vítima;32,5;BR-116/PR;Norte;Colisão Lateral;1;2;0;0;0;0;1
19/08/2016;16:30:00;290;sem vítima;523,5;BR-116/SP;Sul;Colisão Lateral;1;2;0;0;0;0;1
19/08/2016;21:45:00;383;sem vítima;449,3;BR-116/SP;Norte;Capotamento;1;2;0;0;0;0;1
20/08/2016;00:04:00;1;sem vítima;417,3;BR-116/SP;Sul;Colisão Traseira;3;4;0;0;0;0;1
20/08/2016;02:01:00;35;com vítima;513,3;BR-116/SP;Norte;Choque - Defensa, barreira ou  submarino ;1;0;0;1;0;1;3
20/08/2016;03:51:00;49;sem vítima;427;BR-116/SP;Sul;Colisão Traseira;2;2;0;0;0;0;1
20/08/2016;05:57:00;66;sem vítima;48,3;BR-116/PR;Sul;Engavetamento;3;3;0;0;0;0;1
20/08/2016;10:58:00;156;sem vítima;272;BR-116/SP;Sul;Colisão Lateral;1;3;0;0;0;0;1
20/08/2016;13:17:00;194;sem vítima;549,1;BR-116/SP;Sul;Saida de Pista;1;1;0;0;0;0;1
20/08/2016;18:55:00;309;com vítima;514;BR-116/SP;Norte;Choque - Defensa, barreira ou  submarino ;1;0;0;1;0;0;2
20/08/2016;19:09:00;312;sem vítima;342;BR-116/SP;Sul;Objeto lançado contra veículo;1;1;0;0;0;0;1
20/08/2016;21:08:00;331;sem vítima;380,3;BR-116/SP;Sul;Saida de Pista;1;1;0;0;0;0;1
20/08/2016;22:46:00;345;sem vítima;18,7;BR-116/PR;Norte;Saida de Pista;1;1;0;0;0;0;1
21/08/2016;01:14:00;24;sem vítima;513,2;BR-116/SP;Norte;Tombamento;1;1;0;0;0;0;1
21/08/2016;19:11:00;287;sem vítima;7;BR-116/PR;Norte;Capotamento;1;2;0;0;0;0;1
21/08/2016;22:58:00;342;sem vítima;333,5;BR-116/SP;Sul;Colisão Traseira;1;2;0;0;0;0;1
22/08/2016;02:34:00;49;com vítima;328,4;BR-116/SP;Norte;Colisão Traseira;2;1;0;1;0;0;2
22/08/2016;10:40:00;167;sem vítima;298,5;BR-116/SP;Sul;Colisão Traseira;1;3;0;0;0;0;1
22/08/2016;16:19:00;266;sem vítima;45,7;BR-116/PR;Sul;Colisão Lateral;1;6;0;0;0;0;1
22/08/2016;20:01:00;323;sem vítima;41,5;BR-116/PR;Sul;Colisão Lateral;2;2;0;0;0;0;1
23/08/2016;12:20:00;214;sem vítima;279,3;BR-116/SP;Sul;Colisão Lateral;1;6;0;0;0;0;1
23/08/2016;18:10:00;327;sem vítima;347,7;BR-116/SP;Norte;Colisão Lateral;2;2;0;0;0;0;1
23/08/2016;20:28:00;353;sem vítima;311;BR-116/SP;Sul;Colisão Lateral;2;3;0;0;0;0;1
23/08/2016;20:42:00;355;sem vítima;414;BR-116/SP;Norte;Colisão Traseira;1;2;0;0;0;0;1
23/08/2016;23:21:00;387;com vítima;307,5;BR-116/SP;Sul;Engavetamento;2;3;0;1;0;1;3
24/08/2016;03:10:00;55;sem vítima;282,8;BR-116/SP;Norte;Tombamento;1;1;0;0;0;0;1
24/08/2016;10:00:00;172;sem vítima;542;BR-116/SP;Sul;Colisão Traseira;2;2;0;0;0;0;1
24/08/2016;12:41:00;222;com vítima;550,5;BR-116/SP;Norte;Tombamento;1;0;1;0;0;0;1
24/08/2016;18:20:00;325;sem vítima;303,5;BR-116/SP;Sul;Colisão Traseira;1;2;0;0;0;0;1
25/08/2016;00:55:00;21;sem vítima;353,7;BR-116/SP;Sul;Colisão Lateral;1;3;0;0;0;0;1
25/08/2016;22:47:00;381;sem vítima;459;BR-116/SP;Sul;Tombamento;1;1;0;0;0;0;1
26/08/2016;03:29:00;58;com vítima;387,1;BR-116/SP;Norte;Colisão Traseira;2;1;1;0;0;0;1
26/08/2016;06:41:00;98;sem vítima;6,5;BR-116/PR;Norte;Colisão Traseira;2;2;0;0;0;0;1
26/08/2016;07:28:00;110;sem vítima;543;BR-116/SP;Sul;Colisão Traseira;2;2;0;0;0;0;1
26/08/2016;07:39:00;115;com vítima;432,2;BR-116/SP;Norte;Tombamento;1;0;1;0;0;0;1
27/08/2016;16:04:00;296;sem vítima;65,9;BR-116/PR;Norte;Colisão Lateral;2;5;0;0;0;0;1
27/08/2016;16:14:00;302;sem vítima;493;BR-116/SP;Norte;Saida de Pista;1;1;0;0;0;0;1
27/08/2016;17:37:00;328;com vítima;304,9;BR-116/SP;Sul;Tombamento;1;0;0;1;0;0;2
29/08/2016;04:56:00;131;sem vítima;422,4;BR-116/SP;Norte;Saida de Pista;1;1;0;0;0;0;1
29/08/2016;09:18:00;216;sem vítima;303,8;BR-116/SP;Norte;Colisão Lateral;1;2;0;0;0;0;1
29/08/2016;17:27:00;376;sem vítima;281,3;BR-116/SP;Norte;Colisão Lateral;1;2;0;0;0;0;1
30/08/2016;08:16:00;148;com vítima;271,4;BR-116/SP;Sul;Engavetamento;1;4;1;0;0;0;1
30/08/2016;09:44:00;182;sem vítima;281;BR-116/SP;Norte;Colisão Traseira;2;2;0;0;0;0;1
30/08/2016;10:37:00;198;sem vítima;3;BR-116/PR;Norte;Colisão Traseira;1;2;0;0;0;0;1
30/08/2016;16:57:00;317;sem vítima;18,4;BR-116/CW;Norte;Engavetamento;1;8;0;0;0;0;1
30/08/2016;22:18:00;393;com vítima;363,95;BR-116/SP;Sul;Tombamento;1;0;1;0;0;0;1
30/08/2016;23:37:00;405;com vítima;400;BR-116/SP;Sul;Tombamento;1;0;1;0;0;0;1
31/08/2016;00:15:00;10;sem vítima;376,2;BR-116/SP;Norte;Choque - Defensa, barreira ou  submarino ;1;2;0;0;0;0;1
31/08/2016;01:48:00;36;sem vítima;10,9;BR-116/PR;Norte;Choque - Objeto sobre a pista;1;1;0;0;0;0;1
31/08/2016;07:20:00;104;com vítima;274,5;BR-116/SP;Sul;Colisão Traseira;1;1;1;0;0;0;1
31/08/2016;08:51:00;138;sem vítima;560,5;BR-116/SP;Sul;Colisão Lateral;1;2;0;0;0;0;1
31/08/2016;13:10:00;232;sem vítima;287,6;BR-116/SP;Norte;Colisão Traseira;1;2;0;0;0;0;1
31/08/2016;17:29:00;332;sem vítima;370,4;BR-116/SP;Sul;Choque - Suporte de Sinalização;1;1;0;0;0;0;1
31/08/2016;20:47:00;381;com vítima;379,5;BR-116/SP;Norte;Atropelamento - Morador;1;1;0;0;0;1;3
01/09/2016;00:34:00;13;sem vítima;390,1;BR-116/PR;Sul;Atropelamento de Animal;1;1;0;0;0;0;1
01/09/2016;00:43:00;18;sem vítima;390,1;BR-116/PR;Sul;Atropelamento de Animal;1;1;0;0;0;0;1
01/09/2016;01:15:00;26;sem vítima;339,25;BR-116/PR;Sul;Colisão Traseira;2;2;0;0;0;0;1
01/09/2016;04:24:00;79;sem vítima;515,2;BR-116/PR;Sul;Saida de Pista;1;1;0;0;0;0;1
01/09/2016;05:23:00;94;com vítima;24;BR-116/PR;Sul;Colisão Traseira;2;1;1;0;0;0;1
01/09/2016;16:32:00;296;com vítima;504;BR-116/PR;Sul;Tombamento;1;0;1;0;0;0;1
01/09/2016;17:04:00;309;com vítima;40,1;BR-116/PR;Norte;Colisão Lateral;1;2;2;0;0;0;1
01/09/2016;22:19:00;371;com vítima;33,8;BR-116/PR;Norte;Colisão Traseira;2;1;1;0;0;0;1
01/09/2016;23:50:00;404;sem vítima;560,95;BR-116/PR;Sul;Saida de Pista;1;1;0;0;0;0;1
02/09/2016;00:12:00;5;sem vítima;465,2;BR-116/PR;Sul;Saida de Pista;1;1;0;0;0;0;1
02/09/2016;15:04:00;290;sem vítima;394,5;BR-116/PR;Norte;Colisão Traseira;1;2;0;0;0;0;1
02/09/2016;18:11:00;331;sem vítima;370,4;BR-116/PR;Norte;Colisão Traseira;2;2;0;0;0;0;1
03/09/2016;00:58:00;22;sem vítima;322,8;BR-116/PR;Norte;Atropelamento de Animal;1;1;0;0;0;0;1
03/09/2016;00:58:00;32;sem vítima;322,8;BR-116/PR;Norte;Atropelamento de Animal;1;1;0;0;0;0;1
03/09/2016;09:00:00;151;sem vítima;516,5;BR-116/PR;Sul;Tombamento;1;1;0;0;0;0;1
03/09/2016;11:37:00;205;sem vítima;352,9;BR-116/PR;Sul;Colisão Traseira;1;3;0;0;0;0;1
04/09/2016;02:07:00;28;sem vítima;380,2;BR-116/PR;Sul;Saida de Pista;1;1;0;0;0;0;1
04/09/2016;07:49:00;85;com vítima;37;BR-116/PR;Sul;Colisão Traseira;1;2;1;0;0;0;1
04/09/2016;12:21:00;157;com vítima;316,5;BR-116/PR;Norte;Colisão Lateral;1;1;0;0;1;0;2
04/09/2016;10:31:00;128;sem vítima;518;BR-116/PR;Sul;Tombamento;1;1;0;0;0;0;1
05/09/2016;03:16:00;34;sem vítima;288,2;BR-116/PR;Norte;Colisão Traseira;2;2;0;0;0;0;1
05/09/2016;05:00:00;48;sem vítima;28,5;BR-116/PR;Norte;Tombamento;1;1;0;0;0;0;1
05/09/2016;08:58:00;119;sem vítima;311,5;BR-116/PR;Norte;Saida de Pista;1;1;0;0;0;0;1
05/09/2016;10:41:00;159;com vítima;394,5;BR-116/PR;Norte;Colisão Traseira;1;3;1;0;0;0;1
05/09/2016;18:43:00;315;sem vítima;298,6;BR-116/PR;Sul;Colisão Lateral;1;2;0;0;0;0;1
05/09/2016;20:48:00;339;com vítima;63,9;BR-116/PR;Sul;Colisão Traseira;3;2;1;0;0;0;1
05/09/2016;22:03:00;356;sem vítima;26,2;BR-116/PR;Norte;Choque - Defensa, barreira ou  submarino ;1;1;0;0;0;0;1
06/09/2016;06:37:00;68;sem vítima;541,8;BR-116/PR;Sul;Choque - Defensa, barreira ou  submarino ;1;1;0;0;0;0;1
06/09/2016;08:24:00;103;sem vítima;279,5;BR-116/PR;Norte;Colisão Traseira;2;2;0;0;0;0;1
06/09/2016;10:47:00;163;sem vítima;466,7;BR-116/PR;Sul;Saida de Pista;1;1;0;0;0;0;1
06/09/2016;21:17:00;364;sem vítima;433,4;BR-116/PR;Sul;Saida de Pista;1;2;0;0;0;0;1
07/09/2016;00:20:00;11;sem vítima;425,9;BR-116/PR;Norte;Tombamento;1;1;0;0;0;0;1
07/09/2016;05:39:00;99;sem vítima;317,5;BR-116/PR;Sul;Choque - Defensa, barreira ou  submarino ;1;2;0;0;0;0;1
07/09/2016;15:55:00;293;sem vítima;291;BR-116/PR;Norte;Colisão Traseira;1;3;0;0;0;0;1
08/09/2016;14:21:00;265;sem vítima;13,2;BR-116/CW;Norte;Colisão Lateral;1;3;0;0;0;0;1
08/09/2016;17:27:00;328;sem vítima;305;BR-116/PR;Sul;Colisão Traseira;1;2;0;0;0;0;1
08/09/2016;18:49:00;351;sem vítima;29,1;BR-116/PR;Norte;Saida de Pista;1;1;0;0;0;0;1
08/09/2016;22:42:00;406;sem vítima;57,2;BR-116/PR;Sul;Choque - Cancela de Pedagio;1;1;0;0;0;0;1
09/09/2016;04:36:00;83;sem vítima;388,8;BR-116/PR;Norte;Colisão Traseira;2;2;0;0;0;0;1
09/09/2016;08:43:00;145;sem vítima;561,7;BR-116/PR;Sul;Choque - Defensa, barreira ou  submarino ;1;1;0;0;0;0;1
09/09/2016;12:26:00;214;sem vítima;280,8;BR-116/PR;Sul;Colisão Traseira;2;2;0;0;0;0;1
10/09/2016;00:11:00;5;sem vítima;276;BR-116/PR;Norte;Colisão Lateral;1;3;0;0;0;0;1
10/09/2016;03:25:00;62;sem vítima;485,7;BR-116/PR;Sul;Colisão Traseira;2;4;0;0;0;0;1
10/09/2016;17:43:00;315;com vítima;362,7;BR-116/PR;Sul;Tombamento;1;0;1;0;0;0;1
11/09/2016;02:01:00;54;sem vítima;308;BR-116/PR;Norte;Colisão Traseira;1;3;0;0;0;0;1
11/09/2016;10:06:00;171;sem vítima;426,6;BR-116/PR;Norte;Colisão Traseira;1;3;0;0;0;0;1
11/09/2016;17:09:00;309;sem vítima;68;BR-116/PR;Sul;Colisão Lateral;1;4;0;0;0;0;1
11/09/2016;19:04:00;349;sem vítima;516,4;BR-116/PR;Norte;Saida de Pista;1;1;0;0;0;0;1
11/09/2016;21:00:00;371;sem vítima;70,5;BR-116/PR;Sul;Colisão Traseira;1;3;0;0;0;0;1
11/09/2016;22:44:00;389;sem vítima;57,2;BR-116/PR;Sul;Choque - Defensa, barreira ou  submarino ;1;1;0;0;0;0;1
12/09/2016;12:31:00;251;sem vítima;304,3;BR-116/PR;Sul;Colisão Lateral;1;2;0;0;0;0;1
12/09/2016;13:06:00;261;com vítima;8,6;BR-116/CW;Norte;Colisão Traseira;1;2;1;1;0;0;2
12/09/2016;16:17:00;334;com vítima;279,8;BR-116/PR;Norte;Colisão Lateral;1;1;1;0;0;0;1
12/09/2016;20:05:00;414;sem vítima;510,7;BR-116/PR;Sul;Saida de Pista;1;1;0;0;0;0;1
12/09/2016;20:40:00;428;sem vítima;303,2;BR-116/PR;Sul;Colisão Lateral;1;5;0;0;0;0;1
13/09/2016;10:16:00;188;com vítima;13,5;BR-116/CW;Sul;Colisão Traseira;2;3;1;0;0;0;1
13/09/2016;11:32:00;227;sem vítima;342,8;BR-116/PR;Sul;Choque - Objeto sobre a pista;1;1;0;0;0;0;1
13/09/2016;16:04:00;329;sem vítima;61,3;BR-116/PR;Sul;Tombamento;1;1;0;0;0;0;1
13/09/2016;17:34:00;371;sem vítima;347,3;BR-116/PR;Sul;Colisão Lateral;2;3;0;0;0;0;1
13/09/2016;17:53:00;378;sem vítima;346,5;BR-116/PR;Sul;Choque - Defensa, barreira ou  submarino ;2;2;0;0;0;0;1
13/09/2016;20:46:00;436;sem vítima;420;BR-116/PR;Sul;Colisão Traseira;2;2;0;0;0;0;1
14/09/2016;00:47:00;13;sem vítima;311;BR-116/PR;Norte;Colisão Traseira;1;2;0;0;0;0;1
14/09/2016;01:53:00;25;com vítima;505,4;BR-116/PR;Sul;Colisão Traseira;1;1;1;0;0;0;1
14/09/2016;08:34:00;117;com vítima;69;BR-116/PR;Sul;Engavetamento;4;5;0;1;0;0;2
14/09/2016;16:56:00;329;com vítima;282,9;BR-116/PR;Sul;Colisão Traseira;1;2;1;0;0;0;1
15/09/2016;00:11:00;6;com vítima;34,9;BR-116/PR;Norte;Tombamento;1;0;1;0;0;0;1
15/09/2016;10:38:00;192;com vítima;289,9;BR-116/PR;Sul;Saida de Pista;1;1;1;0;0;0;1
15/09/2016;16:10:00;314;sem vítima;485,7;BR-116/PR;Norte;Colisão Traseira;2;2;0;0;0;0;1
15/09/2016;19:25:00;374;com vítima;6;BR-116/CW;Norte;Engavetamento;1;7;1;0;0;0;1
16/09/2016;00:17:00;7;com vítima;499;BR-116/PR;Norte;Colisão Traseira;2;0;1;1;0;0;2
16/09/2016;04:40:00;79;com vítima;314,7;BR-116/PR;Norte;Colisão Frontal;2;0;0;0;2;0;2
16/09/2016;05:19:00;84;sem vítima;46,7;BR-116/PR;Sul;Saida de Pista;1;1;0;0;0;0;1
16/09/2016;10:20:00;184;sem vítima;320;BR-116/PR;Norte;Colisão Lateral;1;2;0;0;0;0;1
16/09/2016;21:58:00;384;sem vítima;345;BR-116/PR;Sul;Colisão Traseira;1;3;0;0;0;0;1
17/09/2016;03:43:00;77;com vítima;275,2;BR-116/PR;Norte;Colisão Traseira;1;1;0;3;0;0;2
17/09/2016;16:05:00;282;sem vítima;512,3;BR-116/PR;Sul;Tombamento;1;2;0;0;0;0;1
17/09/2016;23:16:00;373;sem vítima;47,1;BR-116/PR;Sul;Choque - Outros;1;3;0;0;0;0;1
18/09/2016;15:43:00;260;sem vítima;561;BR-116/PR;Sul;Tombamento;1;2;0;0;0;0;1
18/09/2016;16:20:00;276;com vítima;347,6;BR-116/PR;Norte;Choque - Defensa, barreira ou  submarino ;1;0;1;0;0;0;1
18/09/2016;18:13:00;315;com vítima;295,8;BR-116/PR;Norte;Engavetamento;1;8;0;1;0;1;3
19/09/2016;00:56:00;15;sem vítima;280,5;BR-116/PR;Norte;Colisão Lateral;2;2;0;0;0;0;1
19/09/2016;03:40:00;50;com vítima;376,8;BR-116/PR;Norte;Engavetamento;3;2;1;1;0;0;2
19/09/2016;12:22:00;185;sem vítima;420,7;BR-116/PR;Norte;Saida de Pista;1;1;0;0;0;0;1
20/09/2016;07:50:00;95;sem vítima;281;BR-116/PR;Norte;Colisão Traseira;2;2;0;0;0;0;1
20/09/2016;10:23:00;169;sem vítima;283,3;BR-116/PR;Sul;Engavetamento;2;5;0;0;0;0;1
20/09/2016;12:34:00;207;sem vítima;0,8;BR-116/PR;Norte;Tombamento;1;1;0;0;0;0;1
20/09/2016;21:08:00;384;sem vítima;542,9;BR-116/PR;Norte;Choque - Objeto sobre a pista;1;1;0;0;0;0;1
20/09/2016;22:27:00;404;sem vítima;69,6;BR-116/PR;Sul;Colisão Lateral;1;2;0;0;0;0;1
21/09/2016;08:49:00;117;sem vítima;430,9;BR-116/PR;Sul;Colisão Traseira;1;5;0;0;0;0;1
22/09/2016;02:12:00;20;com vítima;351;BR-116/PR;Norte;Tombamento;1;0;2;1;0;0;2
22/09/2016;07:19:00;69;sem vítima;69,5;BR-116/PR;Sul;Choque - Defensa, barreira ou  submarino ;1;1;0;0;0;0;1
22/09/2016;15:00:00;233;sem vítima;459,8;BR-116/PR;Norte;Colisão Lateral;1;2;0;0;0;0;1
22/09/2016;16:40:00;270;sem vítima;370,4;BR-116/PR;Norte;Colisão Traseira;2;2;0;0;0;0;1
22/09/2016;17:36:00;288;sem vítima;362;BR-116/PR;Sul;Tombamento;1;2;0;0;0;0;1
23/09/2016;00:10:00;1;sem vítima;563,8;BR-116/PR;Norte;Atropelamento de Animal;1;1;0;0;0;0;1
23/09/2016;07:46:00;111;com vítima;23;BR-116/PR;Norte;Tombamento;1;0;0;1;0;0;2
23/09/2016;09:36:00;154;sem vítima;57,2;BR-116/PR;Sul;Colisão Traseira;1;2;0;0;0;0;1
23/09/2016;09:37:00;155;sem vítima;69,8;BR-116/PR;Sul;Colisão Traseira;2;2;0;0;0;0;1
23/09/2016;14:16:00;234;sem vítima;302,5;BR-116/PR;Sul;Tombamento;1;1;0;0;0;0;1
23/09/2016;14:49:00;247;sem vítima;280;BR-116/PR;Sul;Colisão Lateral;1;3;0;0;0;0;1
23/09/2016;16:24:00;283;com vítima;511,9;BR-116/PR;Norte;Choque - Defensa, barreira ou  submarino ;1;0;1;0;0;0;1
24/09/2016;03:49:00;80;com vítima;43,3;BR-116/PR;Sul;Tombamento;1;1;1;0;0;0;1
24/09/2016;08:46:00;168;com vítima;67,8;BR-116/PR;Norte;Colisão Traseira;2;1;1;0;0;0;1
24/09/2016;09:02:00;176;com vítima;68,2;BR-116/PR;Norte;Colisão Traseira;1;2;1;0;0;0;1
24/09/2016;20:35:00;384;sem vítima;380,3;BR-116/PR;Sul;Saida de Pista;1;2;0;0;0;0;1
25/09/2016;09:55:00;140;sem vítima;30,2;BR-116/PR;Norte;Tombamento;1;2;0;0;0;0;1
25/09/2016;15:49:00;219;com vítima;284,4;BR-116/PR;Norte;Tombamento;1;0;0;1;0;0;2
26/09/2016;02:02:00;49;sem vítima;392,3;BR-116/PR;Norte;Saida de Pista;1;1;0;0;0;0;1
26/09/2016;07:03:00;105;sem vítima;70,9;BR-116/PR;Norte;Tombamento;1;3;0;0;0;0;1
26/09/2016;16:04:00;299;com vítima;36,85;BR-116/PR;Norte;Atropelamento - Funcionário;1;1;0;0;0;1;3
27/09/2016;09:23:00;169;com vítima;504,5;BR-116/PR;Norte;Tombamento;1;0;1;0;0;0;1
27/09/2016;23:30:00;411;sem vítima;350;BR-116/PR;Sul;Saida de Pista;1;2;0;0;0;0;1
28/09/2016;15:20:00;292;com vítima;347,8;BR-116/PR;Sul;Engavetamento;4;4;1;0;0;0;1
29/09/2016;03:28:00;47;com vítima;363,8;BR-116/PR;Norte;Tombamento;1;0;0;1;0;0;2
29/09/2016;04:16:00;50;sem vítima;516;BR-116/PR;Sul;Tombamento;1;1;0;0;0;0;1
29/09/2016;06:44:00;71;sem vítima;342;BR-116/PR;Sul;Engavetamento;1;3;0;0;0;0;1
29/09/2016;11:53:00;196;sem vítima;298,8;BR-116/PR;Sul;Colisão Traseira;1;6;0;0;0;0;1
29/09/2016;15:34:00;268;sem vítima;44,3;BR-116/PR;Sul;Colisão Lateral;2;3;0;0;0;0;1
29/09/2016;20:08:00;341;sem vítima;423;BR-116/PR;Sul;Choque - Objeto sobre a pista;1;1;0;0;0;0;1
29/09/2016;21:46:00;367;com vítima;330;BR-116/PR;Norte;Tombamento;1;2;2;0;0;0;1
30/09/2016;05:19:00;52;sem vítima;518,1;BR-116/PR;Sul;Tombamento;1;1;0;0;0;0;1
30/09/2016;05:32:00;56;sem vítima;24,2;BR-116/PR;Norte;Choque - Talude;1;1;0;0;0;0;1
30/09/2016;12:35:00;189;sem vítima;544,5;BR-116/PR;Norte;Tombamento;1;1;0;0;0;0;1
01/10/2016;18:49:00;296;sem vítima;348,2;BR-116/PR;Norte;Choque - Objeto sobre a pista;1;1;0;0;0;0;1
02/10/2016;02:41:00;42;sem vítima;380,5;BR-116/PR;Sul;Saida de Pista;1;1;0;0;0;0;1
02/10/2016;07:50:00;96;com vítima;380;BR-116/PR;Norte;Colisão Traseira;1;1;1;0;0;0;1
02/10/2016;12:29:00;161;sem vítima;542,9;BR-116/PR;Norte;Colisão Traseira;2;2;0;0;0;0;1
02/10/2016;13:41:00;181;com vítima;18,4;BR-116/CW;Sul;Colisão Traseira;2;1;0;1;0;0;2
02/10/2016;14:01:00;189;com vítima;33,5;BR-116/PR;Norte;Tombamento;1;0;1;0;0;0;1
02/10/2016;14:02:00;190;sem vítima;339,3;BR-116/PR;Sul;Choque - Defensa, barreira ou  submarino ;1;2;0;0;0;0;1
02/10/2016;17:14:00;247;com vítima;334,8;BR-116/PR;Sul;Colisão Lateral;1;3;2;0;0;0;1
02/10/2016;23:21:00;323;sem vítima;390,1;BR-116/PR;Sul;Saida de Pista;1;1;0;0;0;0;1
03/10/2016;08:47:00;123;com vítima;439,8;BR-116/PR;Sul;Tombamento;1;1;1;0;0;0;1
03/10/2016;17:09:00;267;com vítima;362,6;BR-116/PR;Sul;Tombamento;1;1;1;0;0;0;1
03/10/2016;20:27:00;320;com vítima;560,3;BR-116/PR;Sul;Choque - Talude;1;0;0;1;0;0;2
03/10/2016;22:42:00;344;sem vítima;523;BR-116/PR;Norte;Saida de Pista;1;1;0;0;0;0;1
03/10/2016;22:49:00;346;sem vítima;485,9;BR-116/PR;Norte;Colisão Lateral;1;3;0;0;0;0;1
04/10/2016;04:17:00;61;sem vítima;57;BR-116/PR;Norte;Colisão Lateral;2;3;0;0;0;0;1
04/10/2016;05:11:00;75;sem vítima;68,8;BR-116/PR;Sul;Capotamento;1;2;0;0;0;0;1
04/10/2016;06:23:00;81;sem vítima;385,4;BR-116/PR;Norte;Saida de Pista;1;1;0;0;0;0;1
05/10/2016;00:25:00;7;sem vítima;5;BR-116/PR;Norte;Choque - Objeto sobre a pista;1;1;0;0;0;0;1
05/10/2016;04:58:00;73;sem vítima;567,5;BR-116/PR;Norte;Choque - Defensa, barreira ou  submarino ;1;1;0;0;0;0;1
05/10/2016;09:35:00;161;com vítima;562,1;BR-116/PR;Sul;Choque - Defensa, barreira ou  submarino ;1;1;1;0;0;0;1
05/10/2016;12:06:00;225;com vítima;548,2;BR-116/PR;Norte;Colisão Traseira;2;1;0;0;0;1;3
05/10/2016;21:19:00;365;sem vítima;521;BR-116/PR;Sul;Colisão Traseira;2;2;0;0;0;0;1
05/10/2016;21:50:00;371;sem vítima;380,3;BR-116/PR;Sul;Tombamento;1;1;0;0;0;0;1
06/10/2016;01:45:00;27;com vítima;360;BR-116/PR;Sul;Colisão Frontal;2;0;0;1;0;3;3
06/10/2016;02:04:00;30;sem vítima;467;BR-116/PR;Sul;Saida de Pista;1;1;0;0;0;0;1
06/10/2016;05:53:00;76;sem vítima;500,6;BR-116/PR;Sul;Tombamento;1;2;0;0;0;0;1