data;horario;n_da_ocorrencia;tipo_de_ocorrencia;km;trecho;sentido;tipo_de_acidente;caminhao;ilesos;levemente_feridos;moderadamente_feridos;gravemente_feridos;mortos;3
25/01/2017;22:11:00;444;sem vítima;1,1;BR-116/PR;Norte;Tombamento;1;1;0;0;0;0;1
26/01/2017;05:43:00;94;com vítima;48,2;BR-116/PR;Sul;Colisão Traseira;2;1;1;0;0;0;1
26/01/2017;06:37:00;102;sem vítima;294,9;BR-116/PR;Sul;Colisão Lateral;1;5;0;0;0;0;1
26/01/2017;06:59:00;109;sem vítima;502,8;BR-116/PR;Norte;Colisão Traseira;2;2;0;0;0;0;1
26/01/2017;09:24:00;179;sem vítima;273;BR-116/PR;Norte;Colisão Lateral;1;2;0;0;0;0;1
26/01/2017;15:38:00;314;sem vítima;395,2;BR-116/PR;Norte;Saida de Pista;1;2;0;0;0;0;1
26/01/2017;16:11:00;325;sem vítima;7,8;BR-116/PR;Sul;Choque - Defensa, barreira ou  submarino ;1;1;0;0;0;0;1
26/01/2017;16:23:00;332;sem vítima;18,5;BR-116/PR;Norte;Saida de Pista;1;1;0;0;0;0;1
26/01/2017;19:48:00;408;sem vítima;542,9;BR-116/PR;Sul;Colisão Traseira;2;2;0;0;0;0;1
26/01/2017;19:54:00;411;sem vítima;564,2;BR-116/PR;Sul;Colisão Traseira;1;3;0;0;0;0;1
26/01/2017;22:02:00;438;com vítima;541,9;BR-116/PR;Sul;Colisão Lateral;1;2;1;0;0;0;1
26/01/2017;23:08:00;449;sem vítima;316,9;BR-116/PR;Sul;Colisão Traseira;1;4;0;0;0;0;1
26/01/2017;23:25:00;452;sem vítima;522,6;BR-116/PR;Sul;Colisão Traseira;2;2;0;0;0;0;1
27/01/2017;09:19:00;166;sem vítima;284,6;BR-116/PR;Sul;Tombamento;1;1;0;0;0;0;1
27/01/2017;16:43:00;283;sem vítima;554,2;BR-116/PR;Norte;Saida de Pista;1;1;0;0;0;0;1
27/01/2017;20:11:00;335;sem vítima;344,3;BR-116/PR;Norte;Colisão Lateral;1;6;0;0;0;0;1
27/01/2017;23:37:00;386;sem vítima;434,7;BR-116/PR;Sul;Tombamento;1;1;0;0;0;0;1
28/01/2017;00:04:00;2;com vítima;405,9;BR-116/PR;Sul;Colisão Traseira;2;2;1;0;0;0;1
28/01/2017;06:04:00;83;sem vítima;426,6;BR-116/PR;Norte;Choque - Outros;1;1;0;0;0;0;1
28/01/2017;11:16:00;202;sem vítima;284,5;BR-116/PR;Sul;Choque - Objeto sobre a pista;1;2;0;0;0;0;1
29/01/2017;15:08:00;223;com vítima;508,5;BR-116/PR;Norte;Tombamento;1;0;1;0;0;0;1
29/01/2017;16:16:00;245;sem vítima;472,4;BR-116/PR;Norte;Colisão Traseira;1;2;0;0;0;0;1
29/01/2017;21:22:00;352;sem vítima;300;BR-116/PR;Norte;Colisão Traseira;1;6;0;0;0;0;1
29/01/2017;21:36:00;357;sem vítima;353,8;BR-116/PR;Norte;Choque - Defensa, barreira ou  submarino ;1;1;0;0;0;0;1
29/01/2017;05:53:00;79;sem vítima;1;BR-116/PR;Norte;Saida de Pista;1;1;0;0;0;0;1
29/01/2017;09:09:00;129;sem vítima;279;BR-116/PR;Sul;Colisão Lateral;1;3;0;0;0;0;1
30/01/2017;13:38:00;278;sem vítima;297,9;BR-116/PR;Sul;Colisão Lateral;1;3;0;0;0;0;1
30/01/2017;18:32:00;396;sem vítima;351,3;BR-116/PR;Sul;Colisão Lateral;2;2;0;0;0;0;1
31/01/2017;03:25:00;60;sem vítima;17,1;BR-116/PR;Sul;Tombamento;1;1;0;0;0;0;1
31/01/2017;10:33:00;193;sem vítima;273;BR-116/PR;Norte;Choque - Talude;1;1;0;0;0;0;1
31/01/2017;14:31:00;271;sem vítima;24;BR-116/PR;Norte;Choque - Talude;1;1;0;0;0;0;1
31/01/2017;14:45:00;278;sem vítima;24;BR-116/PR;Norte;Choque - Veiculo parado na pista;2;3;0;0;0;0;1
31/01/2017;14:51:00;281;sem vítima;454;BR-116/PR;Sul;Colisão Traseira;1;3;0;0;0;0;1
31/01/2017;16:06:00;306;sem vítima;389,7;BR-116/PR;Sul;Tombamento;1;2;0;0;0;0;1
01/02/2017;00:08:00;4;sem vítima;463,6;BR-116/PR;Norte;Saida de Pista;1;1;0;0;0;0;1
01/02/2017;03:09:00;42;sem vítima;68,5;BR-116/PR;Sul;Colisão Lateral;1;4;0;0;0;0;1
01/02/2017;04:37:00;57;sem vítima;564,2;BR-116/PR;Sul;Colisão Traseira;1;2;0;0;0;0;1
01/02/2017;07:44:00;89;sem vítima;474;BR-116/PR;Sul;Saida de Pista;1;2;0;0;0;0;1
01/02/2017;17:44:00;331;sem vítima;279,4;BR-116/PR;Sul;Colisão Traseira;1;3;0;0;0;0;1
01/02/2017;18:35:00;346;sem vítima;482,8;BR-116/PR;Sul;Saida de Pista;1;1;0;0;0;0;1
02/02/2017;00:46:00;14;sem vítima;496,9;BR-116/PR;Norte;Choque - Defensa, barreira ou  submarino ;1;2;0;0;0;0;1
02/02/2017;01:03:00;18;sem vítima;344,7;BR-116/PR;Sul;Colisão Traseira;2;2;0;0;0;0;1
02/02/2017;04:06:00;62;sem vítima;536,4;BR-116/PR;Norte;Tombamento;1;1;0;0;0;0;1
02/02/2017;13:35:00;280;sem vítima;348,9;BR-116/PR;Sul;Colisão Traseira;1;2;0;0;0;0;1
02/02/2017;13:46:00;282;sem vítima;283,7;BR-116/PR;Norte;Colisão Traseira;1;2;0;0;0;0;1
02/02/2017;13:58:00;284;sem vítima;348;BR-116/PR;Sul;Colisão Traseira;2;2;0;0;0;0;1
02/02/2017;15:18:00;308;sem vítima;519;BR-116/PR;Sul;Tombamento;1;2;0;0;0;0;1
02/02/2017;16:03:00;327;com vítima;387,95;BR-116/PR;Norte;Choque - Defensa, barreira ou  submarino ;1;0;1;0;0;0;1
02/02/2017;16:13:00;337;sem vítima;318;BR-116/PR;Sul;Colisão Lateral;1;5;0;0;0;0;1
02/02/2017;20:45:00;442;sem vítima;449;BR-116/PR;Norte;Tombamento;1;1;0;0;0;0;1
03/02/2017;02:22:00;45;sem vítima;320,5;BR-116/PR;Norte;Colisão Traseira;2;3;0;0;0;0;1
03/02/2017;09:41:00;166;sem vítima;564,2;BR-116/PR;Sul;Colisão Lateral;2;2;0;0;0;0;1
03/02/2017;12:12:00;224;sem vítima;349,7;BR-116/PR;Norte;Choque - Elemento de Drenagem;1;2;0;0;0;0;1
04/02/2017;12:01:00;221;sem vítima;53,8;BR-116/PR;Norte;Colisão Traseira;2;2;0;0;0;0;1
04/02/2017;19:10:00;372;sem vítima;7,1;BR-116/PR;Sul;Choque - Defensa, barreira ou  submarino ;1;1;0;0;0;0;1
05/02/2017;13:47:00;208;sem vítima;343,9;BR-116/PR;Sul;Colisão Lateral;1;2;0;0;0;0;1
05/02/2017;16:01:00;260;sem vítima;554;BR-116/PR;Norte;Choque - Outros;1;2;0;0;0;0;1
06/02/2017;02:14:00;43;com vítima;446,95;BR-116/PR;Norte;Colisão Traseira;2;1;2;1;1;0;2
06/02/2017;02:39:00;49;sem vítima;398,8;BR-116/PR;Norte;Saida de Pista;1;1;0;0;0;0;1
06/02/2017;03:43:00;66;sem vítima;312,95;BR-116/PR;Norte;Choque - Talude;1;1;0;0;0;0;1
06/02/2017;05:55:00;84;sem vítima;287,7;BR-116/PR;Norte;Colisão Lateral;1;2;0;0;0;0;1
06/02/2017;06:48:00;91;sem vítima;281,5;BR-116/PR;Norte;Colisão Lateral;1;3;0;0;0;0;1
06/02/2017;16:07:00;318;sem vítima;306;BR-116/PR;Norte;Colisão Traseira;1;2;0;0;0;0;1
06/02/2017;17:18:00;337;sem vítima;363,8;BR-116/PR;Sul;Colisão Lateral;1;4;0;0;0;0;1
06/02/2017;17:46:00;347;sem vítima;399,9;BR-116/PR;Sul;Outros - Sequência;1;3;0;0;0;0;1
06/02/2017;19:10:00;386;com vítima;529,3;BR-116/PR;Norte;Colisão Traseira;1;3;1;0;0;0;1
07/02/2017;02:28:00;46;com vítima;520,3;BR-116/PR;Norte;Tombamento;1;0;0;0;0;1;3
07/02/2017;14:41:00;264;com vítima;362,5;BR-116/PR;Sul;Engavetamento;3;2;1;0;0;0;1
08/02/2017;16:37:00;327;sem vítima;347,2;BR-116/PR;Sul;Colisão Lateral;3;3;0;0;0;0;1
09/02/2017;19:45:00;355;sem vítima;513,6;BR-116/PR;Sul;Colisão Traseira;2;2;0;0;0;0;1
09/02/2017;22:34:00;402;sem vítima;331,4;BR-116/PR;Norte;Tombamento;1;1;0;0;0;0;1
09/02/2017;00:29:00;19;com vítima;391,6;BR-116/PR;Sul;Tombamento;1;0;1;0;0;0;1
09/02/2017;05:03:00;85;sem vítima;31;BR-116/PR;Norte;Choque - Defensa, barreira ou  submarino ;1;1;0;0;0;0;1
09/02/2017;06:53:00;98;sem vítima;351,2;BR-116/PR;Sul;Saida de Pista;1;1;0;0;0;0;1
09/02/2017;11:47:00;210;com vítima;279;BR-116/PR;Sul;Colisão Lateral;1;4;3;0;0;0;1
09/02/2017;13:39:00;236;com vítima;298,8;BR-116/PR;Sul;Colisão Traseira;1;6;2;0;0;0;1
09/02/2017;16:52:00;297;sem vítima;283,8;BR-116/PR;Norte;Colisão Traseira;1;2;0;0;0;0;1
10/02/2017;05:52:00;95;sem vítima;282,9;BR-116/PR;Norte;Engavetamento;1;4;0;0;0;0;1
10/02/2017;14:42:00;257;sem vítima;352,2;BR-116/PR;Sul;Choque - Defensa, barreira ou  submarino ;1;2;0;0;0;0;1
10/02/2017;18:14:00;326;sem vítima;281,7;BR-116/PR;Sul;Saida de Pista;1;1;0;0;0;0;1
11/02/2017;00:51:00;20;sem vítima;347,4;BR-116/PR;Sul;Colisão Lateral;2;2;0;0;0;0;1
11/02/2017;06:49:00;96;sem vítima;31,8;BR-116/PR;Norte;Tombamento;1;1;0;0;0;0;1
11/02/2017;12:26:00;209;sem vítima;377;BR-116/PR;Norte;Colisão Lateral;1;4;0;0;0;0;1
11/02/2017;16:36:00;292;sem vítima;302;BR-116/PR;Sul;Tombamento;1;1;0;0;0;0;1
11/02/2017;19:35:00;344;com vítima;15,8;BR-116/PR;Sul;Choque - Defensa, barreira ou  submarino ;1;0;1;0;0;0;1
11/02/2017;22:21:00;386;com vítima;1,75;BR-116/PR;Sul;Colisão Traseira;2;1;0;1;0;0;2
12/02/2017;12:17:00;152;sem vítima;57,7;BR-116/PR;Norte;Objeto lançado contra veículo;2;2;0;0;0;0;1
12/02/2017;15:54:00;218;com vítima;273,3;BR-116/PR;Norte;Colisão Transversal;1;2;0;0;0;1;3
12/02/2017;16:25:00;227;com vítima;50,2;BR-116/PR;Sul;Colisão Traseira;1;4;1;0;0;0;1
12/02/2017;16:31:00;229;sem vítima;28;BR-116/PR;Norte;Colisão Traseira;1;2;0;0;0;0;1
12/02/2017;20:47:00;325;sem vítima;300;BR-116/PR;Norte;Colisão Traseira;1;2;0;0;0;0;1
13/02/2017;05:45:00;56;sem vítima;496,5;BR-116/PR;Norte;Choque - Elemento de Drenagem;1;1;0;0;0;0;1
13/02/2017;10:34:00;154;sem vítima;51;BR-116/PR;Sul;Saida de Pista;1;1;0;0;0;0;1
13/02/2017;18:23:00;329;sem vítima;279;BR-116/PR;Sul;Engavetamento;1;4;0;0;0;0;1
14/02/2017;02:51:00;58;sem vítima;513,8;BR-116/PR;Norte;Saida de Pista;1;1;0;0;0;0;1
14/02/2017;03:56:00;71;sem vítima;333,5;BR-116/PR;Norte;Colisão Traseira;2;2;0;0;0;0;1
14/02/2017;18:50:00;382;com vítima;363,7;BR-116/PR;Norte;Tombamento;1;0;1;0;0;0;1
14/02/2017;21:04:00;407;sem vítima;283,4;BR-116/PR;Norte;Colisão Frontal;1;3;0;0;0;0;1
15/02/2017;00:18:00;10;sem vítima;1,9;BR-116/CW;Sul;Colisão Traseira;2;2;0;0;0;0;1
15/02/2017;06:47:00;103;sem vítima;46;BR-116/PR;Sul;Choque - Defensa, barreira ou  submarino ;1;2;0;0;0;0;1
15/02/2017;12:28:00;252;sem vítima;24;BR-116/PR;Sul;Engavetamento;1;4;0;0;0;0;1
15/02/2017;15:44:00;326;sem vítima;294;BR-116/PR;Sul;Choque - Defensa, barreira ou  submarino ;1;1;0;0;0;0;1
17/02/2017;04:50:00;87;sem vítima;413,7;BR-116/PR;Sul;Atropelamento de Animal;1;1;0;0;0;0;1
17/02/2017;11:05:00;233;sem vítima;269,9;BR-116/PR;Norte;Colisão Lateral;1;2;0;0;0;0;1
17/02/2017;12:31:00;258;sem vítima;296,9;BR-116/PR;Norte;Choque - Defensa, barreira ou  submarino ;1;2;0;0;0;0;1
17/02/2017;13:32:00;281;sem vítima;348,5;BR-116/PR;Sul;Choque - Defensa, barreira ou  submarino ;2;2;0;0;0;0;1
17/02/2017;18:21:00;374;sem vítima;57,1;BR-116/PR;Norte;Colisão Lateral;1;2;0;0;0;0;1
17/02/2017;19:00:00;387;sem vítima;517,6;BR-116/PR;Sul;Tombamento;1;1;0;0;0;0;1
17/02/2017;21:21:00;427;sem vítima;347,5;BR-116/PR;Sul;Engavetamento;3;3;0;0;0;0;1
18/02/2017;07:23:00;83;sem vítima;18,4;BR-116/PR;Norte;Tombamento;1;1;0;0;0;0;1
18/02/2017;11:17:00;172;sem vítima;273,5;BR-116/PR;Sul;Colisão Lateral;1;2;0;0;0;0;1
18/02/2017;16:15:00;258;com vítima;457;BR-116/PR;Norte;Colisão Traseira;1;3;1;0;0;0;1
19/02/2017;05:08:00;66;com vítima;359,3;BR-116/PR;Sul;Tombamento;1;0;1;0;0;0;1
19/02/2017;06:30:00;80;sem vítima;547,5;BR-116/PR;Sul;Choque - Elemento de Drenagem;1;1;0;0;0;0;1
19/02/2017;08:17:00;112;sem vítima;19;BR-116/PR;Norte;Colisão Lateral;2;2;0;0;0;0;1
19/02/2017;17:03:00;304;com vítima;545,5;BR-116/PR;Norte;Tombamento;1;0;2;0;0;0;1
20/02/2017;04:26:00;59;com vítima;327,9;BR-116/PR;Norte;Tombamento;1;0;1;0;0;0;1
20/02/2017;14:08:00;231;sem vítima;65,3;BR-116/PR;Norte;Objeto lançado contra veículo;1;4;0;0;0;0;1
20/02/2017;22:28:00;366;sem vítima;41;BR-116/PR;Sul;Colisão Traseira;2;2;0;0;0;0;1
21/02/2017;12:52:00;255;com vítima;513,7;BR-116/PR;Norte;Tombamento;1;0;4;0;0;0;1
21/02/2017;17:20:00;358;com vítima;345,5;BR-116/PR;Sul;Engavetamento;4;4;1;0;0;0;1
21/02/2017;18:32:00;377;sem vítima;316,7;BR-116/PR;Sul;Tombamento;1;1;0;0;0;0;1
22/02/2017;18:40:00;391;sem vítima;321,8;BR-116/PR;Sul;Colisão Lateral;1;6;0;0;0;0;1
22/02/2017;06:19:00;93;sem vítima;498,8;BR-116/PR;Sul;Choque - Objeto sobre a pista;1;1;0;0;0;0;1
22/02/2017;08:29:00;150;sem vítima;388;BR-116/PR;Norte;Colisão Traseira;2;4;0;0;0;0;1
22/02/2017;09:25:00;176;sem vítima;67,9;BR-116/PR;Norte;Colisão Traseira;2;3;0;0;0;0;1
22/02/2017;20:06:00;414;com vítima;513,3;BR-116/PR;Norte;Tombamento;1;0;3;0;0;0;1
24/02/2017;07:28:00;106;sem vítima;301,5;BR-116/PR;Norte;Colisão Traseira;2;3;0;0;0;0;1
24/02/2017;07:48:00;117;sem vítima;499,8;BR-116/PR;Norte;Tombamento;1;2;0;0;0;0;1
24/02/2017;09:28:00;156;sem vítima;370,4;BR-116/PR;Norte;Choque - Defensa, barreira ou  submarino ;1;1;0;0;0;0;1
24/02/2017;10:51:00;189;com vítima;347,4;BR-116/PR;Sul;Engavetamento;3;6;2;0;0;0;1
24/02/2017;15:03:00;261;sem vítima;15,3;BR-116/PR;Norte;Tombamento;1;1;0;0;0;0;1
24/02/2017;15:40:00;270;com vítima;333,9;BR-116/PR;Sul;Engavetamento;1;2;3;0;0;0;1
24/02/2017;16:13:00;279;com vítima;489,3;BR-116/PR;Norte;Colisão Traseira;1;3;1;0;0;0;1
24/02/2017;17:13:00;300;sem vítima;422,4;BR-116/PR;Sul;Colisão Traseira;1;2;0;0;0;0;1
24/02/2017;17:43:00;314;sem vítima;348,5;BR-116/PR;Norte;Colisão Lateral;1;2;0;0;0;0;1
24/02/2017;20:43:00;366;sem vítima;515,1;BR-116/PR;Norte;Colisão Traseira;2;2;0;0;0;0;1
25/02/2017;03:24:00;64;com vítima;413,4;BR-116/PR;Norte;Colisão Frontal;1;2;0;0;1;0;2
25/02/2017;05:33:00;100;sem vítima;57,2;BR-116/PR;Sul;Colisão Lateral;1;6;0;0;0;0;1
25/02/2017;07:00:00;117;com vítima;52,8;BR-116/PR;Sul;Tombamento;1;0;0;0;0;1;3
25/02/2017;09:36:00;187;sem vítima;342;BR-116/PR;Sul;Colisão Traseira;1;3;0;0;0;0;1
25/02/2017;14:01:00;290;sem vítima;26;BR-116/PR;Sul;Engavetamento;2;5;0;0;0;0;1
25/02/2017;14:33:00;302;com vítima;350,9;BR-116/PR;Sul;Saida de Pista;1;0;1;0;0;0;1
25/02/2017;19:53:00;388;sem vítima;360,4;BR-116/PR;Norte;Colisão Lateral;1;5;0;0;0;0;1
25/02/2017;20:28:00;398;com vítima;18,4;BR-116/PR;Sul;Colisão Traseira;2;1;1;0;0;0;1
26/02/2017;03:56:00;69;sem vítima;378,5;BR-116/PR;Sul;Saida de Pista;1;1;0;0;0;0;1
26/02/2017;12:37:00;204;sem vítima;536;BR-116/PR;Sul;Saida de Pista;1;1;0;0;0;0;1
27/02/2017;14:38:00;203;sem vítima;353,6;BR-116/PR;Norte;Tombamento;1;1;0;0;0;0;1
27/02/2017;15:31:00;223;sem vítima;32;BR-116/PR;Norte;Tombamento;1;1;0;0;0;0;1
27/02/2017;17:01:00;261;sem vítima;39,2;BR-116/PR;Sul;Engavetamento;2;3;0;0;0;0;1
28/02/2017;11:48:00;149;sem vítima;329;BR-116/PR;Norte;Colisão Traseira;2;6;0;0;0;0;1
28/02/2017;06:43:00;54;sem vítima;330,5;BR-116/PR;Norte;Saida de Pista;1;1;0;0;0;0;1
28/02/2017;08:49:00;88;com vítima;347,7;BR-116/PR;Norte;Tombamento;1;1;0;1;0;0;2
28/02/2017;10:43:00;123;sem vítima;405,9;BR-116/PR;Sul;Colisão Traseira;1;5;0;0;0;0;1
01/03/2017;03:26:00;52;com vítima;480,5;BR-116/PR;Sul;Tombamento;1;3;2;0;0;0;1
01/03/2017;04:32:00;63;com vítima;314;BR-116/PR;Norte;Colisão Traseira;2;1;0;1;0;0;2
01/03/2017;20:59:00;408;sem vítima;7,5;BR-116/PR;Sul;Saida de Pista;1;1;0;0;0;0;1
01/03/2017;22:36:00;430;sem vítima;468;BR-116/PR;Norte;Saida de Pista;1;2;0;0;0;0;1
01/03/2017;22:41:00;431;sem vítima;52,8;BR-116/PR;Norte;Saida de Pista;1;1;0;0;0;0;1
02/03/2017;13:35:00;253;sem vítima;355;BR-116/PR;Norte;Colisão Lateral;2;2;0;0;0;0;1
02/03/2017;16:33:00;322;sem vítima;308;BR-116/PR;Sul;Colisão Lateral;1;5;0;0;0;0;1
02/03/2017;17:49:00;357;sem vítima;555,1;BR-116/PR;Norte;Choque - Elemento de Drenagem;1;1;0;0;0;0;1
02/03/2017;18:37:00;373;sem vítima;507,7;BR-116/PR;Norte;Saida de Pista;1;1;0;0;0;0;1
02/03/2017;20:33:00;408;sem vítima;511,1;BR-116/PR;Norte;Tombamento;3;3;0;0;0;0;1
02/03/2017;23:17:00;433;sem vítima;21,8;BR-116/PR;Norte;Tombamento;2;2;0;0;0;0;1
03/03/2017;05:19:00;71;com vítima;357,4;BR-116/PR;Sul;Choque - Elemento de Drenagem;1;0;1;0;0;0;1
03/03/2017;06:11:00;80;sem vítima;434,8;BR-116/PR;Norte;Saida de Pista;1;1;0;0;0;0;1
03/03/2017;18:20:00;365;sem vítima;392,5;BR-116/PR;Sul;Colisão Lateral;1;3;0;0;0;0;1
03/03/2017;18:51:00;383;sem vítima;346,5;BR-116/PR;Sul;Tombamento;1;1;0;0;0;0;1
04/03/2017;01:23:00;21;com vítima;560,6;BR-116/PR;Norte;Saida de Pista;1;0;1;0;0;0;1
04/03/2017;02:15:00;31;sem vítima;447,9;BR-116/PR;Norte;Choque - Objeto sobre a pista;1;1;0;0;0;0;1
04/03/2017;15:41:00;254;sem vítima;352,4;BR-116/PR;Sul;Colisão Lateral;1;3;0;0;0;0;1
04/03/2017;18:10:00;325;com vítima;23,3;BR-116/PR;Norte;Tombamento;1;0;1;0;0;0;1
05/03/2017;15:07:00;274;sem vítima;564,5;BR-116/PR;Sul;Tombamento;1;2;0;0;0;0;1
05/03/2017;15:48:00;292;sem vítima;345,9;BR-116/PR;Sul;Choque - Defensa, barreira ou  submarino ;1;3;0;0;0;0;1
06/03/2017;17:08:00;307;sem vítima;40;BR-116/PR;Sul;Colisão Lateral;1;7;0;0;0;0;1
06/03/2017;05:22:00;64;com vítima;384,2;BR-116/PR;Norte;Colisão Traseira;2;2;4;0;0;0;1
06/03/2017;07:08:00;78;sem vítima;45,5;BR-116/PR;Norte;Choque - Defensa, barreira ou  submarino ;1;1;0;0;0;0;1
06/03/2017;21:14:00;365;sem vítima;511,6;BR-116/PR;Norte;Choque - Talude;1;1;0;0;0;0;1
07/03/2017;02:02:00;35;sem vítima;515,4;BR-116/PR;Sul;Saida de Pista;1;1;0;0;0;0;1
07/03/2017;09:54:00;160;sem vítima;543;BR-116/PR;Sul;Colisão Traseira;1;6;0;0;0;0;1
07/03/2017;10:24:00;176;sem vítima;357,4;BR-116/PR;Sul;Colisão Traseira;1;2;0;0;0;0;1
07/03/2017;14:22:00;265;com vítima;363,95;BR-116/PR;Sul;Choque - Talude;1;0;1;0;0;0;1
07/03/2017;18:01:00;347;sem vítima;511;BR-116/PR;Norte;Choque - Elemento de Drenagem;1;1;0;0;0;0;1
07/03/2017;22:13:00;400;sem vítima;362,2;BR-116/PR;Sul;Choque - Defensa, barreira ou  submarino ;1;1;0;0;0;0;1
07/03/2017;23:40:00;414;sem vítima;362,2;BR-116/PR;Sul;Colisão Lateral;1;2;0;0;0;0;1
08/03/2017;07:01:00;89;sem vítima;487,7;BR-116/PR;Norte;Tombamento;1;1;0;0;0;0;1
08/03/2017;12:36:00;225;sem vítima;550,5;BR-116/PR;Norte;Tombamento;1;1;0;0;0;0;1
08/03/2017;12:57:00;230;sem vítima;550,5;BR-116/PR;Norte;Tombamento;1;1;0;0;0;0;1
08/03/2017;14:33:00;258;com vítima;15,6;BR-116/PR;Sul;Choque - Talude;1;0;1;0;0;0;1
09/03/2017;01:28:00;29;sem vítima;564;BR-116/PR;Sul;Saida de Pista;1;1;0;0;0;0;1
09/03/2017;11:10:00;229;com vítima;26,2;BR-116/PR;Sul;Colisão Traseira;1;1;1;0;0;0;1
09/03/2017;15:05:00;311;sem vítima;42;BR-116/PR;Norte;Colisão Traseira;2;2;0;0;0;0;1
09/03/2017;16:13:00;342;sem vítima;326,1;BR-116/PR;Norte;Colisão Lateral;1;2;0;0;0;0;1
09/03/2017;18:59:00;394;com vítima;347,3;BR-116/PR;Sul;Engavetamento;3;2;1;0;0;0;1
09/03/2017;21:16:00;427;sem vítima;514,2;BR-116/PR;Norte;Colisão Traseira;2;2;0;0;0;0;1
10/03/2017;03:50:00;70;com vítima;363,7;BR-116/PR;Norte;Tombamento;1;0;1;0;0;0;1
10/03/2017;11:12:00;252;sem vítima;57;BR-116/PR;Sul;Colisão Traseira;2;2;0;0;0;0;1
10/03/2017;12:54:00;285;sem vítima;281,6;BR-116/PR;Norte;Colisão Lateral;1;2;0;0;0;0;1
10/03/2017;17:33:00;432;sem vítima;561,4;BR-116/PR;Sul;Choque - Defensa, barreira ou  submarino ;1;1;0;0;0;0;1
10/03/2017;23:37:00;531;sem vítima;304;BR-116/PR;Sul;Colisão Lateral;1;6;0;0;0;0;1
11/03/2017;00:27:00;12;com vítima;69,75;BR-116/PR;Norte;Tombamento;1;0;0;0;0;1;3
11/03/2017;00:35:00;16;sem vítima;487,6;BR-116/PR;Sul;Tombamento;1;1;0;0;0;0;1
11/03/2017;00:51:00;19;sem vítima;344,5;BR-116/PR;Sul;Saida de Pista;1;3;0;0;0;0;1
11/03/2017;10:22:00;177;com vítima;29,3;BR-116/PR;Sul;Engavetamento;1;7;3;0;0;0;1
11/03/2017;14:24:00;248;com vítima;503,5;BR-116/PR;Sul;Tombamento;1;0;1;0;0;0;1
12/03/2017;09:38:00;129;sem vítima;327,5;BR-116/PR;Norte;Colisão Lateral;1;3;0;0;0;0;1
12/03/2017;12:15:00;193;com vítima;409,3;BR-116/PR;Norte;Choque - Defensa, barreira ou  submarino ;1;0;1;0;0;0;1
12/03/2017;13:47:00;222;sem vítima;36,8;BR-116/PR;Norte;Colisão Traseira;1;5;0;0;0;0;1
12/03/2017;23:35:00;437;sem vítima;512,2;BR-116/PR;Norte;Colisão Traseira;1;2;0;0;0;0;1
13/03/2017;06:21:00;88;com vítima;270;BR-116/PR;Norte;Queda de Moto;1;2;0;1;0;0;2
13/03/2017;10:48:00;192;sem vítima;270;BR-116/PR;Sul;Colisão Traseira;1;2;0;0;0;0;1
13/03/2017;13:43:00;252;sem vítima;17;BR-116/PR;Sul;Colisão Traseira;1;4;0;0;0;0;1
13/03/2017;15:33:00;286;sem vítima;536;BR-116/PR;Norte;Tombamento;1;1;0;0;0;0;1
13/03/2017;17:11:00;326;sem vítima;281;BR-116/PR;Norte;Colisão Lateral;1;2;0;0;0;0;1
14/03/2017;01:06:00;25;sem vítima;376,5;BR-116/PR;Norte;Colisão Traseira;2;2;0;0;0;0;1
14/03/2017;08:20:00;137;sem vítima;485,7;BR-116/PR;Sul;Colisão Traseira;1;2;0;0;0;0;1
14/03/2017;22:56:00;430;sem vítima;33,5;BR-116/PR;Sul;Tombamento;1;1;0;0;0;0;1
15/03/2017;08:18:00;134;sem vítima;282,8;BR-116/PR;Norte;Colisão Lateral;1;2;0;0;0;0;1
15/03/2017;11:07:00;224;sem vítima;489;BR-116/PR;Norte;Colisão Lateral;1;2;0;0;0;0;1
15/03/2017;11:24:00;234;sem vítima;363,7;BR-116/PR;Norte;Tombamento;1;2;0;0;0;0;1
15/03/2017;12:38:00;254;sem vítima;359;BR-116/PR;Norte;Colisão Lateral;1;2;0;0;0;0;1
15/03/2017;16:57:00;351;com vítima;544;BR-116/PR;Norte;Tombamento;1;0;0;0;0;1;3
16/03/2017;02:11:00;35;sem vítima;518;BR-116/PR;Sul;Colisão Traseira;2;2;0;0;0;0;1
16/03/2017;09:10:00;172;sem vítima;476,9;BR-116/PR;Sul;Colisão Traseira;2;2;0;0;0;0;1
16/03/2017;10:25:00;203;sem vítima;458,3;BR-116/PR;Norte;Saida de Pista;1;1;0;0;0;0;1
16/03/2017;11:20:00;227;sem vítima;502,3;BR-116/PR;Norte;Engavetamento;3;3;0;0;0;0;1
16/03/2017;11:28:00;231;com vítima;511,1;BR-116/PR;Norte;Tombamento;1;0;1;0;0;0;1
16/03/2017;11:54:00;238;sem vítima;22,1;BR-116/PR;Sul;Colisão Lateral;1;5;0;0;0;0;1
16/03/2017;12:01:00;245;sem vítima;27;BR-116/PR;Sul;Colisão Traseira;1;2;0;0;0;0;1
16/03/2017;13:19:00;263;sem vítima;388,6;BR-116/PR;Norte;Colisão Traseira;2;2;0;0;0;0;1
16/03/2017;14:09:00;279;sem vítima;511,4;BR-116/PR;Norte;Colisão Traseira;2;2;0;0;0;0;1
16/03/2017;22:28:00;452;com vítima;514,3;BR-116/PR;Norte;Tombamento;1;0;0;1;0;0;2
17/03/2017;05:12:00;66;sem vítima;320;BR-116/PR;Norte;Colisão Traseira;1;4;0;0;0;0;1
17/03/2017;06:38:00;81;sem vítima;45,5;BR-116/PR;Norte;Tombamento;1;1;0;0;0;0;1
17/03/2017;11:00:00;202;com vítima;424;BR-116/PR;Norte;Saida de Pista;1;2;1;0;0;0;1
17/03/2017;16:07:00;294;com vítima;366,7;BR-116/PR;Sul;Tombamento;1;0;1;0;0;0;1
17/03/2017;18:24:00;332;sem vítima;341,5;BR-116/PR;Sul;Colisão Traseira;1;2;0;0;0;0;1