data;horario;n_da_ocorrencia;tipo_de_ocorrencia;km;trecho;sentido;tipo_de_acidente;caminhao;ilesos;levemente_feridos;moderadamente_feridos;gravemente_feridos;mortos;3
18/03/2017;00:19:00;10;sem vítima;518,2;BR-116/PR;Sul;Saida de Pista;1;2;0;0;0;0;1
18/03/2017;00:40:00;16;sem vítima;394,5;BR-116/PR;Norte;Choque - Objeto sobre a pista;2;7;0;0;0;0;1
18/03/2017;02:57:00;50;com vítima;349;BR-116/PR;Sul;Tombamento;1;1;1;0;0;0;1
18/03/2017;08:28:00;123;sem vítima;298,8;BR-116/PR;Norte;Colisão Traseira;1;3;0;0;0;0;1
18/03/2017;10:35:00;174;sem vítima;560;BR-116/PR;Sul;Colisão Lateral;1;5;0;0;0;0;1
18/03/2017;10:52:00;180;sem vítima;523,4;BR-116/PR;Sul;Colisão Traseira;1;4;0;0;0;0;1
18/03/2017;15:40:00;258;sem vítima;564,2;BR-116/PR;Sul;Saida de Pista;1;1;0;0;0;0;1
18/03/2017;19:13:00;318;sem vítima;526,3;BR-116/PR;Sul;Saida de Pista;1;1;0;0;0;0;1
18/03/2017;20:34:00;336;com vítima;305,8;BR-116/PR;Sul;Colisão Transversal;1;13;1;0;0;0;1
19/03/2017;09:18:00;126;sem vítima;544,5;BR-116/PR;Sul;Tombamento;1;1;0;0;0;0;1
19/03/2017;15:26:00;233;sem vítima;560;BR-116/PR;Sul;Tombamento;1;1;0;0;0;0;1
20/03/2017;23:33:00;478;sem vítima;545;BR-116/PR;Norte;Saida de Pista;1;2;0;0;0;0;1
21/03/2017;05:36:00;83;com vítima;511,2;BR-116/PR;Norte;Tombamento;1;0;0;0;0;1;3
21/03/2017;08:13:00;125;sem vítima;526,8;BR-116/PR;Norte;Colisão Traseira;2;2;0;0;0;0;1
21/03/2017;11:36:00;220;com vítima;351,1;BR-116/PR;Sul;Atropelamento - Andarilho;1;1;0;0;1;0;2
21/03/2017;11:45:00;228;sem vítima;33,5;BR-116/PR;Sul;Tombamento;1;2;0;0;0;0;1
21/03/2017;13:00:00;247;sem vítima;324,7;BR-116/PR;Sul;Colisão Traseira;2;3;0;0;0;0;1
21/03/2017;14:47:00;285;com vítima;32,7;BR-116/PR;Norte;Tombamento;1;0;2;0;0;0;1
21/03/2017;16:53:00;329;com vítima;565;BR-116/PR;Sul;Colisão Lateral;1;1;2;0;0;0;1
21/03/2017;22:16:00;402;sem vítima;364,3;BR-116/PR;Sul;Colisão Traseira;2;2;0;0;0;0;1
22/03/2017;03:49:00;53;sem vítima;353,8;BR-116/PR;Sul;Saida de Pista;1;2;0;0;0;0;1
22/03/2017;07:54:00;100;com vítima;282,9;BR-116/PR;Norte;Colisão Lateral;1;2;1;0;0;0;1
22/03/2017;09:43:00;161;sem vítima;285,5;BR-116/PR;Norte;Colisão Traseira;3;4;0;0;0;0;1
22/03/2017;19:19:00;366;sem vítima;23,5;BR-116/PR;Norte;Tombamento;1;1;0;0;0;0;1
22/03/2017;19:29:00;371;sem vítima;23,6;BR-116/PR;Norte;Engavetamento;4;4;0;0;0;0;1
22/03/2017;19:53:00;379;sem vítima;300,7;BR-116/PR;Norte;Colisão Lateral;2;2;0;0;0;0;1
22/03/2017;23:38:00;418;sem vítima;422,5;BR-116/PR;Norte;Saida de Pista;1;1;0;0;0;0;1
23/03/2017;15:10:00;296;sem vítima;343;BR-116/PR;Sul;Colisão Lateral;1;2;0;0;0;0;1
23/03/2017;17:14:00;346;sem vítima;57;BR-116/PR;Norte;Choque - Defensa, barreira ou  submarino ;1;1;0;0;0;0;1
23/03/2017;00:30:00;11;sem vítima;487,6;BR-116/PR;Norte;Colisão Traseira;2;3;0;0;0;0;1
23/03/2017;01:52:00;31;sem vítima;492,7;BR-116/PR;Norte;Saida de Pista;1;2;0;0;0;0;1
24/03/2017;00:12:00;5;sem vítima;523;BR-116/PR;Sul;Colisão Traseira;2;2;0;0;0;0;1
24/03/2017;05:35:00;65;sem vítima;323,5;BR-116/PR;Sul;Choque - Defensa, barreira ou  submarino ;1;2;0;0;0;0;1
24/03/2017;05:59:00;71;sem vítima;51,7;BR-116/PR;Sul;Colisão Traseira;2;2;0;0;0;0;1
24/03/2017;16:03:00;315;sem vítima;347;BR-116/PR;Sul;Engavetamento;2;4;0;0;0;0;1
25/03/2017;01:34:00;27;com vítima;405,1;BR-116/PR;Sul;Colisão Traseira;2;1;1;0;0;0;1
25/03/2017;01:36:00;28;com vítima;284,2;BR-116/PR;Sul;Colisão Traseira;1;6;0;0;0;1;3
25/03/2017;03:04:00;41;sem vítima;283,5;BR-116/PR;Sul;Engavetamento;1;4;0;0;0;0;1
25/03/2017;03:19:00;43;com vítima;521,5;BR-116/PR;Sul;Colisão Lateral;1;1;1;0;0;1;3
25/03/2017;04:57:00;52;sem vítima;15,7;BR-116/PR;Sul;Tombamento;1;1;0;0;0;0;1
25/03/2017;06:56:00;69;sem vítima;57,2;BR-116/PR;Sul;Colisão Lateral;2;2;0;0;0;0;1
25/03/2017;07:50:00;84;sem vítima;57,2;BR-116/PR;Sul;Colisão Traseira;2;2;0;0;0;0;1
25/03/2017;09:11:00;127;com vítima;555,1;BR-116/PR;Norte;Tombamento;1;0;0;2;0;0;2
25/03/2017;09:50:00;145;sem vítima;348;BR-116/PR;Sul;Colisão Traseira;1;7;0;0;0;0;1
25/03/2017;22:47:00;336;sem vítima;516,3;BR-116/PR;Sul;Tombamento;1;1;0;0;0;0;1
25/03/2017;23:46:00;349;sem vítima;477,4;BR-116/PR;Sul;Choque - Objeto sobre a pista;1;2;0;0;0;0;1
26/03/2017;16:41:00;306;sem vítima;23,9;BR-116/PR;Norte;Tombamento;1;2;0;0;0;0;1
26/03/2017;17:54:00;336;com vítima;504,55;BR-116/PR;Norte;Tombamento;1;0;1;0;0;0;1
26/03/2017;20:33:00;386;sem vítima;290,2;BR-116/PR;Norte;Colisão Lateral;1;2;0;0;0;0;1
26/03/2017;20:47:00;391;sem vítima;537,8;BR-116/PR;Norte;Colisão Traseira;2;2;0;0;0;0;1
27/03/2017;00:31:00;8;sem vítima;482,1;BR-116/PR;Norte;Colisão Traseira;2;2;0;0;0;0;1
27/03/2017;01:12:00;18;com vítima;482,1;BR-116/PR;Norte;Choque - Objeto sobre a pista;1;3;1;0;0;0;1
27/03/2017;01:19:00;23;sem vítima;482,1;BR-116/PR;Norte;Choque - Objeto sobre a pista;1;1;0;0;0;0;1
27/03/2017;01:21:00;24;sem vítima;482,1;BR-116/PR;Norte;Choque - Objeto sobre a pista;1;1;0;0;0;0;1
27/03/2017;13:45:00;237;sem vítima;561,6;BR-116/PR;Sul;Capotamento;1;2;0;0;0;0;1
27/03/2017;16:14:00;281;sem vítima;565;BR-116/PR;Sul;Colisão Lateral;1;2;0;0;0;0;1
27/03/2017;17:15:00;294;sem vítima;562;BR-116/PR;Norte;Tombamento;1;1;0;0;0;0;1
27/03/2017;21:48:00;349;sem vítima;438,9;BR-116/PR;Norte;Tombamento;1;1;0;0;0;0;1
28/03/2017;23:09:00;367;sem vítima;326,2;BR-116/PR;Norte;Choque - Talude;1;1;0;0;0;0;1
29/03/2017;00:40:00;14;sem vítima;382,7;BR-116/PR;Sul;Choque - Objeto sobre a pista;1;1;0;0;0;0;1
29/03/2017;01:52:00;33;com vítima;497;BR-116/PR;Norte;Tombamento;1;0;1;0;0;0;1
29/03/2017;03:17:00;49;sem vítima;521,1;BR-116/PR;Sul;Saida de Pista;1;2;0;0;0;0;1
29/03/2017;04:54:00;63;com vítima;450,7;BR-116/PR;Sul;Tombamento;1;0;0;1;0;0;2
29/03/2017;06:55:00;90;sem vítima;438,9;BR-116/PR;Norte;Saida de Pista;1;1;0;0;0;0;1
29/03/2017;07:45:00;107;com vítima;401;BR-116/PR;Norte;Colisão Traseira;2;2;1;0;1;0;2
29/03/2017;23:43:00;403;sem vítima;21,5;BR-116/PR;Norte;Saida de Pista;1;2;0;0;0;0;1
30/03/2017;20:03:00;368;com vítima;501,4;BR-116/PR;Sul;Tombamento;1;0;1;0;0;0;1
30/03/2017;02:11:00;30;sem vítima;383,4;BR-116/PR;Sul;Choque - Defensa, barreira ou  submarino ;1;1;0;0;0;0;1
30/03/2017;03:31:00;47;sem vítima;338,8;BR-116/PR;Norte;Saida de Pista;1;1;0;0;0;0;1
30/03/2017;04:51:00;59;sem vítima;535,2;BR-116/PR;Sul;Tombamento;1;1;0;0;0;0;1
30/03/2017;08:34:00;121;sem vítima;1;BR-116/PR;Sul;Choque - Defensa, barreira ou  submarino ;1;1;0;0;0;0;1
30/03/2017;11:48:00;207;sem vítima;58,9;BR-116/PR;Norte;Saida de Pista;1;1;0;0;0;0;1
30/03/2017;13:07:00;232;com vítima;283;BR-116/PR;Norte;Colisão Traseira;1;4;1;0;0;0;1
31/03/2017;02:41:00;39;sem vítima;499;BR-116/PR;Sul;Saida de Pista;1;1;0;0;0;0;1
31/03/2017;02:45:00;41;com vítima;383,4;BR-116/PR;Sul;Colisão Traseira;1;1;1;0;0;0;1
31/03/2017;05:00:00;64;sem vítima;496,4;BR-116/PR;Norte;Saida de Pista;1;1;0;0;0;0;1
31/03/2017;11:36:00;190;com vítima;386,6;BR-116/PR;Sul;Tombamento;1;0;2;0;0;0;1
31/03/2017;18:53:00;320;com vítima;464;BR-116/PR;Sul;Choque - Defensa, barreira ou  submarino ;1;0;1;0;0;0;1
31/03/2017;23:22:00;365;sem vítima;442;BR-116/PR;Norte;Colisão Traseira;1;2;0;0;0;0;1
01/04/2017;08:24:00;111;sem vítima;361;BR-116/PR;Norte;Colisão Traseira;1;5;0;0;0;0;1
01/04/2017;09:00:00;141;sem vítima;544,8;BR-116/PR;Sul;Tombamento;2;2;0;0;0;0;1
02/04/2017;10:25:00;146;sem vítima;562,6;BR-116/PR;Sul;Saida de Pista;1;1;0;0;0;0;1
02/04/2017;16:18:00;262;com vítima;305;BR-116/PR;Norte;Colisão Traseira;1;4;1;0;0;0;1
03/04/2017;07:18:00;78;sem vítima;331,3;BR-116/PR;Sul;Saida de Pista;1;1;0;0;0;0;1
03/04/2017;12:50:00;244;sem vítima;59;BR-116/PR;Norte;Capotamento;1;2;0;0;0;0;1
04/04/2017;08:56:00;141;sem vítima;485,9;BR-116/PR;Sul;Colisão Traseira;1;3;0;0;0;0;1
04/04/2017;22:41:00;390;sem vítima;297;BR-116/PR;Norte;Choque - Defensa, barreira ou  submarino ;1;2;0;0;0;0;1
06/04/2017;00:25:00;5;sem vítima;417,8;BR-116/PR;Norte;Saida de Pista;1;2;0;0;0;0;1
06/04/2017;05:40:00;66;sem vítima;429,7;BR-116/PR;Norte;Tombamento;1;1;0;0;0;0;1
06/04/2017;06:25:00;73;sem vítima;283,6;BR-116/PR;Norte;Saida de Pista;1;2;0;0;0;0;1
06/04/2017;10:26:00;188;sem vítima;295,4;BR-116/PR;Sul;Colisão Traseira;1;2;0;0;0;0;1
06/04/2017;10:29:00;189;sem vítima;353,1;BR-116/PR;Sul;Tombamento;1;1;0;0;0;0;1
06/04/2017;10:36:00;191;sem vítima;294,5;BR-116/PR;Norte;Colisão Traseira;1;3;0;0;0;0;1
06/04/2017;11:27:00;206;com vítima;357;BR-116/PR;Sul;Tombamento;2;0;1;0;1;0;2
06/04/2017;12:01:00;214;sem vítima;0,5;BR-116/PR;Sul;Colisão Lateral;1;4;0;0;0;0;1
06/04/2017;14:36:00;253;sem vítima;520,3;BR-116/PR;Norte;Choque - Talude;1;1;0;0;0;0;1
06/04/2017;15:52:00;267;sem vítima;280;BR-116/PR;Sul;Colisão Traseira;2;3;0;0;0;0;1
06/04/2017;18:08:00;320;sem vítima;423,5;BR-116/PR;Norte;Tombamento;1;1;0;0;0;0;1
07/04/2017;03:54:00;61;sem vítima;398,6;BR-116/PR;Sul;Colisão Lateral;2;2;0;0;0;0;1
07/04/2017;06:48:00;91;sem vítima;40,5;BR-116/PR;Sul;Colisão Traseira;2;2;0;0;0;0;1
07/04/2017;11:04:00;200;com vítima;285,2;BR-116/PR;Norte;Colisão Lateral;1;1;1;0;0;0;1
08/04/2017;00:32:00;11;sem vítima;357,6;BR-116/PR;Norte;Saida de Pista;1;1;0;0;0;0;1
08/04/2017;13:48:00;222;com vítima;471,5;BR-116/PR;Sul;Choque - Arvore;1;1;1;0;0;0;1
09/04/2017;05:25:00;56;sem vítima;305,4;BR-116/PR;Sul;Colisão Traseira;1;2;0;0;0;0;1
09/04/2017;09:19:00;103;sem vítima;272,9;BR-116/PR;Norte;Colisão Lateral;1;3;0;0;0;0;1
09/04/2017;10:24:00;126;sem vítima;286,8;BR-116/PR;Norte;Colisão Traseira;1;2;0;0;0;0;1
09/04/2017;17:38:00;257;sem vítima;459,8;BR-116/PR;Sul;Choque - Defensa, barreira ou  submarino ;1;3;0;0;0;0;1
09/04/2017;22:46:00;330;sem vítima;461;BR-116/PR;Norte;Colisão Traseira;1;3;0;0;0;0;1
10/04/2017;11:33:00;178;sem vítima;290,8;BR-116/PR;Sul;Colisão Traseira;1;3;0;0;0;0;1
10/04/2017;12:03:00;189;com vítima;273,4;BR-116/PR;Norte;Choque - Objeto sobre a pista;1;1;1;0;0;0;1
10/04/2017;14:04:00;220;sem vítima;277;BR-116/PR;Norte;Saida de Pista;1;3;0;0;0;0;1
10/04/2017;14:25:00;224;sem vítima;511,6;BR-116/PR;Norte;Choque - Talude;1;1;0;0;0;0;1
10/04/2017;19:02:00;304;com vítima;349,5;BR-116/PR;Norte;Engavetamento;3;5;2;2;0;0;2
10/04/2017;20:27:00;324;sem vítima;391,6;BR-116/PR;Norte;Choque - Objeto sobre a pista;1;2;0;0;0;0;1
11/04/2017;04:11:00;65;sem vítima;453;BR-116/PR;Norte;Saida de Pista;1;1;0;0;0;0;1
11/04/2017;07:32:00;103;sem vítima;425;BR-116/PR;Norte;Saida de Pista;1;2;0;0;0;0;1
11/04/2017;07:54:00;110;sem vítima;348;BR-116/PR;Norte;Tombamento;1;1;0;0;0;0;1
11/04/2017;09:10:00;150;sem vítima;31;BR-116/PR;Sul;Choque - Defensa, barreira ou  submarino ;1;1;0;0;0;0;1
11/04/2017;10:21:00;186;sem vítima;363,8;BR-116/PR;Norte;Choque - Defensa, barreira ou  submarino ;1;1;0;0;0;0;1
11/04/2017;14:17:00;261;com vítima;390;BR-116/PR;Norte;Colisão Traseira;1;2;1;0;0;0;1
11/04/2017;15:42:00;285;sem vítima;349;BR-116/PR;Sul;Colisão Traseira;1;3;0;0;0;0;1
11/04/2017;16:53:00;303;sem vítima;39,8;BR-116/PR;Norte;Choque - Defensa, barreira ou  submarino ;1;1;0;0;0;0;1
11/04/2017;23:07:00;389;sem vítima;371;BR-116/PR;Norte;Colisão Traseira;2;2;0;0;0;0;1
12/04/2017;02:54:00;50;sem vítima;496,5;BR-116/PR;Norte;Tombamento;1;1;0;0;0;0;1
12/04/2017;03:52:00;63;sem vítima;359,9;BR-116/PR;Norte;Colisão Traseira;2;2;0;0;0;0;1
12/04/2017;03:57:00;64;sem vítima;359,9;BR-116/PR;Sul;Choque - Talude;1;2;0;0;0;0;1
12/04/2017;04:49:00;75;sem vítima;57;BR-116/PR;Sul;Colisão Traseira;2;2;0;0;0;0;1
12/04/2017;12:43:00;217;sem vítima;13,3;BR-116/CW;Sul;Colisão Lateral;2;4;0;0;0;0;1
12/04/2017;22:57:00;380;sem vítima;394,1;BR-116/PR;Sul;Colisão Traseira;1;6;0;0;0;0;1
13/04/2017;01:10:00;15;sem vítima;359;BR-116/PR;Sul;Colisão Traseira;2;2;0;0;0;0;1
13/04/2017;06:01:00;74;sem vítima;414,8;BR-116/PR;Sul;Colisão Traseira;2;2;0;0;0;0;1
13/04/2017;08:12:00;105;sem vítima;14;BR-116/PR;Sul;Colisão Traseira;1;3;0;0;0;0;1
13/04/2017;21:50:00;367;com vítima;279;BR-116/PR;Sul;Engavetamento;3;13;1;0;0;0;1
13/04/2017;22:59:00;383;sem vítima;474,1;BR-116/PR;Sul;Tombamento;1;3;0;0;0;0;1
14/04/2017;10:22:00;159;sem vítima;464;BR-116/PR;Sul;Colisão Traseira;2;3;0;0;0;0;1
14/04/2017;16:05:00;269;com vítima;272;BR-116/PR;Norte;Colisão Traseira;1;2;1;0;0;0;1
14/04/2017;21:20:00;329;sem vítima;57,2;BR-116/PR;Sul;Choque - Defensa, barreira ou  submarino ;1;1;0;0;0;0;1
15/04/2017;06:00:00;57;sem vítima;284;BR-116/PR;Norte;Colisão Lateral;1;5;0;0;0;0;1
15/04/2017;14:22:00;247;sem vítima;280,4;BR-116/PR;Norte;Colisão Lateral;1;6;0;0;0;0;1
16/04/2017;12:16:00;190;sem vítima;279,5;BR-116/PR;Sul;Engavetamento;1;9;0;0;0;0;1
18/04/2017;12:18:00;244;sem vítima;294;BR-116/PR;Sul;Tombamento;1;2;0;0;0;0;1
18/04/2017;16:28:00;322;com vítima;459;BR-116/PR;Sul;Colisão Lateral;1;3;1;0;0;0;1
18/04/2017;01:06:00;15;com vítima;458,7;BR-116/PR;Norte;Colisão Traseira;1;1;1;0;0;0;1
18/04/2017;07:35:00;87;com vítima;561,4;BR-116/PR;Norte;Tombamento;1;0;1;0;0;0;1
18/04/2017;16:40:00;330;sem vítima;26;BR-116/PR;Norte;Choque - Talude;1;1;0;0;0;0;1
18/04/2017;19:53:00;374;sem vítima;417,4;BR-116/PR;Sul;Colisão Lateral;1;3;0;0;0;0;1
19/04/2017;00:33:00;11;sem vítima;506,3;BR-116/PR;Norte;Colisão Traseira;1;3;0;0;0;0;1
19/04/2017;10:38:00;204;com vítima;555,3;BR-116/PR;Sul;Saida de Pista;1;0;1;0;0;0;1
19/04/2017;13:42:00;264;com vítima;282,7;BR-116/PR;Norte;Colisão Lateral;1;1;1;0;0;0;1
19/04/2017;16:16:00;308;sem vítima;347,1;BR-116/PR;Sul;Colisão Lateral;3;5;0;0;0;0;1
19/04/2017;23:01:00;398;com vítima;362,8;BR-116/PR;Sul;Atropelamento - Andarilho;1;1;0;0;0;1;3
20/04/2017;02:17:00;27;com vítima;369,3;BR-116/PR;Sul;Colisão Traseira;1;11;1;0;0;0;1
20/04/2017;02:51:00;32;sem vítima;504;BR-116/PR;Sul;Choque - Talude;1;2;0;0;0;0;1
20/04/2017;08:03:00;95;com vítima;545,2;BR-116/PR;Norte;Choque - Defensa, barreira ou  submarino ;1;0;1;0;0;0;1
20/04/2017;19:24:00;314;com vítima;314;BR-116/PR;Sul;Atropelamento - Ciclista;1;2;0;1;0;0;2
20/04/2017;19:37:00;316;sem vítima;462;BR-116/PR;Sul;Colisão Lateral;1;2;0;0;0;0;1
20/04/2017;19:39:00;318;com vítima;5,95;BR-116/CW;Norte;Atropelamento - Morador;1;1;0;0;0;1;3
20/04/2017;21:01:00;339;com vítima;520,5;BR-116/PR;Norte;Choque - Elemento de Drenagem;1;1;1;1;0;0;2
21/04/2017;00:56:00;13;com vítima;511,5;BR-116/PR;Norte;Choque - Defensa, barreira ou  submarino ;2;39;0;1;1;0;2
21/04/2017;09:33:00;144;sem vítima;22,7;BR-116/PR;Sul;Choque - Elemento de Drenagem;1;1;0;0;0;0;1
21/04/2017;10:11:00;161;com vítima;1,8;BR-116/PR;Norte;Colisão Traseira;1;3;2;0;0;0;1
21/04/2017;15:30:00;249;sem vítima;517,8;BR-116/PR;Norte;Choque - Elemento de Drenagem;1;3;0;0;0;0;1
21/04/2017;15:40:00;251;sem vítima;514,6;BR-116/PR;Sul;Choque - Defensa, barreira ou  submarino ;1;1;0;0;0;0;1
21/04/2017;18:58:00;310;sem vítima;562;BR-116/PR;Sul;Colisão Lateral;1;2;0;0;0;0;1
22/04/2017;08:39:00;101;sem vítima;426,5;BR-116/PR;Sul;Colisão Transversal;1;5;0;0;0;0;1
23/04/2017;08:37:00;118;com vítima;511,2;BR-116/PR;Norte;Tombamento;1;0;1;0;0;0;1
23/04/2017;13:09:00;247;sem vítima;536;BR-116/PR;Norte;Colisão Traseira;1;6;0;0;0;0;1
23/04/2017;19:46:00;402;sem vítima;6,75;BR-116/PR;Norte;Colisão Traseira;2;3;0;0;0;0;1
24/04/2017;04:22:00;61;sem vítima;540,9;BR-116/PR;Norte;Choque - Defensa, barreira ou  submarino ;1;2;0;0;0;0;1
24/04/2017;20:43:00;388;com vítima;520,2;BR-116/PR;Sul;Colisão Lateral;2;1;1;0;0;0;1
25/04/2017;16:47:00;411;sem vítima;441,4;BR-116/PR;Norte;Colisão Traseira;1;3;0;0;0;0;1
25/04/2017;23:24:00;523;sem vítima;56;BR-116/PR;Norte;Choque - Cancela de Pedagio;1;1;0;0;0;0;1
26/04/2017;03:40:00;43;sem vítima;511,5;BR-116/PR;Norte;Colisão Lateral;2;2;0;0;0;0;1
26/04/2017;07:40:00;101;com vítima;511,6;BR-116/PR;Norte;Choque - Defensa, barreira ou  submarino ;1;1;1;0;0;0;1
26/04/2017;08:03:00;121;sem vítima;513,5;BR-116/PR;Norte;Colisão Lateral;2;3;0;0;0;0;1
26/04/2017;08:39:00;154;com vítima;301;BR-116/PR;Norte;Colisão Lateral;1;1;1;0;0;0;1
26/04/2017;10:29:00;227;sem vítima;306;BR-116/PR;Norte;Colisão Traseira;1;2;0;0;0;0;1
26/04/2017;11:23:00;265;sem vítima;304,3;BR-116/PR;Norte;Colisão Traseira;2;3;0;0;0;0;1
26/04/2017;17:33:00;400;com vítima;316,1;BR-116/PR;Sul;Tombamento;1;0;1;0;0;0;1
26/04/2017;20:28:00;436;sem vítima;287;BR-116/PR;Norte;Colisão Lateral;1;3;0;0;0;0;1
27/04/2017;08:03:00;127;com vítima;363,7;BR-116/PR;Norte;Tombamento;1;0;1;0;0;0;1
27/04/2017;08:32:00;147;com vítima;48,2;BR-116/PR;Sul;Colisão Traseira;2;1;0;0;0;1;3
27/04/2017;16:14:00;339;com vítima;24,8;BR-116/PR;Sul;Colisão Traseira;2;1;1;0;0;0;1
28/04/2017;04:16:00;64;sem vítima;516,3;BR-116/PR;Sul;Colisão Traseira;1;3;0;0;0;0;1
28/04/2017;04:47:00;69;sem vítima;485,6;BR-116/PR;Sul;Colisão Traseira;2;2;0;0;0;0;1
28/04/2017;16:58:00;295;sem vítima;471;BR-116/PR;Sul;Choque - Defensa, barreira ou  submarino ;1;1;0;0;0;0;1
28/04/2017;21:28:00;353;sem vítima;278,5;BR-116/PR;Sul;Colisão Lateral;1;2;0;0;0;0;1
28/04/2017;22:35:00;370;com vítima;363,8;BR-116/PR;Sul;Tombamento;1;0;0;1;0;0;2
29/04/2017;04:36:00;53;sem vítima;480,9;BR-116/PR;Norte;Saida de Pista;1;1;0;0;0;0;1
29/04/2017;09:50:00;143;sem vítima;0,5;BR-116/PR;Norte;Tombamento;1;1;0;0;0;0;1
29/04/2017;13:02:00;199;sem vítima;304;BR-116/PR;Norte;Colisão Lateral;2;2;0;0;0;0;1
30/04/2017;07:31:00;81;sem vítima;45,9;BR-116/PR;Sul;Tombamento;1;1;0;0;0;0;1
30/04/2017;07:40:00;87;sem vítima;32,5;BR-116/PR;Norte;Tombamento;1;1;0;0;0;0;1
30/04/2017;16:07:00;318;sem vítima;352,7;BR-116/PR;Sul;Colisão Traseira;1;3;0;0;0;0;1
30/04/2017;18:56:00;373;sem vítima;33,2;BR-116/PR;Norte;Colisão Lateral;1;2;0;0;0;0;1
01/05/2017;14:30:00;362;sem vítima;419,9;BR-116/PR;Norte;Choque - Suporte de Sinalização;1;1;0;0;0;0;1
01/05/2017;20:32:00;486;sem vítima;3,5;BR-116/PR;Sul;Objeto lançado contra veículo;1;2;0;0;0;0;1
01/05/2017;21:11:00;500;sem vítima;513,6;BR-116/PR;Norte;Choque - Defensa, barreira ou  submarino ;1;1;0;0;0;0;1
02/05/2017;21:24:00;452;sem vítima;511;BR-116/PR;Norte;Colisão Lateral;1;3;0;0;0;0;1
03/05/2017;14:08:00;322;sem vítima;281;BR-116/PR;Sul;Colisão Traseira;1;1;0;0;0;0;1
03/05/2017;14:37:00;334;com vítima;23,5;BR-116/PR;Sul;Colisão Traseira;2;1;0;1;0;0;2
03/05/2017;20:05:00;429;sem vítima;487,7;BR-116/PR;Sul;Colisão Traseira;2;2;0;0;0;0;1
04/05/2017;02:34:00;47;com vítima;418;BR-116/PR;Norte;Tombamento;1;0;1;0;0;0;1
04/05/2017;11:37:00;284;sem vítima;288,8;BR-116/PR;Norte;Choque - Outros;1;1;0;0;0;0;1
04/05/2017;15:58:00;388;sem vítima;45,1;BR-116/PR;Norte;Tombamento;1;1;0;0;0;0;1
04/05/2017;16:18:00;392;sem vítima;65,3;BR-116/PR;Sul;Tombamento;1;1;0;0;0;0;1
04/05/2017;17:42:00;419;sem vítima;561,8;BR-116/PR;Sul;Saida de Pista;1;1;0;0;0;0;1
04/05/2017;18:41:00;436;sem vítima;483;BR-116/PR;Norte;Colisão Traseira;3;3;0;0;0;0;1
04/05/2017;19:39:00;458;sem vítima;560,85;BR-116/PR;Sul;Choque - Elemento de Drenagem;1;1;0;0;0;0;1
04/05/2017;20:42:00;467;sem vítima;483;BR-116/PR;Norte;Tombamento;1;2;0;0;0;0;1
04/05/2017;20:57:00;471;sem vítima;370,7;BR-116/PR;Norte;Colisão Traseira;2;2;0;0;0;0;1
04/05/2017;22:39:00;490;sem vítima;567;BR-116/PR;Sul;Não Def;2;7;0;0;0;0;1
05/05/2017;07:15:00;100;sem vítima;286,4;BR-116/PR;Sul;Colisão Frontal;1;2;0;0;0;0;1
05/05/2017;11:14:00;217;sem vítima;281,8;BR-116/PR;Norte;Colisão Lateral;1;2;0;0;0;0;1
05/05/2017;11:41:00;229;sem vítima;280,6;BR-116/PR;Norte;Colisão Traseira;1;3;0;0;0;0;1
05/05/2017;17:19:00;345;sem vítima;424,5;BR-116/PR;Norte;Choque - Objeto sobre a pista;1;1;0;0;0;0;1
05/05/2017;22:38:00;413;sem vítima;280,3;BR-116/PR;Sul;Colisão Traseira;1;5;0;0;0;0;1
06/05/2017;05:07:00;74;sem vítima;304,2;BR-116/PR;Sul;Saida de Pista;1;1;0;0;0;0;1
06/05/2017;10:39:00;179;sem vítima;490,8;BR-116/PR;Sul;Colisão Traseira;2;2;0;0;0;0;1
06/05/2017;12:40:00;209;sem vítima;358;BR-116/PR;Sul;Colisão Traseira;1;2;0;0;0;0;1
06/05/2017;17:20:00;292;sem vítima;426,6;BR-116/PR;Sul;Colisão Traseira;1;2;0;0;0;0;1
06/05/2017;18:40:00;309;com vítima;283,7;BR-116/PR;Norte;Tombamento;2;1;0;0;0;1;3
06/05/2017;21:26:00;339;sem vítima;377;BR-116/PR;Norte;Colisão Traseira;1;3;0;0;0;0;1
07/05/2017;16:20:00;247;com vítima;362,7;BR-116/PR;Sul;Tombamento;1;0;1;0;0;0;1
08/05/2017;12:58:00;233;sem vítima;445;BR-116/PR;Norte;Colisão Lateral;1;2;0;0;0;0;1
08/05/2017;17:58:00;329;sem vítima;281,4;BR-116/PR;Sul;Colisão Lateral;1;2;0;0;0;0;1
08/05/2017;19:17:00;353;sem vítima;33,5;BR-116/PR;Norte;Colisão Traseira;1;2;0;0;0;0;1
08/05/2017;20:14:00;372;sem vítima;21;BR-116/PR;Norte;Colisão Traseira;2;2;0;0;0;0;1
09/05/2017;01:32:00;28;com vítima;550,8;BR-116/PR;Sul;Tombamento;1;0;1;0;0;0;1
09/05/2017;12:48:00;232;sem vítima;0,4;BR-116/PR;Norte;Tombamento;1;1;0;0;0;0;1
09/05/2017;22:53:00;410;sem vítima;444,1;BR-116/PR;Sul;Colisão Traseira;1;2;0;0;0;0;1
09/05/2017;23:14:00;414;com vítima;397;BR-116/PR;Norte;Atropelamento - Andarilho;1;1;0;0;0;1;3
09/05/2017;23:33:00;422;sem vítima;461,9;BR-116/PR;Sul;Tombamento;2;3;0;0;0;0;1
10/05/2017;19:47:00;400;com vítima;347,3;BR-116/PR;Sul;Engavetamento;3;2;1;0;0;1;3
10/05/2017;22:05:00;424;sem vítima;347,8;BR-116/PR;Norte;Engavetamento;2;3;0;0;0;0;1
11/05/2017;04:36:00;50;sem vítima;413,1;BR-116/PR;Norte;Colisão Traseira;2;3;0;0;0;0;1
11/05/2017;09:09:00;130;sem vítima;520;BR-116/PR;Sul;Saida de Pista;1;5;0;0;0;0;1