data;horario;n_da_ocorrencia;tipo_de_ocorrencia;km;trecho;sentido;tipo_de_acidente;caminhao;ilesos;levemente_feridos;moderadamente_feridos;gravemente_feridos;mortos;3
12/05/2017;02:45:00;39;com vítima;545,7;BR-116/PR;Norte;Choque - Defensa, barreira ou  submarino ;1;1;0;1;0;0;2
12/05/2017;03:15:00;44;sem vítima;472,2;BR-116/PR;Norte;Choque - Elemento de Drenagem;1;1;0;0;0;0;1
12/05/2017;05:35:00;59;com vítima;347,5;BR-116/PR;Norte;Tombamento;1;0;1;0;0;0;1
12/05/2017;06:28:00;65;sem vítima;484,1;BR-116/PR;Norte;Choque - Elemento de Drenagem;1;1;0;0;0;0;1
12/05/2017;14:28:00;252;sem vítima;279,5;BR-116/PR;Norte;Colisão Traseira;1;2;0;0;0;0;1
12/05/2017;16:00:00;294;sem vítima;491;BR-116/PR;Norte;Choque - Defensa, barreira ou  submarino ;1;1;0;0;0;0;1
12/05/2017;16:12:00;299;sem vítima;0,5;BR-116/PR;Sul;Colisão Lateral;1;2;0;0;0;0;1
12/05/2017;18:29:00;339;sem vítima;347;BR-116/PR;Sul;Colisão Traseira;2;2;0;0;0;0;1
12/05/2017;22:34:00;388;sem vítima;3,5;BR-116/PR;Sul;Tombamento;1;2;0;0;0;0;1
13/05/2017;10:35:00;194;sem vítima;522,6;BR-116/PR;Sul;Choque - Elemento de Drenagem;1;1;0;0;0;0;1
13/05/2017;12:49:00;234;sem vítima;283,1;BR-116/PR;Sul;Colisão Traseira;1;3;0;0;0;0;1
13/05/2017;14:23:00;267;sem vítima;277,5;BR-116/PR;Sul;Engavetamento;1;7;0;0;0;0;1
13/05/2017;16:15:00;309;com vítima;32,5;BR-116/PR;Norte;Tombamento;1;0;0;1;0;0;2
14/05/2017;19:03:00;294;com vítima;353,5;BR-116/PR;Norte;Engavetamento;4;11;1;1;1;0;2
16/05/2017;00:19:00;10;sem vítima;498,2;BR-116/PR;Norte;Choque - Objeto sobre a pista;1;3;0;0;0;0;1
16/05/2017;05:32:00;77;com vítima;23,4;BR-116/PR;Norte;Tombamento;1;0;1;0;0;0;1
16/05/2017;09:46:00;167;sem vítima;272,1;BR-116/PR;Sul;Colisão Lateral;1;3;0;0;0;0;1
16/05/2017;13:51:00;253;sem vítima;454,3;BR-116/PR;Sul;Tombamento;1;1;0;0;0;0;1
16/05/2017;15:33:00;287;sem vítima;283;BR-116/PR;Norte;Colisão Lateral;1;3;0;0;0;0;1
16/05/2017;19:54:00;353;sem vítima;285,5;BR-116/PR;Sul;Colisão Traseira;1;3;0;0;0;0;1
16/05/2017;19:55:00;354;com vítima;67;BR-116/PR;Norte;Colisão Traseira;1;3;1;1;0;0;2
16/05/2017;20:40:00;363;sem vítima;514;BR-116/PR;Norte;Colisão Traseira;1;2;0;0;0;0;1
17/05/2017;02:31:00;35;com vítima;363,8;BR-116/PR;Norte;Tombamento;1;0;1;0;0;0;1
17/05/2017;12:10:00;227;sem vítima;514,7;BR-116/PR;Norte;Colisão Lateral;2;3;0;0;0;0;1
17/05/2017;16:30:00;326;sem vítima;515,2;BR-116/PR;Norte;Choque - Defensa, barreira ou  submarino ;1;1;0;0;0;0;1
17/05/2017;20:01:00;377;sem vítima;340;BR-116/PR;Sul;Colisão Traseira;1;3;0;0;0;0;1
18/05/2017;03:35:00;58;com vítima;320,5;BR-116/PR;Norte;Colisão Traseira;2;0;2;0;0;0;1
18/05/2017;06:19:00;84;com vítima;31;BR-116/PR;Sul;Engavetamento;3;5;1;0;0;0;1
18/05/2017;07:52:00;107;sem vítima;7,9;BR-116/PR;Sul;Colisão Lateral;2;5;0;0;0;0;1
18/05/2017;12:33:00;201;sem vítima;306;BR-116/PR;Norte;Colisão Lateral;2;2;0;0;0;0;1
18/05/2017;13:46:00;227;sem vítima;64,6;BR-116/PR;Norte;Colisão Traseira;1;2;0;0;0;0;1
18/05/2017;15:05:00;257;sem vítima;370,4;BR-116/PR;Norte;Colisão Traseira;2;2;0;0;0;0;1
18/05/2017;16:03:00;279;sem vítima;561,6;BR-116/PR;Sul;Colisão Lateral;1;3;0;0;0;0;1
18/05/2017;16:36:00;287;sem vítima;561;BR-116/PR;Sul;Colisão Traseira;1;5;0;0;0;0;1
18/05/2017;16:45:00;289;sem vítima;485,7;BR-116/PR;Sul;Colisão Traseira;1;5;0;0;0;0;1
18/05/2017;19:56:00;319;sem vítima;297;BR-116/PR;Sul;Colisão Traseira;1;3;0;0;0;0;1
18/05/2017;22:59:00;361;sem vítima;565,2;BR-116/PR;Sul;Colisão Frontal;1;2;0;0;0;0;1
19/05/2017;00:12:00;5;com vítima;429,4;BR-116/PR;Norte;Capotamento;1;2;1;0;0;0;1
19/05/2017;08:50:00;128;com vítima;536,5;BR-116/PR;Sul;Choque - Defensa, barreira ou  submarino ;1;0;1;0;0;0;1
19/05/2017;09:03:00;132;sem vítima;564,5;BR-116/PR;Sul;Colisão Traseira;2;2;0;0;0;0;1
19/05/2017;09:05:00;133;sem vítima;564,5;BR-116/PR;Sul;Choque - Defensa, barreira ou  submarino ;1;1;0;0;0;0;1
19/05/2017;09:51:00;146;sem vítima;535,5;BR-116/PR;Sul;Choque - Defensa, barreira ou  submarino ;1;1;0;0;0;0;1
19/05/2017;10:09:00;151;sem vítima;454,9;BR-116/PR;Sul;Colisão Traseira;1;2;0;0;0;0;1
19/05/2017;10:28:00;155;sem vítima;567;BR-116/PR;Sul;Choque - Defensa, barreira ou  submarino ;1;1;0;0;0;0;1
19/05/2017;10:39:00;159;sem vítima;331;BR-116/PR;Norte;Capotamento;1;2;0;0;0;0;1
19/05/2017;12:15:00;190;com vítima;568;BR-116/PR;Norte;Tombamento;1;0;1;0;0;0;1
19/05/2017;12:16:00;191;sem vítima;560,9;BR-116/PR;Sul;Colisão Traseira;2;3;0;0;0;0;1
19/05/2017;19:44:00;324;sem vítima;347,3;BR-116/PR;Sul;Choque - Defensa, barreira ou  submarino ;1;1;0;0;0;0;1
20/05/2017;06:26:00;68;sem vítima;486,5;BR-116/PR;Sul;Saida de Pista;1;1;0;0;0;0;1
20/05/2017;09:36:00;121;sem vítima;545,2;BR-116/PR;Norte;Tombamento;1;1;0;0;0;0;1
20/05/2017;10:34:00;138;sem vítima;5;BR-116/PR;Norte;Choque - Defensa, barreira ou  submarino ;1;3;0;0;0;0;1
20/05/2017;10:38:00;139;sem vítima;5;BR-116/PR;Norte;Choque - Defensa, barreira ou  submarino ;1;6;0;0;0;0;1
20/05/2017;12:30:00;169;sem vítima;383,5;BR-116/PR;Sul;Saida de Pista;1;2;0;0;0;0;1
20/05/2017;15:51:00;231;sem vítima;23,1;BR-116/PR;Sul;Colisão Traseira;2;2;0;0;0;0;1
21/05/2017;22:45:00;339;com vítima;327,8;BR-116/PR;Norte;Tombamento;1;0;1;0;0;0;1
21/05/2017;07:43:00;91;com vítima;511,2;BR-116/PR;Norte;Tombamento;1;0;1;0;0;0;1
21/05/2017;15:06:00;212;sem vítima;443;BR-116/PR;Norte;Choque - Defensa, barreira ou  submarino ;1;1;0;0;0;0;1
21/05/2017;15:37:00;219;sem vítima;318;BR-116/PR;Norte;Colisão Traseira;1;2;0;0;0;0;1
22/05/2017;01:11:00;14;sem vítima;422,5;BR-116/PR;Norte;Colisão Traseira;1;3;0;0;0;0;1
22/05/2017;18:07:00;275;sem vítima;370,4;BR-116/PR;Sul;Colisão Lateral;1;3;0;0;0;0;1
22/05/2017;21:28:00;308;sem vítima;280,1;BR-116/PR;Sul;Colisão Lateral;1;2;0;0;0;0;1
23/05/2017;11:38:00;215;sem vítima;557;BR-116/PR;Sul;Choque - Elemento de Drenagem;1;1;0;0;0;0;1
23/05/2017;21:45:00;378;sem vítima;7,5;BR-116/PR;Norte;Colisão Traseira;2;2;0;0;0;0;1
24/05/2017;07:24:00;102;sem vítima;517,8;BR-116/PR;Sul;Colisão Traseira;2;2;0;0;0;0;1
24/05/2017;10:47:00;209;sem vítima;474,8;BR-116/PR;Sul;Saida de Pista;1;1;0;0;0;0;1
24/05/2017;18:38:00;374;sem vítima;281,7;BR-116/PR;Sul;Saida de Pista;1;2;0;0;0;0;1
25/05/2017;09:05:00;146;sem vítima;439;BR-116/PR;Sul;Saida de Pista;1;2;0;0;0;0;1
25/05/2017;14:04:00;237;com vítima;380,15;BR-116/PR;Sul;Colisão Traseira;1;1;1;0;0;0;1
25/05/2017;15:23:00;257;com vítima;537;BR-116/PR;Norte;Choque - Defensa, barreira ou  submarino ;1;0;1;0;0;0;1
25/05/2017;18:17:00;316;sem vítima;338,1;BR-116/PR;Norte;Colisão Lateral;1;3;0;0;0;0;1
25/05/2017;23:40:00;388;sem vítima;27;BR-116/PR;Sul;Colisão Traseira;2;2;0;0;0;0;1
26/05/2017;03:42:00;55;com vítima;357,7;BR-116/PR;Norte;Tombamento;1;0;1;0;0;0;1
26/05/2017;10:36:00;190;com vítima;506,6;BR-116/PR;Sul;Atropelamento - Morador;1;1;0;0;0;1;3
26/05/2017;20:01:00;374;com vítima;520,1;BR-116/PR;Sul;Colisão Traseira;2;1;1;0;0;0;1
27/05/2017;13:43:00;221;com vítima;285,4;BR-116/PR;Norte;Colisão Traseira;1;2;1;0;0;0;1
27/05/2017;04:37:00;51;sem vítima;18,6;BR-116/PR;Norte;Choque - Elemento de Drenagem;1;2;0;0;0;0;1
27/05/2017;09:57:00;148;com vítima;288;BR-116/PR;Sul;Colisão Lateral;1;2;1;0;0;0;1
28/05/2017;10:01:00;118;sem vítima;542,9;BR-116/PR;Norte;Colisão Traseira;2;2;0;0;0;0;1
28/05/2017;10:34:00;133;sem vítima;347,5;BR-116/PR;Norte;Tombamento;1;1;0;0;0;0;1
28/05/2017;18:27:00;265;sem vítima;52;BR-116/PR;Norte;Colisão Lateral;2;2;0;0;0;0;1
29/05/2017;19:15:00;345;com vítima;545,9;BR-116/PR;Norte;Choque - Elemento de Drenagem;1;0;1;0;0;0;1
30/05/2017;21:21:00;340;sem vítima;542,9;BR-116/PR;Sul;Colisão Traseira;2;2;0;0;0;0;1
31/05/2017;10:06:00;198;sem vítima;517;BR-116/PR;Sul;Colisão Traseira;3;3;0;0;0;0;1
01/06/2017;03:47:00;46;com vítima;364;BR-116/PR;Sul;Choque - Defensa, barreira ou  submarino ;1;0;1;0;0;0;1
01/06/2017;08:54:00;129;sem vítima;48,2;BR-116/PR;Sul;Tombamento;2;3;0;0;0;0;1
01/06/2017;10:34:00;172;sem vítima;544;BR-116/PR;Sul;Tombamento;1;1;0;0;0;0;1
01/06/2017;17:16:00;320;sem vítima;298,9;BR-116/PR;Sul;Colisão Lateral;1;4;0;0;0;0;1
02/06/2017;00:19:00;8;sem vítima;16,3;BR-116/PR;Norte;Choque - Talude;1;1;0;0;0;0;1
02/06/2017;08:49:00;116;com vítima;403,1;BR-116/PR;Norte;Choque - Arvore;2;1;1;0;0;0;1
02/06/2017;09:31:00;130;sem vítima;545,4;BR-116/PR;Sul;Colisão Lateral;2;3;0;0;0;0;1
04/06/2017;06:46:00;59;sem vítima;377;BR-116/PR;Norte;Colisão Traseira;1;2;0;0;0;0;1
04/06/2017;19:05:00;286;com vítima;7;BR-116/CW;Norte;Colisão Traseira;1;1;1;0;0;0;1
05/06/2017;07:18:00;71;sem vítima;282;BR-116/PR;Norte;Colisão Traseira;2;2;0;0;0;0;1
05/06/2017;07:37:00;75;sem vítima;403;BR-116/PR;Norte;Choque - Defensa, barreira ou  submarino ;1;1;0;0;0;0;1
05/06/2017;10:15:00;132;sem vítima;57,8;BR-116/PR;Sul;Saida de Pista;1;2;0;0;0;0;1
05/06/2017;19:51:00;286;sem vítima;298,8;BR-116/PR;Sul;Colisão Lateral;1;2;0;0;0;0;1
05/06/2017;21:14:00;301;sem vítima;62,5;BR-116/PR;Norte;Atropelamento de Animal;2;2;0;0;0;0;1
06/06/2017;02:47:00;33;sem vítima;31,1;BR-116/PR;Norte;Saida de Pista;1;1;0;0;0;0;1
06/06/2017;07:27:00;86;sem vítima;303,8;BR-116/PR;Norte;Choque - Talude;1;1;0;0;0;0;1
06/06/2017;12:44:00;202;com vítima;550;BR-116/PR;Norte;Tombamento;1;0;1;0;0;0;1
06/06/2017;12:48:00;203;sem vítima;64,9;BR-116/PR;Sul;Capotamento;1;1;0;0;0;0;1
07/06/2017;19:05:00;350;sem vítima;508,3;BR-116/PR;Norte;Saida de Pista;1;1;0;0;0;0;1
07/06/2017;19:32:00;358;com vítima;372;BR-116/PR;Norte;Saida de Pista;1;0;1;0;0;0;1
07/06/2017;01:37:00;28;sem vítima;340;BR-116/PR;Sul;Choque - Talude;1;1;0;0;0;0;1
07/06/2017;03:06:00;46;sem vítima;522,1;BR-116/PR;Sul;Choque - Defensa, barreira ou  submarino ;1;3;0;0;0;0;1
07/06/2017;06:20:00;83;sem vítima;386,3;BR-116/PR;Sul;Colisão Traseira;1;2;0;0;0;0;1
07/06/2017;07:56:00;114;sem vítima;45;BR-116/PR;Norte;Choque - Elemento de Drenagem;1;1;0;0;0;0;1
07/06/2017;08:40:00;126;com vítima;38,5;BR-116/PR;Sul;Capotamento;1;0;1;0;0;0;1
07/06/2017;08:42:00;129;com vítima;562;BR-116/PR;Sul;Choque - Defensa, barreira ou  submarino ;1;1;1;0;0;0;1
07/06/2017;09:53:00;151;sem vítima;1,1;BR-116/PR;Sul;Saida de Pista;1;2;0;0;0;0;1
07/06/2017;14:55:00;256;sem vítima;357;BR-116/PR;Sul;Colisão Traseira;2;2;0;0;0;0;1
08/06/2017;05:16:00;80;sem vítima;442,8;BR-116/PR;Norte;Saida de Pista;1;1;0;0;0;0;1
08/06/2017;14:29:00;223;com vítima;28,1;BR-116/PR;Norte;Tombamento;1;0;1;0;0;0;1
08/06/2017;15:02:00;236;com vítima;347,6;BR-116/PR;Norte;Tombamento;1;0;1;0;0;0;1
08/06/2017;20:43:00;321;sem vítima;284,5;BR-116/PR;Norte;Colisão Lateral;1;3;0;0;0;0;1
08/06/2017;20:59:00;323;sem vítima;561,5;BR-116/PR;Sul;Outros;2;2;0;0;0;0;1
08/06/2017;22:50:00;339;com vítima;511,5;BR-116/PR;Norte;Choque - Talude;1;0;0;1;0;0;2
08/06/2017;23:17:00;350;sem vítima;377;BR-116/PR;Norte;Colisão Lateral;2;3;0;0;0;0;1
08/06/2017;23:32:00;352;com vítima;376,3;BR-116/PR;Norte;Colisão Lateral;1;1;1;0;0;0;1
09/06/2017;00:06:00;2;com vítima;307,7;BR-116/PR;Sul;Tombamento;1;0;0;1;0;0;2
09/06/2017;01:40:00;29;com vítima;284,5;BR-116/PR;Sul;Colisão Lateral;1;1;1;0;0;0;1
09/06/2017;03:02:00;48;sem vítima;269,5;BR-116/PR;Sul;Colisão Transversal;1;2;0;0;0;0;1
09/06/2017;03:05:00;49;com vítima;545,2;BR-116/PR;Sul;Tombamento;1;0;1;0;0;0;1
09/06/2017;04:26:00;59;com vítima;448,6;BR-116/PR;Sul;Colisão Traseira;1;1;1;0;0;0;1
09/06/2017;04:58:00;65;sem vítima;474,3;BR-116/PR;Norte;Tombamento;1;1;0;0;0;0;1
09/06/2017;07:49:00;103;sem vítima;514,6;BR-116/PR;Norte;Choque - Defensa, barreira ou  submarino ;1;1;0;0;0;0;1
09/06/2017;09:03:00;134;com vítima;363,8;BR-116/PR;Norte;Tombamento;1;0;1;0;0;0;1
09/06/2017;12:01:00;190;sem vítima;32,6;BR-116/PR;Norte;Tombamento;1;1;0;0;0;0;1
09/06/2017;15:37:00;248;sem vítima;542,9;BR-116/PR;Sul;Colisão Traseira;1;2;0;0;0;0;1
09/06/2017;19:10:00;330;sem vítima;282;BR-116/PR;Sul;Colisão Traseira;2;2;0;0;0;0;1
10/06/2017;05:35:00;87;sem vítima;309,4;BR-116/PR;Norte;Colisão Traseira;2;3;0;0;0;0;1
10/06/2017;09:58:00;153;sem vítima;306;BR-116/PR;Sul;Colisão Traseira;2;3;0;0;0;0;1
10/06/2017;10:24:00;160;sem vítima;306;BR-116/PR;Sul;Colisão Lateral;2;5;0;0;0;0;1
10/06/2017;20:44:00;320;com vítima;414,38;BR-116/PR;Sul;Colisão Lateral;1;1;0;1;0;1;3
12/06/2017;02:29:00;39;sem vítima;412,8;BR-116/PR;Sul;Atropelamento de Animal;1;1;0;0;0;0;1
12/06/2017;02:15:00;43;sem vítima;412,9;BR-116/PR;Sul;Atropelamento de Animal;1;1;0;0;0;0;1
12/06/2017;07:03:00;72;sem vítima;352,9;BR-116/PR;Norte;Colisão Traseira;2;3;0;0;0;0;1
12/06/2017;07:20:00;75;sem vítima;422,2;BR-116/PR;Sul;Choque - Defensa, barreira ou  submarino ;1;3;0;0;0;0;1
12/06/2017;09:53:00;136;sem vítima;360,3;BR-116/PR;Sul;Tombamento;1;1;0;0;0;0;1
12/06/2017;17:14:00;256;com vítima;363,5;BR-116/PR;Norte;Tombamento;1;0;1;0;0;0;1
13/06/2017;06:31:00;66;sem vítima;505,7;BR-116/PR;Sul;Colisão Traseira;1;4;0;0;0;0;1
13/06/2017;06:44:00;69;sem vítima;287,5;BR-116/PR;Norte;Colisão Lateral;1;2;0;0;0;0;1
13/06/2017;06:46:00;71;com vítima;20,3;BR-116/PR;Sul;Tombamento;1;1;1;0;0;0;1
13/06/2017;10:53:00;152;com vítima;282,9;BR-116/PR;Norte;Engavetamento;3;6;1;0;0;0;1
13/06/2017;16:16:00;257;sem vítima;289,5;BR-116/PR;Norte;Colisão Lateral;2;2;0;0;0;0;1
14/06/2017;01:09:00;18;sem vítima;473,2;BR-116/PR;Norte;Saida de Pista;1;2;0;0;0;0;1
14/06/2017;09:20:00;141;com vítima;476,9;BR-116/PR;Norte;Tombamento;1;0;0;1;0;0;2
14/06/2017;20:40:00;358;sem vítima;280;BR-116/PR;Sul;Colisão Traseira;1;2;0;0;0;0;1
15/06/2017;16:02:00;273;sem vítima;349,5;BR-116/PR;Sul;Colisão Lateral;1;2;0;0;0;0;1
15/06/2017;04:31:00;59;sem vítima;432,2;BR-116/PR;Norte;Saida de Pista;1;3;0;0;0;0;1
15/06/2017;09:13:00;147;sem vítima;1,9;BR-116/CW;Norte;Colisão Lateral;1;3;0;0;0;0;1
15/06/2017;13:21:00;222;sem vítima;375,5;BR-116/PR;Norte;Choque - Objeto sobre a pista;1;5;0;0;0;0;1
15/06/2017;14:18:00;238;sem vítima;513,5;BR-116/PR;Norte;Colisão Traseira;1;2;0;0;0;0;1
16/06/2017;15:54:00;217;sem vítima;298,8;BR-116/PR;Norte;Colisão Traseira;1;2;0;0;0;0;1
16/06/2017;19:24:00;266;com vítima;362;BR-116/PR;Sul;Tombamento;1;0;1;0;0;0;1
17/06/2017;05:11:00;47;com vítima;509,7;BR-116/PR;Norte;Tombamento;1;0;1;0;0;0;1
17/06/2017;14:21:00;204;com vítima;279,5;BR-116/PR;Sul;Colisão Traseira;1;2;0;2;0;0;2
17/06/2017;16:31:00;249;sem vítima;282,4;BR-116/PR;Norte;Colisão Lateral;1;2;0;0;0;0;1
17/06/2017;17:44:00;265;com vítima;337,1;BR-116/PR;Norte;Atropelamento - Morador;1;1;0;0;0;1;3
18/06/2017;09:27:00;133;com vítima;545,3;BR-116/PR;Norte;Tombamento;1;0;1;0;0;0;1
18/06/2017;09:51:00;141;com vítima;57;BR-116/PR;Sul;Choque - Defensa, barreira ou  submarino ;1;0;1;0;0;0;1
18/06/2017;17:55:00;328;sem vítima;320;BR-116/PR;Norte;Colisão Traseira;1;6;0;0;0;0;1
18/06/2017;22:48:00;400;sem vítima;370,7;BR-116/PR;Norte;Colisão Traseira;2;2;0;0;0;0;1
18/06/2017;23:51:00;417;sem vítima;426,6;BR-116/PR;Norte;Choque - Cancela de Pedagio;1;2;0;0;0;0;1
19/06/2017;03:54:00;59;com vítima;379;BR-116/PR;Norte;Colisão Traseira;1;2;1;0;0;0;1
19/06/2017;18:13:00;322;sem vítima;562,3;BR-116/PR;Sul;Choque - Defensa, barreira ou  submarino ;1;1;0;0;0;0;1
19/06/2017;20:21:00;351;com vítima;426,6;BR-116/PR;Norte;Atropelamento - Andarilho;1;1;0;0;0;1;3
19/06/2017;23:48:00;382;com vítima;503,8;BR-116/PR;Norte;Tombamento;1;0;1;0;0;0;1
20/06/2017;06:17:00;59;sem vítima;559,1;BR-116/PR;Norte;Colisão Traseira;1;5;0;0;0;0;1
20/06/2017;08:16:00;90;sem vítima;542,9;BR-116/PR;Sul;Colisão Traseira;2;2;0;0;0;0;1
20/06/2017;18:47:00;280;sem vítima;269,5;BR-116/PR;Sul;Colisão Transversal;1;4;0;0;0;0;1
21/06/2017;07:35:00;73;com vítima;564,2;BR-116/PR;Sul;Capotamento;1;1;1;0;0;0;1
21/06/2017;19:25:00;304;sem vítima;14,3;BR-116/PR;Sul;Saida de Pista;1;1;0;0;0;0;1
22/06/2017;00:32:00;8;sem vítima;493,3;BR-116/PR;Norte;Colisão Traseira;2;2;0;0;0;0;1
22/06/2017;02:28:00;29;sem vítima;437,1;BR-116/PR;Norte;Tombamento;1;2;0;0;0;0;1
22/06/2017;02:43:00;35;sem vítima;15,6;BR-116/CW;Sul;Colisão Lateral;1;15;0;0;0;0;1
22/06/2017;03:48:00;50;sem vítima;519,5;BR-116/PR;Sul;Tombamento;1;2;0;0;0;0;1
22/06/2017;15:17:00;259;sem vítima;426,6;BR-116/PR;Norte;Colisão Traseira;1;2;0;0;0;0;1
22/06/2017;17:26:00;296;sem vítima;347,5;BR-116/PR;Sul;Engavetamento;8;9;0;0;0;0;1
22/06/2017;18:10:00;309;sem vítima;280;BR-116/PR;Sul;Colisão Traseira;1;2;0;0;0;0;1
23/06/2017;11:52:00;209;com vítima;32,5;BR-116/PR;Norte;Tombamento;1;0;1;0;0;0;1
23/06/2017;15:21:00;257;sem vítima;34;BR-116/PR;Norte;Colisão Traseira;2;2;0;0;0;0;1
24/06/2017;04:48:00;58;com vítima;21,8;BR-116/PR;Sul;Colisão Traseira;2;1;0;1;0;0;2
24/06/2017;10:09:00;143;sem vítima;345,2;BR-116/PR;Sul;Tombamento;1;1;0;0;0;0;1
24/06/2017;00:09:00;4;sem vítima;285;BR-116/PR;Norte;Colisão Traseira;1;3;0;0;0;0;1
24/06/2017;01:11:00;20;com vítima;400,4;BR-116/PR;Sul;Tombamento;1;0;1;0;0;0;1
24/06/2017;03:08:00;40;sem vítima;397,1;BR-116/PR;Sul;Saida de Pista;1;1;0;0;0;0;1
24/06/2017;03:33:00;46;sem vítima;388,7;BR-116/PR;Sul;Saida de Pista;1;1;0;0;0;0;1
25/06/2017;17:46:00;265;sem vítima;298,9;BR-116/PR;Norte;Colisão Traseira;1;2;0;0;0;0;1
25/06/2017;22:38:00;323;com vítima;55,1;BR-116/PR;Norte;Colisão Traseira;1;1;2;0;0;0;1
26/06/2017;04:24:00;53;sem vítima;269,5;BR-116/PR;Sul;Colisão Lateral;1;3;0;0;0;0;1
26/06/2017;19:30:00;341;sem vítima;542,9;BR-116/PR;Sul;Colisão Traseira;1;38;0;0;0;0;1
27/06/2017;07:00:00;91;sem vítima;310,4;BR-116/PR;Norte;Saida de Pista;1;2;0;0;0;0;1
27/06/2017;09:39:00;176;sem vítima;53,8;BR-116/PR;Sul;Engavetamento;2;5;0;0;0;0;1
27/06/2017;11:46:00;219;sem vítima;337;BR-116/PR;Norte;Colisão Lateral;2;2;0;0;0;0;1
27/06/2017;12:03:00;225;com vítima;53,8;BR-116/PR;Sul;Saida de Pista;1;0;1;0;0;0;1
27/06/2017;18:42:00;333;sem vítima;311;BR-116/PR;Sul;Colisão Lateral;1;2;0;0;0;0;1
27/06/2017;21:32:00;371;com vítima;339,5;BR-116/PR;Sul;Tombamento;1;0;0;0;1;0;2
28/06/2017;07:17:00;78;sem vítima;477,7;BR-116/PR;Sul;Colisão Traseira;1;2;0;0;0;0;1
29/06/2017;06:25:00;51;sem vítima;518,5;BR-116/PR;Sul;Tombamento;1;1;0;0;0;0;1
29/06/2017;13:48:00;225;sem vítima;384,5;BR-116/PR;Sul;Choque - Defensa, barreira ou  submarino ;1;1;0;0;0;0;1
29/06/2017;14:47:00;241;sem vítima;349;BR-116/PR;Norte;Colisão Transversal;1;2;0;0;0;0;1
30/06/2017;05:05:00;74;com vítima;465,8;BR-116/PR;Sul;Tombamento;1;0;1;0;0;0;1
30/06/2017;14:20:00;242;sem vítima;522;BR-116/PR;Sul;Colisão Traseira;1;3;0;0;0;0;1
30/06/2017;15:12:00;255;sem vítima;499,9;BR-116/PR;Sul;Colisão Lateral;1;2;0;0;0;0;1
30/06/2017;16:31:00;296;sem vítima;379;BR-116/PR;Sul;Colisão Traseira;2;2;0;0;0;0;1
01/07/2017;09:38:00;124;sem vítima;498,9;BR-116/PR;Sul;Tombamento;1;1;0;0;0;0;1
01/07/2017;23:09:00;283;sem vítima;6,7;BR-116/PR;Sul;Saida de Pista;1;3;0;0;0;0;1
02/07/2017;03:34:00;45;com vítima;29,4;BR-116/PR;Norte;Colisão Traseira;2;2;0;1;0;0;2
02/07/2017;10:37:00;118;sem vítima;16,9;BR-116/PR;Norte;Tombamento;2;46;0;0;0;0;1
02/07/2017;10:54:00;122;com vítima;534,7;BR-116/PR;Norte;Atropelamento - Usuário;1;3;0;0;1;0;2
02/07/2017;15:00:00;164;sem vítima;370,4;BR-116/PR;Sul;Colisão Traseira;1;5;0;0;0;0;1
02/07/2017;22:08:00;249;sem vítima;444,2;BR-116/PR;Norte;Engavetamento;2;7;0;0;0;0;1
03/07/2017;12:58:00;180;sem vítima;370,4;BR-116/PR;Norte;Colisão Lateral;1;2;0;0;0;0;1
03/07/2017;09:49:00;132;com vítima;363,8;BR-116/PR;Norte;Tombamento;1;0;1;0;0;0;1
03/07/2017;10:51:00;150;sem vítima;29,5;BR-116/PR;Norte;Choque - Defensa, barreira ou  submarino ;1;1;0;0;0;0;1
03/07/2017;11:10:00;159;sem vítima;29;BR-116/PR;Norte;Choque - Defensa, barreira ou  submarino ;1;1;0;0;0;0;1
03/07/2017;12:01:00;166;sem vítima;65;BR-116/PR;Sul;Saida de Pista;1;3;0;0;0;0;1
03/07/2017;23:14:00;319;sem vítima;7,8;BR-116/PR;Sul;Tombamento;1;1;0;0;0;0;1
04/07/2017;11:28:00;196;sem vítima;445;BR-116/PR;Sul;Colisão Traseira;1;3;0;0;0;0;1
04/07/2017;14:33:00;252;sem vítima;357,8;BR-116/PR;Sul;Choque - Talude;1;1;0;0;0;0;1
04/07/2017;15:33:00;269;com vítima;30,7;BR-116/PR;Sul;Colisão Transversal;1;2;1;0;0;0;1
04/07/2017;23:44:00;376;com vítima;364;BR-116/PR;Sul;Tombamento;1;0;1;0;0;0;1
05/07/2017;02:27:00;34;sem vítima;358,7;BR-116/PR;Sul;Choque - Defensa, barreira ou  submarino ;1;1;0;0;0;0;1
05/07/2017;08:16:00;111;sem vítima;281;BR-116/PR;Norte;Colisão Traseira;1;2;0;0;0;0;1
05/07/2017;08:21:00;114;sem vítima;24,5;BR-116/PR;Sul;Colisão Traseira;1;5;0;0;0;0;1
05/07/2017;08:30:00;117;sem vítima;361,5;BR-116/PR;Sul;Tombamento;1;1;0;0;0;0;1
05/07/2017;21:01:00;347;com vítima;314,9;BR-116/PR;Sul;Capotamento;1;3;1;0;0;0;1
06/07/2017;00:54:00;12;sem vítima;340;BR-116/PR;Norte;Colisão Traseira;2;2;0;0;0;0;1
06/07/2017;08:40:00;119;sem vítima;15;BR-116/CW;Norte;Colisão Traseira;1;2;0;0;0;0;1
06/07/2017;09:06:00;130;com vítima;514,6;BR-116/PR;Norte;Tombamento;2;1;1;0;0;0;1
07/07/2017;03:45:00;53;sem vítima;481,4;BR-116/PR;Norte;Choque - Elemento de Drenagem;1;1;0;0;0;0;1
07/07/2017;07:39:00;98;com vítima;394,2;BR-116/PR;Sul;Colisão Lateral;1;2;0;1;0;0;2
07/07/2017;09:15:00;141;sem vítima;301;BR-116/PR;Norte;Saida de Pista;1;2;0;0;0;0;1
07/07/2017;16:44:00;304;sem vítima;375,3;BR-116/PR;Sul;Choque - Defensa, barreira ou  submarino ;1;3;0;0;0;0;1