data;horario;n_da_ocorrencia;tipo_de_ocorrencia;km;trecho;sentido;tipo_de_acidente;caminhao;ilesos;levemente_feridos;moderadamente_feridos;gravemente_feridos;mortos;3
07/07/2017;21:46:00;373;sem vítima;306;BR-116/PR;Norte;Colisão Lateral;1;2;0;0;0;0;1
08/07/2017;01:35:00;26;sem vítima;370,4;BR-116/PR;Sul;Colisão Traseira;1;5;0;0;0;0;1
08/07/2017;04:48:00;67;sem vítima;281,3;BR-116/PR;Sul;Colisão Traseira;1;3;0;0;0;0;1
08/07/2017;09:55:00;158;sem vítima;28,1;BR-116/PR;Norte;Tombamento;2;2;0;0;0;0;1
08/07/2017;14:51:00;229;sem vítima;516,8;BR-116/PR;Sul;Tombamento;1;1;0;0;0;0;1
08/07/2017;17:18:00;290;com vítima;365;BR-116/PR;Sul;Tombamento;1;0;0;0;0;1;3
08/07/2017;23:35:00;346;com vítima;295,7;BR-116/PR;Sul;Queda de Moto;1;1;1;0;0;0;1
09/07/2017;16:12:00;217;sem vítima;347,5;BR-116/PR;Norte;Tombamento;1;2;0;0;0;0;1
09/07/2017;18:42:00;268;com vítima;553,5;BR-116/PR;Norte;Atropelamento - Morador;1;1;0;0;0;1;3
10/07/2017;05:14:00;77;sem vítima;414,3;BR-116/PR;Norte;Saida de Pista;1;1;0;0;0;0;1
10/07/2017;23:12:00;372;sem vítima;543;BR-116/PR;Sul;Colisão Traseira;2;2;0;0;0;0;1
12/07/2017;01:33:00;22;com vítima;495,4;BR-116/PR;Norte;Colisão Traseira;2;1;1;0;0;0;1
12/07/2017;02:00:00;31;sem vítima;388,6;BR-116/PR;Norte;Colisão Traseira;2;2;0;0;0;0;1
12/07/2017;06:45:00;72;sem vítima;370,4;BR-116/PR;Sul;Colisão Traseira;1;2;0;0;0;0;1
12/07/2017;12:10:00;188;sem vítima;354,5;BR-116/PR;Norte;Colisão Lateral;1;2;0;0;0;0;1
12/07/2017;15:15:00;237;sem vítima;347,9;BR-116/PR;Sul;Choque - Suporte de Sinalização;1;1;0;0;0;0;1
12/07/2017;17:30:00;285;sem vítima;348,3;BR-116/PR;Sul;Colisão Lateral;2;2;0;0;0;0;1
13/07/2017;05:53:00;90;sem vítima;471,1;BR-116/PR;Norte;Tombamento;1;1;0;0;0;0;1
13/07/2017;05:55:00;103;sem vítima;52,6;BR-116/PR;Norte;Saida de Pista;1;1;0;0;0;0;1
13/07/2017;08:41:00;142;com vítima;319;BR-116/PR;Norte;Colisão Lateral;1;1;0;1;0;0;2
13/07/2017;18:56:00;334;sem vítima;485,7;BR-116/PR;Sul;Colisão Traseira;2;2;0;0;0;0;1
14/07/2017;01:34:00;24;sem vítima;14,5;BR-116/PR;Sul;Colisão Lateral;1;3;0;0;0;0;1
14/07/2017;01:51:00;31;sem vítima;518,1;BR-116/PR;Sul;Choque - Talude;1;1;0;0;0;0;1
14/07/2017;02:41:00;44;sem vítima;563;BR-116/PR;Sul;Choque - Elemento de Drenagem;1;2;0;0;0;0;1
14/07/2017;10:03:00;163;sem vítima;17,6;BR-116/CW;Norte;Colisão Lateral;1;4;0;0;0;0;1
14/07/2017;11:19:00;194;com vítima;363,8;BR-116/PR;Norte;Tombamento;1;0;1;0;0;0;1
14/07/2017;15:54:00;282;sem vítima;367;BR-116/PR;Norte;Colisão Traseira;2;3;0;0;0;0;1
15/07/2017;01:27:00;22;com vítima;394,7;BR-116/PR;Sul;Colisão Lateral;1;2;0;0;0;1;3
15/07/2017;01:43:00;27;sem vítima;360,4;BR-116/PR;Sul;Saida de Pista;1;1;0;0;0;0;1
15/07/2017;10:54:00;158;sem vítima;282,1;BR-116/PR;Sul;Tombamento;1;1;0;0;0;0;1
15/07/2017;16:11:00;251;com vítima;351,4;BR-116/PR;Norte;Colisão Lateral;1;1;0;1;0;0;2
15/07/2017;20:00:00;304;sem vítima;362,6;BR-116/PR;Sul;Tombamento;1;1;0;0;0;0;1
15/07/2017;22:14:00;325;com vítima;540,8;BR-116/PR;Norte;Choque - Defensa, barreira ou  submarino ;1;0;1;0;0;0;1
16/07/2017;09:10:00;128;com vítima;513,8;BR-116/PR;Norte;Atropelamento - Morador;1;0;1;0;0;1;3
16/07/2017;16:47:00;267;sem vítima;501,1;BR-116/PR;Norte;Colisão Traseira;2;3;0;0;0;0;1
17/07/2017;06:31:00;93;sem vítima;513,5;BR-116/PR;Norte;Tombamento;1;1;0;0;0;0;1
17/07/2017;13:24:00;247;com vítima;511,2;BR-116/PR;Norte;Tombamento;1;0;1;0;0;0;1
17/07/2017;16:25:00;309;sem vítima;16,85;BR-116/PR;Norte;Tombamento;1;1;0;0;0;0;1
17/07/2017;17:28:00;323;sem vítima;23,8;BR-116/PR;Norte;Choque - Defensa, barreira ou  submarino ;1;1;0;0;0;0;1
18/07/2017;00:55:00;16;sem vítima;346,4;BR-116/PR;Sul;Choque - Defensa, barreira ou  submarino ;1;2;0;0;0;0;1
18/07/2017;06:23:00;75;sem vítima;398,1;BR-116/PR;Norte;Tombamento;1;1;0;0;0;0;1
18/07/2017;07:50:00;101;sem vítima;402,4;BR-116/PR;Sul;Choque - Outros;1;1;0;0;0;0;1
18/07/2017;08:13:00;104;sem vítima;6;BR-116/PR;Norte;Colisão Lateral;1;2;0;0;0;0;1
18/07/2017;08:22:00;109;com vítima;561,3;BR-116/PR;Sul;Saida de Pista;1;0;1;0;0;0;1
18/07/2017;10:37:00;147;sem vítima;18,6;BR-116/CW;Sul;Colisão Transversal;1;2;0;0;0;0;1
18/07/2017;14:40:00;206;sem vítima;276;BR-116/PR;Norte;Choque - Defensa, barreira ou  submarino ;1;1;0;0;0;0;1
19/07/2017;19:37:00;322;sem vítima;36,7;BR-116/PR;Norte;Colisão Traseira;2;2;0;0;0;0;1
19/07/2017;03:24:00;58;sem vítima;338,8;BR-116/PR;Norte;Colisão Lateral;2;3;0;0;0;0;1
19/07/2017;12:57:00;215;sem vítima;511,9;BR-116/PR;Norte;Tombamento;1;1;0;0;0;0;1
19/07/2017;14:15:00;238;sem vítima;347,5;BR-116/PR;Norte;Tombamento;1;1;0;0;0;0;1
19/07/2017;14:28:00;240;com vítima;32,7;BR-116/PR;Norte;Tombamento;1;0;0;1;0;0;2
19/07/2017;15:49:00;260;com vítima;461,1;BR-116/PR;Norte;Tombamento;1;0;1;0;0;0;1
19/07/2017;20:04:00;327;sem vítima;341,2;BR-116/PR;Sul;Saida de Pista;1;2;0;0;0;0;1
19/07/2017;20:10:00;330;sem vítima;22,5;BR-116/PR;Norte;Colisão Traseira;2;3;0;0;0;0;1
20/07/2017;05:37:00;83;com vítima;393;BR-116/PR;Norte;Colisão Traseira;2;1;1;0;0;0;1
20/07/2017;08:36:00;124;com vítima;411,8;BR-116/PR;Sul;Colisão Lateral;1;1;1;0;0;0;1
20/07/2017;16:26:00;287;sem vítima;281,7;BR-116/PR;Norte;Colisão Lateral;1;2;0;0;0;0;1
20/07/2017;19:57:00;340;sem vítima;279,5;BR-116/PR;Sul;Colisão Transversal;1;3;0;0;0;0;1
21/07/2017;15:14:00;261;sem vítima;289,6;BR-116/PR;Norte;Colisão Transversal;1;5;0;0;0;0;1
21/07/2017;22:13:00;349;sem vítima;298,8;BR-116/PR;Sul;Colisão Lateral;1;2;0;0;0;0;1
22/07/2017;01:30:00;29;sem vítima;5;BR-116/CW;Sul;Colisão Traseira;1;3;0;0;0;0;1
22/07/2017;11:19:00;207;sem vítima;463;BR-116/PR;Sul;Engavetamento;1;5;0;0;0;0;1
22/07/2017;22:56:00;396;com vítima;347,6;BR-116/PR;Norte;Tombamento;1;0;1;0;0;0;1
23/07/2017;07:27:00;70;sem vítima;282;BR-116/PR;Norte;Colisão Lateral;1;2;0;0;0;0;1
23/07/2017;16:51:00;228;sem vítima;289,5;BR-116/PR;Norte;Colisão Traseira;1;2;0;0;0;0;1
23/07/2017;18:38:00;262;sem vítima;370,4;BR-116/PR;Norte;Colisão Lateral;1;2;0;0;0;0;1
24/07/2017;04:39:00;63;com vítima;3,4;BR-116/CW;Sul;Colisão Traseira;2;1;1;0;0;0;1
24/07/2017;08:25:00;115;com vítima;544;BR-116/PR;Norte;Tombamento;1;0;1;0;0;0;1
24/07/2017;08:32:00;119;sem vítima;544;BR-116/PR;Norte;Engavetamento;3;5;0;0;0;0;1
24/07/2017;20:33:00;346;sem vítima;292;BR-116/PR;Norte;Choque - Objeto sobre a pista;2;2;0;0;0;0;1
25/07/2017;16:48:00;295;sem vítima;507;BR-116/PR;Norte;Engavetamento;3;5;0;0;0;0;1
26/07/2017;10:31:00;172;sem vítima;387,7;BR-116/PR;Norte;Colisão Traseira;1;4;0;0;0;0;1
26/07/2017;18:09:00;325;com vítima;283,8;BR-116/PR;Norte;Capotamento;1;2;1;0;0;0;1
26/07/2017;21:02:00;358;com vítima;301,6;BR-116/PR;Sul;Choque - Defensa, barreira ou  submarino ;1;0;1;0;0;0;1
27/07/2017;03:40:00;62;sem vítima;355,8;BR-116/PR;Norte;Choque - Defensa, barreira ou  submarino ;1;2;0;0;0;0;1
27/07/2017;05:12:00;85;com vítima;23;BR-116/PR;Sul;Colisão Traseira;2;1;1;0;0;0;1
27/07/2017;07:19:00;104;sem vítima;23;BR-116/PR;Norte;Engavetamento;3;6;0;0;0;0;1
27/07/2017;07:37:00;108;sem vítima;23;BR-116/PR;Norte;Colisão Traseira;1;2;0;0;0;0;1
27/07/2017;07:48:00;113;sem vítima;21,7;BR-116/PR;Norte;Colisão Traseira;2;2;0;0;0;0;1
27/07/2017;15:18:00;280;sem vítima;60,5;BR-116/PR;Norte;Colisão Traseira;2;2;0;0;0;0;1
28/07/2017;01:43:00;35;sem vítima;499,5;BR-116/PR;Sul;Tombamento;1;1;0;0;0;0;1
28/07/2017;15:26:00;263;sem vítima;312,9;BR-116/PR;Sul;Colisão Traseira;2;3;0;0;0;0;1
28/07/2017;22:21:00;367;sem vítima;544,5;BR-116/PR;Sul;Choque - Defensa, barreira ou  submarino ;1;1;0;0;0;0;1
29/07/2017;10:56:00;158;sem vítima;316;BR-116/PR;Norte;Tombamento;1;1;0;0;0;0;1
29/07/2017;12:09:00;177;sem vítima;349,2;BR-116/PR;Sul;Choque - Defensa, barreira ou  submarino ;1;2;0;0;0;0;1
29/07/2017;14:00:00;208;sem vítima;318,5;BR-116/PR;Norte;Colisão Traseira;1;2;0;0;0;0;1
29/07/2017;18:30:00;307;com vítima;476,4;BR-116/PR;Norte;Colisão Traseira;1;2;1;0;0;0;1
29/07/2017;19:23:00;317;com vítima;446,2;BR-116/PR;Sul;Atropelamento - Andarilho;1;3;0;0;0;1;3
31/07/2017;04:18:00;60;sem vítima;286;BR-116/PR;Norte;Colisão Traseira;1;2;0;0;0;0;1
31/07/2017;15:13:00;247;sem vítima;485,7;BR-116/PR;Norte;Colisão Traseira;2;2;0;0;0;0;1
31/07/2017;21:25:00;343;sem vítima;542,9;BR-116/PR;Norte;Colisão Lateral;2;2;0;0;0;0;1
31/07/2017;23:02:00;367;sem vítima;284,9;BR-116/PR;Norte;Colisão Lateral;1;2;0;0;0;0;1
31/07/2017;23:09:00;369;sem vítima;348,4;BR-116/PR;Sul;Colisão Traseira;1;2;0;0;0;0;1
01/08/2017;00:11:00;5;com vítima;442,9;BR-116/PR;Norte;Capotamento;1;0;0;1;0;0;2
01/08/2017;12:17:00;202;sem vítima;359,5;BR-116/PR;Sul;Tombamento;1;4;0;0;0;0;1
01/08/2017;18:35:00;315;sem vítima;283;BR-116/PR;Sul;Colisão Traseira;1;3;0;0;0;0;1
01/08/2017;20:10:00;337;sem vítima;542,9;BR-116/PR;Norte;Colisão Traseira;2;3;0;0;0;0;1
02/08/2017;00:25:00;8;sem vítima;304,8;BR-116/PR;Sul;Colisão Lateral;2;3;0;0;0;0;1
02/08/2017;06:12:00;93;sem vítima;514;BR-116/PR;Norte;Colisão Traseira;2;2;0;0;0;0;1
02/08/2017;06:30:00;95;com vítima;23,1;BR-116/PR;Sul;Colisão Traseira;2;1;1;0;0;0;1
02/08/2017;23:36:00;401;com vítima;363,8;BR-116/PR;Norte;Choque - Defensa, barreira ou  submarino ;1;0;1;0;0;0;1
03/08/2017;04:01:00;61;sem vítima;298,8;BR-116/PR;Norte;Colisão Traseira;1;2;0;0;0;0;1
03/08/2017;06:43:00;89;sem vítima;562;BR-116/PR;Sul;Saida de Pista;2;2;0;0;0;0;1
03/08/2017;10:24:00;159;sem vítima;57;BR-116/PR;Norte;Colisão Traseira;2;3;0;0;0;0;1
03/08/2017;15:00:00;233;sem vítima;298,2;BR-116/PR;Sul;Colisão Traseira;1;4;0;0;0;0;1
03/08/2017;23:08:00;335;sem vítima;426,6;BR-116/PR;Sul;Choque - Veiculo parado na pista;1;2;0;0;0;0;1
03/08/2017;23:41:00;346;sem vítima;394;BR-116/PR;Sul;Colisão Traseira;2;2;0;0;0;0;1
04/08/2017;05:49:00;90;sem vítima;460,3;BR-116/PR;Sul;Choque - Defensa, barreira ou  submarino ;1;1;0;0;0;0;1
04/08/2017;08:12:00;126;sem vítima;282,5;BR-116/PR;Norte;Colisão Traseira;2;2;0;0;0;0;1
05/08/2017;01:02:00;16;sem vítima;360,4;BR-116/PR;Sul;Tombamento;1;2;0;0;0;0;1
05/08/2017;01:12:00;20;sem vítima;346,5;BR-116/PR;Sul;Colisão Traseira;1;29;0;0;0;0;1
05/08/2017;07:56:00;102;sem vítima;312,8;BR-116/PR;Sul;Colisão Traseira;1;2;0;0;0;0;1
05/08/2017;08:06:00;103;sem vítima;485,7;BR-116/PR;Norte;Colisão Lateral;1;4;0;0;0;0;1
05/08/2017;11:21:00;169;sem vítima;561;BR-116/PR;Sul;Tombamento;1;1;0;0;0;0;1
05/08/2017;14:54:00;235;sem vítima;32,5;BR-116/PR;Norte;Tombamento;1;1;0;0;0;0;1
05/08/2017;14:58:00;236;sem vítima;550,5;BR-116/PR;Norte;Choque - Suporte de Sinalização;1;4;0;0;0;0;1
05/08/2017;15:40:00;253;sem vítima;396;BR-116/PR;Norte;Atropelamento de Animal;1;1;0;0;0;0;1
06/08/2017;20:43:00;296;com vítima;536,5;BR-116/PR;Norte;Atropelamento - Usuário;2;2;0;0;0;1;3
08/08/2017;14:51:00;226;sem vítima;298,8;BR-116/PR;Norte;Colisão Traseira;2;2;0;0;0;0;1
08/08/2017;21:37:00;347;sem vítima;24,7;BR-116/PR;Sul;Colisão Traseira;1;2;0;0;0;0;1
08/08/2017;22:16:00;353;sem vítima;431;BR-116/PR;Sul;Choque - Defensa, barreira ou  submarino ;1;1;0;0;0;0;1
08/08/2017;22:59:00;367;com vítima;466,6;BR-116/PR;Norte;Colisão Traseira;2;0;1;1;0;0;2
09/08/2017;04:54:00;68;sem vítima;339,2;BR-116/PR;Norte;Tombamento;1;2;0;0;0;0;1
09/08/2017;06:51:00;94;sem vítima;284;BR-116/PR;Norte;Colisão Lateral;1;4;0;0;0;0;1
09/08/2017;23:00:00;423;com vítima;542,9;BR-116/PR;Sul;Choque - Outros;1;1;1;0;0;0;1
10/08/2017;00:11:00;6;sem vítima;298,5;BR-116/PR;Sul;Choque - Veiculo parado na pista;1;2;0;0;0;0;1
10/08/2017;05:34:00;72;sem vítima;314;BR-116/PR;Norte;Choque - Defensa, barreira ou  submarino ;1;2;0;0;0;0;1
10/08/2017;12:56:00;220;com vítima;12,7;BR-116/PR;Norte;Colisão Traseira;2;2;1;0;0;0;1
10/08/2017;15:30:00;271;sem vítima;513,9;BR-116/PR;Norte;Choque - Talude;1;1;0;0;0;0;1
10/08/2017;16:33:00;294;com vítima;289,7;BR-116/PR;Norte;Colisão Lateral;1;3;1;0;0;0;1
10/08/2017;19:42:00;345;com vítima;402;BR-116/PR;Sul;Tombamento;1;0;1;0;0;0;1
10/08/2017;23:50:00;395;com vítima;514,3;BR-116/PR;Norte;Tombamento;1;0;0;1;0;0;2
11/08/2017;04:51:00;67;com vítima;449,4;BR-116/PR;Norte;Colisão Traseira;2;1;1;0;0;0;1
11/08/2017;08:22:00;111;com vítima;402;BR-116/PR;Norte;Tombamento;1;0;1;0;0;0;1
11/08/2017;15:59:00;265;sem vítima;517,8;BR-116/PR;Norte;Choque - Talude;1;1;0;0;0;0;1
11/08/2017;16:49:00;281;sem vítima;349,1;BR-116/PR;Sul;Colisão Lateral;1;3;0;0;0;0;1
11/08/2017;17:05:00;289;sem vítima;349,8;BR-116/PR;Sul;Colisão Traseira;1;4;0;0;0;0;1
12/08/2017;19:56:00;341;com vítima;412,7;BR-116/PR;Sul;Atropelamento - Morador;1;1;0;0;0;1;3
13/08/2017;03:09:00;46;sem vítima;384,9;BR-116/PR;Norte;Tombamento;1;1;0;0;0;0;1
13/08/2017;05:20:00;60;sem vítima;492,9;BR-116/PR;Norte;Saida de Pista;1;1;0;0;0;0;1
13/08/2017;16:14:00;267;sem vítima;518,3;BR-116/PR;Sul;Tombamento;1;2;0;0;0;0;1
13/08/2017;17:14:00;280;sem vítima;532;BR-116/PR;Sul;Colisão Traseira;1;3;0;0;0;0;1
13/08/2017;18:43:00;303;sem vítima;321;BR-116/PR;Norte;Choque - Defensa, barreira ou  submarino ;1;3;0;0;0;0;1
14/08/2017;06:18:00;68;sem vítima;513,5;BR-116/PR;Sul;Tombamento;1;1;0;0;0;0;1
15/08/2017;03:53:00;41;com vítima;511,9;BR-116/PR;Norte;Tombamento;2;2;1;0;0;0;1
15/08/2017;06:55:00;65;sem vítima;545,5;BR-116/PR;Norte;Saida de Pista;1;1;0;0;0;0;1
15/08/2017;08:32:00;84;sem vítima;561,8;BR-116/PR;Sul;Colisão Traseira;3;4;0;0;0;0;1
15/08/2017;10:23:00;131;sem vítima;376;BR-116/PR;Sul;Tombamento;1;2;0;0;0;0;1
15/08/2017;13:40:00;184;sem vítima;503,5;BR-116/PR;Sul;Tombamento;1;2;0;0;0;0;1
15/08/2017;13:48:00;188;sem vítima;548;BR-116/PR;Norte;Colisão Lateral;1;2;0;0;0;0;1
15/08/2017;14:14:00;194;sem vítima;296;BR-116/PR;Norte;Colisão Traseira;1;2;0;0;0;0;1
15/08/2017;15:32:00;211;sem vítima;485,7;BR-116/PR;Sul;Colisão Traseira;2;2;0;0;0;0;1
15/08/2017;19:01:00;285;sem vítima;567,4;BR-116/PR;Norte;Saida de Pista;1;1;0;0;0;0;1
15/08/2017;19:24:00;289;com vítima;567;BR-116/PR;Sul;Atropelamento - Usuário;3;0;3;1;1;1;3
16/08/2017;02:41:00;36;sem vítima;21;BR-116/PR;Sul;Tombamento;1;1;0;0;0;0;1
16/08/2017;06:44:00;74;com vítima;288;BR-116/PR;Norte;Colisão Lateral;1;5;1;0;0;0;1
16/08/2017;07:25:00;85;sem vítima;31,4;BR-116/PR;Sul;Colisão Traseira;2;2;0;0;0;0;1
16/08/2017;16:01:00;274;sem vítima;340;BR-116/PR;Norte;Choque - Defensa, barreira ou  submarino ;1;1;0;0;0;0;1
16/08/2017;16:54:00;295;sem vítima;542,9;BR-116/PR;Norte;Choque - Objeto sobre a pista;1;1;0;0;0;0;1
16/08/2017;18:50:00;329;com vítima;445,9;BR-116/PR;Norte;Tombamento;1;1;1;0;0;0;1
17/08/2017;06:11:00;76;sem vítima;458,4;BR-116/PR;Norte;Capotamento;1;1;0;0;0;0;1
17/08/2017;18:46:00;292;sem vítima;509,2;BR-116/PR;Sul;Colisão Traseira;1;4;0;0;0;0;1
17/08/2017;19:44:00;306;com vítima;10,2;BR-116/CW;Norte;Choque - Defensa, barreira ou  submarino ;1;0;1;0;0;0;1
18/08/2017;00:59:00;19;sem vítima;492,7;BR-116/PR;Norte;Tombamento;1;1;0;0;0;0;1
18/08/2017;02:43:00;42;sem vítima;412;BR-116/PR;Norte;Colisão Traseira;1;2;0;0;0;0;1
18/08/2017;04:43:00;65;sem vítima;359,3;BR-116/PR;Sul;Tombamento;1;1;0;0;0;0;1
18/08/2017;06:57:00;87;sem vítima;503,8;BR-116/PR;Norte;Tombamento;1;1;0;0;0;0;1
18/08/2017;12:44:00;206;com vítima;362,8;BR-116/PR;Sul;Tombamento;1;0;1;0;0;0;1
18/08/2017;20:26:00;311;sem vítima;344;BR-116/PR;Sul;Colisão Traseira;2;2;0;0;0;0;1
19/08/2017;00:03:00;1;sem vítima;18,7;BR-116/PR;Norte;Choque - Defensa, barreira ou  submarino ;1;2;0;0;0;0;1
19/08/2017;04:43:00;64;sem vítima;28,6;BR-116/PR;Sul;Colisão Traseira;2;2;0;0;0;0;1
19/08/2017;10:33:00;149;sem vítima;28;BR-116/PR;Norte;Tombamento;1;2;0;0;0;0;1
19/08/2017;10:44:00;152;sem vítima;28;BR-116/PR;Norte;Choque - Defensa, barreira ou  submarino ;1;2;0;0;0;0;1
19/08/2017;13:42:00;194;sem vítima;347,7;BR-116/PR;Sul;Colisão Traseira;2;2;0;0;0;0;1
19/08/2017;14:36:00;209;sem vítima;376,8;BR-116/PR;Norte;Colisão Traseira;2;2;0;0;0;0;1
19/08/2017;15:46:00;225;sem vítima;380,5;BR-116/PR;Norte;Tombamento;1;3;0;0;0;0;1
19/08/2017;16:39:00;242;sem vítima;499,8;BR-116/PR;Sul;Outros - Sequência;1;1;0;0;0;0;1
20/08/2017;12:43:00;140;sem vítima;562,6;BR-116/PR;Sul;Colisão Traseira;1;7;0;0;0;0;1
20/08/2017;18:18:00;249;sem vítima;55,6;BR-116/PR;Norte;Colisão Lateral;2;2;0;0;0;0;1
21/08/2017;02:09:00;33;sem vítima;505;BR-116/PR;Norte;Saida de Pista;1;1;0;0;0;0;1
22/08/2017;00:34:00;14;sem vítima;57;BR-116/PR;Norte;Colisão Traseira;2;2;0;0;0;0;1
22/08/2017;06:47:00;86;sem vítima;562,5;BR-116/PR;Sul;Choque - Elemento de Drenagem;1;1;0;0;0;0;1
22/08/2017;10:23:00;170;sem vítima;520,5;BR-116/PR;Sul;Colisão Lateral;1;4;0;0;0;0;1
22/08/2017;15:17:00;243;sem vítima;350,2;BR-116/PR;Sul;Choque - Defensa, barreira ou  submarino ;1;1;0;0;0;0;1
23/08/2017;02:15:00;25;sem vítima;370;BR-116/PR;Norte;Choque - Defensa, barreira ou  submarino ;1;1;0;0;0;0;1
23/08/2017;17:08:00;295;sem vítima;347,8;BR-116/PR;Sul;Colisão Lateral;1;10;0;0;0;0;1
23/08/2017;17:17:00;297;sem vítima;507,5;BR-116/PR;Norte;Choque - Objeto sobre a pista;1;1;0;0;0;0;1
23/08/2017;17:09:00;298;sem vítima;347,85;BR-116/PR;Sul;Colisão Traseira;2;2;0;0;0;0;1
23/08/2017;17:50:00;305;sem vítima;20;BR-116/PR;Sul;Tombamento;1;1;0;0;0;0;1
23/08/2017;19:14:00;323;sem vítima;365,2;BR-116/PR;Sul;Colisão Lateral;1;2;0;0;0;0;1
24/08/2017;01:57:00;23;com vítima;485,5;BR-116/PR;Norte;Atropelamento - Usuário;1;2;0;0;0;1;3
25/08/2017;06:23:00;90;sem vítima;504;BR-116/PR;Sul;Colisão Lateral;1;2;0;0;0;0;1
25/08/2017;18:54:00;343;sem vítima;346,6;BR-116/PR;Sul;Choque - Defensa, barreira ou  submarino ;1;1;0;0;0;0;1
26/08/2017;08:40:00;131;com vítima;514;BR-116/PR;Norte;Tombamento;1;1;0;1;0;0;2
26/08/2017;09:01:00;135;sem vítima;362;BR-116/PR;Sul;Colisão Traseira;1;4;0;0;0;0;1
26/08/2017;21:00:00;305;com vítima;454;BR-116/PR;Sul;Colisão Traseira;1;2;1;0;0;0;1
27/08/2017;14:00:00;175;sem vítima;24,2;BR-116/PR;Norte;Colisão Traseira;1;2;0;0;0;0;1
27/08/2017;02:18:00;33;sem vítima;401;BR-116/PR;Norte;Colisão Traseira;1;2;0;0;0;0;1
27/08/2017;05:59:00;62;com vítima;33,2;BR-116/PR;Norte;Tombamento;1;0;1;0;0;0;1
27/08/2017;08:41:00;96;sem vítima;42,7;BR-116/PR;Norte;Choque - Talude;1;2;0;0;0;0;1
27/08/2017;18:37:00;281;sem vítima;296;BR-116/PR;Norte;Choque - Objeto sobre a pista;1;6;0;0;0;0;1
28/08/2017;12:25:00;225;com vítima;27,2;BR-116/PR;Sul;Colisão Lateral;1;8;2;0;0;0;1
28/08/2017;16:54:00;315;com vítima;430,5;BR-116/PR;Norte;Colisão Traseira;1;1;1;0;0;0;1
29/08/2017;11:23:00;182;com vítima;331;BR-116/PR;Sul;Colisão Traseira;1;2;1;0;0;0;1
29/08/2017;15:29:00;251;com vítima;296,2;BR-116/PR;Sul;Choque - Defensa, barreira ou  submarino ;1;0;1;0;0;0;1
29/08/2017;20:07:00;332;sem vítima;341;BR-116/PR;Sul;Colisão Traseira;2;2;0;0;0;0;1
30/08/2017;11:54:00;203;sem vítima;348;BR-116/PR;Sul;Colisão Lateral;2;2;0;0;0;0;1
31/08/2017;00:31:00;9;com vítima;319,5;BR-116/PR;Sul;Tombamento;1;0;0;0;0;1;3
31/08/2017;02:08:00;32;sem vítima;298,8;BR-116/PR;Norte;Colisão Traseira;2;2;0;0;0;0;1
31/08/2017;03:27:00;49;sem vítima;538,3;BR-116/PR;Norte;Choque - Elemento de Drenagem;1;1;0;0;0;0;1
31/08/2017;05:33:00;68;com vítima;396;BR-116/PR;Sul;Colisão Traseira;1;1;1;0;0;0;1
31/08/2017;09:23:00;144;sem vítima;27,6;BR-116/PR;Norte;Tombamento;1;1;0;0;0;0;1
31/08/2017;09:38:00;152;sem vítima;27,4;BR-116/PR;Norte;Tombamento;1;1;0;0;0;0;1
01/09/2017;08:33:00;116;sem vítima;513,5;BR-116/PR;Norte;Choque - Defensa, barreira ou  submarino ;1;1;0;0;0;0;1
01/09/2017;15:08:00;242;com vítima;270,2;BR-116/PR;Sul;Atropelamento - Andarilho;1;1;0;0;0;1;3
01/09/2017;17:38:00;296;sem vítima;283,5;BR-116/PR;Sul;Engavetamento;2;5;0;0;0;0;1
01/09/2017;22:26:00;366;com vítima;345,5;BR-116/PR;Sul;Engavetamento;2;15;0;1;0;0;2
02/09/2017;05:02:00;57;sem vítima;503,4;BR-116/PR;Sul;Tombamento;1;2;0;0;0;0;1
02/09/2017;13:29:00;194;com vítima;15;BR-116/PR;Norte;Tombamento;1;0;1;0;0;0;1
03/09/2017;02:21:00;27;com vítima;544,4;BR-116/PR;Norte;Tombamento;1;0;1;0;0;0;1
03/09/2017;15:25:00;200;com vítima;352,1;BR-116/PR;Sul;Choque - Defensa, barreira ou  submarino ;1;0;1;0;0;0;1
03/09/2017;16:23:00;228;sem vítima;279,7;BR-116/PR;Norte;Engavetamento;1;6;0;0;0;0;1
03/09/2017;17:04:00;243;sem vítima;25;BR-116/PR;Norte;Choque - Objeto sobre a pista;1;1;0;0;0;0;1
03/09/2017;18:54:00;285;sem vítima;295,8;BR-116/PR;Norte;Saida de Pista;1;1;0;0;0;0;1
04/09/2017;10:03:00;171;com vítima;347,5;BR-116/PR;Norte;Tombamento;1;0;1;0;0;0;1
04/09/2017;23:05:00;382;com vítima;506,5;BR-116/PR;Norte;Outros - Sequência;1;1;0;0;0;1;3
05/09/2017;04:57:00;47;sem vítima;508,7;BR-116/PR;Sul;Choque - Defensa, barreira ou  submarino ;1;1;0;0;0;0;1
05/09/2017;10:28:00;157;sem vítima;291;BR-116/PR;Norte;Colisão Lateral;2;3;0;0;0;0;1
05/09/2017;16:40:00;291;sem vítima;351,1;BR-116/PR;Norte;Choque - Talude;1;1;0;0;0;0;1
05/09/2017;17:14:00;307;sem vítima;290,6;BR-116/PR;Sul;Colisão Traseira;1;3;0;0;0;0;1
05/09/2017;17:44:00;321;sem vítima;301,5;BR-116/PR;Sul;Tombamento;1;1;0;0;0;0;1
05/09/2017;22:03:00;397;sem vítima;300;BR-116/PR;Sul;Colisão Traseira;2;2;0;0;0;0;1
06/09/2017;09:10:00;159;sem vítima;544,5;BR-116/PR;Norte;Tombamento;1;1;0;0;0;0;1
06/09/2017;10:31:00;189;sem vítima;476;BR-116/PR;Sul;Engavetamento;2;8;0;0;0;0;1
06/09/2017;19:12:00;380;sem vítima;514;BR-116/PR;Norte;Tombamento;1;1;0;0;0;0;1