data;horario;n_da_ocorrencia;tipo_de_ocorrencia;km;trecho;sentido;tipo_de_acidente;caminhao;ilesos;levemente_feridos;moderadamente_feridos;gravemente_feridos;mortos;3
07/09/2017;05:59:00;81;sem vítima;294,6;BR-116/PR;Sul;Colisão Lateral;1;6;0;0;0;0;1
07/09/2017;08:49:00;126;sem vítima;342,8;BR-116/PR;Sul;Colisão Traseira;1;5;0;0;0;0;1
07/09/2017;09:28:00;144;sem vítima;298,8;BR-116/PR;Sul;Choque - Defensa, barreira ou  submarino ;1;1;0;0;0;0;1
07/09/2017;11:31:00;203;sem vítima;359;BR-116/PR;Norte;Colisão Traseira;2;2;0;0;0;0;1
07/09/2017;14:04:00;256;sem vítima;370,4;BR-116/PR;Norte;Colisão Traseira;1;4;0;0;0;0;1
07/09/2017;21:24:00;407;sem vítima;289;BR-116/PR;Sul;Colisão Traseira;1;3;0;0;0;0;1
09/09/2017;15:54:00;229;sem vítima;518,9;BR-116/PR;Sul;Engavetamento;3;3;0;0;0;0;1
11/09/2017;10:33:00;155;sem vítima;315,95;BR-116/PR;Norte;Colisão Lateral;1;5;0;0;0;0;1
11/09/2017;20:30:00;350;com vítima;363,7;BR-116/PR;Norte;Tombamento;1;0;1;0;0;0;1
11/09/2017;20:32:00;351;com vítima;549,1;BR-116/PR;Sul;Choque - Defensa, barreira ou  submarino ;1;0;0;1;0;0;2
11/09/2017;23:36:00;381;sem vítima;361,8;BR-116/PR;Sul;Tombamento;1;1;0;0;0;0;1
12/09/2017;23:44:00;393;com vítima;521,7;BR-116/PR;Norte;Colisão Traseira;2;2;0;0;0;1;3
12/09/2017;06:01:00;66;sem vítima;64,5;BR-116/PR;Sul;Choque - Objeto sobre a pista;1;1;0;0;0;0;1
12/09/2017;06:48:00;76;sem vítima;479,9;BR-116/PR;Norte;Saida de Pista;1;1;0;0;0;0;1
12/09/2017;07:48:00;126;sem vítima;440,1;BR-116/PR;Norte;Choque - Defensa, barreira ou  submarino ;1;1;0;0;0;0;1
12/09/2017;09:40:00;167;com vítima;496,6;BR-116/PR;Norte;Colisão Traseira;1;2;1;0;0;0;1
13/09/2017;00:20:00;9;sem vítima;33,8;BR-116/PR;Norte;Colisão Traseira;2;3;0;0;0;0;1
13/09/2017;15:03:00;292;sem vítima;330,6;BR-116/PR;Sul;Colisão Traseira;2;3;0;0;0;0;1
13/09/2017;20:01:00;381;com vítima;353;BR-116/PR;Sul;Engavetamento;2;2;2;0;0;0;1
14/09/2017;04:47:00;80;sem vítima;416,5;BR-116/PR;Norte;Colisão Traseira;1;2;0;0;0;0;1
14/09/2017;11:28:00;238;com vítima;285;BR-116/PR;Norte;Colisão Traseira;1;2;1;0;0;0;1
14/09/2017;13:50:00;289;sem vítima;543;BR-116/PR;Norte;Choque - Defensa, barreira ou  submarino ;1;1;0;0;0;0;1
14/09/2017;15:02:00;314;sem vítima;347,8;BR-116/PR;Sul;Engavetamento;3;3;0;0;0;0;1
15/09/2017;14:13:00;298;com vítima;359,3;BR-116/PR;Sul;Tombamento;2;3;1;0;0;0;1
15/09/2017;14:24:00;303;sem vítima;346,5;BR-116/PR;Norte;Colisão Traseira;2;2;0;0;0;0;1
15/09/2017;18:58:00;391;sem vítima;27,85;BR-116/PR;Norte;Saida de Pista;1;1;0;0;0;0;1
15/09/2017;23:45:00;452;sem vítima;22,1;BR-116/PR;Sul;Colisão Traseira;2;2;0;0;0;0;1
16/09/2017;09:59:00;160;sem vítima;345;BR-116/PR;Sul;Colisão Lateral;1;4;0;0;0;0;1
16/09/2017;16:17:00;288;sem vítima;301;BR-116/PR;Sul;Colisão Lateral;1;4;0;0;0;0;1
16/09/2017;23:58:00;399;sem vítima;37;BR-116/PR;Sul;Choque - Defensa, barreira ou  submarino ;1;3;0;0;0;0;1
17/09/2017;16:03:00;264;com vítima;57,2;BR-116/PR;Norte;Choque - Defensa, barreira ou  submarino ;1;1;0;1;0;0;2
18/09/2017;01:53:00;23;com vítima;509,7;BR-116/PR;Norte;Tombamento;1;1;1;0;0;0;1
18/09/2017;04:06:00;54;sem vítima;300,8;BR-116/PR;Norte;Colisão Lateral;2;2;0;0;0;0;1
18/09/2017;22:28:00;368;com vítima;359;BR-116/PR;Sul;Tombamento;1;0;1;0;0;0;1
19/09/2017;03:52:00;59;com vítima;459,7;BR-116/PR;Sul;Tombamento;1;0;2;0;0;0;1
19/09/2017;15:36:00;273;com vítima;488,7;BR-116/PR;Sul;Tombamento;1;0;1;0;0;0;1
20/09/2017;07:18:00;97;sem vítima;542,9;BR-116/PR;Sul;Colisão Traseira;2;2;0;0;0;0;1
20/09/2017;19:32:00;369;sem vítima;23,7;BR-116/PR;Norte;Tombamento;1;1;0;0;0;0;1
21/09/2017;10:11:00;183;com vítima;514,3;BR-116/PR;Norte;Tombamento;1;0;1;0;0;0;1
21/09/2017;12:05:00;221;sem vítima;550,4;BR-116/PR;Norte;Tombamento;1;2;0;0;0;0;1
21/09/2017;13:42:00;257;com vítima;406;BR-116/PR;Sul;Colisão Lateral;2;1;0;1;0;0;2
21/09/2017;18:19:00;360;sem vítima;451,8;BR-116/PR;Norte;Saida de Pista;1;2;0;0;0;0;1
22/09/2017;21:46:00;434;sem vítima;356,7;BR-116/PR;Sul;Choque - Defensa, barreira ou  submarino ;1;1;0;0;0;0;1
22/09/2017;22:26:00;441;sem vítima;23,9;BR-116/PR;Norte;Tombamento;1;1;0;0;0;0;1
22/09/2017;01:58:00;33;com vítima;455,2;BR-116/PR;Sul;Tombamento;1;0;1;0;0;0;1
22/09/2017;07:17:00;110;sem vítima;290;BR-116/PR;Norte;Colisão Traseira;2;2;0;0;0;0;1
22/09/2017;07:20:00;112;sem vítima;332,8;BR-116/PR;Sul;Colisão Traseira;2;2;0;0;0;0;1
22/09/2017;23:37:00;456;sem vítima;462,7;BR-116/PR;Sul;Colisão Traseira;2;2;0;0;0;0;1
23/09/2017;07:45:00;103;sem vítima;55;BR-116/PR;Sul;Colisão Lateral;2;3;0;0;0;0;1
23/09/2017;09:07:00;134;com vítima;462;BR-116/PR;Sul;Colisão Frontal;1;2;1;1;0;0;2
23/09/2017;19:39:00;359;com vítima;432,4;BR-116/PR;Sul;Colisão Frontal;1;2;0;0;0;1;3
24/09/2017;11:40:00;155;sem vítima;567;BR-116/PR;Norte;Colisão Lateral;1;2;0;0;0;0;1
24/09/2017;12:11:00;166;com vítima;552;BR-116/PR;Norte;Tombamento;1;0;1;0;0;0;1
24/09/2017;23:09:00;345;com vítima;288,8;BR-116/PR;Norte;Colisão Traseira;1;2;3;2;0;0;2
25/09/2017;01:50:00;30;sem vítima;460;BR-116/PR;Norte;Colisão Traseira;1;3;0;0;0;0;1
25/09/2017;04:48:00;56;com vítima;359,6;BR-116/PR;Sul;Tombamento;1;0;1;0;0;0;1
25/09/2017;05:41:00;60;sem vítima;505,5;BR-116/PR;Sul;Tombamento;1;1;0;0;0;0;1
25/09/2017;13:01:00;200;sem vítima;516,3;BR-116/PR;Sul;Tombamento;1;1;0;0;0;0;1
25/09/2017;16:48:00;278;sem vítima;370,4;BR-116/PR;Sul;Choque - Defensa, barreira ou  submarino ;1;1;0;0;0;0;1
25/09/2017;22:16:00;342;sem vítima;495,5;BR-116/PR;Norte;Choque - Defensa, barreira ou  submarino ;1;1;0;0;0;0;1
26/09/2017;02:23:00;44;sem vítima;469;BR-116/PR;Norte;Tombamento;1;1;0;0;0;0;1
26/09/2017;05:29:00;98;com vítima;394,5;BR-116/PR;Norte;Saida de Pista;1;0;2;0;0;0;1
26/09/2017;06:12:00;105;sem vítima;442,9;BR-116/PR;Norte;Não Def;1;2;0;0;0;0;1
26/09/2017;11:34:00;213;sem vítima;518,1;BR-116/PR;Sul;Tombamento;1;2;0;0;0;0;1
26/09/2017;22:29:00;377;com vítima;316,9;BR-116/PR;Sul;Tombamento;1;0;0;1;0;0;2
27/09/2017;06:21:00;80;sem vítima;279,9;BR-116/PR;Norte;Engavetamento;1;4;0;0;0;0;1
27/09/2017;06:25:00;81;sem vítima;8,1;BR-116/PR;Sul;Choque - Talude;1;1;0;0;0;0;1
27/09/2017;09:06:00;141;sem vítima;273;BR-116/PR;Sul;Colisão Lateral;1;2;0;0;0;0;1
27/09/2017;15:28:00;276;sem vítima;300,6;BR-116/PR;Sul;Colisão Traseira;2;3;0;0;0;0;1
27/09/2017;17:46:00;326;sem vítima;298,8;BR-116/PR;Sul;Colisão Lateral;2;3;0;0;0;0;1
27/09/2017;19:11:00;350;sem vítima;23,8;BR-116/PR;Norte;Tombamento;1;1;0;0;0;0;1
27/09/2017;20:08:00;367;com vítima;23,7;BR-116/PR;Sul;Colisão Traseira;2;1;0;0;0;1;3
28/09/2017;04:55:00;69;sem vítima;44,5;BR-116/PR;Sul;Colisão Traseira;2;3;0;0;0;0;1
28/09/2017;06:50:00;85;sem vítima;323,3;BR-116/PR;Norte;Choque - Defensa, barreira ou  submarino ;1;1;0;0;0;0;1
28/09/2017;12:05:00;198;com vítima;304,2;BR-116/PR;Sul;Colisão Traseira;1;1;1;0;0;0;1
28/09/2017;14:23:00;226;com vítima;448,5;BR-116/PR;Sul;Tombamento;1;2;1;0;0;0;1
28/09/2017;17:36:00;285;sem vítima;561,5;BR-116/PR;Sul;Choque - Talude;1;1;0;0;0;0;1
28/09/2017;19:06:00;304;sem vítima;46,5;BR-116/PR;Sul;Saida de Pista;1;1;0;0;0;0;1
28/09/2017;20:08:00;317;sem vítima;300,7;BR-116/PR;Sul;Choque - Outros;2;45;0;0;0;0;1
29/09/2017;08:47:00;140;sem vítima;559,9;BR-116/PR;Sul;Colisão Traseira;2;2;0;0;0;0;1
29/09/2017;04:01:00;60;sem vítima;548,3;BR-116/PR;Sul;Colisão Traseira;1;3;0;0;0;0;1
29/09/2017;06:25:00;85;sem vítima;50;BR-116/PR;Norte;Colisão Traseira;1;2;0;0;0;0;1
29/09/2017;15:07:00;266;com vítima;347,6;BR-116/PR;Norte;Colisão Lateral;1;4;1;1;1;0;2
29/09/2017;15:46:00;280;sem vítima;564;BR-116/PR;Sul;Saida de Pista;1;1;0;0;0;0;1
29/09/2017;17:39:00;304;sem vítima;549;BR-116/PR;Sul;Choque - Defensa, barreira ou  submarino ;1;1;0;0;0;0;1
29/09/2017;20:39:00;359;sem vítima;361,1;BR-116/PR;Sul;Colisão Traseira;1;2;0;0;0;0;1
29/09/2017;23:12:00;394;sem vítima;342,2;BR-116/PR;Norte;Colisão Traseira;2;2;0;0;0;0;1
30/09/2017;00:50:00;14;com vítima;330,9;BR-116/PR;Sul;Colisão Traseira;2;2;0;0;0;1;3
01/10/2017;16:22:00;234;sem vítima;63;BR-116/PR;Norte;Colisão Lateral;1;5;0;0;0;0;1
01/10/2017;16:57:00;250;sem vítima;55;BR-116/PR;Norte;Colisão Traseira;2;3;0;0;0;0;1
01/10/2017;17:11:00;256;com vítima;24;BR-116/PR;Norte;Tombamento;1;0;1;0;0;0;1
01/10/2017;19:41:00;301;sem vítima;337;BR-116/PR;Norte;Colisão Traseira;2;2;0;0;0;0;1
02/10/2017;03:31:00;55;sem vítima;313,95;BR-116/PR;Norte;Colisão Traseira;2;2;0;0;0;0;1
02/10/2017;06:11:00;71;com vítima;65,3;BR-116/PR;Sul;Choque - Defensa, barreira ou  submarino ;1;6;1;0;0;0;1
02/10/2017;06:25:00;74;sem vítima;392,4;BR-116/PR;Norte;Colisão Traseira;1;4;0;0;0;0;1
02/10/2017;06:41:00;82;sem vítima;276,5;BR-116/PR;Sul;Colisão Traseira;1;5;0;0;0;0;1
02/10/2017;10:09:00;153;com vítima;441;BR-116/PR;Norte;Colisão Traseira;2;1;1;0;0;0;1
02/10/2017;10:46:00;166;sem vítima;346;BR-116/PR;Sul;Saida de Pista;1;1;0;0;0;0;1
02/10/2017;11:46:00;185;sem vítima;474,3;BR-116/PR;Norte;Saida de Pista;1;1;0;0;0;0;1
02/10/2017;16:49:00;257;sem vítima;485,7;BR-116/PR;Sul;Colisão Traseira;1;4;0;0;0;0;1
03/10/2017;03:18:00;47;com vítima;486,8;BR-116/PR;Norte;Colisão Traseira;2;1;1;0;0;0;1
03/10/2017;06:54:00;82;sem vítima;393,4;BR-116/PR;Sul;Colisão Traseira;2;2;0;0;0;0;1
03/10/2017;07:30:00;91;sem vítima;317;BR-116/PR;Sul;Choque - Talude;1;1;0;0;0;0;1
03/10/2017;13:38:00;218;sem vítima;320;BR-116/PR;Sul;Colisão Traseira;1;3;0;0;0;0;1
03/10/2017;23:40:00;334;sem vítima;326,92;BR-116/PR;Norte;Tombamento;1;1;0;0;0;0;1
04/10/2017;09:21:00;163;sem vítima;279;BR-116/PR;Norte;Colisão Lateral;1;2;0;0;0;0;1
04/10/2017;14:01:00;256;sem vítima;441;BR-116/PR;Norte;Colisão Traseira;2;2;0;0;0;0;1
05/10/2017;04:41:00;72;sem vítima;13,9;BR-116/CW;Sul;Colisão Traseira;1;2;0;0;0;0;1
05/10/2017;07:23:00;105;sem vítima;284,6;BR-116/PR;Norte;Colisão Traseira;1;2;0;0;0;0;1
05/10/2017;12:32:00;214;sem vítima;385,7;BR-116/PR;Sul;Colisão Traseira;2;3;0;0;0;0;1
05/10/2017;15:50:00;276;com vítima;515,9;BR-116/PR;Sul;Engavetamento;2;2;1;0;0;0;1
06/10/2017;07:11:00;102;com vítima;509,6;BR-116/PR;Norte;Tombamento;1;0;1;0;0;0;1
06/10/2017;14:44:00;263;sem vítima;283,1;BR-116/PR;Norte;Colisão Traseira;1;5;0;0;0;0;1
06/10/2017;17:34:00;330;com vítima;555,3;BR-116/PR;Sul;Choque - Defensa, barreira ou  submarino ;1;0;1;0;0;0;1
06/10/2017;19:57:00;361;com vítima;281;BR-116/PR;Norte;Engavetamento;1;2;2;0;0;0;1
07/10/2017;03:33:00;55;sem vítima;283,7;BR-116/PR;Norte;Colisão Traseira;1;3;0;0;0;0;1
07/10/2017;03:59:00;63;sem vítima;550,8;BR-116/PR;Sul;Colisão Lateral;1;5;0;0;0;0;1
07/10/2017;05:39:00;83;sem vítima;499,3;BR-116/PR;Sul;Choque - Talude;1;1;0;0;0;0;1
07/10/2017;08:44:00;122;com vítima;310,2;BR-116/PR;Norte;Tombamento;1;0;1;0;0;0;1
07/10/2017;10:03:00;146;com vítima;565,2;BR-116/PR;Sul;Choque - Defensa, barreira ou  submarino ;1;1;0;1;0;1;3
07/10/2017;11:29:00;178;com vítima;357;BR-116/PR;Sul;Colisão Traseira;2;1;2;0;0;0;1
07/10/2017;13:50:00;204;sem vítima;553,9;BR-116/PR;Sul;Colisão Traseira;2;2;0;0;0;0;1
07/10/2017;16:30:00;264;sem vítima;362,5;BR-116/PR;Sul;Colisão Lateral;2;5;0;0;0;0;1
08/10/2017;05:04:00;59;com vítima;511,7;BR-116/PR;Norte;Choque - Defensa, barreira ou  submarino ;1;0;1;0;0;0;1
08/10/2017;07:21:00;82;com vítima;351,5;BR-116/PR;Sul;Colisão Frontal;1;2;0;1;0;0;2
08/10/2017;14:44:00;203;sem vítima;70,9;BR-116/PR;Norte;Tombamento;1;2;0;0;0;0;1
09/10/2017;09:16:00;140;sem vítima;284,4;BR-116/PR;Norte;Colisão Traseira;2;2;0;0;0;0;1
10/10/2017;02:21:00;31;sem vítima;438,5;BR-116/PR;Norte;Choque - Talude;1;1;0;0;0;0;1
10/10/2017;03:36:00;48;sem vítima;301;BR-116/PR;Norte;Colisão Traseira;1;3;0;0;0;0;1
10/10/2017;05:52:00;62;com vítima;390,9;BR-116/PR;Norte;Tombamento;1;0;1;0;0;0;1
10/10/2017;12:54:00;200;sem vítima;312,5;BR-116/PR;Sul;Colisão Lateral;1;3;0;0;0;0;1
10/10/2017;16:13:00;256;com vítima;33;BR-116/PR;Norte;Tombamento;1;0;1;0;0;0;1
10/10/2017;21:21:00;331;sem vítima;348,8;BR-116/PR;Sul;Colisão Traseira;1;4;0;0;0;0;1
10/10/2017;22:59:00;349;sem vítima;17,3;BR-116/PR;Sul;Saida de Pista;1;1;0;0;0;0;1
10/10/2017;23:29:00;360;com vítima;391,3;BR-116/PR;Sul;Choque - Outros;1;0;1;0;0;0;1
11/10/2017;02:59:00;39;sem vítima;393,6;BR-116/PR;Norte;Tombamento;1;1;0;0;0;0;1
11/10/2017;07:21:00;85;sem vítima;283;BR-116/PR;Norte;Colisão Traseira;1;5;0;0;0;0;1
11/10/2017;08:17:00;116;com vítima;286;BR-116/PR;Norte;Colisão Traseira;2;1;1;0;0;0;1
11/10/2017;08:52:00;133;sem vítima;514,9;BR-116/PR;Norte;Tombamento;1;1;0;0;0;0;1
11/10/2017;09:04:00;142;com vítima;432,1;BR-116/PR;Sul;Colisão Traseira;1;3;1;0;0;0;1
11/10/2017;09:33:00;153;sem vítima;8,8;BR-116/PR;Sul;Colisão Traseira;2;2;0;0;0;0;1
11/10/2017;12:16:00;219;sem vítima;350,9;BR-116/PR;Sul;Colisão Lateral;2;2;0;0;0;0;1
12/10/2017;06:42:00;111;sem vítima;10;BR-116/PR;Sul;Colisão Traseira;1;49;0;0;0;0;1
12/10/2017;14:38:00;289;com vítima;32,5;BR-116/PR;Norte;Tombamento;1;0;0;0;1;0;2
12/10/2017;18:28:00;372;sem vítima;27,6;BR-116/PR;Norte;Tombamento;1;1;0;0;0;0;1
12/10/2017;19:27:00;390;sem vítima;22,5;BR-116/PR;Sul;Saida de Pista;1;1;0;0;0;0;1
12/10/2017;21:00:00;413;sem vítima;467;BR-116/PR;Norte;Colisão Lateral;1;5;0;0;0;0;1
12/10/2017;23:44:00;455;sem vítima;31;BR-116/PR;Norte;Colisão Lateral;1;2;0;0;0;0;1
13/10/2017;21:01:00;350;sem vítima;505;BR-116/PR;Norte;Choque - Objeto sobre a pista;1;1;0;0;0;0;1
13/10/2017;21:25:00;355;sem vítima;504,8;BR-116/PR;Norte;Choque - Objeto sobre a pista;1;1;0;0;0;0;1
15/10/2017;09:11:00;98;sem vítima;4,2;BR-116/PR;Norte;Colisão Traseira;2;2;0;0;0;0;1
15/10/2017;16:05:00;237;com vítima;557,3;BR-116/PR;Sul;Colisão Traseira;1;1;0;0;0;1;3
15/10/2017;17:32:00;268;sem vítima;58,4;BR-116/PR;Norte;Saida de Pista;1;1;0;0;0;0;1
15/10/2017;20:13:00;329;sem vítima;280;BR-116/PR;Sul;Colisão Lateral;1;3;0;0;0;0;1
15/10/2017;21:32:00;349;sem vítima;22;BR-116/PR;Norte;Outros;1;9;0;0;0;0;1
16/10/2017;00:36:00;11;com vítima;417,8;BR-116/PR;Norte;Choque - Defensa, barreira ou  submarino ;1;1;1;0;0;0;1
16/10/2017;00:52:00;13;com vítima;38,7;BR-116/PR;Norte;Atropelamento - Andarilho;1;1;0;1;0;0;2
16/10/2017;15:54:00;260;sem vítima;40;BR-116/PR;Sul;Choque - Defensa, barreira ou  submarino ;1;1;0;0;0;0;1
16/10/2017;20:46:00;334;sem vítima;542,9;BR-116/PR;Sul;Choque - Defensa, barreira ou  submarino ;1;1;0;0;0;0;1
17/10/2017;05:39:00;76;sem vítima;306,5;BR-116/PR;Norte;Colisão Traseira;2;3;0;0;0;0;1
17/10/2017;18:23:00;320;com vítima;347,5;BR-116/PR;Sul;Engavetamento;3;7;1;0;0;0;1
17/10/2017;20:52:00;353;sem vítima;38;BR-116/PR;Sul;Choque - Defensa, barreira ou  submarino ;1;1;0;0;0;0;1
18/10/2017;00:12:00;8;sem vítima;518;BR-116/PR;Sul;Choque - Elemento de Drenagem;1;1;0;0;0;0;1
18/10/2017;07:30:00;93;sem vítima;509,8;BR-116/PR;Sul;Colisão Lateral;2;2;0;0;0;0;1
18/10/2017;11:44:00;219;sem vítima;48,5;BR-116/PR;Norte;Saida de Pista;1;1;0;0;0;0;1
18/10/2017;15:22:00;290;com vítima;28,8;BR-116/PR;Norte;Tombamento;1;0;1;0;0;0;1
18/10/2017;18:21:00;355;sem vítima;544;BR-116/PR;Sul;Choque - Elemento de Drenagem;1;1;0;0;0;0;1
18/10/2017;22:56:00;416;com vítima;348;BR-116/PR;Sul;Colisão Traseira;2;1;0;1;0;0;2
19/10/2017;17:04:00;369;com vítima;22,7;BR-116/PR;Norte;Engavetamento;2;5;2;0;0;0;1
19/10/2017;17:10:00;371;com vítima;22,7;BR-116/PR;Norte;Engavetamento;4;3;1;0;0;0;1
19/10/2017;17:14:00;373;com vítima;509,7;BR-116/PR;Norte;Tombamento;1;0;0;0;0;1;3
19/10/2017;16:03:00;330;sem vítima;43;BR-116/PR;Norte;Tombamento;1;1;0;0;0;0;1
19/10/2017;21:13:00;429;com vítima;22,7;BR-116/PR;Norte;Choque - Defensa, barreira ou  submarino ;1;0;1;0;0;0;1
19/10/2017;22:44:00;451;com vítima;24;BR-116/PR;Norte;Saida de Pista;1;1;1;0;0;0;1
20/10/2017;01:18:00;24;sem vítima;24;BR-116/PR;Sul;Colisão Traseira;2;2;0;0;0;0;1
20/10/2017;02:22:00;44;sem vítima;320,5;BR-116/PR;Norte;Colisão Traseira;2;2;0;0;0;0;1
20/10/2017;07:12:00;112;com vítima;513,5;BR-116/PR;Norte;Tombamento;1;0;0;1;0;0;2
20/10/2017;07:38:00;123;sem vítima;29;BR-116/PR;Sul;Colisão Traseira;1;5;0;0;0;0;1
20/10/2017;18:01:00;343;sem vítima;280,1;BR-116/PR;Sul;Colisão Lateral;1;2;0;0;0;0;1
21/10/2017;06:44:00;92;sem vítima;390,95;BR-116/PR;Norte;Saida de Pista;1;1;0;0;0;0;1
21/10/2017;11:57:00;171;sem vítima;326,2;BR-116/PR;Norte;Colisão Traseira;1;2;0;0;0;0;1
21/10/2017;16:22:00;232;sem vítima;468;BR-116/PR;Sul;Colisão Traseira;1;2;0;0;0;0;1
22/10/2017;06:18:00;70;sem vítima;511,4;BR-116/PR;Norte;Choque - Talude;1;1;0;0;0;0;1
22/10/2017;09:52:00;116;sem vítima;514,7;BR-116/PR;Norte;Colisão Traseira;2;2;0;0;0;0;1
22/10/2017;14:29:00;176;com vítima;359,3;BR-116/PR;Sul;Tombamento;1;0;1;0;0;0;1
22/10/2017;23:25:00;310;com vítima;462,6;BR-116/PR;Norte;Colisão Traseira;2;1;1;0;0;0;1
23/10/2017;05:45:00;93;sem vítima;298;BR-116/PR;Norte;Colisão Traseira;1;3;0;0;0;0;1
23/10/2017;06:13:00;96;com vítima;296,3;BR-116/PR;Norte;Choque - Defensa, barreira ou  submarino ;1;5;1;0;0;0;1
24/10/2017;14:24:00;248;sem vítima;31;BR-116/PR;Sul;Colisão Traseira;1;3;0;0;0;0;1
24/10/2017;21:12:00;350;sem vítima;485,7;BR-116/PR;Norte;Colisão Traseira;2;2;0;0;0;0;1
25/10/2017;06:02:00;70;com vítima;489,9;BR-116/PR;Norte;Atropelamento - Morador;1;1;0;0;0;1;3
25/10/2017;01:08:00;17;com vítima;462,7;BR-116/PR;Sul;Colisão Traseira;3;2;1;0;0;0;1
25/10/2017;03:01:00;50;com vítima;414,6;BR-116/PR;Sul;Colisão Traseira;2;1;1;0;0;0;1
25/10/2017;06:25:00;72;sem vítima;279,5;BR-116/PR;Norte;Engavetamento;2;4;0;0;0;0;1
25/10/2017;08:36:00;114;com vítima;377,2;BR-116/PR;Norte;Capotamento;1;0;0;0;0;1;3
25/10/2017;11:47:00;176;sem vítima;309;BR-116/PR;Sul;Engavetamento;5;5;0;0;0;0;1
25/10/2017;13:22:00;206;sem vítima;563;BR-116/PR;Sul;Colisão Lateral;1;2;0;0;0;0;1
25/10/2017;06:02:00;211;sem vítima;489,9;BR-116/PR;Norte;Colisão Lateral;2;2;0;0;0;0;1
25/10/2017;18:10:00;293;sem vítima;347,8;BR-116/PR;Sul;Colisão Traseira;1;2;0;0;0;0;1
25/10/2017;18:22:00;296;sem vítima;561,1;BR-116/PR;Norte;Outros;1;3;0;0;0;0;1
25/10/2017;19:47:00;324;com vítima;405,2;BR-116/PR;Norte;Colisão Traseira;2;1;0;1;0;0;2
25/10/2017;23:30:00;361;sem vítima;28;BR-116/PR;Sul;Choque - Elemento de Drenagem;1;1;0;0;0;0;1
26/10/2017;00:18:00;9;com vítima;280,4;BR-116/PR;Norte;Choque - Defensa, barreira ou  submarino ;1;0;1;0;0;0;1
26/10/2017;01:19:00;21;sem vítima;413;BR-116/PR;Sul;Colisão Lateral;2;3;0;0;0;0;1
26/10/2017;09:02:00;146;sem vítima;561,5;BR-116/PR;Sul;Outros;1;1;0;0;0;0;1
26/10/2017;14:23:00;266;sem vítima;502;BR-116/PR;Sul;Tombamento;1;1;0;0;0;0;1
27/10/2017;07:22:00;93;sem vítima;538;BR-116/PR;Sul;Colisão Traseira;2;2;0;0;0;0;1
27/10/2017;10:55:00;181;sem vítima;518,9;BR-116/PR;Sul;Tombamento;1;1;0;0;0;0;1
27/10/2017;16:05:00;266;sem vítima;389;BR-116/PR;Sul;Tombamento;1;2;0;0;0;0;1
27/10/2017;18:48:00;310;sem vítima;515,5;BR-116/PR;Norte;Choque - Defensa, barreira ou  submarino ;1;5;0;0;0;0;1
27/10/2017;21:13:00;338;com vítima;562,3;BR-116/PR;Sul;Capotamento;1;2;1;0;0;0;1
28/10/2017;05:45:00;93;sem vítima;289;BR-116/PR;Sul;Colisão Traseira;1;6;0;0;0;0;1
28/10/2017;07:24:00;117;sem vítima;433,5;BR-116/PR;Norte;Colisão Lateral;1;4;0;0;0;0;1
28/10/2017;00:00:00;1;sem vítima;290,3;BR-116/PR;Norte;Choque - Talude;1;2;0;0;0;0;1
28/10/2017;14:53:00;277;com vítima;511;BR-116/PR;Norte;Tombamento;1;0;1;0;0;0;1
28/10/2017;15:58:00;294;sem vítima;485,9;BR-116/PR;Sul;Colisão Traseira;2;2;0;0;0;0;1
28/10/2017;16:01:00;297;sem vítima;542,6;BR-116/PR;Norte;Colisão Lateral;2;2;0;0;0;0;1
29/10/2017;09:05:00;113;sem vítima;387,7;BR-116/PR;Norte;Choque - Defensa, barreira ou  submarino ;1;1;0;0;0;0;1
29/10/2017;09:17:00;117;sem vítima;370,4;BR-116/PR;Norte;Colisão Traseira;2;2;0;0;0;0;1
29/10/2017;10:05:00;128;com vítima;509,7;BR-116/PR;Norte;Tombamento;1;0;1;0;0;0;1
29/10/2017;10:55:00;142;sem vítima;511,6;BR-116/PR;Norte;Engavetamento;3;4;0;0;0;0;1
29/10/2017;13:47:00;184;sem vítima;567,5;BR-116/PR;Norte;Choque - Talude;1;1;0;0;0;0;1
29/10/2017;16:06:00;215;sem vítima;534;BR-116/PR;Norte;Colisão Traseira;2;2;0;0;0;0;1
29/10/2017;16:26:00;223;com vítima;394,8;BR-116/PR;Norte;Tombamento;1;0;1;0;0;0;1
29/10/2017;18:53:00;267;sem vítima;347,4;BR-116/PR;Norte;Saida de Pista;1;1;0;0;0;0;1
30/10/2017;01:41:00;34;com vítima;27,1;BR-116/PR;Sul;Engavetamento;2;4;1;0;0;0;1
30/10/2017;07:44:00;100;sem vítima;285;BR-116/PR;Norte;Colisão Traseira;1;2;0;0;0;0;1
30/10/2017;08:04:00;108;com vítima;364,5;BR-116/PR;Norte;Tombamento;1;0;1;0;0;0;1
30/10/2017;11:52:00;178;sem vítima;513,5;BR-116/PR;Norte;Colisão Lateral;2;2;0;0;0;0;1
30/10/2017;14:50:00;215;com vítima;340;BR-116/PR;Sul;Choque - Talude;1;0;0;0;1;0;2
30/10/2017;15:28:00;222;sem vítima;485,7;BR-116/PR;Sul;Choque - Defensa, barreira ou  submarino ;1;1;0;0;0;0;1
31/10/2017;07:59:00;128;sem vítima;363,9;BR-116/PR;Sul;Tombamento;1;2;0;0;0;0;1
31/10/2017;10:22:00;206;com vítima;460,5;BR-116/PR;Sul;Tombamento;1;1;1;0;0;0;1
31/10/2017;11:24:00;231;sem vítima;54;BR-116/PR;Sul;Tombamento;1;1;0;0;0;0;1
31/10/2017;14:30:00;282;sem vítima;290,5;BR-116/PR;Sul;Colisão Lateral;1;3;0;0;0;0;1
31/10/2017;16:50:00;330;sem vítima;41,9;BR-116/PR;Norte;Tombamento;1;1;0;0;0;0;1
31/10/2017;17:41:00;350;sem vítima;346;BR-116/PR;Sul;Engavetamento;2;3;0;0;0;0;1
31/10/2017;22:28:00;412;sem vítima;352;BR-116/PR;Sul;Colisão Traseira;1;5;0;0;0;0;1