data;horario;n_da_ocorrencia;tipo_de_ocorrencia;km;trecho;sentido;tipo_de_acidente;caminhao;ilesos;levemente_feridos;moderadamente_feridos;gravemente_feridos;mortos;3
01/11/2017;04:48:00;71;sem vítima;415,3;BR-116/PR;Norte;Tombamento;1;1;0;0;0;0;1
01/11/2017;08:58:00;148;sem vítima;60,95;BR-116/PR;Norte;Colisão Traseira;1;3;0;0;0;0;1
01/11/2017;12:55:00;235;sem vítima;541;BR-116/PR;Norte;Tombamento;1;1;0;0;0;0;1
01/11/2017;14:40:00;257;sem vítima;352,8;BR-116/PR;Norte;Colisão Lateral;1;3;0;0;0;0;1
01/11/2017;15:01:00;266;sem vítima;320,9;BR-116/PR;Norte;Colisão Traseira;1;3;0;0;0;0;1
02/11/2017;12:46:00;181;sem vítima;281;BR-116/PR;Sul;Colisão Lateral;1;5;0;0;0;0;1
02/11/2017;13:39:00;196;sem vítima;288,8;BR-116/PR;Sul;Colisão Lateral;1;3;0;0;0;0;1
02/11/2017;22:10:00;336;sem vítima;64;BR-116/PR;Sul;Colisão Traseira;2;2;0;0;0;0;1
03/11/2017;00:27:00;8;sem vítima;61,5;BR-116/PR;Norte;Atropelamento de Animal;1;1;0;0;0;0;1
03/11/2017;13:20:00;184;sem vítima;299,3;BR-116/PR;Sul;Colisão Lateral;1;2;0;0;0;0;1
03/11/2017;23:13:00;317;com vítima;511,7;BR-116/PR;Norte;Engavetamento;4;31;1;0;0;0;1
04/11/2017;01:59:00;22;sem vítima;522,9;BR-116/PR;Sul;Tombamento;1;2;0;0;0;0;1
04/11/2017;02:18:00;28;com vítima;422,5;BR-116/PR;Norte;Choque - Defensa, barreira ou  submarino ;1;0;1;0;0;0;1
04/11/2017;11:27:00;163;sem vítima;445;BR-116/PR;Norte;Colisão Lateral;1;4;0;0;0;0;1
04/11/2017;14:51:00;223;sem vítima;513,4;BR-116/PR;Norte;Colisão Traseira;1;2;0;0;0;0;1
04/11/2017;17:10:00;261;com vítima;562,5;BR-116/PR;Sul;Choque - Talude;1;0;1;0;0;0;1
06/11/2017;08:13:00;119;sem vítima;39,3;BR-116/PR;Sul;Choque - Talude;1;47;0;0;0;0;1
06/11/2017;09:24:00;142;sem vítima;65;BR-116/PR;Sul;Colisão Lateral;1;3;0;0;0;0;1
07/11/2017;02:28:00;36;sem vítima;491,8;BR-116/PR;Norte;Atropelamento de Animal;2;3;0;0;0;0;1
07/11/2017;15:14:00;224;com vítima;334;BR-116/PR;Sul;Colisão Lateral;1;3;1;0;0;0;1
07/11/2017;15:22:00;226;sem vítima;347;BR-116/PR;Sul;Colisão Traseira;2;2;0;0;0;0;1
07/11/2017;15:47:00;232;com vítima;280,1;BR-116/PR;Sul;Colisão Traseira;2;2;1;0;0;0;1
07/11/2017;16:22:00;245;sem vítima;543,8;BR-116/PR;Sul;Tombamento;1;1;0;0;0;0;1
07/11/2017;23:10:00;342;com vítima;23,8;BR-116/PR;Norte;Tombamento;2;0;1;1;0;0;2
08/11/2017;05:19:00;67;sem vítima;426,6;BR-116/PR;Norte;Colisão Traseira;1;2;0;0;0;0;1
08/11/2017;11:44:00;197;com vítima;62,1;BR-116/PR;Sul;Colisão Traseira;2;1;0;1;0;0;2
08/11/2017;12:53:00;210;sem vítima;62,3;BR-116/PR;Norte;Choque - Defensa, barreira ou  submarino ;1;2;0;0;0;0;1
08/11/2017;13:45:00;228;sem vítima;534,1;BR-116/PR;Sul;Choque - Elemento de Drenagem;1;1;0;0;0;0;1
09/11/2017;04:30:00;62;com vítima;393,9;BR-116/PR;Sul;Tombamento;1;0;0;0;0;1;3
09/11/2017;04:48:00;65;sem vítima;303,6;BR-116/PR;Sul;Colisão Traseira;2;2;0;0;0;0;1
09/11/2017;06:50:00;91;sem vítima;357,5;BR-116/PR;Sul;Choque - Elemento de Drenagem;1;1;0;0;0;0;1
09/11/2017;07:08:00;97;com vítima;23,8;BR-116/PR;Norte;Tombamento;1;0;1;0;0;0;1
09/11/2017;23:24:00;401;com vítima;301,7;BR-116/PR;Sul;Saida de Pista;1;0;1;0;0;0;1
10/11/2017;08:49:00;139;sem vítima;518,5;BR-116/PR;Sul;Tombamento;1;1;0;0;0;0;1
10/11/2017;01:39:00;25;sem vítima;326,5;BR-116/PR;Norte;Choque - Objeto sobre a pista;1;1;0;0;0;0;1
10/11/2017;07:43:00;109;sem vítima;70;BR-116/PR;Norte;Colisão Lateral;1;2;0;0;0;0;1
10/11/2017;07:55:00;115;sem vítima;348;BR-116/PR;Sul;Choque - Defensa, barreira ou  submarino ;1;1;0;0;0;0;1
10/11/2017;17:25:00;321;sem vítima;57,2;BR-116/PR;Norte;Colisão Traseira;1;2;0;0;0;0;1
10/11/2017;22:41:00;397;sem vítima;287,7;BR-116/PR;Sul;Colisão Lateral;1;3;0;0;0;0;1
10/11/2017;22:52:00;401;sem vítima;385;BR-116/PR;Sul;Colisão Traseira;2;2;0;0;0;0;1
10/11/2017;22:55:00;403;sem vítima;287,7;BR-116/PR;Sul;Colisão Traseira;2;2;0;0;0;0;1
11/11/2017;06:45:00;71;sem vítima;536,6;BR-116/PR;Norte;Tombamento;1;1;0;0;0;0;1
11/11/2017;13:20:00;214;sem vítima;518,3;BR-116/PR;Sul;Colisão Traseira;1;2;0;0;0;0;1
12/11/2017;03:26:00;26;sem vítima;285;BR-116/PR;Norte;Choque - Defensa, barreira ou  submarino ;1;1;0;0;0;0;1
12/11/2017;07:54:00;58;com vítima;55,9;BR-116/PR;Norte;Tombamento;1;0;1;0;0;0;1
12/11/2017;13:21:00;161;sem vítima;30;BR-116/PR;Norte;Colisão Lateral;1;2;0;0;0;0;1
12/11/2017;15:44:00;202;sem vítima;515,8;BR-116/PR;Norte;Choque - Defensa, barreira ou  submarino ;1;1;0;0;0;0;1
12/11/2017;17:17:00;232;sem vítima;388,7;BR-116/PR;Norte;Colisão Traseira;2;2;0;0;0;0;1
12/11/2017;18:21:00;259;sem vítima;444,3;BR-116/PR;Norte;Colisão Traseira;2;2;0;0;0;0;1
12/11/2017;20:45:00;298;sem vítima;446,5;BR-116/PR;Norte;Colisão Traseira;1;2;0;0;0;0;1
13/11/2017;21:31:00;345;sem vítima;485,7;BR-116/PR;Sul;Colisão Traseira;2;2;0;0;0;0;1
13/11/2017;23:15:00;359;sem vítima;392,7;BR-116/PR;Sul;Outros;1;1;0;0;0;0;1
14/11/2017;20:18:00;389;sem vítima;298,8;BR-116/PR;Norte;Colisão Traseira;2;2;0;0;0;0;1
14/11/2017;05:30:00;79;sem vítima;402;BR-116/PR;Norte;Choque - Talude;1;1;0;0;0;0;1
14/11/2017;13:48:00;268;sem vítima;40,9;BR-116/PR;Sul;Colisão Traseira;1;5;0;0;0;0;1
14/11/2017;16:28:00;315;com vítima;3,3;BR-116/PR;Norte;Tombamento;1;0;1;0;0;0;1
14/11/2017;18:23:00;359;sem vítima;301;BR-116/PR;Sul;Tombamento;1;1;0;0;0;0;1
14/11/2017;22:26:00;414;sem vítima;347;BR-116/PR;Sul;Engavetamento;1;25;0;0;0;0;1
15/11/2017;00:45:00;15;sem vítima;400,8;BR-116/PR;Norte;Saida de Pista;1;1;0;0;0;0;1
15/11/2017;05:14:00;59;com vítima;462,8;BR-116/PR;Sul;Colisão Traseira;1;1;2;1;1;0;2
15/11/2017;12:08:00;199;sem vítima;505,3;BR-116/PR;Sul;Colisão Traseira;1;4;0;0;0;0;1
15/11/2017;13:30:00;223;sem vítima;289;BR-116/PR;Sul;Colisão Traseira;1;4;0;0;0;0;1
15/11/2017;18:07:00;338;sem vítima;426,6;BR-116/PR;Sul;Colisão Traseira;1;2;0;0;0;0;1
16/11/2017;02:21:00;32;sem vítima;321;BR-116/PR;Norte;Colisão Traseira;2;3;0;0;0;0;1
16/11/2017;19:06:00;384;sem vítima;508,8;BR-116/PR;Sul;Tombamento;1;1;0;0;0;0;1
16/11/2017;19:54:00;401;sem vítima;326;BR-116/PR;Norte;Colisão Lateral;1;3;0;0;0;0;1
17/11/2017;06:08:00;74;com vítima;1;BR-116/CW;Sul;Colisão Traseira;1;1;1;0;0;0;1
17/11/2017;07:59:00;100;com vítima;567,5;BR-116/PR;Norte;Tombamento;1;0;0;1;0;0;2
17/11/2017;15:09:00;241;sem vítima;511,5;BR-116/PR;Sul;Choque - Elemento de Drenagem;1;1;0;0;0;0;1
17/11/2017;17:04:00;290;sem vítima;283,9;BR-116/PR;Norte;Queda de Moto;1;3;0;0;0;0;1
17/11/2017;21:18:00;364;sem vítima;298;BR-116/PR;Sul;Colisão Traseira;2;3;0;0;0;0;1
18/11/2017;16:50:00;282;sem vítima;24,3;BR-116/PR;Sul;Colisão Lateral;1;2;0;0;0;0;1
18/11/2017;04:45:00;65;sem vítima;23,9;BR-116/PR;Sul;Colisão Traseira;1;49;0;0;0;0;1
18/11/2017;10:48:00;177;com vítima;413;BR-116/PR;Norte;Colisão Lateral;1;1;4;0;0;0;1
18/11/2017;21:30:00;351;com vítima;3;BR-116/PR;Norte;Tombamento;1;0;0;0;0;1;3
19/11/2017;05:28:00;68;com vítima;552,3;BR-116/PR;Sul;Tombamento;1;0;1;0;0;0;1
19/11/2017;08:04:00;101;com vítima;14;BR-116/PR;Norte;Saida de Pista;1;0;1;0;0;0;1
19/11/2017;12:55:00;175;sem vítima;22,5;BR-116/PR;Norte;Choque - Defensa, barreira ou  submarino ;1;1;0;0;0;0;1
19/11/2017;13:15:00;180;sem vítima;270,1;BR-116/PR;Norte;Colisão Traseira;1;4;0;0;0;0;1
19/11/2017;15:30:00;218;sem vítima;426,8;BR-116/PR;Norte;Colisão Lateral;1;4;0;0;0;0;1
20/11/2017;14:51:00;204;sem vítima;514;BR-116/PR;Norte;Colisão Traseira;2;3;0;0;0;0;1
20/11/2017;22:32:00;321;com vítima;503,3;BR-116/PR;Norte;Outros - Sequência;1;0;1;0;0;0;1
20/11/2017;22:43:00;324;com vítima;503,5;BR-116/PR;Norte;Engavetamento;3;2;1;0;0;0;1
21/11/2017;11:03:00;180;sem vítima;297,6;BR-116/PR;Norte;Colisão Traseira;2;2;0;0;0;0;1
21/11/2017;20:38:00;318;com vítima;55,2;BR-116/PR;Sul;Atropelamento - Ciclista;1;1;0;1;0;0;2
22/11/2017;01:37:00;25;com vítima;270,1;BR-116/PR;Norte;Colisão Traseira;1;1;2;0;0;0;1
22/11/2017;03:38:00;57;com vítima;48;BR-116/PR;Sul;Colisão Traseira;2;1;0;1;0;0;2
22/11/2017;05:37:00;76;com vítima;511,3;BR-116/PR;Norte;Colisão Traseira;2;2;1;0;0;0;1
22/11/2017;06:07:00;83;sem vítima;510,1;BR-116/PR;Sul;Tombamento;1;1;0;0;0;0;1
22/11/2017;07:05:00;94;sem vítima;541;BR-116/PR;Norte;Saida de Pista;1;1;0;0;0;0;1
22/11/2017;11:27:00;186;com vítima;362,8;BR-116/PR;Sul;Colisão Lateral;1;1;1;0;0;0;1
22/11/2017;13:38:00;226;sem vítima;485,6;BR-116/PR;Norte;Choque - Defensa, barreira ou  submarino ;1;1;0;0;0;0;1
22/11/2017;14:23:00;238;com vítima;369,6;BR-116/PR;Norte;Engavetamento;4;2;0;2;0;0;2
22/11/2017;17:10:00;284;sem vítima;298,8;BR-116/PR;Norte;Colisão Traseira;1;2;0;0;0;0;1
22/11/2017;17:29:00;292;sem vítima;373;BR-116/PR;Norte;Colisão Lateral;1;3;0;0;0;0;1
22/11/2017;21:44:00;347;sem vítima;538;BR-116/PR;Sul;Choque - Defensa, barreira ou  submarino ;1;2;0;0;0;0;1
23/11/2017;00:00:00;1;com vítima;533;BR-116/PR;Sul;Colisão Traseira;2;1;1;0;0;0;1
23/11/2017;07:11:00;97;sem vítima;472,2;BR-116/PR;Sul;Colisão Traseira;1;2;0;0;0;0;1
23/11/2017;11:48:00;189;sem vítima;284,1;BR-116/PR;Sul;Colisão Traseira;2;3;0;0;0;0;1
23/11/2017;12:15:00;196;sem vítima;27,3;BR-116/PR;Norte;Tombamento;1;2;0;0;0;0;1
23/11/2017;13:09:00;211;sem vítima;386,8;BR-116/PR;Sul;Saida de Pista;1;1;0;0;0;0;1
23/11/2017;19:42:00;337;sem vítima;349;BR-116/PR;Sul;Engavetamento;1;3;0;0;0;0;1
23/11/2017;20:47:00;347;sem vítima;347,9;BR-116/PR;Sul;Colisão Lateral;2;2;0;0;0;0;1
24/11/2017;11:14:00;216;sem vítima;537,1;BR-116/PR;Norte;Tombamento;1;1;0;0;0;0;1
24/11/2017;15:29:00;275;sem vítima;485,7;BR-116/PR;Sul;Colisão Traseira;1;2;0;0;0;0;1
25/11/2017;08:09:00;132;com vítima;299,3;BR-116/PR;Norte;Colisão Lateral;1;2;1;0;0;0;1
25/11/2017;09:16:00;163;com vítima;347;BR-116/PR;Sul;Colisão Lateral;6;7;1;0;0;0;1
25/11/2017;09:36:00;179;sem vítima;347,3;BR-116/PR;Sul;Colisão Traseira;1;6;0;0;0;0;1
25/11/2017;14:12:00;253;sem vítima;508,8;BR-116/PR;Sul;Tombamento;1;1;0;0;0;0;1
25/11/2017;15:45:00;278;com vítima;312;BR-116/PR;Sul;Choque - Defensa, barreira ou  submarino ;1;1;1;0;0;0;1
26/11/2017;07:28:00;75;sem vítima;516;BR-116/PR;Norte;Saida de Pista;1;1;0;0;0;0;1
26/11/2017;12:33:00;151;com vítima;516,3;BR-116/PR;Norte;Choque - Talude;1;0;0;1;0;0;2
26/11/2017;21:11:00;300;sem vítima;552,9;BR-116/PR;Norte;Choque - Talude;1;1;0;0;0;0;1
27/11/2017;00:51:00;8;sem vítima;518,4;BR-116/PR;Norte;Choque - Talude;1;1;0;0;0;0;1
27/11/2017;14:12:00;207;sem vítima;271;BR-116/PR;Sul;Colisão Traseira;1;2;0;0;0;0;1
27/11/2017;21:51:00;315;sem vítima;552,8;BR-116/PR;Sul;Engavetamento;2;4;0;0;0;0;1
28/11/2017;05:09:00;60;sem vítima;471,1;BR-116/PR;Norte;Tombamento;1;1;0;0;0;0;1
28/11/2017;17:14:00;276;sem vítima;345,5;BR-116/PR;Sul;Colisão Traseira;1;2;0;0;0;0;1
29/11/2017;01:11:00;20;com vítima;500,5;BR-116/PR;Norte;Choque - Talude;1;0;0;1;0;0;2
29/11/2017;08:35:00;117;sem vítima;531,1;BR-116/PR;Norte;Saida de Pista;1;2;0;0;0;0;1
29/11/2017;09:37:00;150;sem vítima;494;BR-116/PR;Norte;Colisão Traseira;1;2;0;0;0;0;1
30/11/2017;01:12:00;26;sem vítima;433,9;BR-116/PR;Norte;Atropelamento de Animal;1;1;0;0;0;0;1
30/11/2017;01:21:00;29;sem vítima;360;BR-116/PR;Sul;Choque - Talude;1;1;0;0;0;0;1
30/11/2017;03:49:00;56;sem vítima;349,8;BR-116/PR;Norte;Outros;1;1;0;0;0;0;1
30/11/2017;04:14:00;62;sem vítima;352,7;BR-116/PR;Sul;Colisão Lateral;1;4;0;0;0;0;1
30/11/2017;07:21:00;95;com vítima;362,8;BR-116/PR;Sul;Tombamento;1;0;1;0;0;0;1
30/11/2017;07:41:00;108;sem vítima;348,9;BR-116/PR;Sul;Colisão Traseira;2;3;0;0;0;0;1
30/11/2017;11:44:00;208;sem vítima;346,5;BR-116/PR;Sul;Choque - Defensa, barreira ou  submarino ;1;1;0;0;0;0;1
01/12/2017;01:53:00;23;sem vítima;21;BR-116/PR;Sul;Tombamento;1;1;0;0;0;0;1
01/12/2017;09:10:00;134;sem vítima;268,9;BR-116/PR;Norte;Colisão Lateral;1;2;0;0;0;0;1
01/12/2017;16:37:00;279;sem vítima;345,1;BR-116/PR;Sul;Colisão Traseira;2;2;0;0;0;0;1
01/12/2017;18:14:00;302;sem vítima;514,4;BR-116/PR;Sul;Choque - Talude;1;1;0;0;0;0;1
01/12/2017;20:56:00;337;sem vítima;426,6;BR-116/PR;Sul;Colisão Traseira;1;3;0;0;0;0;1
02/12/2017;04:42:00;53;com vítima;462,5;BR-116/PR;Sul;Colisão Traseira;2;1;0;1;0;0;2
02/12/2017;09:39:00;139;sem vítima;363;BR-116/PR;Sul;Choque - Talude;1;1;0;0;0;0;1
02/12/2017;06:23:00;72;sem vítima;290,2;BR-116/PR;Norte;Choque - Defensa, barreira ou  submarino ;1;2;0;0;0;0;1
02/12/2017;07:12:00;84;sem vítima;517;BR-116/PR;Norte;Choque - Talude;1;1;0;0;0;0;1
03/12/2017;11:54:00;164;sem vítima;512;BR-116/PR;Norte;Choque - Defensa, barreira ou  submarino ;2;7;0;0;0;0;1
03/12/2017;17:49:00;262;com vítima;287;BR-116/PR;Norte;Colisão Traseira;2;1;0;1;0;0;2
04/12/2017;13:31:00;244;sem vítima;475,3;BR-116/PR;Sul;Queda de Moto;1;3;0;0;0;0;1
04/12/2017;14:05:00;257;com vítima;277;BR-116/PR;Norte;Queda de Moto;1;1;1;0;0;0;1
04/12/2017;16:43:00;289;sem vítima;299,4;BR-116/PR;Sul;Colisão Lateral;1;2;0;0;0;0;1
04/12/2017;10:03:00;180;com vítima;400,95;BR-116/PR;Sul;Saida de Pista;1;0;1;0;0;0;1
04/12/2017;16:54:00;296;com vítima;426,6;BR-116/PR;Norte;Colisão Traseira;1;1;1;0;0;0;1
04/12/2017;17:55:00;327;sem vítima;537,8;BR-116/PR;Norte;Choque - Objeto sobre a pista;1;2;0;0;0;0;1
05/12/2017;02:42:00;30;sem vítima;513,4;BR-116/PR;Norte;Tombamento;2;2;0;0;0;0;1
05/12/2017;10:41:00;174;com vítima;15,5;BR-116/PR;Norte;Choque - Defensa, barreira ou  submarino ;1;0;0;1;0;0;2
05/12/2017;13:08:00;222;com vítima;18,7;BR-116/PR;Norte;Outros;1;2;0;1;0;0;2
05/12/2017;13:31:00;228;sem vítima;370;BR-116/PR;Sul;Colisão Traseira;1;1;0;0;0;0;1
05/12/2017;16:21:00;269;com vítima;282,2;BR-116/PR;Sul;Queda de Moto;1;2;2;1;0;0;2
06/12/2017;03:18:00;48;com vítima;326,95;BR-116/PR;Norte;Saida de Pista;1;0;3;0;0;0;1
06/12/2017;10:50:00;218;com vítima;320,4;BR-116/PR;Norte;Colisão Lateral;1;2;1;0;0;0;1
06/12/2017;17:45:00;347;sem vítima;269,5;BR-116/PR;Sul;Colisão Lateral;1;2;0;0;0;0;1
06/12/2017;17:53:00;350;sem vítima;485,7;BR-116/PR;Norte;Colisão Traseira;2;2;0;0;0;0;1
06/12/2017;17:54:00;351;sem vítima;321,5;BR-116/PR;Sul;Colisão Traseira;1;4;0;0;0;0;1
06/12/2017;19:24:00;370;sem vítima;322;BR-116/PR;Norte;Colisão Lateral;1;5;0;0;0;0;1
06/12/2017;20:37:00;387;sem vítima;321,5;BR-116/PR;Sul;Colisão Traseira;1;1;0;0;0;0;1
06/12/2017;23:57:00;423;sem vítima;57,2;BR-116/PR;Norte;Colisão Lateral;1;1;0;0;0;0;1
07/12/2017;01:23:00;28;sem vítima;54,9;BR-116/PR;Norte;Colisão Traseira;2;2;0;0;0;0;1
07/12/2017;02:56:00;49;sem vítima;519,15;BR-116/PR;Sul;Tombamento;2;3;0;0;0;0;1
07/12/2017;07:24:00;106;sem vítima;514,9;BR-116/PR;Norte;Colisão Traseira;1;3;0;0;0;0;1
07/12/2017;11:08:00;203;sem vítima;26;BR-116/PR;Sul;Choque - Defensa, barreira ou  submarino ;1;3;0;0;0;0;1
07/12/2017;14:35:00;271;sem vítima;17,1;BR-116/PR;Sul;Capotamento;1;1;0;0;0;0;1
07/12/2017;15:35:00;272;sem vítima;347,2;BR-116/PR;Norte;Colisão Lateral;2;2;0;0;0;0;1
07/12/2017;17:16:00;298;com vítima;359;BR-116/PR;Sul;Queda de Moto;1;0;0;0;1;0;2
07/12/2017;17:22:00;301;sem vítima;288;BR-116/PR;Norte;Choque - Defensa, barreira ou  submarino ;1;1;0;0;0;0;1
07/12/2017;23:04:00;389;com vítima;399,9;BR-116/PR;Norte;Saida de Pista;1;4;1;0;0;0;1
08/12/2017;00:10:00;5;sem vítima;544,7;BR-116/PR;Norte;Tombamento;2;2;0;0;0;0;1
08/12/2017;00:19:00;7;sem vítima;42,5;BR-116/PR;Norte;Tombamento;1;2;0;0;0;0;1
08/12/2017;05:37:00;65;sem vítima;276,9;BR-116/PR;Norte;Colisão Traseira;2;4;0;0;0;0;1
08/12/2017;15:09:00;277;sem vítima;347,6;BR-116/PR;Sul;Colisão Traseira;3;3;0;0;0;0;1
08/12/2017;18:34:00;324;sem vítima;6;BR-116/CW;Sul;Queda de Moto;1;3;0;0;0;0;1
09/12/2017;05:46:00;79;sem vítima;270,3;BR-116/PR;Sul;Colisão Traseira;2;2;0;0;0;0;1
09/12/2017;10:12:00;150;sem vítima;270;BR-116/PR;Sul;Queda de Moto;1;3;0;0;0;0;1
09/12/2017;12:45:00;193;sem vítima;283;BR-116/PR;Sul;Colisão Traseira;1;3;0;0;0;0;1
09/12/2017;13:23:00;202;sem vítima;280,8;BR-116/PR;Sul;Colisão Lateral;1;2;0;0;0;0;1
09/12/2017;18:23:00;292;sem vítima;458,7;BR-116/PR;Norte;Queda de Moto;1;1;0;0;0;0;1
09/12/2017;23:31:00;363;com vítima;446,9;BR-116/PR;Sul;Saida de Pista;1;2;0;0;0;1;3
10/12/2017;05:20:00;64;com vítima;394,3;BR-116/PR;Norte;Atropelamento - Morador;1;0;0;1;0;0;2
10/12/2017;17:51:00;285;com vítima;6,6;BR-116/CW;Sul;Colisão Lateral;1;1;0;1;0;0;2
11/12/2017;12:26:00;209;com vítima;286;BR-116/PR;Sul;Saida de Pista;1;1;1;0;0;0;1
11/12/2017;17:15:00;305;sem vítima;296,5;BR-116/PR;Norte;Atropelamento - Morador;1;1;0;0;0;0;1
11/12/2017;22:08:00;383;com vítima;39;BR-116/PR;Sul;Choque - Defensa, barreira ou  submarino ;1;0;0;0;0;1;3
12/12/2017;09:44:00;186;com vítima;14;BR-116/PR;Sul;Choque - Defensa, barreira ou  submarino ;1;0;1;0;0;0;1
12/12/2017;14:04:00;263;sem vítima;371;BR-116/PR;Norte;Colisão Lateral;1;4;0;0;0;0;1
12/12/2017;18:47:00;343;sem vítima;284;BR-116/PR;Sul;Colisão Traseira;1;1;0;0;0;0;1
13/12/2017;09:38:00;149;com vítima;53;BR-116/PR;Sul;Capotamento;1;1;0;0;0;1;3
13/12/2017;11:36:00;194;sem vítima;273,9;BR-116/PR;Sul;Colisão Traseira;1;3;0;0;0;0;1
13/12/2017;12:41:00;207;sem vítima;414;BR-116/PR;Norte;Colisão Frontal;1;3;0;0;0;0;1
13/12/2017;17:20:00;288;sem vítima;10;BR-116/CW;Norte;Queda de Moto;1;2;0;0;0;0;1
13/12/2017;19:30:00;317;com vítima;514;BR-116/PR;Norte;Colisão Traseira;2;2;1;0;0;0;1
14/12/2017;06:14:00;83;com vítima;548;BR-116/PR;Norte;Choque - Talude;1;0;0;1;0;0;2
14/12/2017;10:16:00;188;com vítima;57;BR-116/PR;Sul;Colisão Traseira;1;0;1;0;0;0;1
14/12/2017;17:14:00;313;sem vítima;377,1;BR-116/PR;Sul;Choque - Objeto sobre a pista;1;2;0;0;0;0;1
14/12/2017;18:46:00;346;sem vítima;12,1;BR-116/CW;Norte;Engavetamento;1;3;0;0;0;0;1
15/12/2017;00:54:00;17;sem vítima;281,2;BR-116/PR;Sul;Colisão Transversal;2;2;0;0;0;0;1
15/12/2017;03:41:00;62;sem vítima;473,8;BR-116/PR;Sul;Saida de Pista;2;2;0;0;0;0;1
15/12/2017;05:30:00;83;com vítima;506,5;BR-116/PR;Sul;Choque - Defensa, barreira ou  submarino ;1;1;1;0;0;0;1
15/12/2017;07:02:00;101;sem vítima;65,3;BR-116/PR;Sul;Choque - Defensa, barreira ou  submarino ;1;3;0;0;0;0;1
15/12/2017;11:10:00;224;com vítima;29,1;BR-116/PR;Norte;Saida de Pista;1;1;2;0;0;0;1
15/12/2017;11:58:00;239;sem vítima;292,3;BR-116/PR;Norte;Saida de Pista;1;2;0;0;0;0;1
15/12/2017;13:28:00;261;com vítima;510;BR-116/PR;Sul;Choque - Defensa, barreira ou  submarino ;1;1;2;0;0;0;1
16/12/2017;07:17:00;126;sem vítima;347,6;BR-116/PR;Sul;Colisão Traseira;1;1;0;0;0;0;1
16/12/2017;12:09:00;239;com vítima;270,4;BR-116/PR;Norte;Colisão Lateral;1;2;1;0;0;0;1
16/12/2017;23:13:00;439;sem vítima;408,1;BR-116/PR;Norte;Atropelamento - Outros;2;2;0;0;0;0;1
17/12/2017;01:27:00;22;sem vítima;14,9;BR-116/CW;Norte;Atropelamento - Morador;2;2;0;0;0;0;1
17/12/2017;01:36:00;23;com vítima;451;BR-116/PR;Norte;Choque - Objeto sobre a pista;2;1;0;1;0;0;2
17/12/2017;01:36:00;24;sem vítima;451;BR-116/PR;Norte;Choque - Objeto sobre a pista;1;1;0;0;0;0;1
17/12/2017;01:36:00;25;com vítima;451;BR-116/PR;Norte;Choque - Objeto sobre a pista;1;1;0;1;0;0;2
17/12/2017;06:24:00;75;sem vítima;12,1;BR-116/CW;Norte;Choque - Defensa, barreira ou  submarino ;1;2;0;0;0;0;1
17/12/2017;13:46:00;229;sem vítima;479;BR-116/PR;Norte;Colisão Traseira;1;2;0;0;0;0;1
17/12/2017;16:17:00;293;com vítima;548;BR-116/PR;Norte;Choque - Suporte de Sinalização;1;3;1;0;0;0;1
17/12/2017;19:19:00;364;sem vítima;14,9;BR-116/PR;Sul;Capotamento;1;5;0;0;0;0;1
18/12/2017;17:46:00;302;sem vítima;39,4;BR-116/PR;Sul;Choque - Talude;2;2;0;0;0;0;1
18/12/2017;17:59:00;306;sem vítima;14;BR-116/PR;Sul;Capotamento;2;2;0;0;0;0;1
18/12/2017;19:09:00;328;sem vítima;283,5;BR-116/PR;Norte;Colisão Lateral;2;3;0;0;0;0;1
18/12/2017;19:56:00;342;sem vítima;564,1;BR-116/PR;Sul;Choque - Defensa, barreira ou  submarino ;1;2;0;0;0;0;1
18/12/2017;21:32:00;369;sem vítima;513;BR-116/PR;Norte;Choque - Defensa, barreira ou  submarino ;1;7;0;0;0;0;1
18/12/2017;22:28:00;384;sem vítima;499;BR-116/PR;Sul;Capotamento;1;4;0;0;0;0;1
18/12/2017;23:42:00;410;com vítima;36,8;BR-116/PR;Norte;Saida de Pista;1;1;0;1;0;0;2
19/12/2017;05:50:00;61;sem vítima;283,5;BR-116/PR;Norte;Colisão Traseira;1;3;0;0;0;0;1
19/12/2017;17:58:00;265;com vítima;23,75;BR-116/PR;Norte;Choque - Defensa, barreira ou  submarino ;5;4;0;1;0;0;2
19/12/2017;20:53:00;313;sem vítima;516,4;BR-116/PR;Norte;Choque - Defensa, barreira ou  submarino ;1;1;0;0;0;0;1
19/12/2017;23:21:00;358;sem vítima;567;BR-116/PR;Norte;Choque - Objeto sobre a pista;1;1;0;0;0;0;1
20/12/2017;02:59:00;48;com vítima;507;BR-116/PR;Norte;Choque - Talude;1;3;1;0;0;0;1
20/12/2017;03:56:00;65;sem vítima;299,6;BR-116/PR;Norte;Colisão Traseira;1;1;0;0;0;0;1
20/12/2017;05:38:00;87;sem vítima;310,5;BR-116/PR;Norte;Tombamento;1;1;0;0;0;0;1
20/12/2017;11:43:00;206;sem vítima;419,6;BR-116/PR;Norte;Queda de Moto;1;1;0;0;0;0;1
20/12/2017;13:00:00;226;com vítima;270;BR-116/PR;Norte;Colisão Traseira;1;3;0;0;0;1;3
20/12/2017;17:22:00;332;sem vítima;347,5;BR-116/PR;Norte;Tombamento;1;2;0;0;0;0;1
20/12/2017;18:09:00;344;com vítima;378;BR-116/PR;Norte;Tombamento;2;1;0;1;0;0;2
20/12/2017;18:11:00;345;sem vítima;269,5;BR-116/PR;Norte;Colisão Traseira;1;1;0;0;0;0;1
20/12/2017;18:41:00;354;sem vítima;42;BR-116/PR;Sul;Outros;1;2;0;0;0;0;1
20/12/2017;19:29:00;368;sem vítima;38;BR-116/PR;Sul;Choque - Defensa, barreira ou  submarino ;1;3;0;0;0;0;1
20/12/2017;21:56:00;403;sem vítima;563;BR-116/PR;Sul;Colisão Lateral;1;1;0;0;0;0;1