data;horario;n_da_ocorrencia;tipo_de_ocorrencia;km;trecho;sentido;tipo_de_acidente;caminhao;ilesos;levemente_feridos;moderadamente_feridos;gravemente_feridos;mortos;3
21/12/2017;02:13:00;31;sem vítima;492;BR-116/PR;Sul;Saida de Pista;1;1;0;0;0;0;1
21/12/2017;02:13:00;32;sem vítima;564;BR-116/PR;Sul;Saida de Pista;1;1;0;0;0;0;1
21/12/2017;02:24:00;37;sem vítima;380,9;BR-116/PR;Norte;Tombamento;1;7;0;0;0;0;1
21/12/2017;03:10:00;45;sem vítima;498,5;BR-116/PR;Norte;Atropelamento - Ciclista;2;4;0;0;0;0;1
21/12/2017;04:19:00;55;sem vítima;483,4;BR-116/PR;Norte;Saida de Pista;1;1;0;0;0;0;1
21/12/2017;06:35:00;75;sem vítima;565;BR-116/PR;Sul;Choque - Defensa, barreira ou  submarino ;1;2;0;0;0;0;1
21/12/2017;10:23:00;163;com vítima;22,8;BR-116/PR;Sul;Engavetamento;1;15;1;0;0;0;1
21/12/2017;12:35:00;209;com vítima;550;BR-116/PR;Norte;Outros;1;0;1;0;0;0;1
21/12/2017;13:38:00;224;sem vítima;7,5;BR-116/PR;Sul;Colisão Traseira;1;2;0;0;0;0;1
21/12/2017;13:49:00;230;sem vítima;362,6;BR-116/PR;Sul;Choque - Defensa, barreira ou  submarino ;1;1;0;0;0;0;1
21/12/2017;14:30:00;247;sem vítima;479;BR-116/PR;Norte;Colisão Lateral;1;6;0;0;0;0;1
21/12/2017;14:35:00;258;sem vítima;9,5;BR-116/PR;Sul;Colisão Traseira;2;2;0;0;0;0;1
21/12/2017;16:19:00;285;sem vítima;362,6;BR-116/PR;Sul;Choque - Defensa, barreira ou  submarino ;1;1;0;0;0;0;1
21/12/2017;19:19:00;349;com vítima;279,8;BR-116/PR;Sul;Colisão Traseira;1;3;2;0;0;0;1
21/12/2017;21:43:00;386;sem vítima;446,1;BR-116/PR;Sul;Tombamento;1;7;0;0;0;0;1
22/12/2017;01:10:00;29;com vítima;46;BR-116/PR;Sul;Choque - Defensa, barreira ou  submarino ;2;2;5;0;0;0;1
22/12/2017;12:03:00;234;com vítima;279;BR-116/PR;Sul;Engavetamento;1;0;1;0;0;0;1
22/12/2017;16:39:00;328;sem vítima;362,4;BR-116/PR;Sul;Capotamento;1;4;0;0;0;0;1
22/12/2017;17:40:00;357;sem vítima;46,9;BR-116/PR;Norte;Capotamento;1;1;0;0;0;0;1
22/12/2017;19:14:00;394;sem vítima;564;BR-116/PR;Sul;Choque - Defensa, barreira ou  submarino ;1;7;0;0;0;0;1
22/12/2017;20:08:00;406;sem vítima;558;BR-116/PR;Sul;Capotamento;1;2;0;0;0;0;1
23/12/2017;23:48:00;458;sem vítima;18,6;BR-116/PR;Norte;Choque - Defensa, barreira ou  submarino ;1;2;0;0;0;0;1
25/12/2017;06:26:00;53;sem vítima;461,3;BR-116/PR;Sul;Saida de Pista;1;6;0;0;0;0;1
25/12/2017;15:32:00;189;sem vítima;465;BR-116/PR;Sul;Choque - Defensa, barreira ou  submarino ;1;4;0;0;0;0;1
25/12/2017;16:37:00;211;sem vítima;277,4;BR-116/PR;Norte;Colisão Lateral;1;3;0;0;0;0;1
25/12/2017;17:39:00;235;sem vítima;302,8;BR-116/PR;Sul;Colisão Traseira;1;2;0;0;0;0;1
25/12/2017;17:47:00;240;sem vítima;515;BR-116/PR;Norte;Choque - Defensa, barreira ou  submarino ;1;2;0;0;0;0;1
26/12/2017;09:41:00;124;sem vítima;538;BR-116/PR;Sul;Choque - Defensa, barreira ou  submarino ;1;3;0;0;0;0;1
26/12/2017;09:57:00;131;com vítima;67,5;BR-116/PR;Norte;Colisão Lateral;1;2;1;0;0;0;1
26/12/2017;10:50:00;150;sem vítima;569;BR-116/PR;Sul;Colisão Traseira;1;3;0;0;0;0;1
26/12/2017;10:58:00;152;com vítima;565;BR-116/PR;Sul;Colisão Traseira;2;1;0;1;0;0;2
26/12/2017;11:17:00;161;sem vítima;504,6;BR-116/PR;Sul;Tombamento;1;1;0;0;0;0;1
26/12/2017;07:08:00;58;sem vítima;564;BR-116/PR;Sul;Choque - Defensa, barreira ou  submarino ;2;2;0;0;0;0;1
26/12/2017;12:40:00;190;sem vítima;522;BR-116/PR;Sul;Choque - Defensa, barreira ou  submarino ;1;1;0;0;0;0;1
26/12/2017;16:43:00;286;sem vítima;10,2;BR-116/PR;Norte;Choque - Suporte de Sinalização;1;1;0;0;0;0;1
26/12/2017;17:35:00;303;sem vítima;488,9;BR-116/PR;Sul;Choque - Defensa, barreira ou  submarino ;1;3;0;0;0;0;1
27/12/2017;07:25:00;112;sem vítima;564;BR-116/PR;Sul;Saida de Pista;1;3;0;0;0;0;1
27/12/2017;10:07:00;174;sem vítima;541;BR-116/PR;Sul;Choque - Defensa, barreira ou  submarino ;2;3;0;0;0;0;1
27/12/2017;12:22:00;240;com vítima;315;BR-116/PR;Sul;Colisão Lateral;1;0;4;0;0;0;1
27/12/2017;12:36:00;245;sem vítima;18,6;BR-116/PR;Norte;Choque - Elemento de Drenagem;1;3;0;0;0;0;1
28/12/2017;14:41:00;240;sem vítima;557,8;BR-116/PR;Norte;Saida de Pista;1;4;0;0;0;0;1
28/12/2017;15:40:00;269;sem vítima;519;BR-116/PR;Norte;Saida de Pista;2;2;0;0;0;0;1
28/12/2017;19:04:00;321;sem vítima;522;BR-116/PR;Sul;Choque - Defensa, barreira ou  submarino ;1;4;0;0;0;0;1
29/12/2017;16:56:00;317;com vítima;520,4;BR-116/PR;Sul;Choque - Elemento de Drenagem;1;0;1;1;0;0;2
29/12/2017;18:08:00;342;sem vítima;322,7;BR-116/PR;Sul;Atropelamento - Sem Informação;1;2;0;0;0;0;1
29/12/2017;07:42:00;103;sem vítima;454;BR-116/PR;Norte;Saida de Pista;1;1;0;0;0;0;1
29/12/2017;08:09:00;115;com vítima;545;BR-116/PR;Norte;Choque - Defensa, barreira ou  submarino ;1;11;1;0;0;0;1
29/12/2017;12:02:00;215;sem vítima;51;BR-116/PR;Sul;Choque - Defensa, barreira ou  submarino ;1;1;0;0;0;0;1
29/12/2017;12:11:00;219;sem vítima;47;BR-116/PR;Norte;Saida de Pista;1;1;0;0;0;0;1
29/12/2017;15:24:00;282;sem vítima;538,1;BR-116/PR;Sul;Choque - Defensa, barreira ou  submarino ;1;2;0;0;0;0;1
29/12/2017;20:05:00;378;sem vítima;554;BR-116/PR;Norte;Capotamento;1;2;0;0;0;0;1
30/12/2017;07:29:00;112;sem vítima;275,5;BR-116/PR;Sul;Colisão Traseira;1;5;0;0;0;0;1
01/01/2018;23:49:00;393;sem vítima;339,6;BR-116/PR;Norte;Colisão Lateral;1;7;0;0;0;0;1
02/01/2018;11:38:00;218;sem vítima;514;BR-116/PR;Norte;Colisão Traseira;2;2;0;0;0;0;1
02/01/2018;19:51:00;428;com vítima;364;BR-116/PR;Sul;Tombamento;1;0;0;1;0;0;2
02/01/2018;23:36:00;483;sem vítima;289;BR-116/PR;Norte;Colisão Traseira;2;2;0;0;0;0;1
03/01/2018;05:26:00;76;com vítima;313,3;BR-116/PR;Norte;Colisão Traseira;2;2;1;0;0;0;1
03/01/2018;09:47:00;137;sem vítima;508;BR-116/PR;Sul;Choque - Defensa, barreira ou  submarino ;1;1;0;0;0;0;1
04/01/2018;15:42:00;298;sem vítima;64,9;BR-116/PR;Sul;Choque - Defensa, barreira ou  submarino ;1;1;0;0;0;0;1
05/01/2018;05:48:00;67;com vítima;345,3;BR-116/PR;Sul;Colisão Traseira;1;16;21;2;4;1;3
05/01/2018;14:23:00;192;sem vítima;396,1;BR-116/PR;Norte;Choque - Talude;1;3;0;0;0;0;1
05/01/2018;17:22:00;262;sem vítima;15,2;BR-116/CW;Sul;Colisão Traseira;1;2;0;0;0;0;1
05/01/2018;18:38:00;282;sem vítima;62,6;BR-116/PR;Sul;Colisão Traseira;3;3;0;0;0;0;1
06/01/2018;03:33:00;49;sem vítima;54,3;BR-116/PR;Sul;Colisão Traseira;2;3;0;0;0;0;1
06/01/2018;04:46:00;63;sem vítima;11,6;BR-116/PR;Sul;Saida de Pista;1;1;0;0;0;0;1
06/01/2018;17:04:00;292;sem vítima;298,8;BR-116/PR;Sul;Colisão Traseira;1;3;0;0;0;0;1
07/01/2018;12:13:00;158;sem vítima;413;BR-116/PR;Norte;Colisão Traseira;1;3;0;0;0;0;1
07/01/2018;17:08:00;240;sem vítima;529;BR-116/PR;Norte;Colisão Traseira;2;3;0;0;0;0;1
07/01/2018;18:01:00;260;com vítima;532;BR-116/PR;Norte;Engavetamento;2;11;2;0;0;0;1
08/01/2018;07:25:00;96;sem vítima;19,5;BR-116/PR;Norte;Saida de Pista;1;1;0;0;0;0;1
08/01/2018;08:30:00;121;com vítima;423,5;BR-116/PR;Norte;Atropelamento - Usuário;1;1;1;0;0;0;1
08/01/2018;08:43:00;129;sem vítima;421,8;BR-116/PR;Norte;Colisão Traseira;1;5;0;0;0;0;1
08/01/2018;11:30:00;180;com vítima;558,2;BR-116/PR;Norte;Colisão Frontal;1;4;1;0;0;0;1
08/01/2018;11:40:00;182;com vítima;413,5;BR-116/PR;Sul;Choque - Defensa, barreira ou  submarino ;1;0;1;0;0;0;1
08/01/2018;16:09:00;263;sem vítima;331,8;BR-116/PR;Norte;Engavetamento;2;3;0;0;0;0;1
08/01/2018;17:20:00;291;sem vítima;297,1;BR-116/PR;Norte;Colisão Traseira;2;2;0;0;0;0;1
08/01/2018;17:31:00;296;com vítima;284;BR-116/PR;Sul;Colisão Traseira;1;2;1;0;0;0;1
08/01/2018;21:36:00;352;sem vítima;298,8;BR-116/PR;Sul;Colisão Lateral;1;2;0;0;0;0;1
08/01/2018;21:37:00;354;sem vítima;384,1;BR-116/PR;Sul;Tombamento;2;2;0;0;0;0;1
09/01/2018;03:09:00;53;sem vítima;383,2;BR-116/PR;Sul;Colisão Traseira;1;5;0;0;0;0;1
09/01/2018;06:09:00;89;sem vítima;523,5;BR-116/PR;Sul;Saida de Pista;1;1;0;0;0;0;1
09/01/2018;06:48:00;98;sem vítima;362;BR-116/PR;Sul;Choque - Talude;1;1;0;0;0;0;1
09/01/2018;07:41:00;108;sem vítima;506,5;BR-116/PR;Sul;Choque - Elemento de Drenagem;1;2;0;0;0;0;1
09/01/2018;18:19:00;320;com vítima;15;BR-116/PR;Sul;Capotamento;1;1;1;0;0;0;1
09/01/2018;19:43:00;343;sem vítima;523;BR-116/PR;Sul;Colisão Traseira;1;6;0;0;0;0;1
09/01/2018;20:23:00;352;sem vítima;564;BR-116/PR;Sul;Colisão Lateral;1;2;0;0;0;0;1
10/01/2018;04:20:00;77;sem vítima;376,9;BR-116/PR;Norte;Colisão Traseira;2;2;0;0;0;0;1
10/01/2018;05:44:00;87;sem vítima;474,7;BR-116/PR;Norte;Choque - Objeto sobre a pista;1;1;0;0;0;0;1
10/01/2018;18:56:00;350;sem vítima;513,5;BR-116/PR;Norte;Saida de Pista;1;1;0;0;0;0;1
10/01/2018;19:49:00;364;com vítima;411,1;BR-116/PR;Norte;Colisão Traseira;1;2;1;1;0;0;2
10/01/2018;20:09:00;371;sem vítima;15,8;BR-116/PR;Sul;Capotamento;1;2;0;0;0;0;1
10/01/2018;21:03:00;385;sem vítima;3,1;BR-116/PR;Sul;Saida de Pista;1;1;0;0;0;0;1
11/01/2018;01:05:00;17;sem vítima;364,8;BR-116/PR;Norte;Tombamento;1;1;0;0;0;0;1
11/01/2018;09:57:00;185;sem vítima;370,4;BR-116/PR;Norte;Colisão Traseira;1;5;0;0;0;0;1
12/01/2018;00:27:00;11;sem vítima;407,2;BR-116/PR;Norte;Tombamento;1;3;0;0;0;0;1
12/01/2018;08:26:00;129;sem vítima;360;BR-116/PR;Sul;Choque - Defensa, barreira ou  submarino ;1;3;0;0;0;0;1
12/01/2018;12:43:00;240;sem vítima;39;BR-116/PR;Sul;Colisão Traseira;1;2;0;0;0;0;1
12/01/2018;22:39:00;446;sem vítima;383,6;BR-116/PR;Sul;Tombamento;1;2;0;0;0;0;1
13/01/2018;00:33:00;13;sem vítima;413;BR-116/PR;Sul;Choque - Elemento de Drenagem;1;2;0;0;0;0;1
13/01/2018;03:40:00;54;com vítima;535,5;BR-116/PR;Norte;Capotamento;2;2;1;0;0;0;1
13/01/2018;03:41:00;56;sem vítima;433;BR-116/PR;Sul;Capotamento;1;2;0;0;0;0;1
13/01/2018;10:43:00;161;com vítima;362;BR-116/PR;Sul;Colisão Traseira;3;4;0;1;0;0;2
13/01/2018;16:47:00;280;sem vítima;16,9;BR-116/PR;Norte;Colisão Lateral;1;2;0;0;0;0;1
14/01/2018;19:54:00;305;com vítima;544,5;BR-116/PR;Norte;Tombamento;1;0;0;1;0;0;2
14/01/2018;23:02:00;360;sem vítima;14,3;BR-116/PR;Sul;Choque - Defensa, barreira ou  submarino ;1;2;0;0;0;0;1
15/01/2018;07:58:00;83;sem vítima;542,9;BR-116/PR;Sul;Colisão Traseira;1;4;0;0;0;0;1
15/01/2018;08:12:00;92;sem vítima;435,3;BR-116/PR;Norte;Saida de Pista;1;1;0;0;0;0;1
15/01/2018;10:55:00;150;com vítima;476;BR-116/PR;Sul;Colisão Lateral;1;4;1;0;0;0;1
15/01/2018;18:20:00;290;com vítima;41,2;BR-116/PR;Sul;Saida de Pista;1;0;1;0;0;0;1
16/01/2018;15:19:00;264;com vítima;282;BR-116/PR;Norte;Colisão Traseira;1;4;1;0;0;0;1
16/01/2018;16:41:00;294;sem vítima;356,9;BR-116/PR;Sul;Colisão Lateral;2;2;0;0;0;0;1
16/01/2018;01:29:00;29;sem vítima;282,5;BR-116/PR;Norte;Colisão Lateral;1;3;0;0;0;0;1
16/01/2018;07:32:00;97;com vítima;465;BR-116/PR;Norte;Colisão Traseira;2;2;1;1;0;0;2
16/01/2018;14:31:00;254;sem vítima;426,5;BR-116/PR;Norte;Colisão Traseira;1;2;0;0;0;0;1
17/01/2018;05:35:00;68;sem vítima;363;BR-116/PR;Sul;Choque - Defensa, barreira ou  submarino ;1;2;0;0;0;0;1
17/01/2018;05:35:00;69;sem vítima;287,5;BR-116/PR;Norte;Choque - Defensa, barreira ou  submarino ;1;1;0;0;0;0;1
17/01/2018;07:18:00;91;com vítima;1;BR-116/PR;Norte;Colisão Traseira;1;1;0;1;0;0;2
17/01/2018;13:58:00;235;sem vítima;23;BR-116/PR;Norte;Colisão Lateral;1;4;0;0;0;0;1
17/01/2018;14:46:00;250;com vítima;555;BR-116/PR;Norte;Tombamento;1;0;1;0;0;0;1
17/01/2018;15:45:00;266;sem vítima;504;BR-116/PR;Sul;Colisão Lateral;2;2;0;0;0;0;1
17/01/2018;18:08:00;320;com vítima;13,5;BR-116/CW;Norte;Atropelamento - Sem Informação;1;1;0;0;0;1;3
18/01/2018;02:26:00;34;com vítima;43,2;BR-116/PR;Norte;Tombamento;1;0;2;0;0;0;1
18/01/2018;03:33:00;52;com vítima;444,5;BR-116/PR;Norte;Colisão Traseira;2;1;1;0;0;1;3
18/01/2018;19:33:00;358;sem vítima;362,6;BR-116/PR;Sul;Colisão Traseira;2;2;0;0;0;0;1
18/01/2018;21:49:00;380;sem vítima;503;BR-116/PR;Sul;Colisão Traseira;1;2;0;0;0;0;1
19/01/2018;05:41:00;68;com vítima;471,8;BR-116/PR;Norte;Engavetamento;2;5;1;0;0;1;3
19/01/2018;07:45:00;90;sem vítima;57,2;BR-116/PR;Sul;Colisão Lateral;2;2;0;0;0;0;1
20/01/2018;04:07:00;69;com vítima;549,2;BR-116/PR;Norte;Choque - Talude;1;0;1;0;0;0;1
20/01/2018;04:41:00;73;sem vítima;532;BR-116/PR;Sul;Atropelamento de Animal;1;1;0;0;0;0;1
20/01/2018;07:52:00;108;com vítima;272,8;BR-116/PR;Norte;Atropelamento - Sem Informação;1;2;0;0;2;0;2
20/01/2018;08:45:00;128;sem vítima;330,2;BR-116/PR;Norte;Colisão Lateral;1;5;0;0;0;0;1
20/01/2018;15:25:00;254;sem vítima;555;BR-116/PR;Sul;Choque - Elemento de Drenagem;1;2;0;0;0;0;1
20/01/2018;15:56:00;268;sem vítima;291,8;BR-116/PR;Norte;Colisão Traseira;1;2;0;0;0;0;1
21/01/2018;04:27:00;46;sem vítima;517,8;BR-116/PR;Sul;Tombamento;1;1;0;0;0;0;1
21/01/2018;10:40:00;114;com vítima;337,8;BR-116/PR;Norte;Atropelamento - Morador;1;1;0;0;0;1;3
21/01/2018;13:23:00;154;sem vítima;508;BR-116/PR;Sul;Saida de Pista;1;1;0;0;0;0;1
21/01/2018;14:39:00;183;sem vítima;360;BR-116/PR;Norte;Colisão Traseira;2;2;0;0;0;0;1
21/01/2018;16:41:00;241;sem vítima;326,6;BR-116/PR;Norte;Choque - Arvore;1;1;0;0;0;0;1
21/01/2018;17:37:00;267;sem vítima;542,9;BR-116/PR;Sul;Choque - Cancela de Pedagio;1;1;0;0;0;0;1
21/01/2018;17:38:00;268;sem vítima;287;BR-116/PR;Norte;Engavetamento;1;8;0;0;0;0;1
21/01/2018;19:02:00;294;sem vítima;18,5;BR-116/PR;Norte;Saida de Pista;2;2;0;0;0;0;1
21/01/2018;19:24:00;303;com vítima;5,6;BR-116/PR;Norte;Choque - Defensa, barreira ou  submarino ;1;0;1;0;0;0;1
21/01/2018;22:05:00;349;sem vítima;348;BR-116/PR;Sul;Colisão Traseira;1;2;0;0;0;0;1
22/01/2018;17:56:00;300;sem vítima;280,1;BR-116/PR;Sul;Colisão Traseira;1;2;0;0;0;0;1
22/01/2018;11:09:00;172;sem vítima;273;BR-116/PR;Norte;Colisão Lateral;1;2;0;0;0;0;1
22/01/2018;18:01:00;303;com vítima;385;BR-116/PR;Norte;Atropelamento - Morador;1;1;0;1;0;0;2
22/01/2018;18:27:00;310;sem vítima;279,8;BR-116/PR;Sul;Colisão Traseira;2;2;0;0;0;0;1
23/01/2018;09:09:00;143;sem vítima;513,4;BR-116/PR;Norte;Tombamento;1;1;0;0;0;0;1
23/01/2018;17:24:00;310;com vítima;376,4;BR-116/PR;Norte;Tombamento;1;0;1;0;0;0;1
24/01/2018;01:03:00;18;sem vítima;410,5;BR-116/PR;Sul;Capotamento;1;1;0;0;0;0;1
24/01/2018;01:15:00;22;sem vítima;285,2;BR-116/PR;Norte;Colisão Transversal;1;2;0;0;0;0;1
24/01/2018;01:38:00;29;sem vítima;51;BR-116/PR;Sul;Choque - Defensa, barreira ou  submarino ;1;1;0;0;0;0;1
24/01/2018;04:57:00;73;com vítima;399,5;BR-116/PR;Norte;Saida de Pista;1;0;0;1;0;0;2
24/01/2018;05:18:00;78;sem vítima;461,2;BR-116/PR;Norte;Colisão Traseira;2;2;0;0;0;0;1
24/01/2018;10:20:00;176;sem vítima;14;BR-116/PR;Norte;Tombamento;1;1;0;0;0;0;1
24/01/2018;17:20:00;339;sem vítima;359;BR-116/PR;Sul;Colisão Traseira;2;2;0;0;0;0;1
25/01/2018;03:31:00;73;sem vítima;70;BR-116/PR;Sul;Choque - Objeto sobre a pista;1;1;0;0;0;0;1
25/01/2018;04:39:00;89;sem vítima;402,1;BR-116/PR;Norte;Saida de Pista;1;2;0;0;0;0;1
25/01/2018;11:16:00;212;com vítima;564,1;BR-116/PR;Sul;Tombamento;1;0;1;0;0;0;1
25/01/2018;17:58:00;333;com vítima;511,1;BR-116/PR;Norte;Tombamento;1;0;2;0;0;0;1
26/01/2018;02:34:00;52;sem vítima;65,3;BR-116/PR;Sul;Choque - Defensa, barreira ou  submarino ;1;2;0;0;0;0;1
26/01/2018;03:54:00;65;com vítima;389;BR-116/PR;Norte;Colisão Traseira;2;2;0;1;0;0;2
26/01/2018;04:56:00;75;com vítima;381,8;BR-116/PR;Sul;Choque - Defensa, barreira ou  submarino ;1;0;1;0;0;0;1
26/01/2018;14:10:00;231;sem vítima;372;BR-116/PR;Sul;Choque - Defensa, barreira ou  submarino ;1;6;0;0;0;0;1
26/01/2018;15:37:00;254;sem vítima;516;BR-116/PR;Norte;Saida de Pista;1;1;0;0;0;0;1
26/01/2018;16:27:00;271;com vítima;560;BR-116/PR;Sul;Tombamento;1;0;1;0;0;0;1
26/01/2018;20:28:00;344;sem vítima;542,9;BR-116/PR;Sul;Colisão Traseira;2;2;0;0;0;0;1
26/01/2018;20:40:00;346;sem vítima;548,7;BR-116/PR;Sul;Choque - Defensa, barreira ou  submarino ;1;1;0;0;0;0;1
26/01/2018;23:18:00;386;sem vítima;566,5;BR-116/PR;Sul;Choque - Defensa, barreira ou  submarino ;1;1;0;0;0;0;1
27/01/2018;06:10:00;78;com vítima;42;BR-116/PR;Norte;Colisão Traseira;1;1;1;0;0;0;1
27/01/2018;10:12:00;151;sem vítima;512,7;BR-116/PR;Norte;Colisão Lateral;1;2;0;0;0;0;1
27/01/2018;10:43:00;158;sem vítima;352,8;BR-116/PR;Norte;Colisão Lateral;1;2;0;0;0;0;1
28/01/2018;15:36:00;246;sem vítima;334,9;BR-116/PR;Sul;Choque - Defensa, barreira ou  submarino ;1;1;0;0;0;0;1
29/01/2018;09:06:00;140;sem vítima;566,2;BR-116/PR;Sul;Capotamento;1;2;0;0;0;0;1
29/01/2018;14:33:00;264;sem vítima;437,1;BR-116/PR;Sul;Colisão Lateral;1;2;0;0;0;0;1
29/01/2018;18:35:00;329;sem vítima;504,5;BR-116/PR;Norte;Tombamento;1;1;0;0;0;0;1
29/01/2018;19:32:00;342;sem vítima;42,8;BR-116/PR;Norte;Saida de Pista;1;1;0;0;0;0;1
30/01/2018;00:28:00;9;com vítima;340,6;BR-116/PR;Sul;Tombamento;1;0;0;0;0;1;3
30/01/2018;08:46:00;113;sem vítima;515,2;BR-116/PR;Norte;Choque - Defensa, barreira ou  submarino ;1;1;0;0;0;0;1
30/01/2018;15:32:00;232;sem vítima;362;BR-116/PR;Sul;Saida de Pista;1;2;0;0;0;0;1
30/01/2018;15:40:00;236;com vítima;284,8;BR-116/PR;Norte;Colisão Traseira;2;1;0;1;0;0;2
31/01/2018;00:04:00;3;sem vítima;28,7;BR-116/PR;Norte;Choque - Defensa, barreira ou  submarino ;1;1;0;0;0;0;1
31/01/2018;00:21:00;7;sem vítima;28,7;BR-116/PR;Norte;Colisão Lateral;2;2;0;0;0;0;1
31/01/2018;07:12:00;88;sem vítima;29;BR-116/PR;Norte;Colisão Lateral;1;2;0;0;0;0;1
31/01/2018;10:36:00;174;sem vítima;385,5;BR-116/PR;Sul;Saida de Pista;1;1;0;0;0;0;1
31/01/2018;12:14:00;213;sem vítima;439;BR-116/PR;Sul;Colisão Traseira;1;2;0;0;0;0;1
31/01/2018;22:41:00;379;sem vítima;486,5;BR-116/PR;Norte;Colisão Traseira;2;2;0;0;0;0;1
01/02/2018;00:04:00;4;sem vítima;516,8;BR-116/PR;Norte;Saida de Pista;1;2;;;;;1
01/02/2018;02:57:00;47;com vítima;39,25;BR-116/PR;Sul;Tombamento;1;0;1;;;;1
01/02/2018;04:54:00;65;sem vítima;57,2;BR-116/PR;Sul;Colisão Traseira;1;2;;;;;1
01/02/2018;06:07:00;72;com vítima;329,1;BR-116/PR;Norte;Tombamento;1;0;1;;;;1
01/02/2018;11:25:00;188;com vítima;342,8;BR-116/PR;Sul;Tombamento;1;0;1;;;;1
01/02/2018;13:41:00;229;sem vítima;370,4;BR-116/PR;Norte;Colisão Traseira;2;2;;;;;1
01/02/2018;15:45:00;272;sem vítima;426,6;BR-116/PR;Norte;Colisão Traseira;2;2;;;;;1
01/02/2018;22:03:00;358;sem vítima;542,8;BR-116/PR;Sul;Colisão Lateral;1;2;;;;;1
02/02/2018;06:55:00;98;sem vítima;542,8;BR-116/PR;Sul;Colisão Traseira;1;4;;;;;1
02/02/2018;22:56:00;357;com vítima;482;BR-116/PR;Sul;Capotamento;1;2;;1;;;2
02/02/2018;23:03:00;359;com vítima;315,9;BR-116/PR;Sul;Saida de Pista;1;2;1;;;;1
02/02/2018;23:40:00;365;sem vítima;317,9;BR-116/PR;Norte;Tombamento;1;1;;;;;1
03/02/2018;04:07:00;58;com vítima;4;BR-116/CW;Norte;Colisão Frontal;1;1;1;;;;1
03/02/2018;12:22:00;176;sem vítima;485,5;BR-116/PR;Sul;Incêndio;1;2;;;;;1
04/02/2018;15:42:00;200;sem vítima;298,8;BR-116/PR;Norte;Colisão Lateral;1;6;;;;;1
04/02/2018;22:33:00;316;com vítima;517,8;BR-116/PR;Norte;Tombamento;1;1;1;;;;1
05/02/2018;19:14:00;314;sem vítima;525;BR-116/PR;Norte;Colisão Traseira;2;5;;;;;1
06/02/2018;09:14:00;145;com vítima;357,6;BR-116/PR;Norte;Tombamento;1;0;;;;1;3
06/02/2018;22:09:00;330;sem vítima;25,8;BR-116/PR;Norte;Colisão Traseira;1;2;;;;;1
06/02/2018;23:09:00;340;sem vítima;361,5;BR-116/PR;Sul;Colisão Traseira;2;3;;;;;1
07/02/2018;00:06:00;2;sem vítima;499;BR-116/PR;Norte;Colisão Traseira;2;2;;;;;1
07/02/2018;01:06:00;9;sem vítima;339,5;BR-116/PR;Norte;Objeto lançado contra veículo;1;2;;;;;1
07/02/2018;08:07:00;108;sem vítima;281,6;BR-116/PR;Norte;Colisão Lateral;1;3;;;;;1
07/02/2018;08:57:00;125;com vítima;32,6;BR-116/PR;Norte;Tombamento;1;0;1;;;;1
07/02/2018;09:04:00;127;sem vítima;280,9;BR-116/PR;Norte;Colisão Lateral;1;4;;;;;1
07/02/2018;10:25:00;154;sem vítima;309,8;BR-116/PR;Norte;Colisão Traseira;2;2;;;;;1
07/02/2018;13:43:00;211;sem vítima;291;BR-116/PR;Sul;Tombamento;1;2;;;;;1
07/02/2018;14:49:00;228;sem vítima;28;BR-116/PR;Norte;Engavetamento;2;3;;;;;1
08/02/2018;00:02:00;2;sem vítima;332,9;BR-116/PR;Sul;Colisão Traseira;2;2;;;;;1
08/02/2018;03:59:00;57;com vítima;389,9;BR-116/PR;Sul;Colisão Lateral;1;2;1;1;;;2
08/02/2018;04:33:00;62;com vítima;455,3;BR-116/PR;Sul;Atropelamento de Animal;1;0;1;;;;1
08/02/2018;05:00:00;66;com vítima;305,9;BR-116/PR;Sul;Tombamento;3;2;1;;;;1
08/02/2018;15:57:00;268;sem vítima;446,7;BR-116/PR;Sul;Saida de Pista;1;1;;;;;1
08/02/2018;18:37:00;331;com vítima;420,5;BR-116/PR;Sul;Colisão Traseira;1;1;;1;;;2
08/02/2018;23:36:00;404;sem vítima;298;BR-116/PR;Sul;Colisão Traseira;2;2;;;;;1
09/02/2018;03:04:00;49;com vítima;372;BR-116/PR;Norte;Colisão Traseira;2;1;1;;;;1
09/02/2018;09:24:00;159;com vítima;481,9;BR-116/PR;Norte;Saida de Pista;2;1;1;;;;1
09/02/2018;11:33:00;204;sem vítima;485;BR-116/PR;Sul;Colisão Traseira;1;2;;;;;1
09/02/2018;15:37:00;286;sem vítima;536;BR-116/PR;Sul;Outros;1;1;;;;;1
09/02/2018;18:12:00;342;sem vítima;34;BR-116/PR;Norte;Choque - Defensa, barreira ou "submarino";1;1;;;;;1
09/02/2018;18:46:00;353;sem vítima;42,1;BR-116/PR;Sul;Choque - Defensa, barreira ou "submarino";1;2;;;;;1
10/02/2018;06:59:00;112;sem vítima;303,1;BR-116/PR;Sul;Colisão Lateral;1;6;;;;;1
10/02/2018;08:40:00;159;sem vítima;371,1;BR-116/PR;Sul;Colisão Traseira;1;3;;;;;1
10/02/2018;10:23:00;205;sem vítima;351,2;BR-116/PR;Sul;Colisão Traseira;1;5;;;;;1
10/02/2018;12:20:00;261;sem vítima;556;BR-116/PR;Sul;Colisão Lateral;2;2;;;;;1
11/02/2018;12:52:00;178;com vítima;360,4;BR-116/PR;Norte;Tombamento;1;0;1;;;;1
12/02/2018;09:05:00;106;sem vítima;299;BR-116/PR;Norte;Colisão Traseira;1;4;;;;;1