data;horario;n_da_ocorrencia;tipo_de_ocorrencia;km;trecho;sentido;tipo_de_acidente;caminhao;ilesos;levemente_feridos;moderadamente_feridos;gravemente_feridos;mortos;3
12/02/2018;16:15:00;227;com vítima;26,4;BR-116/PR;Norte;Choque - Defensa, barreira ou "submarino";1;0;1;;;;1
13/02/2018;15:21:00;223;sem vítima;425,8;BR-116/PR;Norte;Choque - Defensa, barreira ou "submarino";1;1;;;;;1
13/02/2018;20:34:00;348;sem vítima;14,9;BR-116/PR;Sul;Colisão Traseira;1;4;;;;;1
14/02/2018;12:56:00;231;sem vítima;28,5;BR-116/PR;Norte;Tombamento;1;1;;;;;1
14/02/2018;12:58:00;233;com vítima;544,6;BR-116/PR;Norte;Tombamento;1;0;;1;;;2
14/02/2018;14:31:00;256;sem vítima;390;BR-116/PR;Sul;Colisão Lateral;1;6;;;;;1
15/02/2018;15:33:00;248;sem vítima;348,6;BR-116/PR;Norte;Colisão Lateral;2;2;;;;;1
15/02/2018;17:46:00;277;sem vítima;564,9;BR-116/PR;Sul;Choque - Defensa, barreira ou "submarino";1;1;;;;;1
15/02/2018;18:59:00;288;sem vítima;270,6;BR-116/PR;Norte;Colisão Lateral;1;2;;;;;1
16/02/2018;06:14:00;72;sem vítima;346,4;BR-116/PR;Norte;Choque - Defensa, barreira ou "submarino";1;1;;;;;1
16/02/2018;09:52:00;139;sem vítima;485,7;BR-116/PR;Sul;Colisão Lateral;1;2;;;;;1
16/02/2018;21:57:00;325;sem vítima;437,6;BR-116/PR;Norte;Choque - Outros;1;2;;;;;1
17/02/2018;00:11:00;6;sem vítima;355,5;BR-116/PR;Sul;Colisão Traseira;2;2;;;;;1
17/02/2018;07:16:00;99;sem vítima;310,2;BR-116/PR;Sul;Saida de Pista;1;2;;;;;1
17/02/2018;08:22:00;125;sem vítima;273;BR-116/PR;Sul;Colisão Lateral;1;2;;;;;1
17/02/2018;15:35:00;246;sem vítima;370,4;BR-116/PR;Norte;Colisão Lateral;1;2;;;;;1
17/02/2018;16:56:00;265;sem vítima;28,2;BR-116/PR;Sul;Choque - Defensa, barreira ou "submarino";1;1;;;;;1
18/02/2018;17:19:00;261;sem vítima;504,5;BR-116/PR;Norte;Tombamento;1;3;;;;;1
18/02/2018;17:57:00;274;sem vítima;304,3;BR-116/PR;Norte;Colisão Traseira;1;4;;;;;1
18/02/2018;18:25:00;284;sem vítima;567;BR-116/PR;Sul;Choque - Suporte de Sinalização;1;3;;;;;1
19/02/2018;07:19:00;104;com vítima;294,5;BR-116/PR;Sul;Colisão Traseira;1;1;1;;;;1
19/02/2018;10:35:00;178;com vítima;32,5;BR-116/PR;Norte;Tombamento;1;0;1;;;;1
20/02/2018;02:23:00;36;com vítima;23,4;BR-116/PR;Sul;Colisão Traseira;2;1;1;;;;1
20/02/2018;12:40:00;261;sem vítima;394,3;BR-116/PR;Sul;Saida de Pista;1;1;;;;;1
20/02/2018;20:54:00;433;sem vítima;285,1;BR-116/PR;Norte;Colisão Traseira;1;2;;;;;1
20/02/2018;22:35:00;447;com vítima;312;BR-116/PR;Sul;Colisão Traseira;1;1;;1;;;2
21/02/2018;06:40:00;82;com vítima;287,4;BR-116/PR;Norte;Choque - Talude;1;0;1;;;;1
21/02/2018;08:16:00;115;sem vítima;499,1;BR-116/PR;Sul;Tombamento;1;1;;;;;1
21/02/2018;14:59:00;262;sem vítima;368;BR-116/PR;Norte;Atropelamento de Animal;1;1;;;;;1
21/02/2018;15:54:00;282;sem vítima;281,5;BR-116/PR;Norte;Colisão Traseira;1;2;;;;;1
21/02/2018;17:55:00;336;com vítima;275,5;BR-116/PR;Norte;Engavetamento;1;4;1;;;;1
22/02/2018;00:11:00;10;sem vítima;446,2;BR-116/PR;Norte;Choque - Defensa, barreira ou "submarino";1;1;;;;;1
22/02/2018;03:51:00;65;sem vítima;507,4;BR-116/PR;Norte;Tombamento;1;1;;;;;1
22/02/2018;07:44:00;106;sem vítima;357;BR-116/PR;Sul;Colisão Traseira;2;2;;;;;1
22/02/2018;09:13:00;151;sem vítima;370;BR-116/PR;Norte;Colisão Lateral;2;2;;;;;1
22/02/2018;11:47:00;218;sem vítima;316;BR-116/PR;Norte;Engavetamento;2;6;;;;;1
22/02/2018;11:53:00;221;sem vítima;450,6;BR-116/PR;Sul;Colisão Traseira;2;2;;;;;1
22/02/2018;12:46:00;239;sem vítima;347,9;BR-116/PR;Sul;Choque - Defensa, barreira ou "submarino";1;2;;;;;1
22/02/2018;12:56:00;243;com vítima;544,5;BR-116/PR;Norte;Tombamento;1;1;1;;;;1
22/02/2018;15:45:00;300;sem vítima;370,4;BR-116/PR;Sul;Colisão Traseira;1;2;;;;;1
23/02/2018;00:03:00;1;com vítima;414,3;BR-116/PR;Sul;Tombamento;1;1;1;;;;1
23/02/2018;01:36:00;18;sem vítima;21,9;BR-116/PR;Norte;Tombamento;1;2;;;;;1
23/02/2018;04:04:00;49;sem vítima;521,1;BR-116/PR;Norte;Choque - Talude;1;1;;;;;1
23/02/2018;09:20:00;135;sem vítima;358;BR-116/PR;Sul;Colisão Traseira;2;2;;;;;1
23/02/2018;09:52:00;154;sem vítima;280,6;BR-116/PR;Norte;Engavetamento;1;5;;;;;1
23/02/2018;15:41:00;247;sem vítima;345,2;BR-116/PR;Sul;Colisão Lateral;1;3;;;;;1
24/02/2018;06:05:00;64;sem vítima;499,6;BR-116/PR;Sul;Colisão Traseira;1;2;;;;;1
24/02/2018;20:03:00;306;sem vítima;26;BR-116/PR;Norte;Tombamento;1;1;;;;;1
25/02/2018;17:39:00;249;sem vítima;281;BR-116/PR;Norte;Colisão Traseira;1;3;;;;;1
26/02/2018;00:44:00;13;sem vítima;359,1;BR-116/PR;Norte;Colisão Lateral;1;18;;;;;1
26/02/2018;02:59:00;42;com vítima;320,8;BR-116/PR;Norte;Colisão Traseira;2;1;1;;;;1
26/02/2018;05:39:00;61;sem vítima;31,2;BR-116/PR;Norte;Tombamento;1;1;;;;;1
26/02/2018;18:09:00;276;sem vítima;485,6;BR-116/PR;Sul;Colisão Traseira;2;2;;;;;1
26/02/2018;19:01:00;289;sem vítima;306,2;BR-116/PR;Norte;Colisão Traseira;1;2;;;;;1
26/02/2018;19:21:00;292;sem vítima;281,7;BR-116/PR;Sul;Colisão Traseira;1;2;;;;;1
27/02/2018;00:38:00;12;com vítima;58,7;BR-116/PR;Norte;Tombamento;1;0;1;;;;1
27/02/2018;05:11:00;56;sem vítima;480,9;BR-116/PR;Norte;Saida de Pista;1;2;;;;;1
27/02/2018;14:42:00;251;sem vítima;363,3;BR-116/PR;Norte;Colisão Traseira;1;2;;;;;1
28/02/2018;06:25:00;69;sem vítima;516,05;BR-116/PR;Norte;Tombamento;1;1;;;;;1
28/02/2018;13:17:00;270;sem vítima;305;BR-116/PR;Norte;Colisão Lateral;1;6;;;;;1
28/02/2018;22:27:00;436;sem vítima;33,3;BR-116/PR;Sul;Saida de Pista;1;1;;;;;1
01/03/2018;00:44:00;7;sem vítima;64,5;BR-116/PR;Norte;Colisão Traseira;1;2;;;;;1
01/03/2018;04:10:00;46;sem vítima;308;BR-116/PR;Norte;Colisão Traseira;1;2;;;;;1
01/03/2018;13:39:00;238;sem vítima;347;BR-116/PR;Sul;Colisão Traseira;2;2;;;;;1
01/03/2018;19:54:00;376;sem vítima;282,7;BR-116/PR;Norte;Colisão Traseira;1;2;;;;;1
01/03/2018;21:35:00;403;sem vítima;367,7;BR-116/PR;Sul;Choque - Objeto não identificado;1;3;;;;;1
01/03/2018;23:50:00;434;sem vítima;485,6;BR-116/PR;Sul;Colisão Traseira;2;2;;;;;1
02/03/2018;04:38:00;68;com vítima;334;BR-116/PR;Norte;Colisão Traseira;1;2;1;;;;1
02/03/2018;06:53:00;86;com vítima;30,5;BR-116/PR;Norte;Tombamento;1;1;1;;;;1
02/03/2018;07:41:00;108;sem vítima;14,5;BR-116/PR;Norte;Choque - Talude;1;1;;;;;1
02/03/2018;12:00:00;219;com vítima;284;BR-116/PR;Sul;Colisão Lateral;1;2;1;;;;1
02/03/2018;15:40:00;291;sem vítima;402;BR-116/PR;Norte;Choque - Defensa, barreira ou  submarino ;1;1;;;;;1
02/03/2018;21:00:00;365;sem vítima;15,5;BR-116/PR;Sul;Capotamento;2;1;;;;;1
03/03/2018;05:06:00;59;sem vítima;42,2;BR-116/PR;Sul;Tombamento;1;1;;;;;1
03/03/2018;08:50:00;108;com vítima;281,9;BR-116/PR;Norte;Queda de Moto;1;1;1;;;;1
03/03/2018;12:10:00;156;sem vítima;274,3;BR-116/PR;Sul;Choque - Defensa, barreira ou  submarino ;1;1;;;;;1
03/03/2018;22:29:00;302;sem vítima;513;BR-116/PR;Norte;Choque - Defensa, barreira ou  submarino ;1;1;;;;;1
04/03/2018;03:39:00;39;sem vítima;300;BR-116/PR;Norte;Saida de Pista;1;2;;;;;1
04/03/2018;07:05:00;64;sem vítima;407;BR-116/PR;Norte;Choque - Defensa, barreira ou  submarino ;1;3;;;;;1
04/03/2018;14:23:00;176;sem vítima;45;BR-116/PR;Sul;Colisão Traseira;1;2;;;;;1
04/03/2018;15:21:00;194;com vítima;318;BR-116/PR;Sul;Choque - Defensa, barreira ou  submarino ;1;;1;;;;1
04/03/2018;21:53:00;315;sem vítima;511,8;BR-116/PR;Norte;Choque - Defensa, barreira ou  submarino ;2;2;;;;;1
04/03/2018;23:30:00;342;sem vítima;512;BR-116/PR;Norte;Saida de Pista;1;1;;;;;1
04/03/2018;23:31:00;343;sem vítima;273;BR-116/PR;Sul;Capotamento;2;1;;;;;1
05/03/2018;08:47:00;99;com vítima;279;BR-116/PR;Sul;Colisão Traseira;2;1;1;;;;1
05/03/2018;13:04:00;189;sem vítima;281;BR-116/PR;Sul;Colisão Lateral;1;2;;;;;1
05/03/2018;13:48:00;200;sem vítima;500,3;BR-116/PR;Norte;Tombamento;1;1;;;;;1
05/03/2018;18:07:00;284;sem vítima;5,9;BR-116/CW;Sul;Colisão Traseira;1;3;;;;;1
05/03/2018;21:22:00;328;sem vítima;370,4;BR-116/PR;Sul;Colisão Traseira;1;2;;;;;1
05/03/2018;23:08:00;343;sem vítima;57,2;BR-116/PR;Norte;Colisão Traseira;1;2;;;;;1
06/03/2018;05:36:00;65;com vítima;342,1;BR-116/PR;Sul;Atropelamento - Usuário;1;1;;;;1;3
06/03/2018;07:49:00;98;sem vítima;436,6;BR-116/PR;Norte;Colisão Lateral;2;2;;;;;1
06/03/2018;07:53:00;100;com vítima;450,1;BR-116/PR;Norte;Atropelamento - Ciclista;1;1;1;;;;1
06/03/2018;11:47:00;203;com vítima;326,2;BR-116/PR;Norte;Colisão Lateral;1;2;1;;;;1
06/03/2018;11:59:00;206;com vítima;270,5;BR-116/PR;Norte;Colisão Traseira;1;1;1;;;;1
06/03/2018;16:07:00;277;com vítima;385;BR-116/PR;Norte;Choque - Poste;2;1;1;;;;1
06/03/2018;21:26:00;358;sem vítima;32,5;BR-116/PR;Norte;Tombamento;1;1;;;;;1
07/03/2018;17:22:00;282;sem vítima;304,6;BR-116/PR;Norte;Tombamento;1;1;;;;;1
07/03/2018;18:24:00;296;sem vítima;342;BR-116/PR;Norte;Tombamento;2;1;;;;;1
08/03/2018;07:14:00;94;sem vítima;302,5;BR-116/PR;Norte;Queda de Moto;2;1;;;;;1
08/03/2018;07:33:00;100;sem vítima;279;BR-116/PR;Norte;Colisão Lateral;1;2;;;;;1
08/03/2018;11:23:00;206;sem vítima;518,95;BR-116/PR;Sul;Saida de Pista;1;1;;;;;1
08/03/2018;11:37:00;208;com vítima;489;BR-116/PR;Sul;Colisão Lateral;1;1;1;;;;1
08/03/2018;18:08:00;335;sem vítima;340;BR-116/PR;Norte;Choque - Defensa, barreira ou  submarino ;1;1;;;;;1
09/03/2018;02:00:00;29;sem vítima;65,7;BR-116/PR;Norte;Tombamento;3;2;;;;;1
09/03/2018;04:51:00;61;sem vítima;443,5;BR-116/PR;Norte;Saida de Pista;1;2;;;;;1
09/03/2018;11:30:00;205;sem vítima;542;BR-116/PR;Sul;Engavetamento;2;8;;;;;1
09/03/2018;14:15:00;267;sem vítima;285,5;BR-116/PR;Sul;Colisão Lateral;1;6;;;;;1
10/03/2018;06:15:00;71;sem vítima;270,6;BR-116/PR;Sul;Capotamento;1;4;;;;;1
10/03/2018;15:07:00;250;com vítima;284,5;BR-116/PR;Sul;Queda de Moto;2;;1;;;;1
10/03/2018;18:01:00;306;com vítima;544;BR-116/PR;Norte;Tombamento;1;;1;;;;1
10/03/2018;20:00:00;333;sem vítima;15,6;BR-116/PR;Sul;Choque - Suporte de Sinalização;1;1;;;;;1
11/03/2018;00:12:00;4;com vítima;414,5;BR-116/PR;Norte;Choque - Defensa, barreira ou  submarino ;1;;1;;;;1
11/03/2018;08:25:00;86;sem vítima;550,4;BR-116/PR;Norte;Tombamento;1;1;;;;;1
11/03/2018;18:13:00;270;com vítima;306;BR-116/PR;Norte;Engavetamento;2;4;1;;;;1
11/03/2018;19:34:00;294;com vítima;322,1;BR-116/PR;Norte;Atropelamento - Morador;1;;1;;;1;3
11/03/2018;19:59:00;301;com vítima;326,2;BR-116/PR;Norte;Engavetamento;3;4;1;;;;1
12/03/2018;01:22:00;29;sem vítima;568,9;BR-116/PR;Sul;Tombamento;1;1;;;;;1
12/03/2018;13:16:00;216;com vítima;498,1;BR-116/PR;Norte;Queda de Moto;2;1;1;;;;1
12/03/2018;22:17:00;344;com vítima;546,7;BR-116/PR;Sul;Colisão Traseira;1;1;;1;;;2
13/03/2018;05:46:00;70;sem vítima;280;BR-116/PR;Norte;Colisão Lateral;1;2;;;;;1
13/03/2018;10:38:00;170;sem vítima;52;BR-116/PR;Sul;Choque - Outros;1;1;;;;;1
14/03/2018;09:55:00;146;sem vítima;19,5;BR-116/PR;Norte;Colisão Traseira;1;2;;;;;1
14/03/2018;14:22:00;218;sem vítima;523,8;BR-116/PR;Sul;Saida de Pista;1;1;;;;;1
14/03/2018;15:24:00;239;sem vítima;564,9;BR-116/PR;Sul;Choque - Defensa, barreira ou  submarino ;1;1;;;;;1
14/03/2018;15:44:00;245;sem vítima;42,2;BR-116/PR;Sul;Tombamento;1;1;;;;;1
14/03/2018;16:32:00;267;sem vítima;10;BR-116/PR;Sul;Saida de Pista;2;1;;;;;1
14/03/2018;16:41:00;271;sem vítima;270,5;BR-116/PR;Sul;Colisão Traseira;1;5;;;;;1
14/03/2018;17:32:00;291;sem vítima;567,3;BR-116/PR;Sul;Choque - Defensa, barreira ou  submarino ;1;1;;;;;1
14/03/2018;19:51:00;325;sem vítima;499,5;BR-116/PR;Sul;Outros;1;1;;;;;1
14/03/2018;22:28:00;358;sem vítima;565;BR-116/PR;Sul;Choque - Defensa, barreira ou  submarino ;1;2;;;;;1
15/03/2018;08:37:00;123;com vítima;484,1;BR-116/PR;Norte;Colisão Lateral;1;1;1;;;;1
15/03/2018;08:50:00;132;sem vítima;421;BR-116/PR;Norte;Saida de Pista;1;1;;;;;1
16/03/2018;03:52:00;46;sem vítima;380,8;BR-116/PR;Norte;Saida de Pista;1;1;;;;;1
16/03/2018;13:04:00;239;sem vítima;283,9;BR-116/PR;Sul;Tombamento;1;1;;;;;1
17/03/2018;11:56:00;227;sem vítima;286;BR-116/PR;Norte;Colisão Traseira;1;2;;;;;1
17/03/2018;18:21:00;347;sem vítima;447;BR-116/PR;Norte;Choque - Poste;1;2;;;;;1
17/03/2018;21:46:00;387;sem vítima;18;BR-116/PR;Norte;Choque - Elemento de Drenagem;2;1;;;;;1
19/03/2018;13:42:00;242;com vítima;339;BR-116/PR;Sul;Tombamento;1;;1;;;;1
20/03/2018;00:10:00;2;sem vítima;539;BR-116/PR;Norte;Colisão Traseira;1;2;;;;;1
20/03/2018;07:58:00;110;sem vítima;276,6;BR-116/PR;Sul;Colisão Traseira;2;2;;;;;1
20/03/2018;19:49:00;336;sem vítima;565;BR-116/PR;Sul;Choque - Defensa, barreira ou  submarino ;1;1;;;;;1
20/03/2018;19:54:00;337;sem vítima;286,5;BR-116/PR;Norte;Engavetamento;1;5;;;;;1
20/03/2018;21:31:00;357;com vítima;480,5;BR-116/PR;Norte;Colisão Lateral;1;;2;1;;;2
20/03/2018;22:05:00;368;sem vítima;545,7;BR-116/PR;Norte;Choque - Defensa, barreira ou  submarino ;1;2;;;;;1
21/03/2018;01:38:00;32;sem vítima;17;BR-116/PR;Sul;Saida de Pista;2;1;;;;;1
21/03/2018;02:38:00;46;sem vítima;542,8;BR-116/PR;Norte;Saida de Pista;1;2;;;;;1
21/03/2018;07:25:00;91;sem vítima;565;BR-116/PR;Sul;Choque - Defensa, barreira ou  submarino ;1;1;;;;;1
21/03/2018;08:29:00;117;sem vítima;523;BR-116/PR;Sul;Choque - Defensa, barreira ou  submarino ;1;1;;;;;1
21/03/2018;08:50:00;131;sem vítima;396;BR-116/PR;Norte;Tombamento;1;2;;;;;1
21/03/2018;11:46:00;196;com vítima;397,6;BR-116/PR;Norte;Colisão Traseira;2;1;;;;1;3
21/03/2018;12:31:00;205;sem vítima;15;BR-116/PR;Sul;Capotamento;1;1;;;;;1
21/03/2018;15:40:00;236;sem vítima;553,4;BR-116/PR;Norte;Saida de Pista;1;2;;;;;1
21/03/2018;17:09:00;259;sem vítima;466;BR-116/PR;Sul;Colisão Transversal;1;6;;;;;1
21/03/2018;19:47:00;294;sem vítima;413;BR-116/PR;Norte;Tombamento;2;2;;;;;1
21/03/2018;21:28:00;322;com vítima;321;BR-116/PR;Norte;Colisão Traseira;1;1;;1;;;2
22/03/2018;06:57:00;73;com vítima;447;BR-116/PR;Sul;Atropelamento - Usuário;1;;;;;1;3
23/03/2018;14:56:00;260;sem vítima;510;BR-116/PR;Sul;Atropelamento de Animal;1;1;;;;;1
23/03/2018;07:45:00;110;sem vítima;281;BR-116/PR;Norte;Colisão Traseira;1;2;;;;;1
23/03/2018;07:48:00;113;com vítima;43;BR-116/PR;Sul;Colisão Traseira;2;45;3;;;;1
24/03/2018;00:40:00;14;com vítima;335,8;BR-116/PR;Sul;Choque - Objeto sobre a pista;1;;;;1;;2
24/03/2018;06:45:00;90;sem vítima;515;BR-116/PR;Norte;Tombamento;1;1;;;;;1
24/03/2018;09:59:00;171;sem vítima;328;BR-116/PR;Sul;Colisão Lateral;1;3;;;;;1
24/03/2018;18:06:00;349;sem vítima;322,6;BR-116/PR;Sul;Colisão Traseira;1;2;;;;;1
25/03/2018;00:33:00;7;com vítima;272,8;BR-116/PR;Norte;Choque - Talude;1;1;1;;;;1
25/03/2018;10:15:00;138;com vítima;356,7;BR-116/PR;Sul;Queda de Moto;1;;1;;;;1
25/03/2018;21:15:00;368;sem vítima;452,9;BR-116/PR;Norte;Choque - Objeto sobre a pista;1;1;;;;;1
26/03/2018;08:12:00;121;sem vítima;565,2;BR-116/PR;Sul;Choque - Defensa, barreira ou  submarino ;1;1;;;;;1
26/03/2018;09:55:00;161;com vítima;3,3;BR-116/PR;Norte;Saida de Pista;1;2;1;;;;1
26/03/2018;12:12:00;194;sem vítima;545,4;BR-116/PR;Sul;Saida de Pista;1;3;;;;;1
26/03/2018;15:38:00;248;sem vítima;545,3;BR-116/PR;Sul;Colisão Lateral;1;3;;;;;1
26/03/2018;16:11:00;257;sem vítima;3,1;BR-116/PR;Norte;Saida de Pista;1;4;;;;;1
27/03/2018;07:27:00;86;sem vítima;16,8;BR-116/PR;Norte;Choque - Elemento de Drenagem;1;1;;;;;1
27/03/2018;11:33:00;182;sem vítima;565;BR-116/PR;Sul;Choque - Defensa, barreira ou  submarino ;2;2;;;;;1
27/03/2018;12:42:00;204;sem vítima;12,3;BR-116/PR;Sul;Choque - Defensa, barreira ou  submarino ;1;1;;;;;1
28/03/2018;20:46:00;379;sem vítima;557,9;BR-116/PR;Norte;Capotamento;1;3;;;;;1
28/03/2018;21:25:00;395;sem vítima;566,3;BR-116/PR;Norte;Saida de Pista;2;1;;;;;1
28/03/2018;22:47:00;408;sem vítima;550;BR-116/PR;Norte;Choque - Defensa, barreira ou  submarino ;2;2;;;;;1
29/03/2018;07:16:00;108;com vítima;269,6;BR-116/PR;Norte;Colisão Traseira;1;1;2;;;;1
29/03/2018;13:45:00;286;sem vítima;3,1;BR-116/PR;Norte;Saida de Pista;1;7;;;;;1
29/03/2018;16:21:00;346;com vítima;39,3;BR-116/PR;Sul;Capotamento;1;1;1;;;;1
29/03/2018;21:57:00;442;sem vítima;15,8;BR-116/PR;Sul;Capotamento;1;5;;;;;1
29/03/2018;23:16:00;453;com vítima;403,2;BR-116/PR;Sul;Queda de Moto;2;;1;;;;1
30/03/2018;01:00:00;17;sem vítima;534;BR-116/PR;Norte;Colisão Traseira;1;2;;;;;1
30/03/2018;01:03:00;19;sem vítima;59,3;BR-116/PR;Sul;Choque - Defensa, barreira ou  submarino ;1;1;;;;;1
30/03/2018;01:33:00;25;com vítima;13;BR-116/CW;Norte;Colisão Traseira;1;1;1;;;;1
30/03/2018;07:13:00;86;com vítima;511,2;BR-116/PR;Norte;Tombamento;1;;1;;;;1
30/03/2018;10:02:00;155;sem vítima;290;BR-116/PR;Sul;Colisão Traseira;1;5;;;;;1
30/03/2018;10:56:00;176;sem vítima;270,1;BR-116/PR;Sul;Colisão Traseira;1;7;;;;;1
31/03/2018;08:26:00;84;sem vítima;400,5;BR-116/PR;Norte;Saida de Pista;1;1;;;;;1
31/03/2018;09:30:00;100;com vítima;50,9;BR-116/PR;Sul;Colisão Lateral;1;2;1;;;;1
31/03/2018;13:49:00;162;sem vítima;281,9;BR-116/PR;Norte;Saida de Pista;1;1;;;;;1
01/04/2018;00:12:00;8;sem vítima;10,4;BR-116/PR;Norte;Atropelamento de Animal;1;1;0;0;0;0;1
01/04/2018;19:57:00;347;sem vítima;298,8;BR-116/PR;Norte;Colisão Traseira;2;2;0;0;0;0;1
02/04/2018;00:44:00;10;com vítima;407,5;BR-116/PR;Norte;Colisão Traseira;2;3;2;0;0;0;1
02/04/2018;15:38:00;253;sem vítima;469,9;BR-116/PR;Sul;Choque - Defensa, barreira ou  submarino ;1;1;0;0;0;0;1
02/04/2018;22:06:00;369;com vítima;484,5;BR-116/PR;Norte;Colisão Traseira;1;2;1;0;0;0;1
03/04/2018;01:51:00;36;sem vítima;376,9;BR-116/PR;Norte;Colisão Traseira;2;2;0;0;0;0;1
03/04/2018;03:23:00;55;sem vítima;337,5;BR-116/PR;Norte;Colisão Traseira;2;2;0;0;0;0;1
03/04/2018;06:28:00;71;com vítima;66;BR-116/PR;Sul;Saida de Pista;1;0;1;0;0;0;1
03/04/2018;15:31:00;264;com vítima;327,7;BR-116/PR;Norte;Capotamento;1;0;1;0;0;0;1
03/04/2018;16:16:00;278;sem vítima;349,6;BR-116/PR;Sul;Colisão Lateral;2;2;0;0;0;0;1
03/04/2018;18:50:00;314;com vítima;534,3;BR-116/PR;Sul;Colisão Traseira;2;1;0;1;0;0;2
03/04/2018;22:07:00;353;sem vítima;330,1;BR-116/PR;Sul;Saida de Pista;1;1;0;0;0;0;1
04/04/2018;13:33:00;227;sem vítima;523,5;BR-116/PR;Sul;Tombamento;1;1;0;0;0;0;1
04/04/2018;13:35:00;228;sem vítima;358;BR-116/PR;Sul;Engavetamento;3;3;0;0;0;0;1
04/04/2018;19:13:00;317;sem vítima;463;BR-116/PR;Sul;Atropelamento de Animal;1;1;0;0;0;0;1
05/04/2018;08:33:00;118;sem vítima;316,7;BR-116/PR;Norte;Tombamento;1;1;0;0;0;0;1
05/04/2018;15:59:00;274;sem vítima;564,3;BR-116/PR;Sul;Saida de Pista;1;1;0;0;0;0;1
05/04/2018;16:07:00;277;sem vítima;426,6;BR-116/PR;Sul;Colisão Lateral;1;2;0;0;0;0;1
06/04/2018;01:29:00;18;sem vítima;485,7;BR-116/PR;Sul;Choque - Veiculo parado na pista;2;2;0;0;0;0;1
06/04/2018;16:12:00;302;sem vítima;542,8;BR-116/PR;Sul;Colisão Traseira;1;30;0;0;0;0;1
07/04/2018;16:12:00;280;com vítima;341;BR-116/PR;Norte;Tombamento;1;0;1;0;2;0;2
08/04/2018;08:59:00;111;sem vítima;485,8;BR-116/PR;Norte;Engavetamento;1;6;0;0;0;0;1
09/04/2018;01:06:00;22;sem vítima;463,9;BR-116/PR;Norte;Colisão Traseira;1;3;0;0;0;0;1
09/04/2018;03:24:00;46;sem vítima;308;BR-116/PR;Norte;Atropelamento de Animal;1;1;0;0;0;0;1
09/04/2018;05:44:00;65;com vítima;274;BR-116/PR;Norte;Colisão Traseira;1;2;1;0;0;0;1
09/04/2018;14:38:00;242;sem vítima;297;BR-116/PR;Norte;Tombamento;1;2;0;0;0;0;1
10/04/2018;02:26:00;31;sem vítima;503,3;BR-116/PR;Sul;Tombamento;1;1;0;0;0;0;1
11/04/2018;03:22:00;51;sem vítima;473,2;BR-116/PR;Norte;Saida de Pista;1;1;0;0;0;0;1
11/04/2018;08:21:00;128;sem vítima;514,6;BR-116/PR;Norte;Tombamento;1;2;0;0;0;0;1
11/04/2018;19:22:00;343;sem vítima;456;BR-116/PR;Sul;Choque - Defensa, barreira ou  submarino ;1;1;0;0;0;0;1
12/04/2018;05:49:00;63;sem vítima;347;BR-116/PR;Sul;Choque - Defensa, barreira ou  submarino ;1;1;0;0;0;0;1
12/04/2018;06:10:00;65;sem vítima;451,1;BR-116/PR;Norte;Colisão Traseira;2;2;0;0;0;0;1
12/04/2018;10:32:00;186;com vítima;6,5;BR-116/PR;Sul;Colisão Traseira;1;1;1;0;0;0;1
13/04/2018;00:29:00;10;sem vítima;354,5;BR-116/PR;Sul;Colisão Traseira;2;2;0;0;0;0;1
13/04/2018;02:46:00;37;com vítima;451,3;BR-116/PR;Sul;Atropelamento de Animal;1;0;1;0;0;0;1
13/04/2018;03:15:00;43;com vítima;409,1;BR-116/PR;Norte;Saida de Pista;1;0;1;0;0;0;1
13/04/2018;06:00:00;66;sem vítima;513;BR-116/PR;Norte;Colisão Traseira;1;2;0;0;0;0;1
13/04/2018;08:40:00;113;sem vítima;58,8;BR-116/PR;Norte;Saida de Pista;1;1;0;0;0;0;1
13/04/2018;15:45:00;280;com vítima;357,1;BR-116/PR;Sul;Colisão Traseira;2;1;1;0;0;0;1
13/04/2018;16:49:00;308;sem vítima;513,2;BR-116/PR;Norte;Colisão Lateral;1;3;0;0;0;0;1
14/04/2018;14:04:00;219;com vítima;504,6;BR-116/PR;Norte;Tombamento;1;0;1;1;0;0;2
14/04/2018;15:33:00;242;sem vítima;523,3;BR-116/PR;Sul;Choque - Defensa, barreira ou  submarino ;1;1;0;0;0;0;1
14/04/2018;05:20:00;73;sem vítima;438,6;BR-116/PR;Sul;Saida de Pista;1;2;0;0;0;0;1
14/04/2018;07:51:00;102;sem vítima;18,6;BR-116/PR;Norte;Choque - Defensa, barreira ou  submarino ;1;1;0;0;0;0;1
14/04/2018;07:57:00;104;sem vítima;29;BR-116/PR;Norte;Engavetamento;1;12;0;0;0;0;1
14/04/2018;08:20:00;113;sem vítima;566;BR-116/PR;Sul;Colisão Traseira;1;2;0;0;0;0;1
14/04/2018;11:12:00;177;com vítima;279;BR-116/PR;Sul;Colisão Lateral;1;1;1;0;0;0;1
14/04/2018;11:20:00;180;sem vítima;549,7;BR-116/PR;Norte;Saida de Pista;1;1;0;0;0;0;1
14/04/2018;17:02:00;264;sem vítima;499,5;BR-116/PR;Sul;Choque - Talude;1;1;0;0;0;0;1
14/04/2018;19:25:00;294;sem vítima;435;BR-116/PR;Norte;Tombamento;1;2;0;0;0;0;1