data;horario;n_da_ocorrencia;tipo_de_ocorrencia;km;trecho;sentido;tipo_de_acidente;caminhao;ilesos;levemente_feridos;moderadamente_feridos;gravemente_feridos;mortos;3
14/04/2018;21:54:00;316;com vítima;461,3;BR-116/PR;Norte;Tombamento;1;0;1;0;0;0;1
14/04/2018;23:47:00;329;sem vítima;326,8;BR-116/PR;Sul;Saida de Pista;1;1;0;0;0;0;1
15/04/2018;04:06:00;50;com vítima;355,8;BR-116/PR;Norte;Colisão Traseira;1;1;4;0;0;0;1
15/04/2018;08:36:00;90;sem vítima;42,1;BR-116/PR;Sul;Choque - Defensa, barreira ou  submarino ;1;1;0;0;0;0;1
16/04/2018;07:03:00;84;sem vítima;410,4;BR-116/PR;Sul;Tombamento;1;1;0;0;0;0;1
16/04/2018;03:00:00;38;sem vítima;335;BR-116/PR;Norte;Atropelamento de Animal;1;2;0;0;0;0;1
16/04/2018;07:30:00;93;sem vítima;273;BR-116/PR;Norte;Colisão Lateral;1;2;0;0;0;0;1
16/04/2018;08:56:00;125;sem vítima;511,2;BR-116/PR;Sul;Tombamento;1;1;0;0;0;0;1
16/04/2018;11:24:00;169;sem vítima;360,7;BR-116/PR;Norte;Tombamento;1;1;0;0;0;0;1
16/04/2018;16:06:00;244;sem vítima;513,5;BR-116/PR;Norte;Colisão Lateral;1;2;0;0;0;0;1
16/04/2018;17:24:00;273;sem vítima;513,5;BR-116/PR;Norte;Colisão Lateral;2;2;0;0;0;0;1
16/04/2018;18:26:00;279;sem vítima;29;BR-116/PR;Sul;Saida de Pista;1;1;0;0;0;0;1
16/04/2018;22:05:00;310;sem vítima;488,6;BR-116/PR;Norte;Choque - Elemento de Drenagem;1;1;0;0;0;0;1
17/04/2018;07:42:00;84;sem vítima;550;BR-116/PR;Sul;Colisão Lateral;1;2;0;0;0;0;1
17/04/2018;09:02:00;113;sem vítima;47,7;BR-116/PR;Sul;Colisão Lateral;1;2;0;0;0;0;1
17/04/2018;14:28:00;216;sem vítima;280;BR-116/PR;Sul;Colisão Lateral;1;2;0;0;0;0;1
17/04/2018;16:14:00;251;sem vítima;372,3;BR-116/PR;Sul;Colisão Traseira;2;2;0;0;0;0;1
17/04/2018;21:22:00;324;sem vítima;42;BR-116/PR;Norte;Colisão Transversal;1;2;0;0;0;0;1
18/04/2018;00:39:00;15;sem vítima;426,4;BR-116/PR;Norte;Choque - Defensa, barreira ou  submarino ;1;1;0;0;0;0;1
18/04/2018;00:54:00;21;sem vítima;498,8;BR-116/PR;Norte;Colisão Traseira;2;3;0;0;0;0;1
18/04/2018;05:28:00;70;com vítima;31;BR-116/PR;Sul;Colisão Traseira;2;1;1;0;0;0;1
18/04/2018;08:30:00;124;sem vítima;30;BR-116/PR;Sul;Colisão Traseira;2;2;0;0;0;0;1
18/04/2018;15:00:00;272;sem vítima;57,2;BR-116/PR;Sul;Colisão Traseira;1;3;0;0;0;0;1
18/04/2018;16:43:00;297;com vítima;472,8;BR-116/PR;Norte;Colisão Traseira;1;5;2;0;0;0;1
18/04/2018;22:58:00;386;com vítima;347;BR-116/PR;Sul;Colisão Traseira;2;2;1;0;0;0;1
19/04/2018;03:26:00;55;sem vítima;298,6;BR-116/PR;Sul;Colisão Traseira;1;2;0;0;0;0;1
19/04/2018;15:23:00;279;sem vítima;300;BR-116/PR;Sul;Tombamento;1;1;0;0;0;0;1
19/04/2018;18:19:00;331;sem vítima;555;BR-116/PR;Norte;Colisão Lateral;2;2;0;0;0;0;1
19/04/2018;18:24:00;335;sem vítima;280,5;BR-116/PR;Sul;Engavetamento;1;5;0;0;0;0;1
19/04/2018;19:32:00;350;com vítima;284;BR-116/PR;Norte;Colisão Traseira;1;1;0;1;0;0;2
19/04/2018;20:11:00;358;sem vítima;283,9;BR-116/PR;Norte;Colisão Lateral;1;2;0;0;0;0;1
19/04/2018;20:55:00;367;com vítima;377;BR-116/PR;Sul;Atropelamento - Ciclista;1;1;0;0;0;1;3
20/04/2018;02:18:00;31;com vítima;21,5;BR-116/PR;Sul;Tombamento;1;1;1;0;0;0;1
20/04/2018;11:01:00;177;com vítima;513,7;BR-116/PR;Norte;Tombamento;1;0;0;1;0;1;3
20/04/2018;12:12:00;198;sem vítima;561,9;BR-116/PR;Norte;Colisão Traseira;2;2;0;0;0;0;1
20/04/2018;17:29:00;299;com vítima;32,5;BR-116/PR;Norte;Tombamento;1;0;1;0;0;0;1
21/04/2018;06:28:00;84;com vítima;544,6;BR-116/PR;Norte;Tombamento;1;0;0;1;0;0;2
21/04/2018;10:21:00;185;sem vítima;67;BR-116/PR;Sul;Colisão Traseira;2;3;0;0;0;0;1
22/04/2018;17:16:00;255;sem vítima;298,6;BR-116/PR;Sul;Choque - Defensa, barreira ou  submarino ;1;1;0;0;0;0;1
23/04/2018;11:40:00;173;sem vítima;32,5;BR-116/PR;Norte;Tombamento;1;1;0;0;0;0;1
23/04/2018;14:52:00;223;sem vítima;294,5;BR-116/PR;Sul;Colisão Traseira;1;2;0;0;0;0;1
23/04/2018;15:42:00;234;sem vítima;303,6;BR-116/PR;Sul;Colisão Lateral;1;3;0;0;0;0;1
24/04/2018;00:14:00;5;com vítima;6,7;BR-116/PR;Norte;Tombamento;1;1;1;0;0;0;1
24/04/2018;14:20:00;228;com vítima;314,3;BR-116/PR;Norte;Engavetamento;1;3;1;0;0;0;1
25/04/2018;15:48:00;288;sem vítima;508,9;BR-116/PR;Sul;Tombamento;1;1;0;0;0;0;1
25/04/2018;17:30:00;317;sem vítima;487,5;BR-116/PR;Norte;Colisão Traseira;2;2;0;0;0;0;1
26/04/2018;03:40:00;68;sem vítima;299,1;BR-116/PR;Norte;Choque - Objeto sobre a pista;1;1;0;0;0;0;1
26/04/2018;03:41:00;69;sem vítima;288;BR-116/PR;Norte;Colisão Traseira;1;3;0;0;0;0;1
26/04/2018;16:30:00;343;com vítima;50,4;BR-116/PR;Norte;Tombamento;2;1;1;0;0;0;1
27/04/2018;01:15:00;20;sem vítima;42,9;BR-116/PR;Sul;Colisão Lateral;1;3;0;0;0;0;1
27/04/2018;06:04:00;85;sem vítima;330;BR-116/PR;Norte;Tombamento;1;2;0;0;0;0;1
27/04/2018;13:20:00;227;sem vítima;325,6;BR-116/PR;Norte;Colisão Traseira;1;2;0;0;0;0;1
27/04/2018;21:14:00;354;com vítima;283,3;BR-116/PR;Norte;Atropelamento - Morador;1;1;0;0;0;1;3
28/04/2018;03:10:00;38;com vítima;490;BR-116/PR;Sul;Colisão Transversal;1;2;1;0;0;0;1
28/04/2018;07:53:00;110;sem vítima;385,4;BR-116/PR;Sul;Colisão Lateral;1;3;0;0;0;0;1
28/04/2018;12:26:00;208;sem vítima;360,3;BR-116/PR;Norte;Tombamento;1;1;0;0;0;0;1
28/04/2018;12:28:00;209;sem vítima;508;BR-116/PR;Sul;Colisão Lateral;2;2;0;0;0;0;1
28/04/2018;13:46:00;235;sem vítima;544,6;BR-116/PR;Norte;Tombamento;1;1;0;0;0;0;1
29/04/2018;12:57:00;172;sem vítima;288;BR-116/PR;Norte;Colisão Traseira;1;2;0;0;0;0;1
29/04/2018;12:58:00;173;sem vítima;329;BR-116/PR;Norte;Colisão Traseira;1;4;0;0;0;0;1
29/04/2018;19:47:00;296;sem vítima;426,6;BR-116/PR;Norte;Engavetamento;1;7;0;0;0;0;1
29/04/2018;20:02:00;299;com vítima;288,9;BR-116/PR;Norte;Engavetamento;2;6;1;0;0;0;1
30/04/2018;09:19:00;146;sem vítima;323,6;BR-116/PR;Norte;Choque - Defensa, barreira ou  submarino ;1;1;0;0;0;0;1
30/04/2018;10:21:00;163;sem vítima;28;BR-116/PR;Norte;Tombamento;1;1;0;0;0;0;1
01/05/2018;01:04:00;17;com vítima;516;BR-116/PR;Sul;Colisão Traseira;2;1;1;0;0;0;1
01/05/2018;11:21:00;163;sem vítima;55,4;BR-116/PR;Sul;Tombamento;1;4;0;0;0;0;1
01/05/2018;15:17:00;239;sem vítima;523,5;BR-116/PR;Sul;Choque - Defensa, barreira ou  submarino ;1;1;0;0;0;0;1
02/05/2018;05:27:00;57;sem vítima;320,5;BR-116/PR;Norte;Colisão Traseira;2;2;0;0;0;0;1
02/05/2018;07:41:00;96;com vítima;288;BR-116/PR;Norte;Colisão Traseira;1;1;1;0;0;0;1
02/05/2018;08:47:00;118;sem vítima;515,6;BR-116/PR;Sul;Tombamento;1;1;0;0;0;0;1
02/05/2018;15:13:00;232;sem vítima;513,1;BR-116/PR;Norte;Choque - Defensa, barreira ou  submarino ;1;3;0;0;0;0;1
04/05/2018;10:06:00;180;sem vítima;303,5;BR-116/PR;Norte;Colisão Lateral;1;2;0;0;0;0;1
05/05/2018;20:18:00;347;com vítima;502;BR-116/PR;Sul;Capotamento;1;0;1;0;0;0;1
06/05/2018;16:27:00;216;com vítima;513,5;BR-116/PR;Norte;Choque - Defensa, barreira ou  submarino ;1;0;1;0;0;0;1
07/05/2018;05:27:00;47;sem vítima;282,7;BR-116/PR;Norte;Colisão Traseira;1;2;0;0;0;0;1
07/05/2018;07:22:00;75;sem vítima;26,3;BR-116/PR;Norte;Saida de Pista;1;1;0;0;0;0;1
07/05/2018;16:54:00;256;sem vítima;283,5;BR-116/PR;Norte;Colisão Lateral;1;2;0;0;0;0;1
07/05/2018;22:37:00;347;sem vítima;466;BR-116/PR;Norte;Colisão Lateral;2;2;0;0;0;0;1
08/05/2018;01:44:00;21;com vítima;568,2;BR-116/PR;Sul;Choque - Defensa, barreira ou  submarino ;2;1;1;0;0;0;1
08/05/2018;04:33:00;55;sem vítima;15;BR-116/PR;Norte;Tombamento;1;1;0;0;0;0;1
08/05/2018;05:13:00;62;sem vítima;18,6;BR-116/PR;Norte;Choque - Elemento de Drenagem;1;1;0;0;0;0;1
08/05/2018;08:32:00;130;sem vítima;518;BR-116/PR;Sul;Colisão Traseira;1;2;0;0;0;0;1
08/05/2018;07:40:00;133;sem vítima;567;BR-116/PR;Sul;Colisão Lateral;1;2;0;0;0;0;1
08/05/2018;14:02:00;249;com vítima;26,5;BR-116/PR;Norte;Saida de Pista;1;0;1;0;0;0;1
08/05/2018;14:50:00;266;sem vítima;511;BR-116/PR;Sul;Choque - Suporte de Sinalização;1;1;0;0;0;0;1
08/05/2018;15:20:00;274;com vítima;269,2;BR-116/PR;Norte;Colisão Traseira;1;1;1;0;0;0;1
09/05/2018;14:57:00;282;sem vítima;270,9;BR-116/PR;Norte;Engavetamento;1;7;0;0;0;0;1
10/05/2018;00:02:00;1;sem vítima;23,3;BR-116/PR;Sul;Colisão Traseira;2;3;0;0;0;0;1
10/05/2018;08:36:00;136;sem vítima;283;BR-116/PR;Norte;Colisão Lateral;1;2;0;0;0;0;1
10/05/2018;12:50:00;221;com vítima;545,3;BR-116/PR;Norte;Tombamento;1;0;1;0;0;0;1
10/05/2018;16:53:00;300;sem vítima;321;BR-116/PR;Sul;Colisão Traseira;2;2;0;0;0;0;1
10/05/2018;22:13:00;380;sem vítima;426,1;BR-116/PR;Norte;Colisão Traseira;2;2;0;0;0;0;1
11/05/2018;06:01:00;88;sem vítima;388,7;BR-116/PR;Norte;Saida de Pista;1;2;0;0;0;0;1
11/05/2018;09:50:00;173;sem vítima;284,7;BR-116/PR;Norte;Colisão Traseira;1;2;0;0;0;0;1
12/05/2018;07:16:00;98;sem vítima;316,9;BR-116/PR;Norte;Colisão Lateral;1;2;0;0;0;0;1
12/05/2018;18:29:00;328;sem vítima;410,9;BR-116/PR;Norte;Colisão Lateral;1;2;0;0;0;0;1
13/05/2018;08:01:00;94;sem vítima;296;BR-116/PR;Sul;Colisão Lateral;1;2;0;0;0;0;1
14/05/2018;18:45:00;321;com vítima;36,6;BR-116/PR;Norte;Tombamento;1;0;1;0;0;0;1
14/05/2018;06:05:00;78;sem vítima;566;BR-116/PR;Norte;Saida de Pista;1;3;0;0;0;0;1
15/05/2018;13:51:00;227;sem vítima;34,3;BR-116/PR;Norte;Colisão Traseira;2;9;0;0;0;0;1
15/05/2018;18:38:00;319;sem vítima;348;BR-116/PR;Sul;Colisão Traseira;2;2;0;0;0;0;1
15/05/2018;18:46:00;320;sem vítima;364,5;BR-116/PR;Sul;Choque - Objeto sobre a pista;1;2;0;0;0;0;1
15/05/2018;18:50:00;321;sem vítima;364,5;BR-116/PR;Sul;Choque - Objeto sobre a pista;1;1;0;0;0;0;1
15/05/2018;21:56:00;350;sem vítima;499,1;BR-116/PR;Sul;Colisão Traseira;2;2;0;0;0;0;1
16/05/2018;00:04:00;2;com vítima;407,3;BR-116/PR;Sul;Tombamento;1;0;1;0;0;0;1
16/05/2018;10:12:00;189;sem vítima;542;BR-116/PR;Norte;Tombamento;1;2;0;0;0;0;1
16/05/2018;11:42:00;222;sem vítima;544,6;BR-116/PR;Norte;Tombamento;1;1;0;0;0;0;1
16/05/2018;14:40:00;283;sem vítima;66,6;BR-116/PR;Norte;Colisão Traseira;2;2;0;0;0;0;1
16/05/2018;22:49:00;407;com vítima;553,5;BR-116/PR;Norte;Colisão Traseira;2;1;1;0;0;0;1
17/05/2018;06:59:00;105;sem vítima;44,2;BR-116/PR;Sul;Tombamento;1;2;0;0;0;0;1
17/05/2018;07:06:00;107;sem vítima;565;BR-116/PR;Sul;Colisão Lateral;1;3;0;0;0;0;1
17/05/2018;07:14:00;111;sem vítima;520,8;BR-116/PR;Sul;Choque - Defensa, barreira ou  submarino ;1;1;0;0;0;0;1
17/05/2018;10:45:00;196;sem vítima;364;BR-116/PR;Sul;Colisão Traseira;1;3;0;0;0;0;1
17/05/2018;10:50:00;197;sem vítima;284;BR-116/PR;Norte;Colisão Lateral;1;2;0;0;0;0;1
17/05/2018;21:36:00;360;sem vítima;31,7;BR-116/PR;Sul;Colisão Traseira;2;2;0;0;0;0;1
17/05/2018;23:49:00;394;sem vítima;485,7;BR-116/PR;Norte;Outros - Sequência;1;6;0;0;0;0;1
18/05/2018;22:35:00;387;sem vítima;412,95;BR-116/PR;Norte;Colisão Lateral;1;2;0;0;0;0;1
18/05/2018;00:01:00;1;sem vítima;513,4;BR-116/PR;Norte;Choque - Defensa, barreira ou  submarino ;1;1;0;0;0;0;1
18/05/2018;01:57:00;21;sem vítima;5;BR-116/CW;Sul;Choque - Objeto sobre a pista;1;1;0;0;0;0;1
18/05/2018;04:14:00;57;sem vítima;472,6;BR-116/PR;Norte;Colisão Traseira;2;2;0;0;0;0;1
18/05/2018;06:04:00;84;sem vítima;282;BR-116/PR;Norte;Colisão Traseira;1;4;0;0;0;0;1
18/05/2018;10:08:00;180;sem vítima;409;BR-116/PR;Norte;Saida de Pista;1;1;0;0;0;0;1
18/05/2018;14:21:00;258;sem vítima;347,5;BR-116/PR;Sul;Engavetamento;3;6;0;0;0;0;1
18/05/2018;17:02:00;306;com vítima;281,8;BR-116/PR;Norte;Colisão Lateral;1;2;1;0;0;0;1
18/05/2018;17:59:00;317;sem vítima;298;BR-116/PR;Sul;Colisão Traseira;2;2;0;0;0;0;1
18/05/2018;21:57:00;375;sem vítima;6,4;BR-116/PR;Norte;Tombamento;1;1;0;0;0;0;1
19/05/2018;04:37:00;59;sem vítima;42,1;BR-116/PR;Sul;Choque - Defensa, barreira ou  submarino ;1;1;0;0;0;0;1
19/05/2018;07:24:00;101;sem vítima;3;BR-116/PR;Norte;Saida de Pista;1;2;0;0;0;0;1
19/05/2018;07:32:00;103;com vítima;364,8;BR-116/PR;Norte;Tombamento;1;0;1;0;0;0;1
19/05/2018;08:20:00;114;sem vítima;391,7;BR-116/PR;Sul;Saida de Pista;1;1;0;0;0;0;1
19/05/2018;09:29:00;138;sem vítima;56;BR-116/PR;Sul;Saida de Pista;1;1;0;0;0;0;1
19/05/2018;12:19:00;184;com vítima;32,5;BR-116/PR;Norte;Tombamento;1;0;1;0;0;0;1
19/05/2018;22:29:00;367;sem vítima;307;BR-116/PR;Norte;Capotamento;1;2;0;0;0;0;1
20/05/2018;09:39:00;117;sem vítima;513;BR-116/PR;Sul;Choque - Talude;1;1;0;0;0;0;1
20/05/2018;17:05:00;258;com vítima;544,2;BR-116/PR;Norte;Tombamento;1;0;1;0;0;0;1
20/05/2018;20:45:00;334;sem vítima;485,8;BR-116/PR;Norte;Colisão Traseira;1;4;0;0;0;0;1
20/05/2018;23:39:00;383;com vítima;306,8;BR-116/PR;Sul;Atropelamento - Morador;1;1;0;0;0;1;3
21/05/2018;07:26:00;78;com vítima;3;BR-116/CW;Norte;Colisão Traseira;1;1;1;0;0;0;1
25/05/2018;18:14:00;137;com vítima;281;BR-116/PR;Sul;Atropelamento - Outros;1;1;1;0;0;0;1
27/05/2018;04:12:00;33;com vítima;278;BR-116/PR;Sul;Colisão Traseira;1;1;0;0;1;0;2
30/05/2018;10:54:00;74;sem vítima;292,3;BR-116/PR;Sul;Tombamento;1;1;0;0;0;0;1
31/05/2018;16:06:00;233;sem vítima;560,8;BR-116/PR;Sul;Choque - Defensa, barreira ou  submarino ;1;1;0;0;0;0;1
31/05/2018;16:18:00;236;sem vítima;560;BR-116/PR;Norte;Choque - Objeto sobre a pista;1;1;0;0;0;0;1
31/05/2018;16:39:00;249;sem vítima;485,6;BR-116/PR;Sul;Colisão Traseira;1;2;0;0;0;0;1
31/05/2018;19:14:00;282;sem vítima;371;BR-116/PR;Norte;Choque - Defensa, barreira ou  submarino ;1;1;0;0;0;0;1
01/06/2018;19:11:00;276;sem vítima;417,800;BR-116/PR;Norte;Colisão Traseira;1;2;0;0;0;0;1
01/06/2018;19:45:00;284;sem vítima;285,500;BR-116/PR;Sul;Capotamento;1;2;0;0;0;0;1
02/06/2018;00:08:00;4;com vítima;314;BR-116/PR;Sul;Atropelamento - Morador;1;1;0;0;0;1;3
02/06/2018;09:52:00;146;sem vítima;284,800;BR-116/PR;Sul;Colisão Lateral;1;2;0;0;0;0;1
02/06/2018;21:31:00;325;com vítima;511,500;BR-116/PR;Norte;Tombamento;1;1;1;0;0;0;1
02/06/2018;23:22:00;355;sem vítima;527,5;BR-116/PR;Norte;Colisão Traseira;1;2;0;0;0;0;1
03/06/2018;03:42:00;45;sem vítima;372,700;BR-116/PR;Sul;Saida de Pista;1;1;0;0;0;0;1
03/06/2018;09:41:00;109;sem vítima;339;BR-116/PR;Norte;Colisão Lateral;1;3;0;0;0;0;1
03/06/2018;11:24:00;135;sem vítima;377,500;BR-116/PR;Norte;Colisão Traseira;2;2;0;0;0;0;1
03/06/2018;16:16:00;223;sem vítima;513,500;BR-116/PR;Norte;Colisão Lateral;2;2;0;0;0;0;1
03/06/2018;17:30:00;257;sem vítima;384;BR-116/PR;Norte;Colisão Traseira;2;2;0;0;0;0;1
03/06/2018;22:18:00;321;com vítima;288,300;BR-116/PR;Norte;Colisão Traseira;1;1;1;0;0;0;1
03/06/2018;22:31:00;325;com vítima;348;BR-116/PR;Norte;Tombamento;1;0;1;0;0;0;1
03/06/2018;23:43:00;342;com vítima;27,1;BR-116/PR;Norte;Tombamento;1;0;1;0;0;0;1
04/06/2018;03:03:00;44;sem vítima;331;BR-116/PR;Norte;Saida de Pista;1;1;0;0;0;0;1
04/06/2018;11:24:00;151;sem vítima;499;BR-116/PR;Sul;Tombamento;1;1;0;0;0;0;1
04/06/2018;12:25:00;167;sem vítima;514,5;BR-116/PR;Norte;Colisão Traseira;1;2;0;0;0;0;1
05/06/2018;07:42:00;106;sem vítima;459,700;BR-116/PR;Sul;Choque - Defensa, barreira ou  submarino ;1;1;0;0;0;0;1
05/06/2018;09:56:00;154;sem vítima;548,300;BR-116/PR;Sul;Choque - Talude;1;1;0;0;0;0;1
05/06/2018;12:06:00;183;com vítima;426,600;BR-116/PR;Norte;Colisão Traseira;1;1;2;0;0;0;1
05/06/2018;12:11:00;185;com vítima;321;BR-116/PR;Sul;Engavetamento;1;4;1;0;0;0;1
05/06/2018;14:15:00;218;com vítima;281,500;BR-116/PR;Norte;Choque - Defensa, barreira ou  submarino ;1;0;1;0;0;0;1
05/06/2018;16:31:00;248;sem vítima;488,500;BR-116/PR;Sul;Colisão Traseira;1;4;0;0;0;0;1
05/06/2018;18:29:00;284;sem vítima;341;BR-116/PR;Sul;Colisão Traseira;2;2;0;0;0;0;1
05/06/2018;20:52:00;326;sem vítima;446;BR-116/PR;Sul;Colisão Traseira;1;2;0;0;0;0;1
05/06/2018;21:33:00;336;sem vítima;345,600;BR-116/PR;Sul;Engavetamento;1;5;0;0;0;0;1
06/06/2018;03:26:00;53;sem vítima;400,100;BR-116/PR;Sul;Tombamento;1;1;0;0;0;0;1
06/06/2018;11:55:00;213;com vítima;388;BR-116/PR;Norte;Colisão Traseira;2;1;1;0;0;0;1
06/06/2018;13:23:00;240;com vítima;397,500;BR-116/PR;Norte;Colisão Lateral;2;2;0;0;0;1;3
06/06/2018;23:45:00;419;sem vítima;405;BR-116/PR;Norte;Colisão Traseira;2;2;0;0;0;0;1
07/06/2018;00:45:00;11;sem vítima;370,400;BR-116/PR;Norte;Choque - Defensa, barreira ou  submarino ;1;2;0;0;0;0;1
07/06/2018;08:34:00;119;com vítima;334,800;BR-116/PR;Sul;Tombamento;1;0;1;0;0;0;1
07/06/2018;09:16:00;133;sem vítima;51;BR-116/PR;Sul;Capotamento;1;4;0;0;0;0;1
07/06/2018;10:15:00;157;com vítima;503,200;BR-116/PR;Sul;Tombamento;1;1;2;0;0;0;1
07/06/2018;12:03:00;183;sem vítima;568;BR-116/PR;Sul;Saida de Pista;1;2;0;0;0;0;1
07/06/2018;17:18:00;281;sem vítima;515,100;BR-116/PR;Norte;Colisão Lateral;1;2;0;0;0;0;1
07/06/2018;23:08:00;366;sem vítima;30;BR-116/PR;Norte;Colisão Traseira;2;2;0;0;0;0;1
07/06/2018;23:55:00;383;sem vítima;27,300;BR-116/PR;Sul;Colisão Traseira;1;22;0;0;0;0;1
08/06/2018;03:32:00;42;sem vítima;346,300;BR-116/PR;Norte;Choque - Defensa, barreira ou  submarino ;1;1;0;0;0;0;1
08/06/2018;08:35:00;116;com vítima;16,5;BR-116/CW;Sul;Tombamento;1;0;1;0;0;0;1
08/06/2018;11:29:00;190;sem vítima;291;BR-116/PR;Norte;Colisão Traseira;1;4;0;0;0;0;1
08/06/2018;16:29:00;281;com vítima;361,600;BR-116/PR;Norte;Tombamento;1;0;1;0;0;0;1
08/06/2018;17:59:00;312;sem vítima;413;BR-116/PR;Sul;Colisão Traseira;1;2;0;0;0;0;1
09/06/2018;04:48:00;78;sem vítima;6,5;BR-116/PR;Sul;Outros;1;1;0;0;0;0;1
09/06/2018;08:53:00;159;sem vítima;441,500;BR-116/PR;Norte;Colisão Traseira;1;2;0;0;0;0;1
09/06/2018;16:59:00;296;sem vítima;509;BR-116/PR;Sul;Tombamento;1;1;0;0;0;0;1
09/06/2018;18:20:00;311;sem vítima;298;BR-116/PR;Sul;Colisão Traseira;1;2;0;0;0;0;1
09/06/2018;20:57:00;336;sem vítima;411;BR-116/PR;Norte;Choque - Objeto sobre a pista;1;3;0;0;0;0;1
10/06/2018;15:00:00;255;sem vítima;320;BR-116/PR;Norte;Choque - Defensa, barreira ou  submarino ;1;2;0;0;0;0;1
10/06/2018;15:58:00;273;sem vítima;40;BR-116/PR;Norte;Outros;3;3;0;0;0;0;1
11/06/2018;11:05:00;205;sem vítima;280;BR-116/PR;Sul;Colisão Lateral;1;2;0;0;0;0;1
11/06/2018;12:43:00;225;sem vítima;352,200;BR-116/PR;Norte;Choque - Defensa, barreira ou  submarino ;1;1;0;0;0;0;1
11/06/2018;15:00:00;268;com vítima;277,900;BR-116/PR;Norte;Queda de Moto;1;1;1;1;0;0;2
12/06/2018;06:14:00;80;sem vítima;344,200;BR-116/PR;Norte;Choque - Outros;1;1;0;0;0;0;1
12/06/2018;08:53:00;135;sem vítima;279;BR-116/PR;Norte;Colisão Traseira;2;2;0;0;0;0;1
12/06/2018;19:27:00;363;sem vítima;273,800;BR-116/PR;Norte;Colisão Traseira;1;3;0;0;0;0;1
13/06/2018;01:56:00;35;sem vítima;343,400;BR-116/PR;Norte;Colisão Traseira;1;2;0;0;0;0;1
13/06/2018;02:08:00;39;sem vítima;358;BR-116/PR;Sul;Colisão Traseira;2;2;0;0;0;0;1
13/06/2018;02:15:00;41;sem vítima;343,400;BR-116/PR;Norte;Outros - Sequência;1;1;0;0;0;0;1
13/06/2018;06:19:00;99;com vítima;385;BR-116/PR;Norte;Tombamento;1;0;1;0;0;0;1
13/06/2018;07:31:00;117;sem vítima;461,0;BR-116/PR;Sul;Saida de Pista;1;2;0;0;0;0;1
13/06/2018;09:26:00;168;com vítima;363,800;BR-116/PR;Norte;Tombamento;1;0;1;0;0;0;1
13/06/2018;12:37:00;246;sem vítima;479,800;BR-116/PR;Sul;Saida de Pista;1;1;0;0;0;0;1
13/06/2018;14:46:00;303;sem vítima;560,500;BR-116/PR;Norte;Colisão Traseira;1;2;0;0;0;0;1
13/06/2018;17:44:00;364;sem vítima;388,600;BR-116/PR;Norte;Colisão Traseira;2;3;0;0;0;0;1
13/06/2018;18:11:00;374;sem vítima;282,800;BR-116/PR;Sul;Colisão Lateral;1;2;0;0;0;0;1
13/06/2018;23:07:00;453;com vítima;17;BR-116/PR;Norte;Saida de Pista;1;3;1;1;0;0;2
14/06/2018;02:01:00;27;sem vítima;57,200;BR-116/PR;Sul;Choque - Cancela de Pedagio;1;1;0;0;0;0;1
14/06/2018;02:25:00;34;com vítima;335;BR-116/PR;Sul;Colisão Traseira;1;3;1;0;0;0;1
14/06/2018;04:31:00;54;com vítima;363,800;BR-116/PR;Sul;Tombamento;1;0;1;0;0;0;1
14/06/2018;05:13:00;61;com vítima;288,500;BR-116/PR;Norte;Saida de Pista;1;1;1;0;0;0;1
14/06/2018;08:24:00;104;com vítima;359;BR-116/PR;Norte;Tombamento;1;0;1;0;0;0;1
14/06/2018;08:51:00;121;sem vítima;426,600;BR-116/PR;Norte;Choque - Defensa, barreira ou  submarino ;1;2;0;0;0;0;1
14/06/2018;13:33:00;209;sem vítima;387,700;BR-116/PR;Norte;Colisão Traseira;2;2;0;0;0;0;1
14/06/2018;16:41:00;273;sem vítima;18,400;BR-116/PR;Norte;Choque - Talude;1;1;0;0;0;0;1
14/06/2018;16:58:00;279;sem vítima;347,900;BR-116/PR;Sul;Engavetamento;3;3;0;0;0;0;1
14/06/2018;18:46:00;298;com vítima;271,200;BR-116/PR;Norte;Colisão Lateral;1;4;1;0;0;0;1
14/06/2018;21:30:00;335;sem vítima;289;BR-116/PR;Norte;Choque - Defensa, barreira ou  submarino ;1;3;0;0;0;0;1
14/06/2018;22:04:00;354;sem vítima;40,100;BR-116/PR;Sul;Choque - Defensa, barreira ou  submarino ;1;1;0;0;0;0;1
14/06/2018;22:22:00;357;sem vítima;442;BR-116/PR;Norte;Saida de Pista;1;1;0;0;0;0;1
14/06/2018;23:53:00;378;sem vítima;415,800;BR-116/PR;Norte;Saida de Pista;1;1;0;0;0;0;1
15/06/2018;03:24:00;48;sem vítima;413,700;BR-116/PR;Norte;Colisão Traseira;2;2;0;0;0;0;1
15/06/2018;06:00:00;82;sem vítima;398,400;BR-116/PR;Norte;Saida de Pista;1;1;0;0;0;0;1
15/06/2018;07:35:00;107;sem vítima;301;BR-116/PR;Norte;Colisão Lateral;1;4;0;0;0;0;1
15/06/2018;12:39:00;213;sem vítima;57;BR-116/PR;Sul;Colisão Traseira;1;2;0;0;0;0;1
15/06/2018;15:34:00;270;sem vítima;279;BR-116/PR;Sul;Choque - Defensa, barreira ou  submarino ;1;2;0;0;0;0;1
15/06/2018;17:31:00;316;sem vítima;40,200;BR-116/PR;Norte;Tombamento;1;1;0;0;0;0;1
15/06/2018;19:44:00;347;com vítima;282,600;BR-116/PR;Sul;Engavetamento;1;3;0;1;0;0;2
16/06/2018;00:07:00;2;sem vítima;412;BR-116/PR;Norte;Choque - Talude;1;1;0;0;0;0;1
16/06/2018;00:37:00;13;sem vítima;513,600;BR-116/PR;Norte;Saida de Pista;1;3;0;0;0;0;1
16/06/2018;05:00:00;64;sem vítima;300;BR-116/PR;Norte;Choque - Talude;1;1;0;0;0;0;1