data;horario;n_da_ocorrencia;tipo_de_ocorrencia;km;trecho;sentido;tipo_de_acidente;caminhao;ilesos;levemente_feridos;moderadamente_feridos;gravemente_feridos;mortos;3
16/06/2018;05:09:00;65;com vítima;356;BR-116/PR;Sul;Tombamento;1;0;1;0;0;0;1
16/06/2018;06:24:00;80;sem vítima;505;BR-116/PR;Sul;Choque - Talude;1;1;0;0;0;0;1
16/06/2018;06:38:00;84;com vítima;511;BR-116/PR;Sul;Choque - Defensa, barreira ou  submarino ;1;0;1;0;0;0;1
16/06/2018;08:35:00;113;sem vítima;542,900;BR-116/PR;Sul;Colisão Lateral;2;3;0;0;0;0;1
16/06/2018;10:09:00;137;com vítima;513,500;BR-116/PR;Norte;Colisão Traseira;2;1;0;1;0;0;2
16/06/2018;10:50:00;150;sem vítima;28;BR-116/PR;Norte;Choque - Defensa, barreira ou  submarino ;1;1;0;0;0;0;1
16/06/2018;12:55:00;184;sem vítima;19;BR-116/PR;Norte;Saida de Pista;1;1;0;0;0;0;1
16/06/2018;15:40:00;227;com vítima;51;BR-116/PR;Sul;Colisão Traseira;1;4;1;0;0;0;1
17/06/2018;02:29:00;41;sem vítima;517,800;BR-116/PR;Sul;Tombamento;1;2;0;0;0;0;1
17/06/2018;04:42:00;61;sem vítima;43,400;BR-116/PR;Norte;Saida de Pista;1;3;0;0;0;0;1
17/06/2018;07:27:00;91;sem vítima;298,900;BR-116/PR;Sul;Colisão Lateral;1;4;0;0;0;0;1
17/06/2018;08:26:00;100;sem vítima;564,300;BR-116/PR;Norte;Tombamento;1;2;0;0;0;0;1
17/06/2018;17:16:00;262;com vítima;15,600;BR-116/PR;Norte;Tombamento;1;0;0;1;0;0;2
17/06/2018;19:21:00;288;sem vítima;48,100;BR-116/PR;Norte;Colisão Lateral;1;3;0;0;0;0;1
17/06/2018;23:12:00;330;sem vítima;282,800;BR-116/PR;Sul;Choque - Defensa, barreira ou  submarino ;1;1;0;0;0;0;1
18/06/2018;04:42:00;60;sem vítima;313,300;BR-116/PR;Norte;Colisão Lateral;2;2;0;0;0;0;1
18/06/2018;21:10:00;340;sem vítima;384,500;BR-116/PR;Norte;Choque - Objeto sobre a pista;1;1;0;0;0;0;1
19/06/2018;02:53:00;46;sem vítima;44,100;BR-116/PR;Sul;Choque - Defensa, barreira ou  submarino ;1;2;0;0;0;0;1
19/06/2018;04:17:00;66;sem vítima;525,500;BR-116/PR;Sul;Saida de Pista;1;1;0;0;0;0;1
19/06/2018;06:28:00;90;com vítima;282;BR-116/PR;Norte;Engavetamento;1;4;1;0;0;0;1
19/06/2018;07:20:00;100;com vítima;7,500;BR-116/PR;Sul;Tombamento;1;0;0;0;0;1;3
19/06/2018;19:16:00;306;sem vítima;305,600;BR-116/PR;Sul;Colisão Lateral;1;2;0;0;0;0;1
20/06/2018;03:12:00;47;sem vítima;301;BR-116/PR;Norte;Colisão Traseira;1;14;0;0;0;0;1
20/06/2018;07:11:00;101;sem vítima;396,500;BR-116/PR;Norte;Saida de Pista;1;1;0;0;0;0;1
20/06/2018;11:41:00;219;com vítima;377;BR-116/PR;Norte;Tombamento;1;0;1;0;0;0;1
20/06/2018;16:10:00;310;sem vítima;17,900;BR-116/CW;Sul;Colisão Lateral;1;2;0;0;0;0;1
20/06/2018;16:45:00;321;sem vítima;17,400;BR-116/PR;Sul;Colisão Traseira;1;2;0;0;0;0;1
20/06/2018;22:17:00;436;com vítima;392,900;BR-116/PR;Norte;Colisão Traseira;2;1;1;0;0;0;1
21/06/2018;11:49:00;218;sem vítima;280,200;BR-116/PR;Norte;Colisão Traseira;2;4;0;0;0;0;1
21/06/2018;20:45:00;386;sem vítima;514,400;BR-116/PR;Norte;Choque - Objeto sobre a pista;1;1;0;0;0;0;1
22/06/2018;04:26:00;53;com vítima;513,500;BR-116/PR;Norte;Saida de Pista;1;0;2;0;0;0;1
22/06/2018;05:05:00;59;sem vítima;514,500;BR-116/PR;Norte;Choque - Defensa, barreira ou  submarino ;1;1;0;0;0;0;1
22/06/2018;05:17:00;61;sem vítima;384,900;BR-116/PR;Sul;Saida de Pista;1;1;0;0;0;0;1
22/06/2018;07:49:00;97;sem vítima;359;BR-116/PR;Norte;Tombamento;1;1;0;0;0;0;1
22/06/2018;14:58:00;249;sem vítima;282,800;BR-116/PR;Sul;Engavetamento;3;4;0;0;0;0;1
22/06/2018;20:02:00;337;sem vítima;358,400;BR-116/PR;Sul;Tombamento;1;1;0;0;0;0;1
22/06/2018;20:21:00;340;sem vítima;514;BR-116/PR;Norte;Saida de Pista;1;1;0;0;0;0;1
23/06/2018;02:51:00;35;com vítima;521;BR-116/PR;Sul;Colisão Traseira;2;2;1;0;0;0;1
23/06/2018;07:00:00;86;sem vítima;508,900;BR-116/PR;Sul;Tombamento;1;1;0;0;0;0;1
23/06/2018;18:54:00;291;sem vítima;0,200;BR-116/CW;Sul;Colisão Traseira;1;2;0;0;0;0;1
24/06/2018;07:30:00;86;sem vítima;29;BR-116/PR;Sul;Colisão Lateral;1;2;0;0;0;0;1
26/06/2018;01:49:00;25;sem vítima;392;BR-116/PR;Sul;Saida de Pista;1;1;0;0;0;0;1
26/06/2018;07:50:00;108;com vítima;504,700;BR-116/PR;Norte;Tombamento;1;0;1;0;0;0;1
26/06/2018;18:09:00;328;sem vítima;284;BR-116/PR;Sul;Engavetamento;1;5;0;0;0;0;1
26/06/2018;20:55:00;361;sem vítima;471,800;BR-116/PR;Sul;Colisão Lateral;1;4;0;0;0;0;1
26/06/2018;21:30:00;364;sem vítima;405,700;BR-116/PR;Norte;Colisão Traseira;2;2;0;0;0;0;1
26/06/2018;22:17:00;379;sem vítima;518;BR-116/PR;Norte;Colisão Lateral;1;3;0;0;0;0;1
27/06/2018;02:03:00;28;com vítima;426,600;BR-116/PR;Norte;Engavetamento;3;2;0;0;1;0;2
27/06/2018;09:00:00;129;com vítima;548,300;BR-116/PR;Sul;Choque - Elemento de Drenagem;1;0;1;0;0;0;1
27/06/2018;10:28:00;162;sem vítima;47;BR-116/PR;Norte;Saida de Pista;1;2;0;0;0;0;1
27/06/2018;11:04:00;174;sem vítima;411,400;BR-116/PR;Sul;Colisão Traseira;2;2;0;0;0;0;1
27/06/2018;11:13:00;177;sem vítima;567;BR-116/PR;Norte;Tombamento;1;1;0;0;0;0;1
27/06/2018;12:28:00;202;com vítima;12,9;BR-116/CW;Norte;Colisão Lateral;1;1;1;0;0;0;1
27/06/2018;16:46:00;293;sem vítima;3;BR-116/PR;Norte;Tombamento;1;1;0;0;0;0;1
28/06/2018;02:45:00;48;com vítima;434,500;BR-116/PR;Norte;Atropelamento de Animal;1;0;1;0;0;0;1
28/06/2018;16:00:00;288;com vítima;40,100;BR-116/PR;Norte;Choque - Defensa, barreira ou  submarino ;1;0;0;1;0;0;2
28/06/2018;16:22:00;302;com vítima;41,200;BR-116/PR;Sul;Choque - Objeto sobre a pista;1;0;1;0;0;0;1
29/06/2018;04:04:00;59;sem vítima;515,400;BR-116/PR;Sul;Colisão Lateral;2;2;0;0;0;0;1
29/06/2018;09:24:00;142;sem vítima;57;BR-116/PR;Sul;Colisão Traseira;2;2;0;0;0;0;1
30/06/2018;01:42:00;26;com vítima;298,800;BR-116/PR;Norte;Colisão Lateral;1;1;1;0;0;0;1
30/06/2018;05:57:00;67;com vítima;476,400;BR-116/PR;Norte;Atropelamento - Andarilho;1;1;0;0;0;1;3
30/06/2018;11:08:00;166;com vítima;276,500;BR-116/PR;Sul;Colisão Lateral;1;1;1;0;0;0;1
30/06/2018;15:22:00;252;sem vítima;504;BR-116/PR;Sul;Tombamento;1;1;0;0;0;0;1
30/06/2018;17:56:00;298;sem vítima;347,1;BR-116/PR;Sul;Engavetamento;2;3;0;0;0;0;1
30/06/2018;23:33:00;355;sem vítima;28,700;BR-116/PR;Sul;Colisão Traseira;2;2;0;0;0;0;1
01/07/2018;16:09:00;242;sem vítima;284,900;BR-116/PR;Norte;Colisão Lateral;1;4;;;;;1
02/07/2018;06:36:00;72;com vítima;361,950;BR-116/PR;Sul;Engavetamento;2;4;;;1;1;3
02/07/2018;06:54:00;76;sem vítima;555,400;BR-116/PR;Norte;Tombamento;1;1;;;;;1
02/07/2018;23:09:00;325;com vítima;475,0;BR-116/PR;Sul;Tombamento;1;;1;;;;1
03/07/2018;03:43:00;51;com vítima;512,700;BR-116/PR;Norte;Tombamento;1;;1;;;;1
03/07/2018;10:41:00;174;sem vítima;28,100;BR-116/PR;Sul;Colisão Lateral;1;4;;;;;1
04/07/2018;05:33:00;65;sem vítima;472,0;BR-116/PR;Norte;Colisão Traseira;1;3;;;;;1
04/07/2018;08:19:00;105;com vítima;22,500;BR-116/PR;Sul;Colisão Lateral;1;1;1;;;;1
05/07/2018;02:46:00;43;sem vítima;57,250;BR-116/PR;Sul;Choque - Defensa, barreira ou  submarino ;1;1;;;;;1
05/07/2018;06:23:00;87;com vítima;368,500;BR-116/PR;Norte;Colisão Traseira;2;1;1;;;;1
05/07/2018;07:14:00;92;sem vítima;355,900;BR-116/PR;Norte;Choque - Defensa, barreira ou  submarino ;1;1;;;;;1
05/07/2018;08:29:00;118;com vítima;549,100;BR-116/PR;Sul;Tombamento;1;;1;;;;1
05/07/2018;09:56:00;164;sem vítima;440,900;BR-116/PR;Norte;Tombamento;4;5;;;;;1
05/07/2018;21:28:00;382;sem vítima;352,700;BR-116/PR;Sul;Choque - Elemento de Drenagem;1;2;;;;;1
06/07/2018;02:24:00;42;com vítima;388,900;BR-116/PR;Norte;Colisão Traseira;2;;2;;;;1
06/07/2018;08:06:00;108;com vítima;463,800;BR-116/PR;Norte;Colisão Traseira;1;2;1;;;;1
06/07/2018;09:31:00;138;sem vítima;287,0;BR-116/PR;Norte;Colisão Traseira;2;2;;;;;1
06/07/2018;22:19:00;370;com vítima;64,700;BR-116/PR;Norte;Colisão Traseira;2;1;1;;;;1
07/07/2018;02:04:00;26;com vítima;23,800;BR-116/PR;Sul;Colisão Traseira;2;2;1;;;;1
07/07/2018;18:08:00;336;sem vítima;461,500;BR-116/PR;Sul;Colisão Traseira;2;2;;;;;1
08/07/2018;02:48:00;34;com vítima;57,700;BR-116/PR;Norte;Tombamento;1;;1;;;;1
08/07/2018;12:01:00;157;sem vítima;485,700;BR-116/PR;Norte;Colisão Traseira;1;2;;;;;1
09/07/2018;11:08:00;141;sem vítima;567,0;BR-116/PR;Norte;Choque - Talude;1;2;;;;;1
09/07/2018;15:20:00;219;sem vítima;516,0;BR-116/PR;Norte;Queda de Moto;1;4;;;;;1
09/07/2018;23:04:00;325;com vítima;515,600;BR-116/PR;Norte;Tombamento;1;1;1;;;;1
10/07/2018;10:41:00;159;sem vítima;426,600;BR-116/PR;Norte;Colisão Traseira;1;3;;;;;1
10/07/2018;11:29:00;176;sem vítima;504,200;BR-116/PR;Sul;Tombamento;1;1;;;;;1
10/07/2018;11:32:00;177;sem vítima;343,0;BR-116/PR;Norte;Tombamento;1;1;;;;;1
10/07/2018;18:25:00;293;sem vítima;450,300;BR-116/PR;Norte;Choque - Objeto sobre a pista;1;5;;;;;1
11/07/2018;00:37:00;15;sem vítima;549,500;BR-116/PR;Norte;Colisão Lateral;1;3;;;;;1
11/07/2018;00:37:00;16;com vítima;4,0;BR-116/PR;Sul;Choque - Talude;1;;1;;;;1
11/07/2018;01:08:00;24;com vítima;396,200;BR-116/PR;Sul;Colisão Traseira;2;1;;1;;;2
11/07/2018;03:24:00;49;sem vítima;525,300;BR-116/PR;Sul;Tombamento;1;1;;;;;1
11/07/2018;07:15:00;96;com vítima;359,100;BR-116/PR;Norte;Tombamento;1;;;;1;;2
11/07/2018;11:02:00;198;sem vítima;446,0;BR-116/PR;Sul;Choque - Objeto sobre a pista;1;2;;;;;1
12/07/2018;08:12:00;111;sem vítima;505,800;BR-116/PR;Sul;Choque - Defensa, barreira ou  submarino ;1;1;;;;;1
12/07/2018;16:30:00;306;sem vítima;516,0;BR-116/PR;Sul;Colisão Traseira;2;2;;;;;1
12/07/2018;19:13:00;364;sem vítima;495,300;BR-116/PR;Norte;Atropelamento de Animal;3;3;;;;;1
12/07/2018;21:39:00;404;sem vítima;297,800;BR-116/PR;Norte;Tombamento;1;1;;;;;1
13/07/2018;08:17:00;107;sem vítima;28,0;BR-116/PR;Norte;Choque - Defensa, barreira ou  submarino ;1;1;;;;;1
13/07/2018;22:44:00;377;sem vítima;425,600;BR-116/PR;Sul;Tombamento;1;2;;;;;1
14/07/2018;00:44:00;12;sem vítima;377,300;BR-116/PR;Norte;Colisão Lateral;1;2;;;;;1
14/07/2018;12:05:00;178;sem vítima;503,0;BR-116/PR;Sul;Outros;1;1;;;;;1
14/07/2018;12:48:00;190;sem vítima;508,300;BR-116/PR;Sul;Colisão Traseira;1;2;;;;;1
15/07/2018;08:48:00;106;sem vítima;23,0;BR-116/PR;Sul;Choque - Defensa, barreira ou  submarino ;1;1;;;;;1
15/07/2018;20:07:00;325;sem vítima;297,700;BR-116/PR;Norte;Colisão Lateral;1;5;;;;;1
16/07/2018;05:17:00;55;sem vítima;472,800;BR-116/PR;Norte;Choque - Objeto sobre a pista;1;2;;;;;1
16/07/2018;07:43:00;92;sem vítima;478,0;BR-116/PR;Sul;Colisão Lateral;1;2;;;;;1
16/07/2018;11:43:00;181;com vítima;479,200;BR-116/PR;Sul;Capotamento;1;2;1;;;;1
17/07/2018;00:03:00;2;sem vítima;370,400;BR-116/PR;Norte;Choque - Defensa, barreira ou  submarino ;1;1;;;;;1
17/07/2018;02:37:00;38;sem vítima;359,100;BR-116/PR;Sul;Choque - Defensa, barreira ou  submarino ;1;5;;;;;1
17/07/2018;03:16:00;46;sem vítima;308,0;BR-116/PR;Norte;Choque - Defensa, barreira ou  submarino ;1;2;;;;;1
18/07/2018;05:08:00;54;sem vítima;25,100;BR-116/PR;Norte;Tombamento;1;1;;;;;1
18/07/2018;17:35:00;324;sem vítima;62,0;BR-116/PR;Norte;Colisão Traseira;2;3;;;;;1
19/07/2018;00:20:00;11;sem vítima;517,0;BR-116/PR;Sul;Colisão Traseira;2;2;;;;;1
19/07/2018;05:49:00;71;com vítima;351,500;BR-116/PR;Norte;Colisão Traseira;2;1;1;;;;1
19/07/2018;16:43:00;328;sem vítima;476,300;BR-116/PR;Sul;Colisão Traseira;1;4;;;;;1
19/07/2018;18:54:00;369;sem vítima;21,700;BR-116/PR;Sul;Colisão Traseira;2;3;;;;;1
21/07/2018;13:31:00;224;sem vítima;23,800;BR-116/PR;Norte;Choque - Defensa, barreira ou  submarino ;1;3;;;;;1
21/07/2018;03:53:00;60;sem vítima;269,800;BR-116/PR;Norte;Colisão Lateral;1;4;;;;;1
21/07/2018;07:02:00;111;sem vítima;388,900;BR-116/PR;Sul;Saida de Pista;1;1;;;;;1
22/07/2018;07:16:00;99;sem vítima;360,0;BR-116/PR;Sul;Colisão Traseira;2;4;;;;;1
22/07/2018;09:27:00;140;sem vítima;463,50;BR-116/PR;Sul;Colisão Traseira;1;2;;;;;1
22/07/2018;09:32:00;143;com vítima;42,0;BR-116/PR;Sul;Colisão Lateral;1;4;1;;;;1
22/07/2018;12:17:00;198;sem vítima;547,500;BR-116/PR;Norte;Colisão Lateral;1;4;;;;;1
23/07/2018;13:12:00;252;sem vítima;426,400;BR-116/PR;Norte;Colisão Traseira;1;2;;;;;1
23/07/2018;16:23:00;333;com vítima;55,900;BR-116/PR;Norte;Tombamento;1;2;1;;;;1
24/07/2018;00:32:00;13;sem vítima;396,500;BR-116/PR;Sul;Saida de Pista;1;1;;;;;1
24/07/2018;03:55:00;48;sem vítima;392,100;BR-116/PR;Sul;Colisão Traseira;1;2;;;;;1
25/07/2018;22:42:00;376;com vítima;392,900;BR-116/PR;Norte;Colisão Traseira;2;1;1;;;;1
25/07/2018;03:04:00;36;sem vítima;278,0;BR-116/PR;Norte;Colisão Traseira;2;2;;;;;1
25/07/2018;03:08:00;37;sem vítima;339,600;BR-116/PR;Norte;Tombamento;1;1;;;;;1
25/07/2018;11:40:00;176;com vítima;499,0;BR-116/PR;Sul;Colisão Traseira;2;1;1;;;;1
26/07/2018;10:21:00;163;sem vítima;507,0;BR-116/PR;Norte;Saida de Pista;1;1;;;;;1
26/07/2018;11:24:00;184;sem vítima;507,200;BR-116/PR;Norte;Colisão Traseira;1;2;;;;;1
26/07/2018;12:35:00;204;com vítima;517,800;BR-116/PR;Norte;Tombamento;1;;1;1;;1;3
26/07/2018;13:10:00;215;sem vítima;507,700;BR-116/PR;Norte;Choque - Defensa, barreira ou  submarino ;1;1;;;;;1
26/07/2018;19:04:00;309;com vítima;285,0;BR-116/PR;Sul;Colisão Traseira;2;1;1;;;;1
27/07/2018;02:31:00;51;sem vítima;307,0;BR-116/PR;Sul;Tombamento;1;1;;;;;1
27/07/2018;07:16:00;107;com vítima;417,0;BR-116/PR;Norte;Colisão Lateral;1;1;1;;;;1
27/07/2018;19:50:00;346;com vítima;281,300;BR-116/PR;Sul;Colisão Traseira;1;1;1;;;;1
27/07/2018;22:33:00;375;sem vítima;322,700;BR-116/PR;Sul;Colisão Traseira;2;4;;;;;1
28/07/2018;06:57:00;102;sem vítima;512,600;BR-116/PR;Norte;Saida de Pista;1;1;;;;;1
28/07/2018;12:05:00;212;com vítima;30,100;BR-116/PR;Norte;Tombamento;1;;1;;;;1
28/07/2018;18:11:00;335;sem vítima;427,300;BR-116/PR;Norte;Saida de Pista;1;2;;;;;1
29/07/2018;14:14:00;223;com vítima;491,500;BR-116/PR;Sul;Colisão Traseira;1;1;1;;;;1
29/07/2018;18:55:00;351;sem vítima;283,0;BR-116/PR;Sul;Colisão Transversal;1;3;;;;;1
30/07/2018;18:13:00;316;sem vítima;277,0;BR-116/PR;Norte;Colisão Traseira;1;4;;;;;1
31/07/2018;01:20:00;28;sem vítima;547,800;BR-116/PR;Sul;Tombamento;1;1;;;;;1
31/07/2018;01:54:00;34;sem vítima;32,500;BR-116/PR;Norte;Choque - Defensa, barreira ou  submarino ;1;1;;;;;1
31/07/2018;04:55:00;69;sem vítima;57,200;BR-116/PR;Sul;Choque - Cancela de Pedagio;1;1;;;;;1
31/07/2018;09:41:00;176;com vítima;16,0;BR-116/PR;Sul;Colisão Lateral;1;4;1;;;;1
31/07/2018;23:31:00;421;com vítima;3,0;BR-116/CW;Sul;Atropelamento - Ciclista;1;5;;;;1;3
01/08/2018;01:41:00;28;sem vítima;463,200;BR-116/PR;Norte;Colisão Traseira;2;2;;;;;1
01/08/2018;06:23:00;91;com vítima;347,0;BR-116/PR;Norte;Colisão Lateral;1;1;1;;;;1
01/08/2018;06:53:00;99;sem vítima;282,0;BR-116/PR;Norte;Tombamento;1;1;;;;;1
01/08/2018;10:45:00;194;sem vítima;19,500;BR-116/PR;Sul;Saida de Pista;1;2;;;;;1
01/08/2018;12:29:00;232;sem vítima;22,600;BR-116/PR;Sul;Engavetamento;3;3;;;;;1
01/08/2018;14:37:00;292;sem vítima;299,300;BR-116/PR;Sul;Colisão Lateral;1;2;;;;;1
01/08/2018;19:57:00;359;sem vítima;27,900;BR-116/PR;Sul;Colisão Traseira;2;2;;;;;1
02/08/2018;10:27:00;189;com vítima;545,0;BR-116/PR;Norte;Tombamento;1;;1;;;;1
02/08/2018;15:57:00;322;sem vítima;347,900;BR-116/PR;Norte;Choque - Defensa, barreira ou  submarino ;1;1;;;;;1
02/08/2018;21:55:00;417;sem vítima;485,600;BR-116/PR;Norte;Colisão Traseira;2;2;;;;;1
02/08/2018;22:06:00;419;sem vítima;304,500;BR-116/PR;Norte;Tombamento;1;1;;;;;1
02/08/2018;22:52:00;431;sem vítima;27,700;BR-116/PR;Norte;Saida de Pista;1;1;;;;;1
03/08/2018;13:41:00;211;com vítima;332,0;BR-116/PR;Norte;Tombamento;1;;1;;;;1
03/08/2018;18:52:00;303;sem vítima;485,600;BR-116/PR;Norte;Colisão Traseira;1;5;;;;;1
04/08/2018;04:45:00;68;com vítima;38,700;BR-116/PR;Sul;Tombamento;1;;1;;;;1
04/08/2018;14:36:00;278;sem vítima;485,700;BR-116/PR;Norte;Colisão Traseira;1;2;;;;;1
04/08/2018;23:48:00;414;sem vítima;361,400;BR-116/PR;Norte;Choque - Defensa, barreira ou  submarino ;1;1;;;;;1
05/08/2018;06:25:00;75;com vítima;545,0;BR-116/PR;Norte;Tombamento;1;;3;;;;1
05/08/2018;18:23:00;271;sem vítima;291,0;BR-116/PR;Norte;Capotamento;1;4;;;;;1
06/08/2018;02:08:00;40;com vítima;499,600;BR-116/PR;Norte;Saida de Pista;1;1;1;;;;1
06/08/2018;07:04:00;103;com vítima;292,900;BR-116/PR;Norte;Saida de Pista;1;;1;;;;1
06/08/2018;10:57:00;176;sem vítima;327,800;BR-116/PR;Norte;Tombamento;1;2;;;;;1
07/08/2018;03:21:00;53;com vítima;511,0;BR-116/PR;Sul;Tombamento;1;1;1;;;;1
07/08/2018;05:31:00;75;sem vítima;543,300;BR-116/PR;Norte;Engavetamento;2;6;;;;;1
07/08/2018;08:00:00;124;com vítima;363,700;BR-116/PR;Norte;Tombamento;1;;2;;;;1
07/08/2018;19:08:00;380;com vítima;48,400;BR-116/PR;Sul;Colisão Lateral;2;2;1;;;;1
08/08/2018;06:52:00;95;sem vítima;359,0;BR-116/PR;Sul;Colisão Traseira;2;2;;;;;1
08/08/2018;08:48:00;140;com vítima;355,400;BR-116/PR;Sul;Colisão Lateral;2;1;;;;1;3
08/08/2018;21:00:00;371;sem vítima;18,500;BR-116/PR;Norte;Tombamento;1;1;;;;;1
08/08/2018;22:40:00;407;com vítima;312,900;BR-116/PR;Norte;Saida de Pista;1;2;1;;;;1
09/08/2018;01:42:00;33;com vítima;448,300;BR-116/PR;Norte;Colisão Traseira;2;1;1;;;;1
09/08/2018;03:52:00;65;com vítima;36,900;BR-116/PR;Norte;Capotamento;1;;2;;;;1
09/08/2018;06:50:00;101;sem vítima;390,600;BR-116/PR;Sul;Colisão Traseira;1;3;;;;;1
09/08/2018;19:10:00;420;sem vítima;380,400;BR-116/PR;Sul;Saida de Pista;1;2;;;;;1
10/08/2018;01:22:00;21;sem vítima;422,300;BR-116/PR;Norte;Tombamento;1;1;;;;;1
10/08/2018;01:55:00;28;sem vítima;291,500;BR-116/PR;Sul;Saida de Pista;1;1;;;;;1
10/08/2018;02:05:00;32;sem vítima;380,0;BR-116/PR;Sul;Saida de Pista;1;1;;;;;1
10/08/2018;02:28:00;36;sem vítima;290,100;BR-116/PR;Norte;Tombamento;1;1;;;;;1
10/08/2018;04:49:00;59;sem vítima;390,0;BR-116/PR;Norte;Choque - Defensa, barreira ou  submarino ;1;1;;;;;1
10/08/2018;11:01:00;166;com vítima;274,0;BR-116/PR;Norte;Colisão Lateral;1;2;;1;;;2
10/08/2018;11:25:00;172;sem vítima;62,150;BR-116/PR;Sul;Colisão Lateral;2;2;;;;;1
10/08/2018;12:47:00;194;sem vítima;273,300;BR-116/PR;Norte;Colisão Traseira;1;2;;;;;1
10/08/2018;18:30:00;336;sem vítima;279,500;BR-116/PR;Sul;Colisão Lateral;1;2;;;;;1
10/08/2018;23:57:00;421;sem vítima;380,300;BR-116/PR;Norte;Tombamento;1;1;;;;;1
11/08/2018;03:58:00;42;com vítima;520,0;BR-116/PR;Sul;Tombamento;1;;1;;;;1
11/08/2018;04:20:00;46;com vítima;449,600;BR-116/PR;Norte;Colisão Traseira;1;1;;1;;;2
11/08/2018;05:43:00;54;sem vítima;380,300;BR-116/PR;Sul;Saida de Pista;1;1;;;;;1
11/08/2018;13:42:00;217;sem vítima;272,10;BR-116/PR;Sul;Colisão Traseira;1;2;;;;;1
11/08/2018;15:27:00;258;sem vítima;270,0;BR-116/PR;Norte;Colisão Traseira;1;3;;;;;1
12/08/2018;16:57:00;300;sem vítima;279,500;BR-116/PR;Norte;Colisão Traseira;1;2;;;;;1
12/08/2018;19:16:00;340;sem vítima;511,500;BR-116/PR;Norte;Tombamento;1;1;;;;;1
13/08/2018;01:31:00;25;com vítima;509,400;BR-116/PR;Norte;Tombamento;1;;1;;;;1
13/08/2018;03:57:00;54;com vítima;513,300;BR-116/PR;Norte;Tombamento;1;;1;;;;1
13/08/2018;04:44:00;62;sem vítima;318,100;BR-116/PR;Norte;Choque - Defensa, barreira ou  submarino ;1;1;;;;;1
13/08/2018;05:29:00;69;com vítima;389,0;BR-116/PR;Norte;Tombamento;1;;1;;;;1
13/08/2018;18:16:00;269;sem vítima;310,700;BR-116/PR;Norte;Colisão Traseira;1;2;;;;;1
13/08/2018;23:21:00;330;sem vítima;513,600;BR-116/PR;Norte;Colisão Traseira;2;2;;;;;1
14/08/2018;01:08:00;24;sem vítima;432,900;BR-116/PR;Norte;Atropelamento de Animal;1;1;;;;;1
14/08/2018;08:46:00;136;sem vítima;57,200;BR-116/PR;Norte;Colisão Traseira;2;4;;;;;1
15/08/2018;00:44:00;10;sem vítima;413,200;BR-116/PR;Norte;Atropelamento de Animal;1;1;;;;;1
15/08/2018;02:11:00;31;sem vítima;522,500;BR-116/PR;Sul;Saida de Pista;1;1;;;;;1
15/08/2018;05:22:00;61;sem vítima;553,0;BR-116/PR;Sul;Colisão Traseira;2;2;;;;;1
15/08/2018;08:12:00;119;sem vítima;328,500;BR-116/PR;Norte;Saida de Pista;1;2;;;;;1
15/08/2018;12:19:00;262;com vítima;18,500;BR-116/CW;Sul;Colisão Traseira;1;2;1;;;;1
15/08/2018;17:22:00;387;sem vítima;27,600;BR-116/PR;Norte;Tombamento;1;1;;;;;1
16/08/2018;06:00:00;83;com vítima;298,300;BR-116/PR;Sul;Colisão Traseira;1;24;16;1;;;2
16/08/2018;07:31:00;117;sem vítima;328,0;BR-116/PR;Norte;Colisão Lateral;2;2;;;;;1
16/08/2018;16:21:00;309;sem vítima;23,600;BR-116/PR;Norte;Choque - Elemento de Drenagem;1;1;;;;;1
16/08/2018;17:20:00;332;sem vítima;564,100;BR-116/PR;Sul;Tombamento;1;1;;;;;1
17/08/2018;18:23:00;372;sem vítima;487,0;BR-116/PR;Norte;Colisão Traseira;2;2;;;;;1
17/08/2018;18:54:00;380;com vítima;283,500;BR-116/PR;Sul;Engavetamento;1;25;5;;;;1
17/08/2018;20:11:00;394;sem vítima;503,300;BR-116/PR;Sul;Tombamento;1;1;;;;;1
18/08/2018;01:25:00;18;com vítima;347,600;BR-116/PR;Sul;Tombamento;1;;2;;;;1
18/08/2018;01:50:00;20;com vítima;433,700;BR-116/PR;Norte;Colisão Lateral;2;52;1;;;;1
18/08/2018;04:48:00;51;sem vítima;426,600;BR-116/PR;Sul;Colisão Traseira;1;2;;;;;1
18/08/2018;06:08:00;71;com vítima;518,100;BR-116/PR;Sul;Tombamento;1;;1;;;;1
19/08/2018;21:47:00;364;com vítima;434,100;BR-116/PR;Norte;Colisão Traseira;1;4;1;;;;1
20/08/2018;03:50:00;47;sem vítima;8,200;BR-116/PR;Sul;Choque - Defensa, barreira ou  submarino ;1;1;;;;;1
20/08/2018;08:14:00;106;sem vítima;273,800;BR-116/PR;Norte;Colisão Traseira;1;2;;;;;1
20/08/2018;16:48:00;279;com vítima;39,200;BR-116/PR;Norte;Colisão Traseira;2;1;;;;1;3
20/08/2018;17:20:00;298;sem vítima;29,300;BR-116/PR;Norte;Tombamento;1;1;;;;;1
20/08/2018;19:32:00;330;sem vítima;43,0;BR-116/PR;Norte;Saida de Pista;1;1;;;;;1