data;horario;n_da_ocorrencia;tipo_de_ocorrencia;km;trecho;sentido;tipo_de_acidente;caminhao;ilesos;levemente_feridos;moderadamente_feridos;gravemente_feridos;mortos;3
21/08/2018;13:58:00;231;com vítima;346,900;BR-116/PR;Sul;Capotamento;1;1;1;;;;1
21/08/2018;15:31:00;265;sem vítima;520,400;BR-116/PR;Norte;Colisão Traseira;2;2;;;;;1
21/08/2018;16:53:00;293;sem vítima;511,800;BR-116/PR;Norte;Choque - Defensa, barreira ou  submarino ;1;1;;;;;1
21/08/2018;17:34:00;310;sem vítima;513,300;BR-116/PR;Norte;Tombamento;1;1;;;;;1
21/08/2018;21:30:00;372;sem vítima;331,0;BR-116/PR;Norte;Colisão Traseira;1;2;;;;;1
21/08/2018;22:22:00;387;com vítima;423,0;BR-116/PR;Norte;Tombamento;1;;1;;;;1
22/08/2018;03:34:00;32;sem vítima;401,0;BR-116/PR;Norte;Atropelamento de Animal;1;1;;;;;1
22/08/2018;06:38:00;76;sem vítima;516,0;BR-116/PR;Norte;Colisão Traseira;2;2;;;;;1
22/08/2018;07:26:00;91;sem vítima;28,600;BR-116/PR;Norte;Choque - Defensa, barreira ou  submarino ;1;1;;;;;1
22/08/2018;08:50:00;126;sem vítima;564,200;BR-116/PR;Sul;Colisão Lateral;1;4;;;;;1
22/08/2018;11:23:00;191;sem vítima;26,0;BR-116/PR;Norte;Tombamento;1;1;;;;;1
22/08/2018;13:46:00;230;com vítima;351,0;BR-116/PR;Norte;Colisão Traseira;1;1;2;;;;1
22/08/2018;15:01:00;264;sem vítima;378,300;BR-116/PR;Norte;Choque - Defensa, barreira ou  submarino ;1;1;;;;;1
23/08/2018;11:33:00;243;sem vítima;495,0;BR-116/PR;Norte;Colisão Traseira;2;2;;;;;1
23/08/2018;15:43:00;338;com vítima;268,900;BR-116/PR;Norte;Colisão Lateral;1;1;;1;;;2
24/08/2018;00:25:00;9;sem vítima;428,400;BR-116/PR;Sul;Saida de Pista;1;2;;;;;1
24/08/2018;06:18:00;88;sem vítima;386,200;BR-116/PR;Sul;Saida de Pista;1;1;;;;;1
24/08/2018;18:36:00;358;com vítima;283,800;BR-116/PR;Sul;Atropelamento - Outros;1;1;;;;1;3
24/08/2018;19:14:00;369;sem vítima;282,300;BR-116/PR;Sul;Colisão Lateral;1;2;;;;;1
24/08/2018;20:49:00;393;sem vítima;426,600;BR-116/PR;Norte;Colisão Traseira;1;2;;;;;1
24/08/2018;21:56:00;411;sem vítima;387,700;BR-116/PR;Norte;Choque - Defensa, barreira ou  submarino ;1;1;;;;;1
24/08/2018;23:59:00;442;sem vítima;343,300;BR-116/PR;Norte;Colisão Traseira;1;2;;;;;1
25/08/2018;11:19:00;206;sem vítima;348,0;BR-116/PR;Sul;Tombamento;1;1;;;;;1
25/08/2018;11:27:00;207;sem vítima;297,800;BR-116/PR;Sul;Engavetamento;1;10;;;;;1
25/08/2018;12:30:00;222;sem vítima;362,200;BR-116/PR;Sul;Colisão Lateral;1;6;;;;;1
25/08/2018;00:03:00;3;sem vítima;313,0;BR-116/PR;Sul;Colisão Lateral;1;2;;;;;1
25/08/2018;03:02:00;49;sem vítima;542,900;BR-116/PR;Norte;Atropelamento de Animal;1;1;;;;;1
26/08/2018;16:34:00;241;sem vítima;378,0;BR-116/PR;Norte;Choque - Objeto sobre a pista;1;1;;;;;1
26/08/2018;18:14:00;282;sem vítima;356,600;BR-116/PR;Norte;Colisão Traseira;1;2;;;;;1
27/08/2018;21:43:00;365;com vítima;562,300;BR-116/PR;Norte;Tombamento;1;;1;;;;1
28/08/2018;05:46:00;67;sem vítima;326,0;BR-116/PR;Norte;Tombamento;1;1;;;;;1
28/08/2018;12:51:00;215;com vítima;357,0;BR-116/PR;Sul;Colisão Traseira;1;1;1;;;;1
28/08/2018;15:23:00;275;com vítima;282,0;BR-116/PR;Norte;Colisão Traseira;1;3;;;1;;2
29/08/2018;04:14:00;59;sem vítima;454,800;BR-116/PR;Norte;Saida de Pista;1;3;;;;;1
29/08/2018;14:50:00;270;sem vítima;31,200;BR-116/PR;Norte;Choque - Defensa, barreira ou  submarino ;2;5;;;;;1
29/08/2018;15:41:00;288;sem vítima;373,0;BR-116/PR;Norte;Colisão Traseira;1;2;;;;;1
29/08/2018;16:30:00;305;sem vítima;370,400;BR-116/PR;Norte;Colisão Lateral;1;2;;;;;1
29/08/2018;18:46:00;348;com vítima;29,0;BR-116/PR;Sul;Atropelamento - Morador;1;1;;;;1;3
30/08/2018;02:07:00;30;com vítima;512,0;BR-116/PR;Norte;Colisão Traseira;3;3;1;;;;1
30/08/2018;03:14:00;42;com vítima;312,115;BR-116/PR;Norte;Colisão Traseira;2;;;1;;1;3
30/08/2018;14:43:00;241;sem vítima;493,800;BR-116/PR;Norte;Colisão Traseira;2;2;;;;;1
30/08/2018;17:31:00;324;sem vítima;67,800;BR-116/PR;Norte;Colisão Traseira;2;2;;;;;1
30/08/2018;23:48:00;414;sem vítima;362,600;BR-116/PR;Sul;Tombamento;1;1;;;;;1
31/08/2018;07:56:00;106;sem vítima;564,0;BR-116/PR;Sul;Tombamento;1;2;;;;;1
31/08/2018;23:04:00;447;sem vítima;278,600;BR-116/PR;Sul;Saida de Pista;1;1;;;;;1
31/08/2018;23:13:00;448;com vítima;24,700;BR-116/PR;Sul;Colisão Traseira;2;1;1;;;;1
01/09/2018;04:43:00;60;sem vítima;24,500;BR-116/PR;Sul;Colisão Traseira;1;1;;;;;1
01/09/2018;06:24:00;82;sem vítima;328,0;BR-116/PR;Sul;Saida de Pista;2;2;;;;;1
01/09/2018;14:51:00;277;sem vítima;9,800;BR-116/CW;Sul;Colisão Traseira;1;2;;;;;1
01/09/2018;23:47:00;436;sem vítima;282,900;BR-116/PR;Norte;Capotamento;2;2;;;;;1
02/09/2018;06:26:00;66;sem vítima;270,400;BR-116/PR;Norte;Choque - Defensa, barreira ou  submarino ;1;1;;;;;1
02/09/2018;08:01:00;89;sem vítima;26,400;BR-116/PR;Sul;Choque - Defensa, barreira ou  submarino ;3;3;;;;;1
02/09/2018;18:51:00;305;sem vítima;289,675;BR-116/PR;Sul;Capotamento;2;2;;;;;1
02/09/2018;22:41:00;361;sem vítima;36,700;BR-116/PR;Norte;Saida de Pista;1;1;;;;;1
02/09/2018;03:08:00;36;com vítima;346,700;BR-116/PR;Norte;Colisão Traseira;2;1;1;;;;1
02/09/2018;17:57:00;290;sem vítima;61,500;BR-116/PR;Sul;Choque - Defensa, barreira ou  submarino ;1;2;;;;;1
02/09/2018;21:37:00;347;sem vítima;513,600;BR-116/PR;Norte;Engavetamento;1;2;;;;;1
02/09/2018;13:45:00;185;sem vítima;557,0;BR-116/PR;Sul;Saida de Pista;1;2;;;;;1
02/09/2018;09:01:00;117;sem vítima;326,100;BR-116/PR;Norte;Tombamento;1;1;;;;;1
02/09/2018;21:37:00;348;sem vítima;37,800;BR-116/PR;Norte;Saida de Pista;1;3;;;;;1
03/09/2018;07:53:00;106;sem vítima;564,100;BR-116/PR;Sul;Saida de Pista;1;1;;;;;1
03/09/2018;13:53:00;225;com vítima;517,600;BR-116/PR;Norte;Capotamento;1;;1;;;;1
03/09/2018;23:37:00;381;com vítima;387,600;BR-116/PR;Sul;Saida de Pista;2;1;1;;;;1
03/09/2018;13:46:00;222;sem vítima;289,800;BR-116/PR;Sul;Choque - Defensa, barreira ou  submarino ;1;1;;;;;1
03/09/2018;17:57:00;299;sem vítima;280,200;BR-116/PR;Sul;Engavetamento;1;3;;;;;1
03/09/2018;19:24:00;323;sem vítima;34,900;BR-116/PR;Norte;Tombamento;3;4;;;;;1
04/09/2018;08:16:00;112;sem vítima;560,0;BR-116/PR;Sul;Choque - Defensa, barreira ou  submarino ;2;3;;;;;1
04/09/2018;08:24:00;137;sem vítima;548,600;BR-116/PR;Sul;Choque - Defensa, barreira ou  submarino ;1;2;;;;;1
04/09/2018;09:17:00;141;sem vítima;45,0;BR-116/PR;Norte;Choque - Defensa, barreira ou  submarino ;1;2;;;;;1
04/09/2018;20:44:00;348;com vítima;508,0;BR-116/PR;Norte;Tombamento;1;1;1;;;;1
04/09/2018;18:35:00;318;sem vítima;281,0;BR-116/PR;Sul;Queda de Moto;1;2;;;;;1
04/09/2018;10:02:00;155;com vítima;273,500;BR-116/PR;Norte;Colisão Traseira;1;;;1;;;2
04/09/2018;23:10:00;396;sem vítima;513,500;BR-116/PR;Norte;Choque - Defensa, barreira ou  submarino ;1;3;;;;;1
04/09/2018;23:47:00;409;com vítima;402,100;BR-116/PR;Norte;Colisão Traseira;1;2;1;;;;1
05/09/2018;05:35:00;83;sem vítima;511,100;BR-116/PR;Norte;Tombamento;2;2;;;;;1
05/09/2018;13:29:00;246;com vítima;363,600;BR-116/PR;Sul;Colisão Lateral;1;;1;;;;1
05/09/2018;01:07:00;19;sem vítima;10,0;BR-116/PR;Sul;Colisão Traseira;1;2;;;;;1
05/09/2018;12:09:00;232;com vítima;488,500;BR-116/PR;Sul;Colisão Frontal;1;1;1;1;;;2
06/09/2018;16:23:00;320;sem vítima;272,950;BR-116/PR;Norte;Engavetamento;1;3;;;;;1
06/09/2018;18:29:00;370;sem vítima;280,200;BR-116/PR;Sul;Colisão Lateral;2;2;;;;;1
06/09/2018;20:28:00;389;sem vítima;269,900;BR-116/PR;Sul;Colisão Traseira;2;2;;;;;1
07/09/2018;15:56:00;328;com vítima;422,0;BR-116/PR;Sul;Colisão Lateral;2;1;1;;;;1
07/09/2018;19:26:00;398;sem vítima;381,0;BR-116/PR;Norte;Choque - Objeto sobre a pista;1;1;;;;;1
07/09/2018;12:38:00;243;sem vítima;292,900;BR-116/PR;Sul;Colisão Traseira;1;2;;;;;1
08/09/2018;17:09:00;296;sem vítima;326,800;BR-116/PR;Sul;Queda de Moto;1;1;;;;;1
09/09/2018;13:48:00;203;sem vítima;511,0;BR-116/PR;Sul;Saida de Pista;1;2;;;;;1
09/09/2018;19:38:00;410;sem vítima;23,0;BR-116/PR;Norte;Saida de Pista;1;1;;;;;1
09/09/2018;00:24:00;11;sem vítima;270,300;BR-116/PR;Norte;Colisão Traseira;2;4;;;;;1
09/09/2018;12:53:00;186;sem vítima;448,0;BR-116/PR;Sul;Colisão Lateral;1;3;;;;;1
09/09/2018;18:18:00;373;sem vítima;270,200;BR-116/PR;Sul;Colisão Lateral;2;2;;;;;1
10/09/2018;18:01:00;339;sem vítima;18,500;BR-116/PR;Norte;Choque - Defensa, barreira ou  submarino ;1;1;;;;;1
10/09/2018;13:47:00;252;sem vítima;289,426;BR-116/PR;Norte;Colisão Traseira;1;1;;;;;1
10/09/2018;20:36:00;359;sem vítima;280,300;BR-116/PR;Sul;Colisão Traseira;1;2;;;;;1
11/09/2018;13:09:00;239;sem vítima;499,800;BR-116/PR;Norte;Choque - Talude;1;1;;;;;1
11/09/2018;05:36:00;69;sem vítima;312,0;BR-116/PR;Norte;Choque - Defensa, barreira ou  submarino ;1;1;;;;;1
11/09/2018;07:50:00;109;sem vítima;558,700;BR-116/PR;Norte;Colisão Traseira;3;3;;;;;1
11/09/2018;14:33:00;276;sem vítima;357,0;BR-116/PR;Sul;Colisão Lateral;1;2;;;;;1
11/09/2018;19:06:00;362;sem vítima;37,0;BR-116/PR;Sul;Choque - Defensa, barreira ou  submarino ;1;2;;;;;1
12/09/2018;08:22:00;115;com vítima;1,136;BR-116/CW;Sul;Colisão Traseira;3;2;;;;1;3
12/09/2018;13:56:00;266;sem vítima;15,600;BR-116/PR;Sul;Capotamento;1;2;;;;;1
12/09/2018;20:06:00;373;sem vítima;339,0;BR-116/PR;Sul;Choque - Defensa, barreira ou  submarino ;1;1;;;;;1
12/09/2018;21:53:00;394;sem vítima;269,0;BR-116/PR;Norte;Atropelamento - Andarilho;1;3;;;;;1
13/09/2018;02:29:00;44;com vítima;48,0;BR-116/PR;Sul;Choque - Talude;1;1;1;;;;1
13/09/2018;15:07:00;315;sem vítima;15,600;BR-116/PR;Sul;Choque - Talude;1;2;;;;;1
14/09/2018;06:45:00;94;com vítima;499,0;BR-116/PR;Sul;Choque - Talude;1;;1;;;;1
14/09/2018;07:48:00;114;com vítima;480,950;BR-116/PR;Sul;Capotamento;2;1;1;;;;1
14/09/2018;08:49:00;138;sem vítima;500,0;BR-116/PR;Sul;Choque - Defensa, barreira ou  submarino ;2;2;;;;;1
14/09/2018;12:00:00;196;sem vítima;9,900;BR-116/CW;Sul;Capotamento;1;1;;;;;1
14/09/2018;11:32:00;189;sem vítima;508,0;BR-116/PR;Sul;Choque - Defensa, barreira ou  submarino ;1;2;;;;;1
14/09/2018;17:02:00;311;sem vítima;372,700;BR-116/PR;Norte;Colisão Lateral;2;3;;;;;1
14/09/2018;19:40:00;360;com vítima;15,600;BR-116/PR;Sul;Engavetamento;1;1;;;;1;3
14/09/2018;19:50:00;362;sem vítima;270,0;BR-116/PR;Sul;Colisão Lateral;1;3;;;;;1
14/09/2018;22:15:00;405;sem vítima;16,700;BR-116/PR;Norte;Capotamento;2;2;;;;;1
14/09/2018;16:58:00;308;sem vítima;15,600;BR-116/PR;Sul;Capotamento;1;1;;;;;1
14/09/2018;18:05:00;332;com vítima;566,0;BR-116/PR;Sul;Colisão Lateral;2;1;1;;;;1
15/09/2018;09:55:00;141;com vítima;3,600;BR-116/CW;Sul;Colisão Traseira;2;1;1;;;;1
15/09/2018;07:35:00;98;sem vítima;374,900;BR-116/PR;Sul;Capotamento;2;3;;;;;1
15/09/2018;10:54:00;156;sem vítima;541,500;BR-116/PR;Sul;Choque - Defensa, barreira ou  submarino ;2;3;;;;;1
15/09/2018;16:51:00;262;com vítima;44,600;BR-116/PR;Sul;Saida de Pista;1;2;1;;;;1
15/09/2018;19:25:00;302;sem vítima;482,900;BR-116/PR;Sul;Atropelamento de Animal;1;2;;;;;1
16/09/2018;15:46:00;249;sem vítima;332,700;BR-116/PR;Sul;Colisão Traseira;1;6;;;;;1
17/09/2018;06:03:00;87;sem vítima;47,0;BR-116/PR;Norte;Saida de Pista;1;1;;;;;1
17/09/2018;06:35:00;93;sem vítima;513,500;BR-116/PR;Norte;Choque - Defensa, barreira ou  submarino ;1;3;;;;;1
17/09/2018;06:43:00;99;com vítima;517,900;BR-116/PR;Norte;Capotamento;3;2;1;;;;1
17/09/2018;11:53:00;192;sem vítima;283,300;BR-116/PR;Sul;Queda de Moto;1;1;;;;;1
17/09/2018;15:48:00;278;sem vítima;334,400;BR-116/PR;Norte;Choque - Suporte de Sinalização;2;3;;;;;1
17/09/2018;23:24:00;433;com vítima;18,0;BR-116/CW;Sul;Capotamento;1;1;;;1;;2
18/09/2018;15:33:00;279;sem vítima;9,900;BR-116/CW;Norte;Tombamento;1;3;;;;;1
18/09/2018;09:57:00;156;sem vítima;22,0;BR-116/PR;Sul;Colisão Traseira;2;2;;;;;1
18/09/2018;02:45:00;41;sem vítima;499,0;BR-116/PR;Norte;Atropelamento de Animal;2;2;;;;;1
18/09/2018;18:41:00;332;com vítima;480,100;BR-116/PR;Norte;Atropelamento de Animal;1;;1;;;;1
19/09/2018;00:58:00;14;sem vítima;418,0;BR-116/PR;Norte;Saida de Pista;1;2;;;;;1
19/09/2018;21:36:00;419;sem vítima;334,600;BR-116/PR;Norte;Colisão Traseira;1;3;;;;;1
19/09/2018;00:14:00;6;sem vítima;507,500;BR-116/PR;Norte;Saida de Pista;2;2;;;;;1
19/09/2018;18:25:00;376;sem vítima;279,500;BR-116/PR;Sul;Colisão Traseira;1;3;;;;;1
20/09/2018;22:21:00;424;sem vítima;303,900;BR-116/PR;Sul;Colisão Traseira;2;2;;;;;1
20/09/2018;01:36:00;31;sem vítima;43,400;BR-116/PR;Sul;Saida de Pista;1;1;;;;;1
20/09/2018;16:20:00;322;com vítima;51,0;BR-116/PR;Sul;Choque - Defensa, barreira ou  submarino ;1;;1;;;;1
20/09/2018;17:37:00;345;sem vítima;42,0;BR-116/PR;Sul;Saida de Pista;1;5;;;;;1
20/09/2018;00:53:00;14;com vítima;42,100;BR-116/PR;Sul;Objeto lançado contra veículo;1;;1;;;;1
20/09/2018;16:16:00;321;sem vítima;308,0;BR-116/PR;Norte;Queda de Moto;1;1;;;;;1
20/09/2018;16:22:00;323;sem vítima;33,400;BR-116/PR;Norte;Choque - Talude;2;2;;;;;1
21/09/2018;16:52:00;364;sem vítima;448,500;BR-116/PR;Norte;Objeto lançado contra veículo;1;1;;;;;1
21/09/2018;22:52:00;480;sem vítima;303,500;BR-116/PR;Norte;Colisão Traseira;2;2;;;;;1
22/09/2018;10:35:00;171;sem vítima;370,400;BR-116/PR;Sul;Colisão Traseira;1;1;;;;;1
22/09/2018;06:27:00;83;sem vítima;452,0;BR-116/PR;Norte;Colisão Lateral;1;1;;;;;1
22/09/2018;16:04:00;297;com vítima;455,500;BR-116/PR;Norte;Colisão Lateral;1;1;1;;;;1
23/09/2018;20:14:00;332;sem vítima;413,0;BR-116/PR;Norte;Colisão Traseira;1;3;;;;;1
23/09/2018;07:06:00;76;sem vítima;273,0;BR-116/PR;Norte;Atropelamento - Outros;1;5;;;;;1
23/09/2018;16:35:00;264;com vítima;284,0;BR-116/PR;Norte;Colisão Lateral;1;2;1;;;;1
23/09/2018;16:46:00;271;sem vítima;284,0;BR-116/PR;Norte;Colisão Traseira;1;1;;;;;1
23/09/2018;14:24:00;211;sem vítima;426,600;BR-116/PR;Sul;Atropelamento de Animal;2;2;;;;;1
23/09/2018;11:20:00;145;com vítima;550,200;BR-116/PR;Norte;Tombamento;1;;1;;;;1
24/09/2018;11:40:00;210;sem vítima;288,0;BR-116/PR;Sul;Choque - Defensa, barreira ou  submarino ;1;1;;;;;1
25/09/2018;07:46:00;118;sem vítima;273,402;BR-116/PR;Sul;Engavetamento;1;4;;;;;1
26/09/2018;13:57:00;288;com vítima;358,0;BR-116/PR;Sul;Colisão Traseira;1;14;14;4;2;;2
26/09/2018;05:14:00;66;com vítima;320,800;BR-116/PR;Norte;Colisão Traseira;1;1;1;;;;1
26/09/2018;22:41:00;450;sem vítima;546,600;BR-116/PR;Sul;Choque - Defensa, barreira ou  submarino ;1;1;;;;;1
27/09/2018;00:22:00;11;sem vítima;4,900;BR-116/PR;Sul;Colisão Traseira;2;2;;;;;1
27/09/2018;00:35:00;14;sem vítima;404,0;BR-116/PR;Norte;Saida de Pista;1;1;;;;;1
27/09/2018;03:11:00;47;sem vítima;555,300;BR-116/PR;Sul;Choque - Defensa, barreira ou  submarino ;1;1;;;;;1
27/09/2018;15:36:00;308;sem vítima;538,100;BR-116/PR;Sul;Colisão Traseira;3;3;;;;;1
27/09/2018;16:30:00;324;com vítima;548,500;BR-116/PR;Sul;Choque - Defensa, barreira ou  submarino ;1;1;1;;;;1
27/09/2018;14:48:00;297;sem vítima;3,0;BR-116/PR;Norte;Capotamento;1;1;;;;;1
28/09/2018;09:27:00;157;sem vítima;487,0;BR-116/PR;Sul;Saida de Pista;1;3;;;;;1
28/09/2018;15:11:00;265;sem vítima;17,900;BR-116/PR;Norte;Choque - Defensa, barreira ou  submarino ;2;2;;;;;1
28/09/2018;16:46:00;306;sem vítima;515,100;BR-116/PR;Norte;Saida de Pista;1;2;;;;;1
28/09/2018;17:02:00;316;com vítima;513,500;BR-116/PR;Norte;Choque - Defensa, barreira ou  submarino ;1;;1;;;;1
28/09/2018;19:03:00;354;sem vítima;517,600;BR-116/PR;Norte;Choque - Talude;1;1;;;;;1
28/09/2018;19:10:00;356;com vítima;503,400;BR-116/PR;Sul;Choque - Talude;1;2;1;;;;1
28/09/2018;22:13:00;407;sem vítima;567,200;BR-116/PR;Sul;Choque - Defensa, barreira ou  submarino ;1;1;;;;;1
28/09/2018;17:50:00;330;com vítima;503,450;BR-116/PR;Sul;Choque - Talude;1;1;1;;;;1
30/09/2018;11:11:00;174;com vítima;357,500;BR-116/PR;Norte;Tombamento;1;1;1;;;;1
01/10/2018;00:11:00;7;com vítima;514,200;BR-116/PR;Norte;Tombamento;1;;1;;;;1
01/10/2018;05:26:00;77;sem vítima;4,300;BR-116/CW;Norte;Colisão Traseira;1;2;;;;;1
02/10/2018;08:10:00;121;com vítima;42,100;BR-116/PR;Sul;Choque - Defensa, barreira ou  submarino ;1;;;1;;;2
02/10/2018;09:23:00;150;sem vítima;18,500;BR-116/PR;Norte;Colisão Lateral;1;2;;;;;1
02/10/2018;20:28:00;392;sem vítima;50,0;BR-116/PR;Norte;Saida de Pista;1;1;;;;;1
02/10/2018;21:30:00;411;sem vítima;388,0;BR-116/PR;Norte;Colisão Traseira;2;4;;;;;1
03/10/2018;08:04:00;121;com vítima;281,413;BR-116/PR;Norte;Colisão Lateral;1;1;1;;;;1
03/10/2018;13:13:00;242;sem vítima;564,0;BR-116/PR;Sul;Saida de Pista;1;1;;;;;1
03/10/2018;14:55:00;281;sem vítima;27,700;BR-116/PR;Norte;Choque - Defensa, barreira ou  submarino ;1;1;;;;;1
03/10/2018;15:33:00;293;sem vítima;405,900;BR-116/PR;Norte;Tombamento;1;2;;;;;1
03/10/2018;16:26:00;311;com vítima;345,900;BR-116/PR;Sul;Colisão Traseira;2;1;1;;;;1
03/10/2018;21:45:00;398;sem vítima;479,0;BR-116/PR;Norte;Saida de Pista;1;1;;;;;1
04/10/2018;03:33:00;53;com vítima;545,700;BR-116/PR;Sul;Tombamento;1;;1;;;;1
04/10/2018;04:18:00;66;sem vítima;544,400;BR-116/PR;Norte;Tombamento;1;2;;;;;1
04/10/2018;05:42:00;80;sem vítima;519,400;BR-116/PR;Norte;Tombamento;1;1;;;;;1
04/10/2018;06:21:00;95;sem vítima;350,0;BR-116/PR;Sul;Colisão Traseira;2;2;;;;;1
04/10/2018;08:12:00;132;sem vítima;508,0;BR-116/PR;Norte;Choque - Elemento de Drenagem;1;1;;;;;1
04/10/2018;08:14:00;134;sem vítima;314,300;BR-116/PR;Norte;Colisão Lateral;2;2;;;;;1
04/10/2018;14:09:00;243;sem vítima;426,0;BR-116/PR;Norte;Colisão Traseira;2;2;;;;;1
05/10/2018;00:05:00;3;com vítima;342,800;BR-116/PR;Sul;Choque - Defensa, barreira ou  submarino ;1;1;1;;;;1
05/10/2018;06:11:00;84;com vítima;288,0;BR-116/PR;Sul;Colisão Frontal;1;1;1;;;;1
05/10/2018;20:28:00;345;sem vítima;26,400;BR-116/PR;Norte;Choque - Elemento de Drenagem;1;1;;;;;1
05/10/2018;22:15:00;376;sem vítima;499,0;BR-116/PR;Sul;Choque - Talude;1;1;;;;;1
05/10/2018;23:55:00;402;sem vítima;514,800;BR-116/PR;Sul;Colisão Traseira;2;3;;;;;1
06/10/2018;10:10:00;159;sem vítima;503,300;BR-116/PR;Sul;Capotamento;1;1;;;;;1
06/10/2018;11:59:00;189;com vítima;545,500;BR-116/PR;Norte;Tombamento;1;;1;;;;1
06/10/2018;14:35:00;230;com vítima;289,0;BR-116/PR;Norte;Colisão Traseira;1;3;1;;;;1
06/10/2018;15:15:00;246;sem vítima;545,0;BR-116/PR;Sul;Tombamento;1;1;;;;;1
06/10/2018;15:17:00;247;sem vítima;394,500;BR-116/PR;Norte;Tombamento;1;1;;;;;1
06/10/2018;16:20:00;264;sem vítima;542,900;BR-116/PR;Norte;Choque - Cancela de Pedagio;1;1;;;;;1
07/10/2018;06:46:00;72;com vítima;512,500;BR-116/PR;Norte;Choque - Defensa, barreira ou  submarino ;1;;1;;;;1
07/10/2018;08:39:00;85;sem vítima;564,100;BR-116/PR;Sul;Choque - Defensa, barreira ou  submarino ;1;1;;;;;1
07/10/2018;13:41:00;169;com vítima;461,0;BR-116/PR;Norte;Tombamento;1;;1;;;;1
07/10/2018;21:32:00;290;sem vítima;499,0;BR-116/PR;Sul;Choque - Talude;1;2;;;;;1
07/10/2018;23:06:00;323;com vítima;507,300;BR-116/PR;Norte;Tombamento;1;;;;;1;3
07/10/2018;23:06:00;332;sem vítima;507,300;BR-116/PR;Norte;Colisão Transversal;2;2;;;;;1
08/10/2018;07:13:00;77;sem vítima;476,600;BR-116/PR;Sul;Colisão Frontal;1;2;;;;;1
08/10/2018;07:44:00;85;sem vítima;499,0;BR-116/PR;Sul;Tombamento;1;2;;;;;1
09/10/2018;03:16:00;41;sem vítima;505,0;BR-116/PR;Sul;Tombamento;1;1;;;;;1
09/10/2018;07:46:00;113;com vítima;512,600;BR-116/PR;Norte;Tombamento;1;1;1;;;;1
09/10/2018;16:18:00;329;sem vítima;270,100;BR-116/PR;Norte;Colisão Traseira;1;2;;;;;1
09/10/2018;20:06:00;414;sem vítima;283,500;BR-116/PR;Sul;Engavetamento;3;5;;;;;1
09/10/2018;20:11:00;415;sem vítima;354,200;BR-116/PR;Sul;Tombamento;1;1;;;;;1
09/10/2018;22:29:00;466;sem vítima;343,200;BR-116/PR;Sul;Colisão Traseira;2;2;;;;;1
10/10/2018;07:47:00;126;sem vítima;55,500;BR-116/PR;Sul;Saida de Pista;1;1;;;;;1
10/10/2018;08:52:00;154;sem vítima;562,600;BR-116/PR;Sul;Saida de Pista;1;1;;;;;1
10/10/2018;15:55:00;322;sem vítima;271,100;BR-116/PR;Sul;Engavetamento;1;8;;;;;1
10/10/2018;20:44:00;409;sem vítima;542,900;BR-116/PR;Sul;Colisão Traseira;1;3;;;;;1
10/10/2018;21:06:00;415;sem vítima;549,0;BR-116/PR;Norte;Colisão Traseira;1;2;;;;;1
11/10/2018;04:44:00;67;com vítima;394,800;BR-116/PR;Norte;Colisão Traseira;2;1;1;;;;1
11/10/2018;10:43:00;159;sem vítima;425,300;BR-116/PR;Norte;Choque - Defensa, barreira ou  submarino ;1;3;;;;;1
11/10/2018;16:30:00;275;sem vítima;503,400;BR-116/PR;Sul;Outros;1;1;;;;;1
11/10/2018;17:32:00;303;com vítima;493,700;BR-116/PR;Norte;Atropelamento - Morador;1;1;;;;1;3
11/10/2018;19:23:00;341;sem vítima;347,500;BR-116/PR;Sul;Tombamento;1;1;;;;;1
11/10/2018;22:34:00;400;com vítima;288,300;BR-116/PR;Norte;Colisão Traseira;1;1;2;;;;1
11/10/2018;23:13:00;412;sem vítima;294,0;BR-116/PR;Sul;Colisão Lateral;1;5;;;;;1
12/10/2018;06:25:00;110;com vítima;547,0;BR-116/PR;Sul;Tombamento;1;;1;;;;1
12/10/2018;08:05:00;145;sem vítima;282,500;BR-116/PR;Sul;Colisão Traseira;1;2;;;;;1
12/10/2018;08:16:00;151;sem vítima;398,0;BR-116/PR;Sul;Engavetamento;1;6;;;;;1
12/10/2018;09:37:00;178;sem vítima;439,0;BR-116/PR;Norte;Colisão Lateral;1;2;;;;;1
12/10/2018;14:26:00;287;sem vítima;280,0;BR-116/PR;Sul;Colisão Lateral;1;2;;;;;1
12/10/2018;16:51:00;338;sem vítima;362,500;BR-116/PR;Sul;Colisão Lateral;1;8;;;;;1
13/10/2018;14:46:00;214;com vítima;283,300;BR-116/PR;Norte;Engavetamento;2;7;1;;;;1
13/10/2018;20:46:00;303;sem vítima;341,0;BR-116/PR;Sul;Colisão Traseira;1;8;;;;;1
14/10/2018;13:50:00;187;sem vítima;545,800;BR-116/PR;Sul;Tombamento;1;3;;;;;1