data;horario;n_da_ocorrencia;tipo_de_ocorrencia;km;trecho;sentido;tipo_de_acidente;caminhao;ilesos;levemente_feridos;moderadamente_feridos;gravemente_feridos;mortos;3
15/10/2018;07:25:00;108;sem vítima;511,100;BR-116/PR;Sul;Saida de Pista;1;1;;;;;1
15/10/2018;11:31:00;211;sem vítima;47,500;BR-116/PR;Norte;Engavetamento;1;4;;;;;1
16/10/2018;07:25:00;128;sem vítima;545,900;BR-116/PR;Sul;Tombamento;1;1;;;;;1
16/10/2018;22:45:00;421;com vítima;505,0;BR-116/PR;Norte;Colisão Frontal;3;1;2;;;;1
17/10/2018;09:50:00;195;sem vítima;455,800;BR-116/PR;Norte;Saida de Pista;1;1;;;;;1
17/10/2018;21:07:00;434;sem vítima;417,900;BR-116/PR;Norte;Tombamento;1;2;;;;;1
18/10/2018;01:45:00;26;sem vítima;421,500;BR-116/PR;Norte;Colisão Lateral;2;3;;;;;1
18/10/2018;01:57:00;31;sem vítima;285,800;BR-116/PR;Norte;Colisão Lateral;2;2;;;;;1
18/10/2018;05:37:00;79;com vítima;48,0;BR-116/PR;Sul;Colisão Traseira;2;1;;1;;;2
18/10/2018;17:38:00;394;sem vítima;387,80;BR-116/PR;Norte;Colisão Traseira;2;4;;;;;1
19/10/2018;01:47:00;36;sem vítima;430,300;BR-116/PR;Norte;Saida de Pista;1;1;;;;;1
19/10/2018;11:45:00;250;com vítima;435,0;BR-116/PR;Norte;Choque - Talude;1;1;1;;;;1
19/10/2018;11:53:00;255;sem vítima;396,400;BR-116/PR;Norte;Saida de Pista;1;1;;;;;1
19/10/2018;14:59:00;314;com vítima;305,750;BR-116/PR;Sul;Choque - Poste;1;;1;;;;1
19/10/2018;17:45:00;375;com vítima;39,200;BR-116/PR;Sul;Colisão Traseira;1;2;;;;1;3
19/10/2018;20:27:00;427;sem vítima;285,200;BR-116/PR;Sul;Colisão Lateral;1;6;;;;;1
20/10/2018;00:35:00;12;com vítima;462,600;BR-116/PR;Sul;Colisão Traseira;2;1;2;;;;1
20/10/2018;04:28:00;67;com vítima;324,950;BR-116/PR;Norte;Colisão Traseira;1;1;1;;;;1
20/10/2018;12:19:00;239;sem vítima;358,500;BR-116/PR;Sul;Choque - Defensa, barreira ou  submarino ;1;1;;;;;1
20/10/2018;15:18:00;290;sem vítima;485,800;BR-116/PR;Sul;Colisão Traseira;2;2;;;;;1
20/10/2018;17:50:00;338;com vítima;473,500;BR-116/PR;Norte;Colisão Traseira;1;1;1;;;;1
20/10/2018;18:14:00;342;com vítima;360,200;BR-116/PR;Norte;Tombamento;1;;;1;;;2
21/10/2018;01:05:00;15;sem vítima;351,700;BR-116/PR;Sul;Saida de Pista;1;1;;;;;1
21/10/2018;13:12:00;179;com vítima;567,700;BR-116/PR;Norte;Tombamento;1;;1;;;;1
23/10/2018;06:27:00;119;sem vítima;28,0;BR-116/PR;Norte;Choque - Defensa, barreira ou  submarino ;1;1;;;;;1
23/10/2018;06:46:00;124;com vítima;269,800;BR-116/PR;Norte;Colisão Traseira;1;4;1;;;;1
23/10/2018;10:42:00;208;sem vítima;497,0;BR-116/PR;Sul;Choque - Defensa, barreira ou  submarino ;1;1;;;;;1
23/10/2018;17:18:00;356;sem vítima;509,800;BR-116/PR;Norte;Colisão Lateral;1;2;;;;;1
23/10/2018;21:17:00;428;sem vítima;463,0;BR-116/PR;Sul;Colisão Traseira;2;2;;;;;1
24/10/2018;04:53:00;58;sem vítima;513,0;BR-116/PR;Norte;Colisão Traseira;2;2;;;;;1
24/10/2018;05:42:00;65;sem vítima;349,800;BR-116/PR;Sul;Choque - Defensa, barreira ou  submarino ;1;1;;;;;1
24/10/2018;05:59:00;75;sem vítima;18,600;BR-116/PR;Norte;Saida de Pista;1;2;;;;;1
24/10/2018;07:08:00;97;sem vítima;28,0;BR-116/PR;Norte;Choque - Defensa, barreira ou  submarino ;1;1;;;;;1
24/10/2018;19:49:00;337;sem vítima;15,600;BR-116/PR;Sul;Colisão Lateral;1;2;;;;;1
24/10/2018;23:04:00;400;com vítima;512,800;BR-116/PR;Norte;Tombamento;1;;;;;1;3
24/10/2018;23:27:00;404;sem vítima;507,500;BR-116/PR;Norte;Colisão Traseira;1;3;;;;;1
25/10/2018;00:16:00;6;com vítima;354,600;BR-116/PR;Sul;Tombamento;2;2;;;;1;3
25/10/2018;05:16:00;57;sem vítima;424,950;BR-116/PR;Sul;Saida de Pista;1;1;;;;;1
25/10/2018;06:07:00;71;sem vítima;305,200;BR-116/PR;Sul;Saida de Pista;1;1;;;;;1
25/10/2018;08:29:00;121;sem vítima;548,0;BR-116/PR;Sul;Choque - Defensa, barreira ou  submarino ;1;1;;;;;1
25/10/2018;09:19:00;139;sem vítima;499,300;BR-116/PR;Sul;Tombamento;1;1;;;;;1
25/10/2018;09:34:00;146;sem vítima;361,200;BR-116/PR;Sul;Colisão Traseira;2;2;;;;;1
25/10/2018;13:43:00;218;sem vítima;545,600;BR-116/PR;Sul;Choque - Talude;1;1;;;;;1
25/10/2018;14:53:00;250;sem vítima;297,0;BR-116/PR;Sul;Choque - Poste;1;1;;;;;1
25/10/2018;16:06:00;271;sem vítima;499,300;BR-116/PR;Sul;Colisão Lateral;1;2;;;;;1
25/10/2018;20:19:00;349;sem vítima;561,500;BR-116/PR;Sul;Engavetamento;3;3;;;;;1
26/10/2018;04:58:00;71;sem vítima;520,400;BR-116/PR;Norte;Choque - Elemento de Drenagem;1;1;;;;;1
26/10/2018;08:02:00;140;com vítima;529,0;BR-116/PR;Norte;Colisão Traseira;1;4;1;;;;1
26/10/2018;09:34:00;185;com vítima;509,300;BR-116/PR;Sul;Tombamento;1;;1;;;;1
26/10/2018;17:41:00;337;com vítima;350,300;BR-116/PR;Sul;Colisão Traseira;1;1;1;;;;1
26/10/2018;22:53:00;433;sem vítima;542,900;BR-116/PR;Norte;Colisão Lateral;1;38;;;;;1
26/10/2018;23:27:00;438;sem vítima;504,400;BR-116/PR;Sul;Saida de Pista;1;1;;;;;1
27/10/2018;04:42:00;72;sem vítima;517,600;BR-116/PR;Sul;Saida de Pista;1;1;;;;;1
27/10/2018;05:01:00;76;sem vítima;434,400;BR-116/PR;Norte;Saida de Pista;1;1;;;;;1
27/10/2018;15:19:00;303;sem vítima;530,0;BR-116/PR;Norte;Saida de Pista;1;1;;;;;1
27/10/2018;15:26:00;309;sem vítima;431,100;BR-116/PR;Sul;Colisão Traseira;1;3;;;;;1
29/10/2018;08:19:00;108;sem vítima;270,300;BR-116/PR;Norte;Colisão Lateral;1;4;;;;;1
29/10/2018;08:34:00;113;com vítima;270,300;BR-116/PR;Norte;Queda de Moto;1;1;1;;;;1
29/10/2018;10:38:00;158;sem vítima;507,0;BR-116/PR;Norte;Choque - Defensa, barreira ou  submarino ;1;1;;;;;1
29/10/2018;16:40:00;281;sem vítima;348,300;BR-116/PR;Sul;Choque - Defensa, barreira ou  submarino ;1;1;;;;;1
30/10/2018;07:00:00;89;sem vítima;364,200;BR-116/PR;Norte;Choque - Defensa, barreira ou  submarino ;1;1;;;;;1
30/10/2018;12:09:00;214;sem vítima;326,800;BR-116/PR;Sul;Colisão Lateral;1;3;;;;;1
30/10/2018;17:19:00;314;sem vítima;63,300;BR-116/PR;Norte;Colisão Traseira;3;3;;;;;1
31/10/2018;08:38:00;160;sem vítima;28,100;BR-116/PR;Norte;Tombamento;1;1;;;;;1
31/10/2018;05:04:00;71;sem vítima;519,400;BR-116/PR;Norte;Colisão Traseira;2;2;;;;;1
31/10/2018;16:06:00;335;com vítima;281,800;BR-116/PR;Sul;Colisão Traseira;1;1;1;;;;1
31/10/2018;18:59:00;405;sem vítima;384,0;BR-116/PR;Norte;Saida de Pista;1;1;;;;;1
01/11/2018;09:13:00;162;sem vítima;351,3;BR-116/PR;Norte;Incêndio;1;1;;;;;1
01/11/2018;15:30:00;302;sem vítima;514;BR-116/PR;Norte;Choque - Veiculo parado no acostamento;1;2;;;;;1
02/11/2018;08:12:00;123;com vítima;544,5;BR-116/PR;Norte;Tombamento;1;;1;;;;1
02/11/2018;02:52:00;32;sem vítima;381,3;BR-116/PR;Sul;Tombamento;1;1;;;;;1
02/11/2018;07:28:00;109;sem vítima;286,9;BR-116/PR;Norte;Tombamento;1;1;;;;;1
02/11/2018;09:42:00;149;sem vítima;282,1;BR-116/PR;Norte;Colisão Lateral;1;6;;;;;1
03/11/2018;16:37:00;288;sem vítima;42,3;BR-116/PR;Norte;Choque - Defensa, barreira ou  submarino ;1;1;;;;;1
03/11/2018;18:04:00;340;sem vítima;349,8;BR-116/PR;Sul;Choque - Defensa, barreira ou  submarino ;1;1;;;;;1
03/11/2018;15:50:00;257;sem vítima;534,1;BR-116/PR;Sul;Choque - Defensa, barreira ou  submarino ;1;1;;;;;1
04/11/2018;01:34:00;12;sem vítima;284,5;BR-116/PR;Sul;Colisão Traseira;1;3;;;;;1
04/11/2018;08:20:00;106;sem vítima;544,5;BR-116/PR;Norte;Tombamento;1;1;;;;;1
04/11/2018;02:59:00;33;sem vítima;52,7;BR-116/PR;Sul;Tombamento;1;2;;;;;1
06/11/2018;19:30:00;334;sem vítima;283;BR-116/PR;Norte;Colisão Traseira;1;2;;;;;1
06/11/2018;21:31:00;372;sem vítima;15,4;BR-116/PR;Norte;Colisão Lateral;2;2;;;;;1
06/11/2018;00:45:00;17;com vítima;511;BR-116/PR;Sul;Colisão Lateral;2;1;1;;;;1
06/11/2018;06:33:00;82;sem vítima;281,3;BR-116/PR;Norte;Colisão Lateral;1;2;;;;;1
06/11/2018;08:12:00;99;com vítima;360,4;BR-116/PR;Norte;Tombamento;1;;1;;;;1
07/11/2018;02:03:00;35;com vítima;9,95;BR-116/CW;Sul;Colisão Traseira;1;2;;1;;;2
07/11/2018;04:14:00;60;sem vítima;503,4;BR-116/PR;Sul;Choque - Elemento de Drenagem;1;1;;;;;1
07/11/2018;08:05:00;109;sem vítima;520;BR-116/PR;Norte;Saida de Pista;1;1;;;;;1
07/11/2018;12:43:00;192;sem vítima;517;BR-116/PR;Norte;Capotamento;1;2;;;;;1
07/11/2018;13:31:00;203;sem vítima;545;BR-116/PR;Norte;Tombamento;1;1;;;;;1
07/11/2018;14:21:00;228;com vítima;560,5;BR-116/PR;Sul;Tombamento;1;;1;;;;1
07/11/2018;01:42:00;29;sem vítima;7,8;BR-116/PR;Sul;Colisão Traseira;1;3;;;;;1
07/11/2018;07:45:00;101;sem vítima;328,7;BR-116/PR;Sul;Tombamento;1;1;;;;;1
07/11/2018;19:08:00;308;com vítima;339,9;BR-116/PR;Norte;Colisão Lateral;1;1;2;;;;1
07/11/2018;17:38:00;289;com vítima;340;BR-116/PR;Norte;Tombamento;1;;1;;;;1
08/11/2018;13:26:00;212;sem vítima;280,3;BR-116/PR;Norte;Colisão Lateral;1;3;;;;;1
08/11/2018;09:05:00;138;sem vítima;42,5;BR-116/PR;Norte;Tombamento;1;2;;;;;1
08/11/2018;09:06:00;140;sem vítima;517,8;BR-116/PR;Norte;Saida de Pista;1;1;;;;;1
08/11/2018;13:40:00;216;sem vítima;545,3;BR-116/PR;Norte;Choque - Defensa, barreira ou  submarino ;1;1;;;;;1
08/11/2018;15:56:00;268;sem vítima;46,85;BR-116/PR;Norte;Choque - Defensa, barreira ou  submarino ;1;1;;;;;1
08/11/2018;20:59:00;365;sem vítima;499;BR-116/PR;Sul;Tombamento;1;2;;;;;1
08/11/2018;16:12:00;274;com vítima;362,8;BR-116/PR;Sul;Tombamento;1;;;1;1;;2
08/11/2018;16:58:00;294;com vítima;321;BR-116/PR;Norte;Choque - Defensa, barreira ou  submarino ;1;;1;;;;1
09/11/2018;16:58:00;358;sem vítima;280,5;BR-116/PR;Sul;Engavetamento;3;6;;;;;1
09/11/2018;11:29:00;213;sem vítima;555,3;BR-116/PR;Sul;Tombamento;1;1;;;;;1
09/11/2018;13:00:00;238;sem vítima;568;BR-116/PR;Norte;Saida de Pista;1;1;;;;;1
09/11/2018;07:55:00;127;com vítima;362;BR-116/PR;Sul;Tombamento;1;;1;;;;1
10/11/2018;22:22:00;387;com vítima;26,7;BR-116/PR;Sul;Tombamento;1;1;1;;;;1
10/11/2018;16:16:00;290;com vítima;32,6;BR-116/PR;Norte;Tombamento;1;;;;1;;2
10/11/2018;00:35:00;12;sem vítima;396,5;BR-116/PR;Sul;Tombamento;1;2;;;;;1
10/11/2018;14:35:00;259;sem vítima;511,5;BR-116/PR;Sul;Colisão Lateral;2;3;;;;;1
10/11/2018;16:46:00;298;sem vítima;342,2;BR-116/PR;Norte;Colisão Lateral;1;2;;;;;1
10/11/2018;20:34:00;352;sem vítima;523,6;BR-116/PR;Sul;Saida de Pista;1;1;;;;;1
11/11/2018;14:15:00;231;sem vítima;276;BR-116/PR;Norte;Engavetamento;1;4;;;;;1
11/11/2018;16:13:00;277;com vítima;286,3;BR-116/PR;Norte;Colisão Traseira;1;3;;1;;;2
12/11/2018;12:16:00;225;sem vítima;57;BR-116/PR;Norte;Colisão Lateral;1;4;;;;;1
12/11/2018;13:07:00;235;sem vítima;57,2;BR-116/PR;Norte;Colisão Traseira;2;2;;;;;1
12/11/2018;23:39:00;450;sem vítima;443,8;BR-116/PR;Norte;Atropelamento de Animal;1;2;;;;;1
12/11/2018;16:49:00;308;sem vítima;370,4;BR-116/PR;Sul;Colisão Traseira;1;2;;;;;1
13/11/2018;00:47:00;9;sem vítima;374,1;BR-116/PR;Sul;Colisão Traseira;2;2;;;;;1
13/11/2018;06:33:00;89;sem vítima;511,7;BR-116/PR;Norte;Tombamento;1;1;;;;;1
13/11/2018;18:33:00;342;sem vítima;298,8;BR-116/PR;Norte;Colisão Traseira;1;2;;;;;1
13/11/2018;02:55:00;43;sem vítima;365,9;BR-116/PR;Sul;Colisão Traseira;2;2;;;;;1
13/11/2018;07:12:00;97;sem vítima;518,5;BR-116/PR;Sul;Tombamento;1;1;;;;;1
13/11/2018;22:13:00;405;sem vítima;300,8;BR-116/PR;Norte;Colisão Lateral;1;2;;;;;1
13/11/2018;05:57:00;81;sem vítima;548,2;BR-116/PR;Norte;Saida de Pista;1;1;;;;;1
13/11/2018;11:50:00;208;com vítima;396,8;BR-116/PR;Sul;Colisão Traseira;1;1;;;;1;3
13/11/2018;04:26:00;60;sem vítima;511,4;BR-116/PR;Norte;Tombamento;1;2;;;;;1
13/11/2018;19:01:00;350;sem vítima;353,2;BR-116/PR;Sul;Saida de Pista;1;1;;;;;1
13/11/2018;00:51:00;10;sem vítima;548,5;BR-116/PR;Norte;Colisão Traseira;2;2;;;;;1
14/11/2018;19:49:00;434;sem vítima;323,9;BR-116/PR;Sul;Colisão Lateral;1;2;;;;;1
14/11/2018;03:47:00;58;sem vítima;46,6;BR-116/PR;Sul;Tombamento;1;1;;;;;1
14/11/2018;05:57:00;96;sem vítima;546,3;BR-116/PR;Sul;Tombamento;1;2;;;;;1
14/11/2018;14:10:00;286;sem vítima;279,3;BR-116/PR;Norte;Engavetamento;3;4;;;;;1
14/11/2018;00:50:00;15;sem vítima;362;BR-116/PR;Sul;Tombamento;1;2;;;;;1
14/11/2018;09:53:00;187;sem vítima;359;BR-116/PR;Sul;Colisão Traseira;1;8;;;;;1
15/11/2018;09:58:00;147;sem vítima;451,8;BR-116/PR;Sul;Colisão Lateral;1;2;;;;;1
15/11/2018;14:17:00;246;sem vítima;485,7;BR-116/PR;Sul;Colisão Traseira;1;2;;;;;1
15/11/2018;02:10:00;34;sem vítima;347,2;BR-116/PR;Sul;Colisão Traseira;2;2;;;;;1
15/11/2018;04:59:00;59;sem vítima;48,1;BR-116/PR;Sul;Colisão Traseira;2;2;;;;;1
15/11/2018;08:57:00;127;sem vítima;544,5;BR-116/PR;Norte;Colisão Traseira;2;2;;;;;1
15/11/2018;08:38:00;120;com vítima;544,5;BR-116/PR;Norte;Tombamento;1;;1;;;;1
16/11/2018;18:33:00;337;sem vítima;398;BR-116/PR;Sul;Colisão Traseira;2;2;;;;;1
16/11/2018;04:55:00;78;sem vítima;307,7;BR-116/PR;Sul;Choque - Defensa, barreira ou  submarino ;1;2;;;;;1
16/11/2018;04:37:00;73;sem vítima;463,8;BR-116/PR;Sul;Colisão Traseira;2;3;;;;;1
17/11/2018;04:08:00;59;sem vítima;405,5;BR-116/PR;Sul;Tombamento;1;1;;;;;1
17/11/2018;20:44:00;345;sem vítima;357,5;BR-116/PR;Norte;Choque - Defensa, barreira ou  submarino ;1;1;;;;;1
18/11/2018;11:37:00;164;sem vítima;564;BR-116/PR;Sul;Outros;1;1;;;;;1
18/11/2018;16:01:00;267;sem vítima;22;BR-116/PR;Norte;Tombamento;1;1;;;;;1
18/11/2018;16:32:00;278;sem vítima;22,7;BR-116/PR;Norte;Engavetamento;1;5;;;;;1
18/11/2018;16:53:00;290;com vítima;409,2;BR-116/PR;Norte;Tombamento;1;1;1;1;;;2
18/11/2018;22:07:00;404;com vítima;456;BR-116/PR;Norte;Tombamento;1;;3;1;;;2
18/11/2018;10:48:00;142;sem vítima;320,6;BR-116/PR;Norte;Colisão Traseira;1;2;;;;;1
19/11/2018;04:28:00;53;sem vítima;363,7;BR-116/PR;Norte;Colisão Lateral;1;5;;;;;1
19/11/2018;09:07:00;134;sem vítima;305,2;BR-116/PR;Sul;Choque - Defensa, barreira ou  submarino ;1;1;;;;;1
19/11/2018;10:01:00;153;sem vítima;550,2;BR-116/PR;Norte;Engavetamento;2;8;;;;;1
20/11/2018;14:49:00;280;sem vítima;363,6;BR-116/PR;Norte;Choque - Defensa, barreira ou  submarino ;1;1;;;;;1
20/11/2018;03:11:00;40;sem vítima;1,8;BR-116/PR;Sul;Colisão Traseira;1;41;;;;;1
21/11/2018;23:56:00;446;sem vítima;338,5;BR-116/PR;Norte;Choque - Defensa, barreira ou  submarino ;1;2;;;;;1
21/11/2018;10:59:00;197;sem vítima;25,3;BR-116/PR;Sul;Choque - Defensa, barreira ou  submarino ;1;1;;;;;1
21/11/2018;17:43:00;335;sem vítima;517,8;BR-116/PR;Norte;Choque - Arvore;1;1;;;;;1
22/11/2018;17:02:00;312;com vítima;363;BR-116/PR;Norte;Tombamento;1;;1;;;;1
22/11/2018;09:45:00;178;com vítima;61,2;BR-116/PR;Sul;Colisão Lateral;2;4;;1;;;2
22/11/2018;16:21:00;298;sem vítima;287;BR-116/PR;Norte;Colisão Lateral;1;2;;;;;1
22/11/2018;10:23:00;195;com vítima;363,5;BR-116/PR;Norte;Tombamento;1;;;1;;;2
22/11/2018;18:49:00;348;com vítima;6;BR-116/PR;Sul;Colisão Traseira;2;2;2;;;;1
22/11/2018;12:09:00;222;sem vítima;395,6;BR-116/PR;Norte;Tombamento;1;1;;;;;1
23/11/2018;18:04:00;344;sem vítima;59,1;BR-116/PR;Sul;Colisão Traseira;1;4;;;;;1
23/11/2018;19:12:00;360;sem vítima;385,4;BR-116/PR;Norte;Tombamento;1;2;;;;;1
23/11/2018;22:31:00;422;sem vítima;503,4;BR-116/PR;Sul;Tombamento;1;1;;;;;1
23/11/2018;19:21:00;361;sem vítima;308,5;BR-116/PR;Sul;Colisão Traseira;1;4;;;;;1
24/11/2018;11:21:00;182;sem vítima;331;BR-116/PR;Sul;Colisão Lateral;1;2;;;;;1
24/11/2018;03:50:00;50;sem vítima;376,5;BR-116/PR;Norte;Saida de Pista;1;2;;;;;1
24/11/2018;06:50:00;96;sem vítima;3;BR-116/PR;Norte;Saida de Pista;1;3;;;;;1
24/11/2018;13:34:00;216;com vítima;499;BR-116/PR;Sul;Choque - Defensa, barreira ou  submarino ;1;;2;;;;1
24/11/2018;16:12:00;274;sem vítima;518,2;BR-116/PR;Norte;Tombamento;1;1;;;;;1
24/11/2018;17:38:00;301;com vítima;334,8;BR-116/PR;Norte;Colisão Traseira;1;1;;;1;1;3
24/11/2018;21:27:00;357;sem vítima;519,2;BR-116/PR;Norte;Colisão Traseira;2;3;;;;;1
25/11/2018;03:39:00;51;com vítima;390,8;BR-116/PR;Sul;Colisão Traseira;2;2;1;;;;1
25/11/2018;17:25:00;281;com vítima;33;BR-116/PR;Norte;Tombamento;1;;2;;;;1
25/11/2018;17:37:00;286;com vítima;26,4;BR-116/PR;Norte;Tombamento;1;;;;1;1;3
25/11/2018;10:05:00;125;sem vítima;282;BR-116/PR;Norte;Choque - Defensa, barreira ou  submarino ;1;9;;;;;1
25/11/2018;10:28:00;133;sem vítima;282;BR-116/PR;Norte;Colisão Lateral;1;4;;;;;1
25/11/2018;07:52:00;99;com vítima;564,3;BR-116/PR;Sul;Tombamento;1;;;;1;;2
26/11/2018;02:26:00;29;sem vítima;347,3;BR-116/PR;Norte;Choque - Defensa, barreira ou  submarino ;1;1;;;;;1
26/11/2018;19:20:00;358;sem vítima;363,6;BR-116/PR;Norte;Tombamento;1;1;;;;;1
26/11/2018;02:33:00;30;sem vítima;542,9;BR-116/PR;Norte;Colisão Traseira;2;2;;;;;1
26/11/2018;08:28:00;118;com vítima;562,7;BR-116/PR;Sul;Tombamento;1;;1;;;;1
26/11/2018;04:52:00;50;sem vítima;303;BR-116/PR;Sul;Choque - Objeto sobre a pista;1;4;;;;;1
26/11/2018;21:33:00;394;com vítima;42,1;BR-116/PR;Sul;Choque - Defensa, barreira ou  submarino ;1;;;1;;;2
27/11/2018;07:37:00;100;sem vítima;485,7;BR-116/PR;Norte;Colisão Transversal;4;4;;;;;1
27/11/2018;08:22:00;118;sem vítima;425;BR-116/PR;Norte;Colisão Traseira;1;3;;;;;1
28/11/2018;10:54:00;185;sem vítima;282,8;BR-116/PR;Sul;Colisão Lateral;1;2;;;;;1
28/11/2018;22:09:00;400;com vítima;281,1;BR-116/PR;Norte;Capotamento;1;2;1;;;;1
29/11/2018;21:18:00;405;sem vítima;50,2;BR-116/PR;Sul;Choque - Defensa, barreira ou  submarino ;1;2;;;;;1
29/11/2018;17:10:00;331;sem vítima;516,95;BR-116/PR;Sul;Tombamento;1;1;;;;;1
29/11/2018;16:17:00;312;sem vítima;269,1;BR-116/PR;Norte;Colisão Traseira;1;2;;;;;1
29/11/2018;20:11:00;388;sem vítima;321,5;BR-116/PR;Sul;Colisão Traseira;2;2;;;;;1
29/11/2018;13:48:00;260;sem vítima;359;BR-116/PR;Sul;Colisão Traseira;2;2;;;;;1
30/11/2018;19:11:00;354;sem vítima;464,5;BR-116/PR;Sul;Colisão Traseira;2;2;;;;;1
30/11/2018;14:44:00;271;com vítima;318,1;BR-116/PR;Sul;Colisão Traseira;1;1;;3;;;2
30/11/2018;13:50:00;241;com vítima;346;BR-116/PR;Norte;Colisão Traseira;1;1;1;;;;1
30/11/2018;14:37:00;270;com vítima;36,75;BR-116/PR;Norte;Colisão Traseira;1;1;;1;;;2
30/11/2018;18:45:00;343;com vítima;325,2;BR-116/PR;Norte;Colisão Traseira;2;1;;;1;;2
30/11/2018;20:14:00;366;sem vítima;25,5;BR-116/PR;Norte;Saida de Pista;1;1;;;;;1
01/12/2018;00:23:00;7;sem vítima;420,600;BR-116/PR;Norte;Saida de Pista;1;1;;;;;1
01/12/2018;00:30:00;10;sem vítima;431,600;BR-116/PR;Sul;Saida de Pista;1;1;;;;;1
01/12/2018;04:46:00;68;com vítima;361,400;BR-116/PR;Norte;Tombamento;1;;1;;;;1
01/12/2018;12:47:00;228;sem vítima;315,300;BR-116/PR;Sul;Colisão Traseira;1;6;;;;;1
02/12/2018;14:08:00;218;sem vítima;357,0;BR-116/PR;Sul;Colisão Traseira;2;3;;;;;1
02/12/2018;16:06:00;264;sem vítima;67,0;BR-116/PR;Sul;Choque - Objeto sobre a pista;1;3;;;;;1
03/12/2018;06:32:00;105;sem vítima;545,0;BR-116/PR;Norte;Choque - Defensa, barreira ou  submarino ;1;1;;;;;1
03/12/2018;09:38:00;167;sem vítima;289,800;BR-116/PR;Norte;Colisão Lateral;1;2;;;;;1
03/12/2018;18:13:00;364;com vítima;16,100;BR-116/CW;Norte;Engavetamento;1;3;1;;;;1
03/12/2018;23:22:00;446;sem vítima;282,500;BR-116/PR;Sul;Colisão Lateral;1;6;;;;;1
03/12/2018;23:49:00;452;com vítima;516,700;BR-116/PR;Norte;Colisão Traseira;2;2;1;;;;1
04/12/2018;02:08:00;29;com vítima;555,0;BR-116/PR;Sul;Tombamento;1;;1;;;;1
04/12/2018;03:16:00;41;com vítima;475,500;BR-116/PR;Norte;Colisão Traseira;2;;1;;1;;2
04/12/2018;06:44:00;80;com vítima;483,950;BR-116/PR;Norte;Engavetamento;3;3;1;;1;;2
04/12/2018;10:07:00;145;sem vítima;353,0;BR-116/PR;Sul;Saida de Pista;1;1;;;;;1
04/12/2018;10:21:00;151;sem vítima;351,900;BR-116/PR;Sul;Colisão Traseira;2;2;;;;;1
04/12/2018;10:54:00;159;com vítima;439,900;BR-116/PR;Norte;Engavetamento;3;2;1;;;;1
04/12/2018;16:09:00;273;sem vítima;305,0;BR-116/PR;Sul;Choque - Defensa, barreira ou  submarino ;1;1;;;;;1
04/12/2018;17:09:00;295;sem vítima;484,300;BR-116/PR;Norte;Tombamento;2;3;;;;;1
05/12/2018;00:57:00;21;sem vítima;4,700;BR-116/PR;Sul;Colisão Traseira;2;2;;;;;1
05/12/2018;08:38:00;128;com vítima;337,0;BR-116/PR;Sul;Colisão Traseira;1;1;;1;;;2
05/12/2018;10:48:00;183;sem vítima;273,520;BR-116/PR;Norte;Colisão Lateral;2;2;;;;;1
05/12/2018;11:50:00;220;sem vítima;288,0;BR-116/PR;Norte;Colisão Lateral;1;3;;;;;1
05/12/2018;15:53:00;340;sem vítima;475,300;BR-116/PR;Sul;Colisão Lateral;1;2;;;;;1
05/12/2018;17:09:00;379;sem vítima;426,800;BR-116/PR;Norte;Colisão Traseira;2;3;;;;;1
06/12/2018;04:03:00;81;sem vítima;373,0;BR-116/PR;Norte;Colisão Traseira;2;2;;;;;1
06/12/2018;07:24:00;126;sem vítima;485,700;BR-116/PR;Sul;Colisão Lateral;1;3;;;;;1
06/12/2018;16:26:00;335;sem vítima;522,800;BR-116/PR;Sul;Colisão Traseira;2;2;;;;;1
07/12/2018;02:47:00;46;sem vítima;363,800;BR-116/PR;Sul;Saida de Pista;1;1;;;;;1
07/12/2018;04:26:00;64;sem vítima;25,0;BR-116/PR;Norte;Tombamento;1;1;;;;;1
07/12/2018;07:22:00;108;sem vítima;541,0;BR-116/PR;Sul;Colisão Traseira;1;6;;;;;1
07/12/2018;11:01:00;189;sem vítima;362,0;BR-116/PR;Sul;Choque - Defensa, barreira ou  submarino ;1;2;;;;;1
07/12/2018;11:22:00;194;sem vítima;542,0;BR-116/PR;Sul;Colisão Transversal;2;2;;;;;1
07/12/2018;11:25:00;198;sem vítima;298,0;BR-116/PR;Sul;Colisão Traseira;1;2;;;;;1
07/12/2018;20:42:00;409;sem vítima;517,800;BR-116/PR;Norte;Tombamento;1;1;;;;;1
07/12/2018;20:56:00;411;sem vítima;18,0;BR-116/PR;Norte;Tombamento;1;3;;;;;1
08/12/2018;02:27:00;29;sem vítima;564,100;BR-116/PR;Sul;Tombamento;1;1;;;;;1
08/12/2018;19:48:00;352;sem vítima;307,400;BR-116/PR;Sul;Colisão Traseira;1;2;;;;;1
09/12/2018;14:54:00;243;sem vítima;283,0;BR-116/PR;Norte;Choque - Defensa, barreira ou  submarino ;1;5;;;;;1
09/12/2018;15:42:00;262;com vítima;339,600;BR-116/PR;Norte;Tombamento;1;;1;;;;1