data;horario;n_da_ocorrencia;tipo_de_ocorrencia;km;trecho;sentido;tipo_de_acidente;caminhao;ilesos;levemente_feridos;moderadamente_feridos;gravemente_feridos;mortos;3
10/12/2018;16:47:00;302;com vítima;474,0;BR-116/PR;Norte;Capotamento;1;;2;;;;1
11/12/2018;01:26:00;26;sem vítima;396,500;BR-116/PR;Norte;Colisão Traseira;2;3;;;;;1
11/12/2018;08:58:00;143;sem vítima;281,0;BR-116/PR;Norte;Colisão Lateral;1;2;;;;;1
11/12/2018;09:33:00;160;sem vítima;281,0;BR-116/PR;Sul;Colisão Lateral;1;2;;;;;1
11/12/2018;10:01:00;171;sem vítima;64,100;BR-116/PR;Sul;Colisão Traseira;2;2;;;;;1
11/12/2018;12:32:00;222;com vítima;316,800;BR-116/PR;Sul;Colisão Traseira;1;1;1;;;;1
11/12/2018;14:03:00;257;sem vítima;28,100;BR-116/PR;Norte;Tombamento;1;1;;;;;1
11/12/2018;18:51:00;379;sem vítima;320,500;BR-116/PR;Norte;Colisão Lateral;1;2;;;;;1
12/12/2018;02:35:00;37;sem vítima;485,700;BR-116/PR;Norte;Atropelamento de Animal;1;1;;;;;1
12/12/2018;14:20:00;283;sem vítima;346,600;BR-116/PR;Sul;Colisão Lateral;2;2;;;;;1
12/12/2018;15:54:00;322;sem vítima;420,100;BR-116/PR;Sul;Colisão Traseira;2;2;;;;;1
12/12/2018;16:25:00;330;com vítima;323,400;BR-116/PR;Sul;Capotamento;1;5;2;;;;1
13/12/2018;22:59:00;509;sem vítima;388,900;BR-116/PR;Sul;Saida de Pista;1;1;;;;;1
13/12/2018;04:07:00;56;com vítima;345,0;BR-116/PR;Norte;Choque - Defensa, barreira ou  submarino ;1;1;1;;;;1
13/12/2018;06:37:00;97;com vítima;276,0;BR-116/PR;Sul;Engavetamento;1;4;1;;;;1
13/12/2018;15:19:00;301;sem vítima;535,0;BR-116/PR;Sul;Choque - Elemento de Drenagem;1;1;;;;;1
14/12/2018;01:52:00;26;sem vítima;358,0;BR-116/PR;Norte;Choque - Defensa, barreira ou  submarino ;1;1;;;;;1
14/12/2018;02:09:00;33;sem vítima;361,0;BR-116/PR;Norte;Choque - Defensa, barreira ou  submarino ;1;3;;;;;1
14/12/2018;11:10:00;225;com vítima;280,0;BR-116/PR;Norte;Colisão Lateral;1;3;1;;;;1
14/12/2018;16:24:00;357;sem vítima;336,300;BR-116/PR;Norte;Colisão Lateral;2;2;;;;;1
14/12/2018;18:58:00;436;sem vítima;503,400;BR-116/PR;Sul;Tombamento;1;1;;;;;1
15/12/2018;01:41:00;29;com vítima;28,0;BR-116/PR;Norte;Tombamento;1;;2;;;;1
15/12/2018;05:58:00;75;sem vítima;28,900;BR-116/PR;Sul;Colisão Traseira;1;36;;;;;1
15/12/2018;07:55:00;114;sem vítima;43,500;BR-116/PR;Sul;Tombamento;2;3;;;;;1
15/12/2018;10:31:00;183;com vítima;42,0;BR-116/PR;Norte;Colisão Transversal;1;1;1;;;;1
15/12/2018;11:30:00;205;sem vítima;17,800;BR-116/PR;Sul;Colisão Traseira;2;2;;;;;1
15/12/2018;21:15:00;448;sem vítima;59,700;BR-116/PR;Sul;Engavetamento;2;13;;;;;1
17/12/2018;07:10:00;98;sem vítima;358,500;BR-116/PR;Sul;Colisão Traseira;3;3;;;;;1
17/12/2018;14:57:00;314;sem vítima;429,0;BR-116/PR;Sul;Colisão Lateral;1;2;;;;;1
17/12/2018;17:44:00;376;sem vítima;562,0;BR-116/PR;Norte;Choque - Defensa, barreira ou  submarino ;1;1;;;;;1
17/12/2018;18:32:00;383;sem vítima;298,800;BR-116/PR;Sul;Colisão Traseira;1;3;;;;;1
17/12/2018;18:42:00;386;sem vítima;544,500;BR-116/PR;Norte;Tombamento;1;1;;;;;1
17/12/2018;23:45:00;473;sem vítima;346,0;BR-116/PR;Norte;Colisão Traseira;1;3;;;;;1
18/12/2018;03:40:00;50;sem vítima;477,800;BR-116/PR;Sul;Saida de Pista;1;1;;;;;1
18/12/2018;10:06:00;179;sem vítima;6,0;BR-116/PR;Sul;Colisão Lateral;1;2;;;;;1
18/12/2018;15:36:00;305;sem vítima;283,500;BR-116/PR;Norte;Colisão Traseira;1;2;;;;;1
18/12/2018;16:12:00;323;sem vítima;283,0;BR-116/PR;Norte;Colisão Traseira;1;2;;;;;1
18/12/2018;19:11:00;382;sem vítima;369,500;BR-116/PR;Sul;Colisão Traseira;1;2;;;;;1
19/12/2018;02:30:00;45;sem vítima;499,0;BR-116/PR;Sul;Tombamento;1;1;;;;;1
19/12/2018;04:07:00;61;sem vítima;448,400;BR-116/PR;Norte;Choque - Defensa, barreira ou  submarino ;1;2;;;;;1
19/12/2018;05:55:00;92;sem vítima;340,0;BR-116/PR;Norte;Choque - Defensa, barreira ou  submarino ;1;1;;;;;1
19/12/2018;06:43:00;112;com vítima;273,0;BR-116/PR;Norte;Colisão Traseira;1;4;4;;;;1
19/12/2018;06:57:00;118;com vítima;279,0;BR-116/PR;Norte;Engavetamento;2;5;1;;;;1
19/12/2018;12:34:00;276;sem vítima;342,700;BR-116/PR;Norte;Saida de Pista;1;1;;;;;1
19/12/2018;17:25:00;397;sem vítima;556,50;BR-116/PR;Sul;Choque - Talude;1;1;;;;;1
19/12/2018;16:11:00;405;sem vítima;22,700;BR-116/PR;Norte;Choque - Defensa, barreira ou  submarino ;1;1;;;;;1
19/12/2018;18:22:00;419;sem vítima;540,0;BR-116/PR;Norte;Tombamento;1;1;;;;;1
20/12/2018;01:47:00;49;com vítima;565,500;BR-116/PR;Norte;Colisão Traseira;2;1;;1;;;2
20/12/2018;03:32:00;80;sem vítima;323,500;BR-116/PR;Norte;Colisão Traseira;2;2;;;;;1
20/12/2018;03:44:00;81;sem vítima;546,0;BR-116/PR;Sul;Choque - Defensa, barreira ou  submarino ;1;1;;;;;1
20/12/2018;07:01:00;132;com vítima;487,0;BR-116/PR;Norte;Colisão Traseira;2;;2;;;;1
20/12/2018;08:30:00;172;sem vítima;370,400;BR-116/PR;Sul;Colisão Traseira;1;5;;;;;1
20/12/2018;08:49:00;180;sem vítima;496,0;BR-116/PR;Norte;Choque - Defensa, barreira ou  submarino ;1;6;;;;;1
20/12/2018;10:13:00;210;sem vítima;285,0;BR-116/PR;Norte;Colisão Lateral;1;2;;;;;1
20/12/2018;12:23:00;271;com vítima;425,900;BR-116/PR;Norte;Colisão Traseira;2;2;2;;;;1
20/12/2018;13:11:00;297;sem vítima;543,0;BR-116/PR;Norte;Colisão Lateral;1;2;;;;;1
20/12/2018;20:26:00;527;sem vítima;370,0;BR-116/PR;Norte;Colisão Traseira;1;4;;;;;1
21/12/2018;00:20:00;8;sem vítima;298,600;BR-116/PR;Norte;Colisão Traseira;2;2;;;;;1
21/12/2018;00:34:00;9;sem vítima;393,900;BR-116/PR;Norte;Colisão Traseira;2;2;;;;;1
21/12/2018;04:16:00;91;com vítima;278,0;BR-116/PR;Norte;Tombamento;1;;1;;;;1
21/12/2018;14:14:00;311;com vítima;506,400;BR-116/PR;Sul;Atropelamento - Morador;1;1;;;;1;3
21/12/2018;15:20:00;340;sem vítima;298,600;BR-116/PR;Sul;Colisão Lateral;1;2;;;;;1
21/12/2018;16:18:00;368;sem vítima;280,200;BR-116/PR;Sul;Colisão Traseira;2;2;;;;;1
21/12/2018;16:19:00;369;sem vítima;409,0;BR-116/PR;Sul;Saida de Pista;1;1;;;;;1
21/12/2018;19:49:00;455;com vítima;405,800;BR-116/PR;Sul;Colisão Transversal;1;1;;;;1;3
21/12/2018;20:14:00;463;sem vítima;390,400;BR-116/PR;Sul;Colisão Traseira;1;7;;;;;1
21/12/2018;21:12:00;483;sem vítima;515,0;BR-116/PR;Norte;Colisão Traseira;1;2;;;;;1
22/12/2018;00:11:00;7;sem vítima;335,100;BR-116/PR;Norte;Tombamento;1;2;;;;;1
22/12/2018;02:33:00;56;com vítima;401,0;BR-116/PR;Sul;Colisão Traseira;1;1;1;;;;1
22/12/2018;02:33:00;57;sem vítima;356,950;BR-116/PR;Sul;Colisão Frontal;1;5;;;;;1
22/12/2018;04:56:00;88;sem vítima;340,0;BR-116/PR;Sul;Colisão Traseira;1;4;;;;;1
22/12/2018;06:16:00;109;com vítima;491,400;BR-116/PR;Sul;Colisão Traseira;2;2;1;;;;1
22/12/2018;06:58:00;119;sem vítima;358,500;BR-116/PR;Sul;Colisão Lateral;1;2;;;;;1
22/12/2018;07:28:00;131;sem vítima;283,0;BR-116/PR;Norte;Colisão Lateral;1;2;;;;;1
22/12/2018;16:02:00;400;com vítima;403,0;BR-116/PR;Sul;Choque - Defensa, barreira ou  submarino ;1;1;2;;;;1
22/12/2018;16:15:00;413;com vítima;71,100;BR-116/PR;Sul;Colisão Traseira;1;1;2;;;;1
22/12/2018;17:10:00;436;sem vítima;566,0;BR-116/PR;Sul;Capotamento;1;2;;;;;1
22/12/2018;17:52:00;463;sem vítima;502,300;BR-116/PR;Norte;Choque - Talude;1;1;;;;;1
22/12/2018;21:45:00;570;sem vítima;26,0;BR-116/PR;Norte;Tombamento;1;1;;;;;1
23/12/2018;01:45:00;30;sem vítima;517,800;BR-116/PR;Norte;Colisão Traseira;1;2;;;;;1
23/12/2018;15:30:00;302;com vítima;59,0;BR-116/PR;Sul;Choque - Defensa, barreira ou  submarino ;1;1;1;;;;1
23/12/2018;16:57:00;329;sem vítima;284,800;BR-116/PR;Norte;Colisão Traseira;1;4;;;;;1
23/12/2018;20:58:00;399;sem vítima;292,0;BR-116/PR;Norte;Choque - Defensa, barreira ou  submarino ;1;1;;;;;1
24/12/2018;01:15:00;22;com vítima;426,450;BR-116/PR;Sul;Capotamento;1;1;1;;;;1
24/12/2018;16:21:00;227;com vítima;288,800;BR-116/PR;Norte;Colisão Traseira;1;4;1;;;;1
25/12/2018;03:43:00;29;sem vítima;515,950;BR-116/PR;Sul;Choque - Elemento de Drenagem;1;1;;;;;1
26/12/2018;11:53:00;260;com vítima;358,800;BR-116/PR;Sul;Colisão Traseira;1;2;2;;;;1
26/12/2018;14:37:00;330;sem vítima;387,600;BR-116/PR;Sul;Colisão Lateral;1;2;;;;;1
26/12/2018;17:47:00;412;sem vítima;270,0;BR-116/PR;Sul;Engavetamento;1;8;;;;;1
26/12/2018;21:36:00;481;sem vítima;397,0;BR-116/PR;Sul;Choque - Defensa, barreira ou  submarino ;1;1;;;;;1
26/12/2018;23:23:00;518;sem vítima;347,500;BR-116/PR;Norte;Tombamento;1;2;;;;;1
27/12/2018;00:49:00;15;sem vítima;392,600;BR-116/PR;Sul;Atropelamento de Animal;1;1;;;;;1
27/12/2018;05:03:00;76;sem vítima;361,900;BR-116/PR;Sul;Colisão Lateral;1;2;;;;;1
27/12/2018;07:14:00;112;com vítima;352,900;BR-116/PR;Sul;Engavetamento;1;10;4;;;;1
27/12/2018;10:07:00;172;com vítima;461,200;BR-116/PR;Norte;Tombamento;1;;1;;;;1
27/12/2018;11:52:00;206;sem vítima;269,200;BR-116/PR;Norte;Choque - Poste;1;1;;;;;1
27/12/2018;12:04:00;212;sem vítima;269,250;BR-116/PR;Norte;Colisão Lateral;1;5;;;;;1
27/12/2018;16:03:00;297;com vítima;365,500;BR-116/PR;Sul;Colisão Traseira;2;2;;1;;;2
27/12/2018;16:41:00;314;sem vítima;42,0;BR-116/PR;Norte;Colisão Traseira;2;2;;;;;1
27/12/2018;23:18:00;434;com vítima;511,0;BR-116/PR;Sul;Tombamento;1;;1;;;;1
27/12/2018;23:20:00;436;sem vítima;542,900;BR-116/PR;Sul;Colisão Lateral;1;11;;;;;1
28/12/2018;01:57:00;27;sem vítima;299,0;BR-116/PR;Norte;Colisão Traseira;1;2;;;;;1
29/12/2018;01:16:00;20;sem vítima;407,300;BR-116/PR;Norte;Saida de Pista;1;1;;;;;1
29/12/2018;02:47:00;52;sem vítima;65,0;BR-116/PR;Norte;Atropelamento de Animal;1;1;;;;;1
29/12/2018;09:40:00;168;sem vítima;356,500;BR-116/PR;Sul;Colisão Lateral;1;3;;;;;1
29/12/2018;09:54:00;173;sem vítima;310,600;BR-116/PR;Sul;Colisão Traseira;1;5;;;;;1
30/12/2018;07:08:00;69;sem vítima;322,300;BR-116/PR;Norte;Saida de Pista;1;3;;;;;1
30/12/2018;07:34:00;74;com vítima;353,0;BR-116/PR;Sul;Tombamento;1;11;1;;;;1
01/02/2019;05:02:00;86;com vítima;404,700;BR-116/PR;Norte;Choque - Defensa, barreira ou  submarino ;1;0;1;0;0;0;1
01/02/2019;06:22:00;106;sem vítima;320,800;BR-116/PR;Norte;Colisão Lateral;2;2;0;0;0;0;1
01/02/2019;12:48:00;232;sem vítima;281,700;BR-116/PR;Norte;Engavetamento;1;3;0;0;0;0;1
01/02/2019;15:28:00;307;sem vítima;279,0;BR-116/PR;Sul;Colisão Lateral;1;3;0;0;0;0;1
02/02/2019;05:46:00;84;sem vítima;456,300;BR-116/PR;Sul;Tombamento;1;1;0;0;0;0;1
02/02/2019;12:56:00;242;sem vítima;330,0;BR-116/PR;Sul;Colisão Lateral;2;5;0;0;0;0;1
02/02/2019;23:38:00;510;com vítima;488,700;BR-116/PR;Norte;Colisão Traseira;1;2;3;0;0;0;1
03/02/2019;16:56:00;297;sem vítima;564,200;BR-116/PR;Sul;Tombamento;1;1;0;0;0;0;1
03/02/2019;17:53:00;332;sem vítima;549,900;BR-116/PR;Norte;Colisão Traseira;1;3;0;0;0;0;1
03/02/2019;18:36:00;346;sem vítima;316,0;BR-116/PR;Norte;Saida de Pista;1;1;0;0;0;0;1
03/02/2019;23:26:00;454;sem vítima;298,800;BR-116/PR;Norte;Choque - Veiculo parado na pista;1;6;0;0;0;0;1
04/02/2019;00:45:00;13;sem vítima;349,900;BR-116/PR;Sul;Choque - Talude;1;2;0;0;0;0;1
04/02/2019;01:26:00;21;sem vítima;55,400;BR-116/PR;Norte;Choque - Defensa, barreira ou  submarino ;1;1;0;0;0;0;1
04/02/2019;10:41:00;179;com vítima;286,900;BR-116/PR;Norte;Tombamento;1;0;1;0;0;0;1
04/02/2019;18:02:00;307;sem vítima;18,600;BR-116/PR;Norte;Choque - Talude;1;1;0;0;0;0;1
05/02/2019;01:14:00;18;sem vítima;553,800;BR-116/PR;Norte;Colisão Traseira;2;2;0;0;0;0;1
05/02/2019;06:01:00;87;sem vítima;24,0;BR-116/PR;Norte;Saida de Pista;1;2;0;0;0;0;1
05/02/2019;22:34:00;398;sem vítima;355,500;BR-116/PR;Sul;Choque - Defensa, barreira ou  submarino ;1;1;0;0;0;0;1
06/02/2019;19:28:00;387;sem vítima;511,0;BR-116/PR;Sul;Tombamento;1;1;0;0;0;0;1
06/02/2019;04:52:00;64;sem vítima;520,400;BR-116/PR;Sul;Choque - Defensa, barreira ou  submarino ;1;1;0;0;0;0;1
06/02/2019;19:03:00;380;sem vítima;353,300;BR-116/PR;Sul;Saida de Pista;1;1;0;0;0;0;1
07/02/2019;01:38:00;22;sem vítima;430,700;BR-116/PR;Sul;Choque - Defensa, barreira ou  submarino ;1;2;0;0;0;0;1
07/02/2019;07:54:00;129;sem vítima;286,600;BR-116/PR;Norte;Colisão Traseira;1;2;0;0;0;0;1
07/02/2019;08:15:00;141;com vítima;481,0;BR-116/PR;Norte;Capotamento;1;2;2;0;0;0;1
08/02/2019;01:10:00;27;com vítima;444,0;BR-116/PR;Norte;Tombamento;1;0;1;0;0;0;1
08/02/2019;02:38:00;44;sem vítima;514,800;BR-116/PR;Norte;Tombamento;2;2;0;0;0;0;1
08/02/2019;15:11:00;314;sem vítima;367,0;BR-116/PR;Sul;Choque - Objeto sobre a pista;1;1;0;0;0;0;1
09/02/2019;10:33:00;234;sem vítima;312,0;BR-116/PR;Sul;Colisão Traseira;2;2;0;0;0;0;1
09/02/2019;13:59:00;291;sem vítima;302,0;BR-116/PR;Norte;Colisão Traseira;1;3;0;0;0;0;1
09/02/2019;21:49:00;467;com vítima;296,500;BR-116/PR;Sul;Outros;1;1;1;0;0;0;1
10/02/2019;13:21:00;231;sem vítima;521,0;BR-116/PR;Sul;Choque - Talude;1;1;0;0;0;0;1
10/02/2019;18:11:00;370;sem vítima;283,0;BR-116/PR;Norte;Colisão Traseira;1;4;0;0;0;0;1
11/02/2019;03:01:00;43;sem vítima;282,200;BR-116/PR;Sul;Tombamento;1;2;0;0;0;0;1
11/02/2019;13:15:00;208;com vítima;284,200;BR-116/PR;Sul;Queda de Moto;1;1;1;0;0;0;1
12/02/2019;10:39:00;189;sem vítima;362,0;BR-116/PR;Sul;Tombamento;1;1;0;0;0;0;1
12/02/2019;20:28:00;383;sem vítima;284,0;BR-116/PR;Sul;Colisão Traseira;1;2;0;0;0;0;1
12/02/2019;21:38:00;397;com vítima;513,400;BR-116/PR;Norte;Choque - Talude;1;0;1;0;0;0;1
12/02/2019;02:09:00;31;sem vítima;431,800;BR-116/PR;Norte;Saida de Pista;1;1;0;0;0;0;1
12/02/2019;04:11:00;55;com vítima;347,800;BR-116/PR;Sul;Saida de Pista;1;0;0;1;0;0;2
12/02/2019;23:11:00;425;sem vítima;50,900;BR-116/PR;Norte;Tombamento;1;2;0;0;0;0;1
12/02/2019;23:49:00;430;sem vítima;42,0;BR-116/PR;Sul;Choque - Defensa, barreira ou  submarino ;1;5;0;0;0;0;1
13/02/2019;01:13:00;17;sem vítima;496,300;BR-116/PR;Norte;Tombamento;1;1;0;0;0;0;1
13/02/2019;04:17:00;52;sem vítima;52,200;BR-116/PR;Norte;Tombamento;1;1;0;0;0;0;1
13/02/2019;06:16:00;74;com vítima;349,700;BR-116/PR;Sul;Choque - Talude;1;0;0;1;0;0;2
13/02/2019;07:58:00;110;sem vítima;355,0;BR-116/PR;Sul;Choque - Defensa, barreira ou  submarino ;1;1;0;0;0;0;1
13/02/2019;08:21:00;119;sem vítima;548,0;BR-116/PR;Sul;Engavetamento;6;6;0;0;0;0;1
13/02/2019;09:20:00;136;sem vítima;284,500;BR-116/PR;Norte;Colisão Lateral;1;4;0;0;0;0;1
13/02/2019;12:16:00;195;com vítima;512,500;BR-116/PR;Norte;Tombamento;1;0;1;0;0;0;1
13/02/2019;14:08:00;237;sem vítima;378,900;BR-116/PR;Sul;Colisão Lateral;2;2;0;0;0;0;1
13/02/2019;14:12:00;241;com vítima;560,0;BR-116/PR;Sul;Colisão Traseira;1;1;0;1;0;0;2
13/02/2019;15:05:00;260;sem vítima;358,250;BR-116/PR;Sul;Colisão Traseira;1;2;0;0;0;0;1
14/02/2019;02:00:00;40;com vítima;528,700;BR-116/PR;Sul;Tombamento;1;0;1;0;0;0;1
14/02/2019;04:40:00;62;sem vítima;503,400;BR-116/PR;Sul;Choque - Elemento de Drenagem;1;1;0;0;0;0;1
14/02/2019;06:37:00;94;sem vítima;284,300;BR-116/PR;Norte;Colisão Traseira;1;4;0;0;0;0;1
14/02/2019;07:25:00;107;sem vítima;391,500;BR-116/PR;Norte;Saida de Pista;1;3;0;0;0;0;1
14/02/2019;13:44:00;266;sem vítima;22,500;BR-116/PR;Sul;Saida de Pista;1;1;0;0;0;0;1
14/02/2019;14:03:00;285;com vítima;538,500;BR-116/PR;Norte;Colisão Traseira;2;2;0;0;0;1;3
15/02/2019;03:46:00;62;com vítima;360,200;BR-116/PR;Norte;Tombamento;1;0;1;0;0;0;1
15/02/2019;05:49:00;84;sem vítima;498,300;BR-116/PR;Norte;Tombamento;1;1;0;0;0;0;1
15/02/2019;07:39:00;110;sem vítima;396,0;BR-116/PR;Norte;Saida de Pista;1;1;0;0;0;0;1
15/02/2019;10:10:00;173;sem vítima;363,0;BR-116/PR;Sul;Colisão Traseira;2;2;0;0;0;0;1
15/02/2019;10:26:00;179;sem vítima;549,0;BR-116/PR;Sul;Choque - Defensa, barreira ou  submarino ;1;1;0;0;0;0;1
15/02/2019;10:48:00;186;sem vítima;546,0;BR-116/PR;Sul;Choque - Defensa, barreira ou  submarino ;1;2;0;0;0;0;1
15/02/2019;12:39:00;216;sem vítima;433,700;BR-116/PR;Sul;Capotamento;1;2;0;0;0;0;1
15/02/2019;13:42:00;234;sem vítima;15,500;BR-116/PR;Norte;Tombamento;1;1;0;0;0;0;1
15/02/2019;15:04:00;270;sem vítima;503,300;BR-116/PR;Sul;Colisão Traseira;2;2;0;0;0;0;1
15/02/2019;15:36:00;281;sem vítima;65,0;BR-116/PR;Sul;Saida de Pista;1;1;0;0;0;0;1
15/02/2019;17:01:00;311;sem vítima;535,0;BR-116/PR;Sul;Choque - Defensa, barreira ou  submarino ;1;1;0;0;0;0;1
15/02/2019;17:26:00;321;sem vítima;503,400;BR-116/PR;Sul;Choque - Talude;1;1;0;0;0;0;1
15/02/2019;17:46:00;324;sem vítima;485,400;BR-116/PR;Norte;Tombamento;1;1;0;0;0;0;1
16/02/2019;15:12:00;231;com vítima;545,900;BR-116/PR;Sul;Engavetamento;3;5;1;1;0;0;2
16/02/2019;16:59:00;265;sem vítima;548,500;BR-116/PR;Sul;Colisão Traseira;3;3;0;0;0;0;1
17/02/2019;03:56:00;59;sem vítima;299,800;BR-116/PR;Norte;Saida de Pista;1;1;0;0;0;0;1
17/02/2019;14:09:00;204;com vítima;511,900;BR-116/PR;Norte;Tombamento;1;0;0;1;0;0;2
18/02/2019;06:46:00;103;sem vítima;509,650;BR-116/PR;Norte;Tombamento;1;1;0;0;0;0;1
18/02/2019;14:36:00;273;sem vítima;281,400;BR-116/PR;Norte;Colisão Lateral;2;2;0;0;0;0;1
19/02/2019;00:04:00;2;com vítima;544,500;BR-116/PR;Norte;Tombamento;1;0;1;1;0;0;2
19/02/2019;11:07:00;194;sem vítima;16,0;BR-116/PR;Sul;Saida de Pista;1;2;0;0;0;0;1
19/02/2019;15:11:00;270;com vítima;359,900;BR-116/PR;Norte;Tombamento;1;0;1;0;0;0;1
19/02/2019;18:01:00;332;com vítima;361,300;BR-116/PR;Sul;Engavetamento;1;2;3;0;0;0;1
19/02/2019;18:39:00;345;sem vítima;426,600;BR-116/PR;Norte;Colisão Lateral;1;2;0;0;0;0;1
20/02/2019;00:53:00;9;sem vítima;438,0;BR-116/PR;Norte;Colisão Traseira;2;2;0;0;0;0;1
20/02/2019;06:57:00;103;sem vítima;438,500;BR-116/PR;Sul;Colisão Lateral;1;3;0;0;0;0;1
20/02/2019;16:58:00;353;com vítima;503,400;BR-116/PR;Sul;Colisão Traseira;1;2;3;0;0;0;1
20/02/2019;20:45:00;428;sem vítima;298,600;BR-116/PR;Norte;Colisão Traseira;2;3;0;0;0;0;1
20/02/2019;21:18:00;435;sem vítima;282,0;BR-116/PR;Norte;Colisão Lateral;2;2;0;0;0;0;1
20/02/2019;23:46:00;488;sem vítima;464,0;BR-116/PR;Sul;Saida de Pista;1;1;0;0;0;0;1
21/02/2019;04:50:00;70;sem vítima;361,0;BR-116/PR;Norte;Colisão Traseira;2;3;0;0;0;0;1
21/02/2019;10:10:00;196;sem vítima;520,0;BR-116/PR;Norte;Colisão Lateral;2;3;0;0;0;0;1
21/02/2019;14:37:00;277;sem vítima;363,0;BR-116/PR;Sul;Colisão Lateral;2;2;0;0;0;0;1
21/02/2019;16:07:00;319;com vítima;449,900;BR-116/PR;Sul;Engavetamento;3;4;0;0;0;1;3
21/02/2019;16:31:00;330;sem vítima;44,0;BR-116/PR;Sul;Colisão Traseira;2;2;0;0;0;0;1
21/02/2019;21:14:00;394;sem vítima;460,100;BR-116/PR;Sul;Saida de Pista;1;2;0;0;0;0;1
22/02/2019;03:44:00;52;com vítima;284,700;BR-116/PR;Norte;Tombamento;1;0;1;0;0;0;1
23/02/2019;09:34:00;181;sem vítima;553,0;BR-116/PR;Sul;Colisão Lateral;1;2;0;0;0;0;1
23/02/2019;00:04:00;2;sem vítima;320,0;BR-116/PR;Sul;Colisão Traseira;1;5;0;0;0;0;1
23/02/2019;16:34:00;349;sem vítima;347,0;BR-116/PR;Norte;Saida de Pista;1;3;0;0;0;0;1
24/02/2019;11:29:00;187;sem vítima;336,300;BR-116/PR;Sul;Colisão Traseira;1;4;0;0;0;0;1
24/02/2019;12:02:00;194;sem vítima;335,800;BR-116/PR;Sul;Colisão Traseira;1;2;0;0;0;0;1
24/02/2019;16:43:00;327;sem vítima;550,100;BR-116/PR;Sul;Tombamento;2;2;0;0;0;0;1
24/02/2019;23:50:00;502;com vítima;289,0;BR-116/PR;Sul;Colisão Traseira;1;2;2;0;0;0;1
25/02/2019;00:57:00;16;sem vítima;325,0;BR-116/PR;Norte;Colisão Traseira;2;2;0;0;0;0;1
25/02/2019;08:46:00;135;sem vítima;49,300;BR-116/PR;Sul;Colisão Traseira;1;3;0;0;0;0;1
25/02/2019;09:01:00;141;com vítima;308,0;BR-116/PR;Sul;Atropelamento - Morador;1;1;0;0;1;0;2
25/02/2019;15:04:00;281;sem vítima;65,900;BR-116/PR;Sul;Colisão Lateral;1;3;0;0;0;0;1
25/02/2019;16:57:00;318;com vítima;313,500;BR-116/PR;Sul;Colisão Traseira;1;1;1;0;0;0;1
25/02/2019;17:03:00;324;sem vítima;565,400;BR-116/PR;Sul;Choque - Defensa, barreira ou  submarino ;1;1;0;0;0;0;1
25/02/2019;23:55:00;449;com vítima;358,800;BR-116/PR;Sul;Colisão Traseira;2;1;1;0;1;0;2
26/02/2019;06:54:00;102;sem vítima;291,500;BR-116/PR;Norte;Choque - Talude;1;2;0;0;0;0;1
26/02/2019;07:39:00;117;sem vítima;282,200;BR-116/PR;Norte;Saida de Pista;1;1;0;0;0;0;1
26/02/2019;08:03:00;129;sem vítima;436,0;BR-116/PR;Sul;Saida de Pista;1;1;0;0;0;0;1
26/02/2019;13:18:00;239;sem vítima;14,800;BR-116/PR;Sul;Choque - Defensa, barreira ou  submarino ;1;2;0;0;0;0;1
26/02/2019;14:01:00;258;sem vítima;503,0;BR-116/PR;Sul;Choque - Talude;1;1;0;0;0;0;1
26/02/2019;14:21:00;266;com vítima;316,500;BR-116/PR;Norte;Tombamento;1;2;0;1;0;0;2
26/02/2019;14:46:00;277;com vítima;361,500;BR-116/PR;Norte;Colisão Traseira;1;1;1;0;0;0;1
26/02/2019;15:28:00;294;sem vítima;498,800;BR-116/PR;Norte;Choque - Arvore;1;2;0;0;0;0;1
26/02/2019;15:47:00;303;sem vítima;512,0;BR-116/PR;Norte;Choque - Defensa, barreira ou  submarino ;1;2;0;0;0;0;1
26/02/2019;18:20:00;348;sem vítima;280,800;BR-116/PR;Norte;Colisão Lateral;1;2;0;0;0;0;1
27/02/2019;02:34:00;40;sem vítima;51,900;BR-116/PR;Norte;Choque - Talude;1;1;0;0;0;0;1
27/02/2019;07:38:00;113;sem vítima;562,0;BR-116/PR;Sul;Colisão Lateral;1;2;0;0;0;0;1
27/02/2019;11:32:00;206;com vítima;26,500;BR-116/PR;Norte;Tombamento;1;1;1;0;0;0;1
27/02/2019;12:01:00;220;sem vítima;568,200;BR-116/PR;Sul;Choque - Defensa, barreira ou  submarino ;1;1;0;0;0;0;1
27/02/2019;12:17:00;224;sem vítima;564,0;BR-116/PR;Sul;Saida de Pista;1;1;0;0;0;0;1
27/02/2019;15:59:00;309;sem vítima;9,950;BR-116/PR;Sul;Colisão Lateral;1;4;0;0;0;0;1
27/02/2019;17:24:00;343;com vítima;491,200;BR-116/PR;Sul;Tombamento;1;0;1;0;0;0;1
27/02/2019;17:58:00;354;sem vítima;485,600;BR-116/PR;Sul;Choque - Defensa, barreira ou  submarino ;1;1;0;0;0;0;1
27/02/2019;19:47:00;384;sem vítima;380,400;BR-116/PR;Sul;Tombamento;1;1;0;0;0;0;1
27/02/2019;20:04:00;390;sem vítima;515,0;BR-116/PR;Norte;Choque - Elemento de Drenagem;1;1;0;0;0;0;1