data;horario;n_da_ocorrencia;tipo_de_ocorrencia;km;trecho;sentido;tipo_de_acidente;caminhao;ilesos;levemente_feridos;moderadamente_feridos;gravemente_feridos;mortos;3
27/02/2019;20:16:00;392;sem vítima;42,200;BR-116/PR;Sul;Colisão Lateral;1;2;0;0;0;0;1
27/02/2019;21:07:00;405;com vítima;360,100;BR-116/PR;Norte;Tombamento;1;0;1;0;0;0;1
28/02/2019;00:13:00;3;sem vítima;364,0;BR-116/PR;Sul;Tombamento;1;1;0;0;0;0;1
28/02/2019;00:33:00;7;sem vítima;527,0;BR-116/PR;Norte;Colisão Lateral;2;2;0;0;0;0;1
28/02/2019;05:42:00;69;sem vítima;401,950;BR-116/PR;Norte;Tombamento;1;1;0;0;0;0;1
28/02/2019;06:30:00;87;sem vítima;425,0;BR-116/PR;Sul;Saida de Pista;1;1;0;0;0;0;1
28/02/2019;17:19:00;325;sem vítima;317,800;BR-116/PR;Sul;Choque - Objeto sobre a pista;1;1;0;0;0;0;1
28/02/2019;23:12:00;438;sem vítima;357,0;BR-116/PR;Sul;Colisão Traseira;2;3;0;0;0;0;1
01/03/2019;15:05:00;312;sem vítima;540,500;BR-116/PR;Sul;Colisão Traseira;1;2;0;0;0;0;1
01/03/2019;16:26:00;340;sem vítima;416,300;BR-116/PR;Norte;Colisão Lateral;1;2;0;0;0;0;1
01/03/2019;18:13:00;386;sem vítima;513,700;BR-116/PR;Sul;Choque - Talude;1;1;0;0;0;0;1
02/03/2019;00:33:00;15;com vítima;342,800;BR-116/PR;Sul;Engavetamento;5;34;2;0;1;0;2
02/03/2019;07:08:00;111;sem vítima;332,0;BR-116/PR;Sul;Colisão Traseira;1;2;0;0;0;0;1
02/03/2019;11:38:00;216;sem vítima;279,200;BR-116/PR;Sul;Colisão Lateral;1;3;0;0;0;0;1
02/03/2019;16:07:00;336;sem vítima;503,800;BR-116/PR;Sul;Colisão Traseira;1;4;0;0;0;0;1
02/03/2019;16:08:00;338;sem vítima;288,800;BR-116/PR;Sul;Colisão Traseira;1;2;0;0;0;0;1
03/03/2019;18:16:00;322;com vítima;557,50;BR-116/PR;Sul;Tombamento;1;0;1;0;0;0;1
04/03/2019;04:30:00;37;sem vítima;278,0;BR-116/PR;Sul;Colisão Traseira;1;4;0;0;0;0;1
04/03/2019;14:45:00;222;sem vítima;60,500;BR-116/PR;Norte;Colisão Traseira;2;3;0;0;0;0;1
04/03/2019;16:12:00;250;com vítima;307,500;BR-116/PR;Sul;Colisão Traseira;1;3;1;0;0;0;1
04/03/2019;17:10:00;265;sem vítima;564,200;BR-116/PR;Sul;Choque - Defensa, barreira ou  submarino ;1;1;0;0;0;0;1
04/03/2019;21:03:00;326;com vítima;380,400;BR-116/PR;Sul;Colisão Transversal;1;1;1;1;0;0;2
05/03/2019;15:10:00;268;sem vítima;67,0;BR-116/PR;Norte;Colisão Lateral;1;3;0;0;0;0;1
05/03/2019;15:55:00;283;sem vítima;302,800;BR-116/PR;Norte;Colisão Traseira;2;2;0;0;0;0;1
06/03/2019;04:35:00;59;com vítima;51,500;BR-116/PR;Norte;Colisão Traseira;2;1;0;1;0;0;2
06/03/2019;10:29:00;169;sem vítima;0,0;BR-116/PR;Norte;Saida de Pista;1;1;0;0;0;0;1
06/03/2019;13:37:00;242;sem vítima;18,900;BR-116/PR;Sul;Choque - Defensa, barreira ou  submarino ;1;1;0;0;0;0;1
06/03/2019;16:29:00;326;sem vítima;566,100;BR-116/PR;Sul;Colisão Lateral;1;2;0;0;0;0;1
06/03/2019;17:35:00;367;sem vítima;485,500;BR-116/PR;Norte;Colisão Lateral;1;2;0;0;0;0;1
06/03/2019;18:52:00;396;com vítima;548,900;BR-116/PR;Sul;Tombamento;1;0;1;0;0;0;1
07/03/2019;04:32:00;63;sem vítima;4,800;BR-116/CW;Sul;Colisão Traseira;1;2;0;0;0;0;1
07/03/2019;07:33:00;113;sem vítima;422,0;BR-116/PR;Sul;Colisão Lateral;1;2;0;0;0;0;1
07/03/2019;12:14:00;245;sem vítima;14,0;BR-116/PR;Norte;Choque - Defensa, barreira ou  submarino ;1;6;0;0;0;0;1
07/03/2019;15:59:00;324;sem vítima;370,400;BR-116/PR;Sul;Choque - Cancela de Pedagio;1;1;0;0;0;0;1
07/03/2019;20:43:00;414;sem vítima;270,0;BR-116/PR;Sul;Colisão Lateral;1;2;0;0;0;0;1
08/03/2019;03:57:00;53;sem vítima;342,0;BR-116/PR;Norte;Tombamento;1;1;0;0;0;0;1
08/03/2019;22:01:00;469;sem vítima;285,400;BR-116/PR;Sul;Colisão Traseira;1;3;0;0;0;0;1
08/03/2019;22:18:00;477;sem vítima;496,0;BR-116/PR;Sul;Engavetamento;3;3;0;0;0;0;1
09/03/2019;14:12:00;253;sem vítima;60,850;BR-116/PR;Sul;Choque - Suporte de Sinalização;1;2;0;0;0;0;1
09/03/2019;16:43:00;310;sem vítima;566,800;BR-116/PR;Sul;Choque - Defensa, barreira ou  submarino ;1;1;0;0;0;0;1
11/03/2019;00:37:00;12;sem vítima;299,700;BR-116/PR;Norte;Saida de Pista;1;2;0;0;0;0;1
11/03/2019;18:08:00;313;sem vítima;45,300;BR-116/PR;Norte;Colisão Lateral;2;2;0;0;0;0;1
12/03/2019;03:29:00;52;sem vítima;548,300;BR-116/PR;Norte;Saida de Pista;1;1;0;0;0;0;1
12/03/2019;06:02:00;90;com vítima;485,700;BR-116/PR;Norte;Colisão Traseira;1;3;1;0;0;0;1
13/03/2019;03:59:00;58;sem vítima;392,100;BR-116/PR;Norte;Choque - Defensa, barreira ou  submarino ;1;1;0;0;0;0;1
13/03/2019;07:08:00;108;sem vítima;285,900;BR-116/PR;Norte;Colisão Traseira;2;2;0;0;0;0;1
13/03/2019;08:09:00;133;sem vítima;301,800;BR-116/PR;Norte;Colisão Traseira;2;2;0;0;0;0;1
13/03/2019;09:31:00;167;sem vítima;292,500;BR-116/PR;Norte;Colisão Traseira;2;2;0;0;0;0;1
13/03/2019;10:17:00;191;com vítima;540,0;BR-116/PR;Sul;Saida de Pista;1;0;1;0;0;0;1
13/03/2019;21:01:00;420;sem vítima;401,0;BR-116/PR;Norte;Choque - Objeto sobre a pista;1;1;0;0;0;0;1
13/03/2019;21:30:00;425;sem vítima;487,0;BR-116/PR;Sul;Choque - Defensa, barreira ou  submarino ;1;2;0;0;0;0;1
13/03/2019;23:01:00;459;sem vítima;454,900;BR-116/PR;Norte;Choque - Elemento de Drenagem;1;1;0;0;0;0;1
14/03/2019;00:46:00;13;com vítima;325,300;BR-116/PR;Sul;Tombamento;1;0;1;0;0;0;1
14/03/2019;02:41:00;34;sem vítima;42,600;BR-116/PR;Norte;Tombamento;1;1;0;0;0;0;1
14/03/2019;23:41:00;449;sem vítima;452,100;BR-116/PR;Sul;Saida de Pista;1;2;0;0;0;0;1
15/03/2019;00:12:00;4;sem vítima;404,0;BR-116/PR;Sul;Choque - Elemento de Drenagem;1;2;0;0;0;0;1
15/03/2019;01:06:00;15;sem vítima;424,350;BR-116/PR;Sul;Saida de Pista;1;2;0;0;0;0;1
15/03/2019;02:14:00;31;sem vítima;339,400;BR-116/PR;Sul;Colisão Traseira;2;2;0;0;0;0;1
15/03/2019;04:35:00;63;com vítima;505,150;BR-116/PR;Norte;Tombamento;1;1;1;0;0;0;1
15/03/2019;05:42:00;73;sem vítima;518,100;BR-116/PR;Sul;Colisão Traseira;1;4;0;0;0;0;1
15/03/2019;06:48:00;101;sem vítima;363,700;BR-116/PR;Norte;Tombamento;1;1;0;0;0;0;1
15/03/2019;09:08:00;162;sem vítima;513,500;BR-116/PR;Sul;Colisão Traseira;2;2;0;0;0;0;1
15/03/2019;15:11:00;298;sem vítima;292,0;BR-116/PR;Sul;Choque - Defensa, barreira ou  submarino ;1;1;0;0;0;0;1
15/03/2019;14:44:00;358;sem vítima;426,600;BR-116/PR;Sul;Choque - Suporte de Sinalização;1;1;0;0;0;0;1
15/03/2019;19:57:00;414;com vítima;270,0;BR-116/PR;Sul;Colisão Lateral;1;2;1;0;0;0;1
15/03/2019;22:20:00;468;com vítima;362,700;BR-116/PR;Sul;Choque - Defensa, barreira ou  submarino ;1;1;0;0;1;0;2
16/03/2019;07:16:00;116;sem vítima;350,800;BR-116/PR;Sul;Colisão Traseira;1;2;0;0;0;0;1
16/03/2019;08:13:00;135;sem vítima;517,800;BR-116/PR;Norte;Tombamento;1;2;0;0;0;0;1
16/03/2019;08:25:00;142;sem vítima;46,0;BR-116/PR;Norte;Colisão Traseira;1;2;0;0;0;0;1
16/03/2019;12:43:00;217;sem vítima;485,400;BR-116/PR;Norte;Tombamento;1;2;0;0;0;0;1
16/03/2019;12:49:00;219;com vítima;362,800;BR-116/PR;Sul;Choque - Defensa, barreira ou  submarino ;1;0;1;0;0;0;1
16/03/2019;14:21:00;247;sem vítima;504,500;BR-116/PR;Norte;Choque - Defensa, barreira ou  submarino ;1;1;0;0;0;0;1
16/03/2019;15:03:00;270;sem vítima;504,700;BR-116/PR;Norte;Colisão Traseira;1;5;0;0;0;0;1
16/03/2019;18:09:00;332;sem vítima;292,0;BR-116/PR;Norte;Colisão Lateral;1;2;0;0;0;0;1
17/03/2019;10:27:00;159;sem vítima;500,600;BR-116/PR;Sul;Tombamento;1;1;0;0;0;0;1
17/03/2019;14:09:00;235;sem vítima;342,50;BR-116/PR;Sul;Colisão Traseira;2;3;0;0;0;0;1
17/03/2019;15:23:00;267;sem vítima;419,200;BR-116/PR;Norte;Saida de Pista;1;2;0;0;0;0;1
17/03/2019;17:41:00;319;sem vítima;293,0;BR-116/PR;Norte;Colisão Traseira;1;3;0;0;0;0;1
18/03/2019;04:25:00;63;com vítima;557,0;BR-116/PR;Sul;Tombamento;1;1;1;0;0;0;1
18/03/2019;07:50:00;125;sem vítima;283,500;BR-116/PR;Norte;Colisão Lateral;1;2;0;0;0;0;1
18/03/2019;11:14:00;216;sem vítima;283,0;BR-116/PR;Sul;Colisão Lateral;1;3;0;0;0;0;1
18/03/2019;13:38:00;261;sem vítima;273,500;BR-116/PR;Sul;Colisão Traseira;1;2;0;0;0;0;1
18/03/2019;14:28:00;286;sem vítima;367,900;BR-116/PR;Sul;Tombamento;1;1;0;0;0;0;1
18/03/2019;17:16:00;355;sem vítima;362,700;BR-116/PR;Sul;Choque - Defensa, barreira ou  submarino ;1;1;0;0;0;0;1
19/03/2019;14:42:00;293;com vítima;273,200;BR-116/PR;Sul;Engavetamento;1;2;1;0;0;0;1
19/03/2019;21:24:00;399;sem vítima;324,800;BR-116/PR;Sul;Engavetamento;2;3;0;0;0;0;1
20/03/2019;04:42:00;62;com vítima;373,0;BR-116/PR;Sul;Colisão Traseira;2;1;0;1;0;0;2
20/03/2019;05:49:00;74;com vítima;272,300;BR-116/PR;Norte;Engavetamento;1;8;1;0;0;0;1
20/03/2019;14:29:00;287;sem vítima;27,700;BR-116/PR;Norte;Choque - Elemento de Drenagem;1;1;0;0;0;0;1
21/03/2019;01:45:00;32;sem vítima;26,700;BR-116/PR;Sul;Saida de Pista;1;4;0;0;0;0;1
21/03/2019;03:12:00;48;sem vítima;416,500;BR-116/PR;Sul;Tombamento;1;1;0;0;0;0;1
21/03/2019;04:20:00;70;sem vítima;515,600;BR-116/PR;Sul;Saida de Pista;1;1;0;0;0;0;1
21/03/2019;04:51:00;76;com vítima;511,0;BR-116/PR;Sul;Tombamento;1;1;1;0;0;0;1
21/03/2019;04:56:00;78;com vítima;52,0;BR-116/PR;Sul;Tombamento;1;0;1;0;0;0;1
21/03/2019;05:17:00;82;sem vítima;410,0;BR-116/PR;Sul;Saida de Pista;1;1;0;0;0;0;1
21/03/2019;05:23:00;84;sem vítima;52,0;BR-116/PR;Norte;Colisão Traseira;2;2;0;0;0;0;1
21/03/2019;14:00:00;242;sem vítima;541,0;BR-116/PR;Sul;Choque - Defensa, barreira ou  submarino ;1;5;0;0;0;0;1
21/03/2019;14:50:00;266;sem vítima;0,500;BR-116/PR;Norte;Choque - Defensa, barreira ou  submarino ;1;1;0;0;0;0;1
21/03/2019;15:15:00;271;sem vítima;567,0;BR-116/PR;Sul;Saida de Pista;1;1;0;0;0;0;1
21/03/2019;20:19:00;386;sem vítima;349,600;BR-116/PR;Sul;Choque - Defensa, barreira ou  submarino ;1;3;0;0;0;0;1
22/03/2019;03:24:00;44;com vítima;320,500;BR-116/PR;Norte;Colisão Traseira;1;1;1;0;0;0;1
22/03/2019;09:55:00;165;sem vítima;26,600;BR-116/PR;Norte;Saida de Pista;1;2;0;0;0;0;1
22/03/2019;10:31:00;185;sem vítima;515,800;BR-116/PR;Norte;Tombamento;1;1;0;0;0;0;1
22/03/2019;20:50:00;397;sem vítima;345,300;BR-116/PR;Sul;Engavetamento;1;7;0;0;0;0;1
23/03/2019;00:34:00;13;sem vítima;566,100;BR-116/PR;Sul;Saida de Pista;1;1;0;0;0;0;1
23/03/2019;04:13:00;57;sem vítima;498,0;BR-116/PR;Sul;Choque - Defensa, barreira ou  submarino ;1;2;0;0;0;0;1
24/03/2019;08:40:00;155;sem vítima;278,400;BR-116/PR;Norte;Saida de Pista;1;1;0;0;0;0;1
24/03/2019;17:58:00;345;sem vítima;63,200;BR-116/PR;Sul;Colisão Lateral;1;2;0;0;0;0;1
24/03/2019;19:27:00;374;com vítima;48,100;BR-116/PR;Sul;Colisão Lateral;1;2;1;0;0;0;1
24/03/2019;19:40:00;376;sem vítima;287,600;BR-116/PR;Norte;Colisão Lateral;1;7;0;0;0;0;1
25/03/2019;01:15:00;24;sem vítima;405,800;BR-116/PR;Sul;Choque - Defensa, barreira ou  submarino ;1;1;0;0;0;0;1
25/03/2019;03:39:00;55;sem vítima;446,800;BR-116/PR;Norte;Saida de Pista;1;1;0;0;0;0;1
25/03/2019;08:10:00;123;sem vítima;283,200;BR-116/PR;Norte;Colisão Traseira;1;3;0;0;0;0;1
25/03/2019;12:05:00;213;sem vítima;326,500;BR-116/PR;Sul;Saida de Pista;1;2;0;0;0;0;1
25/03/2019;13:57:00;249;com vítima;336,800;BR-116/PR;Sul;Colisão Transversal;1;3;1;0;0;0;1
25/03/2019;18:27:00;347;com vítima;513,200;BR-116/PR;Norte;Tombamento;1;0;1;1;0;0;2
25/03/2019;23:44:00;423;com vítima;513,200;BR-116/PR;Norte;Tombamento;1;0;1;0;0;0;1
26/03/2019;08:55:00;156;sem vítima;58,600;BR-116/PR;Norte;Choque - Talude;1;3;0;0;0;0;1
26/03/2019;11:01:00;204;sem vítima;34,0;BR-116/PR;Sul;Choque - Defensa, barreira ou  submarino ;1;2;0;0;0;0;1
26/03/2019;14:05:00;268;com vítima;362,500;BR-116/PR;Sul;Tombamento;1;0;0;1;0;0;2
26/03/2019;19:21:00;375;sem vítima;528,0;BR-116/PR;Norte;Colisão Traseira;2;2;0;0;0;0;1
27/03/2019;10:02:00;173;sem vítima;365,0;BR-116/PR;Norte;Choque - Defensa, barreira ou  submarino ;1;2;0;0;0;0;1
27/03/2019;01:26:00;20;sem vítima;339,300;BR-116/PR;Norte;Colisão Traseira;2;2;0;0;0;0;1
27/03/2019;06:30:00;71;sem vítima;59,0;BR-116/PR;Sul;Colisão Transversal;1;2;0;0;0;0;1
27/03/2019;06:54:00;80;sem vítima;59,0;BR-116/PR;Sul;Colisão Lateral;1;2;0;0;0;0;1
27/03/2019;10:57:00;195;com vítima;361,500;BR-116/PR;Sul;Tombamento;1;3;1;0;0;0;1
27/03/2019;13:35:00;236;sem vítima;485,600;BR-116/PR;Norte;Choque - Defensa, barreira ou  submarino ;1;2;0;0;0;0;1
27/03/2019;18:23:00;336;com vítima;355,600;BR-116/PR;Sul;Tombamento;1;0;1;0;0;0;1
27/03/2019;22:34:00;408;sem vítima;515,500;BR-116/PR;Norte;Colisão Traseira;2;2;0;0;0;0;1
28/03/2019;01:36:00;22;sem vítima;492,400;BR-116/PR;Norte;Colisão Lateral;2;2;0;0;0;0;1
28/03/2019;02:52:00;33;sem vítima;435,20;BR-116/PR;Sul;Tombamento;1;1;0;0;0;0;1
28/03/2019;09:57:00;159;sem vítima;295,400;BR-116/PR;Norte;Colisão Traseira;3;3;0;0;0;0;1
28/03/2019;13:28:00;212;sem vítima;521,0;BR-116/PR;Sul;Colisão Lateral;1;2;0;0;0;0;1
28/03/2019;16:39:00;293;sem vítima;484,50;BR-116/PR;Sul;Choque - Talude;1;1;0;0;0;0;1
28/03/2019;21:14:00;360;sem vítima;343,900;BR-116/PR;Sul;Colisão Traseira;2;3;0;0;0;0;1
29/03/2019;06:16:00;72;sem vítima;281,200;BR-116/PR;Norte;Choque - Defensa, barreira ou  submarino ;1;2;0;0;0;0;1
29/03/2019;12:39:00;198;sem vítima;566,0;BR-116/PR;Sul;Colisão Lateral;1;3;0;0;0;0;1
29/03/2019;12:51:00;203;sem vítima;428,300;BR-116/PR;Norte;Choque - Defensa, barreira ou  submarino ;1;2;0;0;0;0;1
30/03/2019;09:43:00;159;com vítima;317,0;BR-116/PR;Sul;Colisão Traseira;1;3;1;0;0;0;1
30/03/2019;12:22:00;199;com vítima;401,300;BR-116/PR;Sul;Saida de Pista;1;0;1;0;0;0;1
30/03/2019;13:13:00;213;sem vítima;292,0;BR-116/PR;Sul;Colisão Traseira;2;2;0;0;0;0;1
30/03/2019;16:16:00;272;sem vítima;561,300;BR-116/PR;Norte;Tombamento;1;1;0;0;0;0;1
31/03/2019;13:32:00;235;sem vítima;523,0;BR-116/PR;Sul;Saida de Pista;1;1;0;0;0;0;1
31/03/2019;20:47:00;396;com vítima;12,800;BR-116/CW;Norte;Engavetamento;2;3;1;0;0;0;1
01/01/2019;19:53:00;360;sem vítima;299,0;BR-116/PR;Norte;Colisão Traseira;1;2;;;;;1
02/01/2019;10:40:00;203;com vítima;312,400;BR-116/PR;Sul;Atropelamento - Morador;1;1;1;;;;1
02/01/2019;15:10:00;339;sem vítima;347,200;BR-116/PR;Norte;Choque - Defensa, barreira ou  submarino ;1;1;;;;;1
02/01/2019;20:17:00;457;sem vítima;52,0;BR-116/PR;Norte;Colisão Traseira;1;2;;;;;1
03/01/2019;10:17:00;169;sem vítima;362,500;BR-116/PR;Norte;Colisão Lateral;1;2;;;;;1
03/01/2019;14:27:00;286;com vítima;505,0;BR-116/PR;Sul;Tombamento;1;6;1;;;;1
03/01/2019;16:09:00;346;sem vítima;376,0;BR-116/PR;Norte;Choque - Defensa, barreira ou  submarino ;1;1;;;;;1
03/01/2019;19:30:00;414;sem vítima;47,0;BR-116/PR;Sul;Outros;1;4;;;;;1
04/01/2019;07:02:00;105;com vítima;294,200;BR-116/PR;Sul;Atropelamento - Morador;1;1;;;1;;2
04/01/2019;08:17:00;137;com vítima;504,600;BR-116/PR;Norte;Tombamento;1;1;1;;;;1
04/01/2019;12:34:00;252;sem vítima;551,0;BR-116/PR;Sul;Choque - Talude;1;1;;;;;1
04/01/2019;14:53:00;315;sem vítima;307,400;BR-116/PR;Norte;Capotamento;1;1;;;;;1
04/01/2019;16:07:00;352;sem vítima;328,0;BR-116/PR;Norte;Tombamento;1;2;;;;;1
04/01/2019;18:28:00;406;sem vítima;364,0;BR-116/PR;Sul;Colisão Lateral;1;1;;;;;1
04/01/2019;19:20:00;427;sem vítima;564,500;BR-116/PR;Sul;Saida de Pista;1;1;;;;;1
04/01/2019;21:37:00;463;sem vítima;48,0;BR-116/PR;Sul;Colisão Transversal;1;1;;;;;1
05/01/2019;00:45:00;12;sem vítima;18,300;BR-116/PR;Norte;Saida de Pista;1;4;;;;;1
05/01/2019;03:12:00;41;sem vítima;564,200;BR-116/PR;Sul;Saida de Pista;1;1;;;;;1
05/01/2019;08:19:00;118;sem vítima;566,300;BR-116/PR;Sul;Colisão Traseira;1;5;;;;;1
05/01/2019;13:03:00;215;sem vítima;512,700;BR-116/PR;Norte;Tombamento;1;2;;;;;1
05/01/2019;13:27:00;228;sem vítima;508,800;BR-116/PR;Sul;Colisão Traseira;1;1;;;;;1
05/01/2019;23:43:00;486;com vítima;545,900;BR-116/PR;Sul;Colisão Traseira;1;4;2;;;;1
06/01/2019;00:46:00;20;sem vítima;450,700;BR-116/PR;Norte;Saida de Pista;1;3;;;;;1
06/01/2019;04:09:00;57;sem vítima;517,900;BR-116/PR;Norte;Tombamento;1;3;;;;;1
06/01/2019;06:43:00;86;sem vítima;361,500;BR-116/PR;Norte;Colisão Lateral;1;1;;;;;1
06/01/2019;11:05:00;159;com vítima;405,500;BR-116/PR;Norte;Colisão Traseira;2;2;;1;;;2
06/01/2019;15:29:00;274;com vítima;359,200;BR-116/PR;Norte;Tombamento;1;3;1;;;;1
06/01/2019;18:21:00;371;sem vítima;562,0;BR-116/PR;Sul;Engavetamento;1;2;;;;;1
06/01/2019;22:59:00;485;com vítima;370,400;BR-116/PR;Norte;Atropelamento - Outros;1;2;1;;;;1
07/01/2019;00:23:00;12;com vítima;488,500;BR-116/PR;Norte;Tombamento;1;2;1;;;;1
07/01/2019;02:47:00;42;com vítima;19,300;BR-116/PR;Norte;Colisão Lateral;1;3;1;;;;1
07/01/2019;16:12:00;318;com vítima;436,300;BR-116/PR;Norte;Atropelamento - Usuário;1;5;;1;1;;2
07/01/2019;16:32:00;331;com vítima;283,200;BR-116/PR;Norte;Colisão Lateral;1;4;2;;;;1
07/01/2019;17:36:00;365;sem vítima;287,600;BR-116/PR;Norte;Colisão Lateral;1;2;;;;;1
07/01/2019;22:30:00;457;sem vítima;298,600;BR-116/PR;Norte;Colisão Traseira;2;2;;;;;1
08/01/2019;03:42:00;44;sem vítima;397,150;BR-116/PR;Sul;Saida de Pista;1;2;;;;;1
08/01/2019;04:22:00;54;com vítima;440,900;BR-116/PR;Norte;Colisão Traseira;2;;2;;;;1
09/01/2019;08:50:00;151;com vítima;6,0;BR-116/CW;Sul;Colisão Traseira;1;;1;;;;1
09/01/2019;09:03:00;157;sem vítima;326,0;BR-116/PR;Norte;Colisão Traseira;2;3;;;;;1
09/01/2019;17:59:00;372;com vítima;486,700;BR-116/PR;Norte;Colisão Traseira;1;1;;2;;;2
09/01/2019;23:24:00;459;sem vítima;55,200;BR-116/PR;Norte;Colisão Traseira;2;2;;;;;1
10/01/2019;15:49:00;294;com vítima;311,0;BR-116/PR;Sul;Engavetamento;2;2;2;;;;1
10/01/2019;22:03:00;437;sem vítima;393,0;BR-116/PR;Norte;Atropelamento de Animal;1;2;;;;;1
11/01/2019;02:23:00;44;sem vítima;559,600;BR-116/PR;Norte;Saida de Pista;1;2;;;;;1
11/01/2019;08:24:00;139;sem vítima;3,0;BR-116/CW;Norte;Colisão Lateral;1;2;;;;;1
11/01/2019;11:45:00;212;com vítima;443,0;BR-116/PR;Norte;Colisão Lateral;1;1;1;;;;1
11/01/2019;16:18:00;295;sem vítima;51,900;BR-116/PR;Sul;Choque - Elemento de Drenagem;1;2;;;;;1
12/01/2019;18:58:00;352;sem vítima;370,400;BR-116/PR;Sul;Choque - Cancela de Pedagio;1;8;;;;;1
13/01/2019;14:56:00;223;sem vítima;559,0;BR-116/PR;Norte;Colisão Lateral;2;;;;;;1
13/01/2019;19:09:00;341;sem vítima;286,200;BR-116/PR;Norte;Colisão Traseira;1;2;;;;;1
13/01/2019;20:06:00;362;com vítima;50,0;BR-116/PR;Sul;Choque - Defensa, barreira ou  submarino ;1;4;1;;;;1
13/01/2019;22:21:00;413;com vítima;496,500;BR-116/PR;Norte;Tombamento;1;1;1;;;;1
14/01/2019;05:28:00;63;sem vítima;269,500;BR-116/PR;Norte;Colisão Traseira;1;1;;;;;1
14/01/2019;07:30:00;104;com vítima;282,800;BR-116/PR;Norte;Colisão Traseira;1;2;1;;;;1
14/01/2019;19:34:00;363;sem vítima;23,600;BR-116/PR;Norte;Tombamento;1;2;;;;;1
14/01/2019;19:39:00;365;sem vítima;544,700;BR-116/PR;Sul;Choque - Talude;2;3;;;;;1
15/01/2019;17:31:00;377;sem vítima;399,400;BR-116/PR;Sul;Choque - Defensa, barreira ou  submarino ;1;3;;;;;1
15/01/2019;06:39:00;89;com vítima;455,300;BR-116/PR;Norte;Colisão Traseira;2;2;1;;;;1
15/01/2019;08:16:00;123;com vítima;542,900;BR-116/PR;Norte;Colisão Traseira;3;2;1;;;;1
15/01/2019;12:59:00;256;com vítima;465,0;BR-116/PR;Sul;Tombamento;1;;1;;;;1
16/01/2019;00:36:00;11;sem vítima;533,700;BR-116/PR;Sul;Saida de Pista;1;1;;;;;1
16/01/2019;09:41:00;166;com vítima;379,800;BR-116/PR;Norte;Colisão Traseira;1;2;1;;;;1
16/01/2019;10:56:00;196;sem vítima;485,700;BR-116/PR;Norte;Colisão Traseira;2;2;;;;;1
16/01/2019;18:21:00;374;sem vítima;298,800;BR-116/PR;Sul;Colisão Traseira;2;2;;;;;1
16/01/2019;19:28:00;390;sem vítima;51,0;BR-116/PR;Sul;Choque - Talude;1;2;;;;;1
17/01/2019;03:47:00;59;sem vítima;513,500;BR-116/PR;Norte;Tombamento;1;1;;;;;1
17/01/2019;13:54:00;291;sem vítima;319,300;BR-116/PR;Sul;Colisão Lateral;1;6;;;;;1
17/01/2019;14:50:00;329;sem vítima;396,500;BR-116/PR;Norte;Colisão Lateral;1;4;;;;;1
17/01/2019;16:18:00;368;com vítima;47,50;BR-116/PR;Sul;Tombamento;1;;1;;;;1
17/01/2019;16:37:00;380;sem vítima;548,800;BR-116/PR;Sul;Choque - Talude;1;1;;;;;1
17/01/2019;18:06:00;412;com vítima;418,800;BR-116/PR;Sul;Colisão Traseira;2;2;1;;;;1
18/01/2019;00:19:00;8;sem vítima;5,400;BR-116/PR;Sul;Choque - Defensa, barreira ou  submarino ;1;1;;;;;1
18/01/2019;05:14:00;65;sem vítima;415,500;BR-116/PR;Norte;Saida de Pista;1;1;;;;;1
18/01/2019;18:13:00;366;sem vítima;499,200;BR-116/PR;Sul;Choque - Talude;1;1;;;;;1
19/01/2019;01:37:00;16;sem vítima;458,0;BR-116/PR;Sul;Outros - Sequência;1;2;;;;;1
19/01/2019;02:02:00;23;sem vítima;42,0;BR-116/PR;Norte;Choque - Defensa, barreira ou  submarino ;1;1;;;;;1
19/01/2019;04:36:00;55;sem vítima;414,0;BR-116/PR;Sul;Colisão Traseira;2;2;;;;;1
19/01/2019;04:43:00;59;sem vítima;344,800;BR-116/PR;Sul;Colisão Lateral;1;1;;;;;1
19/01/2019;14:24:00;276;sem vítima;566,700;BR-116/PR;Sul;Saida de Pista;1;6;;;;;1
19/01/2019;14:47:00;284;sem vítima;439,0;BR-116/PR;Norte;Colisão Traseira;1;1;;;;;1
19/01/2019;16:49:00;329;sem vítima;555,300;BR-116/PR;Sul;Choque - Talude;1;1;;;;;1
19/01/2019;19:26:00;385;com vítima;411,200;BR-116/PR;Sul;Colisão Traseira;2;1;2;1;;;2
20/01/2019;02:01:00;29;com vítima;486,400;BR-116/PR;Norte;Atropelamento - Usuário;1;1;;;1;;2
20/01/2019;10:32:00;149;sem vítima;53,600;BR-116/PR;Norte;Tombamento;1;3;;;;;1
20/01/2019;15:40:00;260;sem vítima;415,800;BR-116/PR;Norte;Colisão Traseira;2;2;;;;;1
20/01/2019;19:33:00;351;sem vítima;298,850;BR-116/PR;Norte;Colisão Lateral;1;3;;;;;1
20/01/2019;20:36:00;374;sem vítima;298,100;BR-116/PR;Norte;Colisão Lateral;2;2;;;;;1
20/01/2019;22:22:00;413;com vítima;357,500;BR-116/PR;Norte;Tombamento;1;3;1;;;;1
21/01/2019;01:17:00;35;sem vítima;53,50;BR-116/PR;Sul;Saida de Pista;1;10;;;;;1