data;horario;n_da_ocorrencia;tipo_de_ocorrencia;km;trecho;sentido;tipo_de_acidente;caminhao;ilesos;levemente_feridos;moderadamente_feridos;gravemente_feridos;mortos;3
21/01/2019;19:23:00;403;com vítima;283,400;BR-116/PR;Sul;Colisão Lateral;1;1;1;;;;1
22/01/2019;05:19:00;76;com vítima;301,200;BR-116/PR;Norte;Colisão Traseira;1;1;3;4;;;2
22/01/2019;11:21:00;225;com vítima;301,0;BR-116/PR;Norte;Colisão Lateral;1;5;3;;;;1
22/01/2019;14:15:00;276;com vítima;5,400;BR-116/PR;Norte;Tombamento;1;2;;1;;;2
22/01/2019;16:52:00;323;sem vítima;566,500;BR-116/PR;Sul;Colisão Traseira;1;4;;;;;1
23/01/2019;08:46:00;164;com vítima;440,0;BR-116/PR;Norte;Colisão Frontal;1;2;1;;;;1
23/01/2019;17:30:00;392;sem vítima;8,600;BR-116/CW;Norte;Colisão Lateral;1;1;;;;;1
23/01/2019;18:10:00;408;sem vítima;391,500;BR-116/PR;Norte;Colisão Lateral;2;1;;;;;1
23/01/2019;20:45:00;463;com vítima;466,0;BR-116/PR;Norte;Colisão Traseira;2;2;1;;;;1
24/01/2019;00:55:00;21;com vítima;568,800;BR-116/PR;Sul;Tombamento;1;1;1;;;;1
24/01/2019;12:49:00;242;sem vítima;320,0;BR-116/PR;Norte;Colisão Traseira;1;2;;;;;1
24/01/2019;14:40:00;285;sem vítima;14,500;BR-116/PR;Sul;Tombamento;1;;;;;;1
24/01/2019;17:09:00;354;sem vítima;275,300;BR-116/PR;Norte;Colisão Traseira;2;3;;;;;1
25/01/2019;17:19:00;335;sem vítima;301,200;BR-116/PR;Norte;Colisão Traseira;1;2;;;;;1
25/01/2019;17:22:00;338;sem vítima;63,500;BR-116/PR;Sul;Colisão Lateral;1;1;;;;;1
25/01/2019;00:49:00;20;com vítima;324,400;BR-116/PR;Norte;Colisão Traseira;1;16;7;;;;1
25/01/2019;04:20:00;58;com vítima;388,800;BR-116/PR;Norte;Colisão Lateral;1;1;;1;;;2
25/01/2019;08:34:00;128;sem vítima;353,300;BR-116/PR;Sul;Saida de Pista;1;1;;;;;1
25/01/2019;14:15:00;267;com vítima;350,0;BR-116/PR;Norte;Colisão Traseira;1;3;3;;;;1
25/01/2019;23:24:00;434;com vítima;412,100;BR-116/PR;Norte;Tombamento;1;;;1;;;2
26/01/2019;13:23:00;237;sem vítima;18,700;BR-116/PR;Norte;Capotamento;1;2;;;;;1
26/01/2019;15:11:00;279;sem vítima;545,200;BR-116/PR;Norte;Colisão Traseira;1;3;;;;;1
26/01/2019;16:07:00;308;sem vítima;548,300;BR-116/PR;Norte;Choque - Talude;1;1;;;;;1
26/01/2019;22:46:00;459;sem vítima;288,0;BR-116/PR;Sul;Colisão Lateral;1;4;;;;;1
27/01/2019;14:18:00;235;com vítima;5,500;BR-116/PR;Norte;Tombamento;1;;1;;;;1
27/01/2019;23:34:00;438;sem vítima;19,0;BR-116/PR;Norte;Choque - Veiculo parado na pista;1;6;;;;;1
27/01/2019;23:39:00;439;sem vítima;18,500;BR-116/PR;Norte;Colisão Traseira;1;2;;;;;1
28/01/2019;03:19:00;58;sem vítima;26,300;BR-116/PR;Norte;Colisão Traseira;1;2;;;;;1
28/01/2019;04:14:00;68;sem vítima;477,300;BR-116/PR;Norte;Colisão Traseira;1;1;;;;;1
28/01/2019;06:37:00;103;com vítima;275,500;BR-116/PR;Sul;Atropelamento - Morador;1;1;;1;;;2
28/01/2019;06:38:00;105;sem vítima;18,400;BR-116/PR;Norte;Saida de Pista;1;1;;;;;1
28/01/2019;08:35:00;147;com vítima;278,150;BR-116/PR;Norte;Colisão Traseira;1;1;2;;;;1
28/01/2019;10:24:00;186;sem vítima;23,900;BR-116/PR;Norte;Engavetamento;1;7;;;;;1
28/01/2019;15:50:00;303;com vítima;308,0;BR-116/PR;Sul;Colisão Traseira;1;1;1;;;;1
28/01/2019;17:08:00;331;sem vítima;526,400;BR-116/PR;Norte;Colisão Traseira;2;3;;;;;1
29/01/2019;06:13:00;94;sem vítima;558,700;BR-116/PR;Sul;Tombamento;1;2;;;;;1
29/01/2019;15:59:00;345;sem vítima;420,900;BR-116/PR;Sul;Tombamento;1;1;;;;;1
29/01/2019;16:41:00;361;com vítima;513,400;BR-116/PR;Norte;Colisão Traseira;2;1;1;;;;1
29/01/2019;20:43:00;447;sem vítima;23,200;BR-116/PR;Sul;Colisão Traseira;2;2;;;;;1
29/01/2019;22:46:00;479;sem vítima;426,600;BR-116/PR;Sul;Colisão Traseira;1;2;;;;;1
30/01/2019;03:05:00;64;sem vítima;393,800;BR-116/PR;Sul;Atropelamento de Animal;1;1;;;;;1
30/01/2019;13:36:00;290;com vítima;28,0;BR-116/PR;Norte;Tombamento;1;1;;1;;;2
30/01/2019;19:58:00;467;sem vítima;359,200;BR-116/PR;Sul;Colisão Traseira;2;2;;;;;1
30/01/2019;23:15:00;539;sem vítima;545,500;BR-116/PR;Norte;Choque - Defensa, barreira ou  submarino ;1;1;;;;;1
31/01/2019;11:33:00;209;sem vítima;31,0;BR-116/PR;Norte;Tombamento;1;1;;;;;1
31/01/2019;16:04:00;322;sem vítima;443,0;BR-116/PR;Norte;Colisão Lateral;2;9;;;;;1
01/08/2019;08:02:00;106;sem vítima;420,7;BR-116/PR;Sul;Saida de Pista;1;1;;;;;1
01/08/2019;10:22:00;154;sem vítima;393;BR-116/PR;Norte;Engavetamento;3;4;;;;;1
01/08/2019;22:54:00;352;com vítima;309,4;BR-116/PR;Sul;Colisão Traseira;1;3;2;1;;;2
01/08/2019;23:31:00;358;sem vítima;511;BR-116/PR;Norte;Saida de Pista;1;1;;;;;1
02/08/2019;02:46:00;28;com vítima;530,6;BR-116/PR;Sul;Choque - Defensa, barreira ou "submarino";1;1;1;;;;1
02/08/2019;14:14:00;223;sem vítima;65;BR-116/PR;Sul;Choque - Defensa, barreira ou "submarino";1;2;;;;;1
02/08/2019;20:01:00;312;sem vítima;548,7;BR-116/PR;Sul;Choque - Elemento de Drenagem;1;1;;;;;1
03/08/2019;09:12:00;95;sem vítima;271,585;BR-116/PR;Norte;Colisão Lateral;1;2;;;;;1
03/08/2019;19:15:00;233;com vítima;545,3;BR-116/PR;Norte;Tombamento;1;0;1;;;;1
03/08/2019;20:43:00;250;sem vítima;27,1;BR-116/PR;Norte;Tombamento;1;1;;;;;1
04/08/2019;10:34:00;101;sem vítima;516,5;BR-116/PR;Norte;Colisão Traseira;2;2;;;;;1
04/08/2019;11:00:00;110;sem vítima;426,4;BR-116/PR;Norte;Colisão Lateral;1;5;;;;;1
04/08/2019;11:49:00;119;sem vítima;26;BR-116/PR;Norte;Colisão Lateral;1;4;;;;;1
05/08/2019;07:09:00;76;com vítima;363,7;BR-116/PR;Norte;Tombamento;1;0;1;;;;1
05/08/2019;22:46:00;331;sem vítima;522,95;BR-116/PR;Sul;Choque - Talude;1;1;;;;;1
06/08/2019;00:29:00;9;sem vítima;494,3;BR-116/PR;Norte;Colisão Lateral;1;2;;;;;1
06/08/2019;01:36:00;17;sem vítima;513;BR-116/PR;Norte;Choque - Defensa, barreira ou "submarino";1;1;;;;;1
06/08/2019;04:22:00;30;sem vítima;399,1;BR-116/PR;Norte;Saida de Pista;1;1;;;;;1
06/08/2019;05:07:00;37;sem vítima;514,3;BR-116/PR;Norte;Choque - Elemento de Drenagem;1;1;;;;;1
06/08/2019;05:59:00;43;sem vítima;338;BR-116/PR;Norte;Colisão Traseira;2;3;;;;;1
06/08/2019;08:52:00;103;sem vítima;299;BR-116/PR;Norte;Colisão Lateral;1;3;;;;;1
06/08/2019;16:31:00;238;sem vítima;359,2;BR-116/PR;Norte;Tombamento;1;1;;;;;1
06/08/2019;18:35:00;272;sem vítima;273,3;BR-116/PR;Norte;Colisão Lateral;1;5;;;;;1
07/08/2019;14:37:00;286;com vítima;438;BR-116/PR;Sul;Tombamento;1;1;1;;;;1
07/08/2019;18:35:00;367;sem vítima;31,5;BR-116/PR;Sul;Colisão Traseira;2;3;;;;;1
07/08/2019;22:22:00;413;com vítima;509,7;BR-116/PR;Norte;Tombamento;1;0;1;;;;1
08/08/2019;00:39:00;13;com vítima;298,5;BR-116/PR;Sul;Colisão Traseira;2;2;;1;;;2
08/08/2019;02:57:00;32;com vítima;20;BR-116/PR;Sul;Tombamento;1;0;1;;;;1
08/08/2019;07:50:00;93;com vítima;508,9;BR-116/PR;Sul;Tombamento;1;0;1;;;;1
08/08/2019;09:16:00;133;sem vítima;521;BR-116/PR;Sul;Tombamento;1;1;;;;;1
08/08/2019;22:26:00;348;sem vítima;479;BR-116/PR;Norte;Tombamento;1;1;;;;;1
09/08/2019;05:29:00;42;sem vítima;492,7;BR-116/PR;Norte;Saida de Pista;1;1;;;;;1
09/08/2019;06:28:00;50;sem vítima;48,8;BR-116/PR;Sul;Saida de Pista;2;2;;;;;1
09/08/2019;07:40:00;76;sem vítima;426;BR-116/PR;Sul;Colisão Traseira;2;2;;;;;1
09/08/2019;09:57:00;142;sem vítima;460;BR-116/PR;Sul;Colisão Lateral;2;2;;;;;1
09/08/2019;14:48:00;249;sem vítima;368;BR-116/PR;Norte;Tombamento;1;1;;;;;1
09/08/2019;20:38:00;349;sem vítima;347,4;BR-116/PR;Sul;Colisão Traseira;2;2;;;;;1
09/08/2019;23:18:00;393;sem vítima;399,05;BR-116/PR;Norte;Tombamento;1;1;;;;;1
10/08/2019;04:20:00;49;sem vítima;22,1;BR-116/PR;Norte;Saida de Pista;1;2;;;;;1
10/08/2019;21:32:00;336;sem vítima;349,5;BR-116/PR;Sul;Tombamento;1;1;;;;;1
10/08/2019;22:59:00;351;sem vítima;379;BR-116/PR;Sul;Colisão Traseira;1;2;;;;;1
11/08/2019;05:44:00;44;com vítima;357,6;BR-116/PR;Norte;Colisão Traseira;2;2;1;;;;1
11/08/2019;09:15:00;87;com vítima;335,8;BR-116/PR;Sul;Colisão Traseira;1;4;2;;;1;3
11/08/2019;11:15:00;103;com vítima;567,15;BR-116/PR;Norte;Tombamento;1;0;1;;;;1
11/08/2019;18:25:00;217;sem vítima;286;BR-116/PR;Norte;Colisão Traseira;1;2;;;;;1
12/08/2019;07:22:00;85;sem vítima;281,2;BR-116/PR;Norte;Colisão Lateral;1;2;;;;;1
12/08/2019;16:08:00;260;sem vítima;24;BR-116/PR;Sul;Colisão Traseira;2;2;;;;;1
12/08/2019;21:36:00;352;sem vítima;18,5;BR-116/PR;Sul;Colisão Traseira;2;2;;;;;1
13/08/2019;03:22:00;33;sem vítima;295,1;BR-116/PR;Norte;Tombamento;1;1;;;;;1
13/08/2019;10:57:00;187;sem vítima;350;BR-116/PR;Sul;Colisão Traseira;2;3;;;;;1
13/08/2019;13:24:00;217;sem vítima;26,3;BR-116/PR;Norte;Choque - Elemento de Drenagem;1;2;;;;;1
13/08/2019;14:03:00;228;sem vítima;347,5;BR-116/PR;Norte;Choque - Defensa, barreira ou "submarino";1;1;;;;;1
13/08/2019;18:14:00;300;sem vítima;415,4;BR-116/PR;Sul;Colisão Lateral;2;2;;;;;1
13/08/2019;18:16:00;302;com vítima;362;BR-116/PR;Sul;Tombamento;1;0;1;;;;1
13/08/2019;18:42:00;310;sem vítima;514,5;BR-116/PR;Norte;Colisão Traseira;3;4;;;;;1
14/08/2019;04:57:00;48;sem vítima;347,5;BR-116/PR;Sul;Choque - Defensa, barreira ou "submarino";1;1;;;;;1
14/08/2019;07:33:00;69;com vítima;513;BR-116/PR;Norte;Capotamento;1;0;;1;;;2
14/08/2019;08:17:00;87;sem vítima;399,4;BR-116/PR;Norte;Colisão Lateral;2;2;;;;;1
14/08/2019;08:45:00;97;sem vítima;564;BR-116/PR;Sul;Saida de Pista;1;1;;;;;1
14/08/2019;09:21:00;111;sem vítima;564;BR-116/PR;Sul;Saida de Pista;1;1;;;;;1
14/08/2019;14:47:00;179;sem vítima;545;BR-116/PR;Norte;Colisão Traseira;2;2;;;;;1
15/08/2019;08:53:00;136;sem vítima;463,2;BR-116/PR;Norte;Tombamento;1;1;;;;;1
15/08/2019;11:24:00;201;sem vítima;567;BR-116/PR;Sul;Colisão Lateral;1;6;;;;;1
15/08/2019;14:29:00;242;sem vítima;542,7;BR-116/PR;Sul;Colisão Traseira;1;3;;;;;1
15/08/2019;18:40:00;328;sem vítima;512,2;BR-116/PR;Norte;Colisão Traseira;2;2;;;;;1
16/08/2019;05:53:00;73;sem vítima;509;BR-116/PR;Sul;Colisão Traseira;2;2;;;;;1
16/08/2019;15:53:00;242;sem vítima;285;BR-116/PR;Sul;Colisão Lateral;1;2;;;;;1
17/08/2019;16:34:00;246;sem vítima;400,1;BR-116/PR;Sul;Colisão Traseira;1;5;;;;;1
18/08/2019;23:28:00;371;com vítima;359,2;BR-116/PR;Norte;Tombamento;1;0;1;;;;1
18/08/2019;23:44:00;376;sem vítima;515,1;BR-116/PR;Norte;Choque - Defensa, barreira ou "submarino";1;1;;;;;1
19/08/2019;07:28:00;69;sem vítima;317;BR-116/PR;Norte;Colisão Lateral;2;2;;;;;1
19/08/2019;07:40:00;76;sem vítima;312;BR-116/PR;Sul;Capotamento;1;1;;;;;1
19/08/2019;07:41:00;77;sem vítima;47;BR-116/PR;Norte;Colisão Lateral;1;3;;;;;1
19/08/2019;07:42:00;78;sem vítima;447,2;BR-116/PR;Norte;Colisão Transversal;1;3;;;;;1
19/08/2019;08:10:00;90;sem vítima;287,9;BR-116/PR;Sul;Colisão Transversal;1;3;;;;;1
19/08/2019;11:11:00;149;sem vítima;376,5;BR-116/PR;Norte;Saida de Pista;1;1;;;;;1
19/08/2019;11:30:00;152;sem vítima;285;BR-116/PR;Norte;Choque - Defensa, barreira ou "submarino";1;2;;;;;1
19/08/2019;11:52:00;158;sem vítima;513,8;BR-116/PR;Norte;Choque - Defensa, barreira ou "submarino";1;1;;;;;1
19/08/2019;14:00:00;196;sem vítima;390,7;BR-116/PR;Norte;Colisão Traseira;1;2;;;;;1
19/08/2019;15:00:00;208;sem vítima;15,5;BR-116/PR;Norte;Saida de Pista;1;2;;;;;1
19/08/2019;21:56:00;305;com vítima;542,7;BR-116/PR;Sul;Choque - Defensa, barreira ou "submarino";1;0;1;;;;1
20/08/2019;00:17:00;9;com vítima;565,7;BR-116/PR;Sul;Choque - Arvore;1;0;1;;;;1
20/08/2019;02:52:00;35;com vítima;320,6;BR-116/PR;Norte;Colisão Traseira;2;1;;1;;;2
20/08/2019;10:32:00;119;com vítima;284,5;BR-116/PR;Sul;Tombamento;1;0;1;;;;1
21/08/2019;00:07:00;3;com vítima;343,5;BR-116/PR;Sul;Colisão Traseira;2;1;1;;;;1
21/08/2019;11:54:00;164;sem vítima;391,3;BR-116/PR;Sul;Tombamento;1;1;;;;;1
22/08/2019;06:32:00;47;com vítima;356,8;BR-116/PR;Sul;Colisão Traseira;2;1;;1;;;2
22/08/2019;12:33:00;147;com vítima;393,2;BR-116/PR;Norte;Colisão Traseira;2;1;1;;;;1
23/08/2019;04:03:00;55;sem vítima;298,9;BR-116/PR;Norte;Colisão Traseira;2;2;;;;;1
23/08/2019;07:20:00;89;sem vítima;513,4;BR-116/PR;Norte;Colisão Frontal;2;2;;;;;1
23/08/2019;09:34:00;134;sem vítima;284;BR-116/PR;Sul;Colisão Lateral;2;2;;;;;1
23/08/2019;17:47:00;278;sem vítima;353;BR-116/PR;Sul;Saida de Pista;1;1;;;;;1
23/08/2019;21:53:00;310;sem vítima;449;BR-116/PR;Norte;Colisão Traseira;2;2;;;;;1
24/08/2019;00:24:00;8;com vítima;545,9;BR-116/PR;Sul;Saida de Pista;1;0;1;;;;1
24/08/2019;01:23:00;22;sem vítima;49;BR-116/PR;Sul;Saida de Pista;1;1;;;;;1
24/08/2019;02:31:00;31;sem vítima;510,4;BR-116/PR;Sul;Tombamento;1;2;;;;;1
24/08/2019;03:27:00;37;sem vítima;466,5;BR-116/PR;Norte;Atropelamento de Animal;1;1;;;;;1
24/08/2019;08:44:00;105;sem vítima;283,5;BR-116/PR;Norte;Colisão Traseira;1;3;;;;;1
24/08/2019;09:42:00;119;sem vítima;18,5;BR-116/PR;Norte;Saida de Pista;1;4;;;;;1
24/08/2019;11:38:00;150;sem vítima;396,3;BR-116/PR;Norte;Choque - Defensa, barreira ou "submarino";1;2;;;;;1
24/08/2019;13:47:00;180;sem vítima;512,9;BR-116/PR;Norte;Tombamento;1;2;;;;;1
24/08/2019;15:17:00;199;sem vítima;8,5;BR-116/CW;Norte;Colisão Traseira;1;2;;;;;1
25/08/2019;13:57:00;151;sem vítima;323,5;BR-116/PR;Norte;Colisão Transversal;1;2;;;;;1
25/08/2019;21:13:00;255;sem vítima;17,9;BR-116/PR;Norte;Tombamento;1;1;;;;;1
25/08/2019;21:20:00;256;com vítima;359,9;BR-116/PR;Norte;Tombamento;1;0;1;;;;1
26/08/2019;08:48:00;107;sem vítima;541,7;BR-116/PR;Sul;Colisão Lateral;1;4;;;;;1
26/08/2019;15:29:00;218;sem vítima;57,6;BR-116/PR;Norte;Colisão Lateral;1;3;;;;;1
26/08/2019;18:36:00;265;com vítima;353,1;BR-116/PR;Sul;Saida de Pista;1;0;1;1;;;2
26/08/2019;21:15:00;297;com vítima;545,8;BR-116/PR;Sul;Engavetamento;3;4;1;;;;1
26/08/2019;23:52:00;320;sem vítima;516,9;BR-116/PR;Norte;Choque - Talude;1;1;;;;;1
27/08/2019;20:47:00;311;com vítima;523,2;BR-116/PR;Norte;Colisão Traseira;2;1;2;;;;1
28/08/2019;05:33:00;58;sem vítima;282;BR-116/PR;Norte;Colisão Traseira;2;5;;;;;1
28/08/2019;07:50:00;91;sem vítima;301;BR-116/PR;Sul;Colisão Traseira;1;3;;;;;1
28/08/2019;21:00:00;321;sem vítima;298,8;BR-116/PR;Norte;Colisão Traseira;1;3;;;;;1
29/08/2019;00:55:00;12;sem vítima;486;BR-116/PR;Norte;Colisão Lateral;2;2;;;;;1
29/08/2019;06:40:00;53;sem vítima;550,5;BR-116/PR;Sul;Choque - Defensa, barreira ou "submarino";1;2;;;;;1
29/08/2019;12:29:00;198;sem vítima;292,8;BR-116/PR;Norte;Colisão Lateral;1;3;;;;;1
29/08/2019;20:11:00;314;sem vítima;370,4;BR-116/PR;Sul;Colisão Traseira;1;4;;;;;1
30/08/2019;13:26:00;228;sem vítima;303,3;BR-116/PR;Sul;Colisão Lateral;3;3;;;;;1
30/08/2019;16:31:00;285;sem vítima;451,2;BR-116/PR;Sul;Saida de Pista;1;1;;;;;1
31/08/2019;04:19:00;43;sem vítima;564,4;BR-116/PR;Sul;Colisão Traseira;2;2;;;;;1
31/08/2019;05:52:00;52;sem vítima;60,8;BR-116/PR;Norte;Tombamento;1;1;;;;;1
31/08/2019;17:05:00;275;sem vítima;564,1;BR-116/PR;Sul;Choque - Elemento de Drenagem;1;1;;;;;1
31/08/2019;17:18:00;285;sem vítima;42,5;BR-116/PR;Norte;Choque - Talude;1;1;;;;;1
31/08/2019;17:56:00;293;sem vítima;503,1;BR-116/PR;Sul;Choque - Elemento de Drenagem;1;1;;;;;1
31/08/2019;21:26:00;331;sem vítima;500,5;BR-116/PR;Sul;Tombamento;1;1;;;;;1
31/08/2019;22:30:00;341;com vítima;548;BR-116/PR;Sul;Choque - Defensa, barreira ou "submarino";1;0;1;;;;1
01/07/2019;08:27:00;98;sem vítima;62,5;BR-116/PR;Sul;Colisão Lateral;1;2;;;;;1
01/07/2019;13:00:00;187;com vítima;69,1;BR-116/PR;Norte;Choque - Defensa, barreira ou "submarino";1;0;1;;;;1
01/07/2019;16:58:00;263;com vítima;516,8;BR-116/PR;Sul;Tombamento;1;0;1;;;;1
01/07/2019;20:17:00;326;sem vítima;320,5;BR-116/PR;Norte;Colisão Traseira;2;2;;;;;1
02/07/2019;05:25:00;62;sem vítima;310,3;BR-116/PR;Norte;Tombamento;1;1;;;;;1
02/07/2019;07:48:00;91;sem vítima;28;BR-116/PR;Norte;Tombamento;1;1;;;;;1
02/07/2019;21:38:00;317;com vítima;329,1;BR-116/PR;Sul;Colisão Lateral;1;11;;2;;;2
03/07/2019;00:41:00;21;sem vítima;542,9;BR-116/PR;Norte;Choque - Outros;1;1;;;;;1
03/07/2019;06:28:00;64;sem vítima;296,2;BR-116/PR;Sul;Colisão Lateral;1;2;;;;;1
03/07/2019;10:14:00;146;sem vítima;402,5;BR-116/PR;Norte;Colisão Lateral;1;6;;;;;1
03/07/2019;10:58:00;153;sem vítima;282,8;BR-116/PR;Norte;Colisão Traseira;1;2;;;;;1
03/07/2019;16:09:00;252;com vítima;565;BR-116/PR;Sul;Tombamento;1;3;1;;;;1
03/07/2019;19:17:00;290;sem vítima;302,8;BR-116/PR;Sul;Objeto lançado contra veículo;1;2;;;;;1
03/07/2019;19:48:00;294;sem vítima;281,6;BR-116/PR;Sul;Colisão Traseira;1;3;;;;;1
04/07/2019;02:49:00;34;sem vítima;459,1;BR-116/PR;Norte;Tombamento;1;1;;;;;1
04/07/2019;04:22:00;48;sem vítima;481,7;BR-116/PR;Norte;Choque - Talude;1;1;;;;;1
04/07/2019;05:03:00;54;sem vítima;377,3;BR-116/PR;Norte;Saida de Pista;1;1;;;;;1
04/07/2019;05:53:00;64;com vítima;567,7;BR-116/PR;Norte;Choque - Defensa, barreira ou "submarino";1;0;1;;;;1
04/07/2019;08:27:00;99;sem vítima;306,5;BR-116/PR;Sul;Saida de Pista;1;1;;;;;1
04/07/2019;10:27:00;135;sem vítima;363;BR-116/PR;Sul;Saida de Pista;1;2;;;;;1
04/07/2019;17:16:00;241;sem vítima;414,2;BR-116/PR;Norte;Tombamento;1;1;;;;;1
04/07/2019;18:25:00;255;sem vítima;287,5;BR-116/PR;Norte;Colisão Traseira;1;3;;;;;1
05/07/2019;03:27:00;53;sem vítima;6,9;BR-116/PR;Sul;Tombamento;1;1;;;;;1
05/07/2019;22:57:00;414;com vítima;6,5;BR-116/PR;Norte;Colisão Traseira;2;2;1;;;;1
06/07/2019;04:03:00;50;sem vítima;398,8;BR-116/PR;Sul;Colisão Traseira;2;2;;;;;1
06/07/2019;15:54:00;216;com vítima;438,5;BR-116/PR;Norte;Colisão Traseira;1;8;1;;;;1
07/07/2019;14:31:00;179;com vítima;359,25;BR-116/PR;Norte;Tombamento;1;0;1;;;;1
07/07/2019;16:50:00;227;sem vítima;282,8;BR-116/PR;Norte;Colisão Traseira;1;2;;;;;1
08/07/2019;19:30:00;283;com vítima;337,8;BR-116/PR;Sul;Atropelamento - Morador;1;1;;;;1;3
08/07/2019;23:42:00;323;sem vítima;340;BR-116/PR;Norte;Colisão Traseira;1;2;;;;;1
09/07/2019;08:21:00;92;sem vítima;353;BR-116/PR;Sul;Saida de Pista;1;1;;;;;1
10/07/2019;08:46:00;110;sem vítima;305;BR-116/PR;Norte;Colisão Lateral;1;2;;;;;1
10/07/2019;10:04:00;146;sem vítima;297;BR-116/PR;Norte;Colisão Transversal;1;2;;;;;1
10/07/2019;11:56:00;173;sem vítima;279;BR-116/PR;Sul;Engavetamento;3;4;;;;;1
10/07/2019;15:05:00;244;sem vítima;542,9;BR-116/PR;Sul;Colisão Transversal;1;3;;;;;1
10/07/2019;16:11:00;266;com vítima;319;BR-116/PR;Norte;Colisão Traseira;1;1;1;;;;1
10/07/2019;18:19:00;316;sem vítima;281;BR-116/PR;Sul;Engavetamento;1;3;;;;;1
10/07/2019;20:35:00;350;sem vítima;353,2;BR-116/PR;Sul;Saida de Pista;1;1;;;;;1
10/07/2019;20:56:00;353;com vítima;14,8;BR-116/PR;Norte;Choque - Defensa, barreira ou "submarino";1;0;1;;;;1
11/07/2019;10:43:00;154;sem vítima;387,7;BR-116/PR;Norte;Colisão Traseira;2;2;;;;;1
11/07/2019;12:30:00;191;com vítima;354;BR-116/PR;Sul;Tombamento;1;0;2;;;;1
11/07/2019;12:56:00;201;sem vítima;350,7;BR-116/PR;Sul;Saida de Pista;1;1;;;;;1
11/07/2019;13:29:00;213;com vítima;473;BR-116/PR;Norte;Colisão Traseira;1;1;1;;;;1
13/07/2019;00:07:00;2;sem vítima;297;BR-116/PR;Sul;Colisão Lateral;1;6;;;;;1
13/07/2019;07:08:00;55;sem vítima;316;BR-116/PR;Norte;Tombamento;1;2;;;;;1
13/07/2019;22:38:00;264;com vítima;511,2;BR-116/PR;Norte;Tombamento;1;1;1;;;;1
14/07/2019;17:35:00;243;sem vítima;296,7;BR-116/PR;Norte;Colisão Lateral;1;2;;;;;1
14/07/2019;17:51:00;249;com vítima;288,4;BR-116/PR;Norte;Colisão Traseira;1;1;;;2;;2
15/07/2019;00:27:00;11;sem vítima;288;BR-116/PR;Norte;Tombamento;1;3;;;;;1
15/07/2019;05:38:00;60;com vítima;461,8;BR-116/PR;Norte;Colisão Traseira;2;1;1;;;;1
15/07/2019;08:32:00;133;sem vítima;26,4;BR-116/PR;Norte;Choque - Defensa, barreira ou "submarino";1;1;;;;;1
15/07/2019;08:40:00;138;sem vítima;26,4;BR-116/PR;Norte;Engavetamento;1;5;;;;;1
15/07/2019;09:51:00;158;com vítima;44,1;BR-116/PR;Norte;Tombamento;1;0;1;;;;1
15/07/2019;10:22:00;170;sem vítima;28;BR-116/PR;Norte;Choque - Defensa, barreira ou "submarino";1;1;;;;;1
15/07/2019;12:30:00;213;sem vítima;560;BR-116/PR;Sul;Choque - Defensa, barreira ou "submarino";1;3;;;;;1
15/07/2019;14:35:00;261;sem vítima;51,5;BR-116/PR;Norte;Choque - Defensa, barreira ou "submarino";1;2;;;;;1
15/07/2019;14:42:00;264;com vítima;387,3;BR-116/PR;Norte;Colisão Traseira;1;1;1;;;;1
15/07/2019;14:54:00;270;sem vítima;468,9;BR-116/PR;Norte;Tombamento;1;1;;;;;1
15/07/2019;22:58:00;373;com vítima;462;BR-116/PR;Sul;Colisão Traseira;2;1;1;;;;1
16/07/2019;02:22:00;23;sem vítima;316,5;BR-116/PR;Sul;Saida de Pista;1;1;;;;;1
16/07/2019;06:23:00;59;com vítima;402,5;BR-116/PR;Norte;Tombamento;1;1;1;;;;1
16/07/2019;11:43:00;148;sem vítima;57,2;BR-116/PR;Norte;Choque - Outros;1;1;;;;;1
16/07/2019;15:29:00;197;sem vítima;356,5;BR-116/PR;Sul;Colisão Traseira;2;2;;;;;1
17/07/2019;00:37:00;18;sem vítima;339;BR-116/PR;Sul;Colisão Traseira;2;2;;;;;1
17/07/2019;04:25:00;46;sem vítima;467,8;BR-116/PR;Sul;Saida de Pista;1;1;;;;;1
17/07/2019;08:40:00;105;sem vítima;278;BR-116/PR;Sul;Tombamento;1;2;;;;;1
17/07/2019;16:05:00;222;sem vítima;50,9;BR-116/PR;Norte;Saida de Pista;1;1;;;;;1
17/07/2019;17:54:00;246;com vítima;26,3;BR-116/PR;Norte;Tombamento;1;0;1;;;;1
18/07/2019;08:20:00;101;sem vítima;29,5;BR-116/PR;Norte;Choque - Defensa, barreira ou "submarino";1;1;;;;;1
18/07/2019;08:23:00;102;sem vítima;46,8;BR-116/PR;Sul;Engavetamento;2;3;;;;;1
18/07/2019;08:25:00;103;sem vítima;330,7;BR-116/PR;Sul;Choque - Elemento de Drenagem;1;1;;;;;1
18/07/2019;08:28:00;104;sem vítima;38,7;BR-116/PR;Sul;Colisão Lateral;1;3;;;;;1
18/07/2019;08:45:00;116;com vítima;46,6;BR-116/PR;Sul;Engavetamento;3;5;;1;;;2
18/07/2019;13:51:00;208;com vítima;282;BR-116/PR;Norte;Colisão Traseira;1;2;1;;;;1