data;horario;n_da_ocorrencia;tipo_de_ocorrencia;km;trecho;sentido;tipo_de_acidente;caminhao;ilesos;levemente_feridos;moderadamente_feridos;gravemente_feridos;mortos;3
18/07/2019;15:05:00;230;sem vítima;388;BR-116/PR;Sul;Colisão Lateral;1;3;;;;;1
19/07/2019;00:22:00;9;sem vítima;498,9;BR-116/PR;Sul;Saida de Pista;1;1;;;;;1
19/07/2019;06:19:00;66;com vítima;399,7;BR-116/PR;Norte;Colisão Traseira;2;1;;1;;;2
19/07/2019;10:56:00;148;sem vítima;281,45;BR-116/PR;Norte;Colisão Traseira;1;2;;;;;1
19/07/2019;18:20:00;252;sem vítima;282;BR-116/PR;Norte;Colisão Traseira;1;4;;;;;1
19/07/2019;21:11:00;287;sem vítima;31;BR-116/PR;Sul;Colisão Traseira;2;2;;;;;1
20/07/2019;19:15:00;259;sem vítima;18,5;BR-116/PR;Sul;Colisão Traseira;2;2;;;;;1
21/07/2019;09:04:00;101;sem vítima;352,8;BR-116/PR;Sul;Saida de Pista;1;2;;;;;1
21/07/2019;13:26:00;166;sem vítima;442;BR-116/PR;Norte;Colisão Traseira;2;2;;;;;1
21/07/2019;15:25:00;215;sem vítima;507,25;BR-116/PR;Norte;Colisão Traseira;3;3;;;;;1
22/07/2019;07:33:00;88;sem vítima;296;BR-116/PR;Norte;Colisão Lateral;1;2;;;;;1
22/07/2019;07:52:00;96;com vítima;503,3;BR-116/PR;Sul;Tombamento;1;0;;;;1;3
22/07/2019;12:36:00;185;sem vítima;283;BR-116/PR;Norte;Colisão Lateral;1;5;;;;;1
22/07/2019;22:40:00;326;com vítima;561,4;BR-116/PR;Norte;Tombamento;1;0;1;;;;1
22/07/2019;23:44:00;343;sem vítima;355;BR-116/PR;Sul;Objeto lançado contra veículo;1;4;;;;;1
23/07/2019;07:35:00;85;sem vítima;515,6;BR-116/PR;Norte;Saida de Pista;1;1;;;;;1
23/07/2019;07:53:00;96;com vítima;347,9;BR-116/PR;Sul;Tombamento;1;0;1;;;;1
23/07/2019;17:53:00;276;sem vítima;305;BR-116/PR;Norte;Colisão Lateral;1;3;;;;;1
23/07/2019;20:14:00;299;sem vítima;307,2;BR-116/PR;Sul;Colisão Lateral;2;2;;;;;1
23/07/2019;21:20:00;310;sem vítima;358,9;BR-116/PR;Sul;Choque - Defensa, barreira ou "submarino";1;1;;;;;1
24/07/2019;18:12:00;313;sem vítima;569;BR-116/PR;Sul;Colisão Traseira;1;5;;;;;1
24/07/2019;22:02:00;368;sem vítima;426,8;BR-116/PR;Sul;Colisão Lateral;2;2;;;;;1
24/07/2019;23:55:00;389;com vítima;521;BR-116/PR;Sul;Colisão Traseira;2;2;1;;;;1
25/07/2019;03:02:00;38;com vítima;473,3;BR-116/PR;Norte;Tombamento;1;0;;;1;;2
25/07/2019;07:24:00;106;sem vítima;298,9;BR-116/PR;Norte;Colisão Traseira;1;35;;;;;1
25/07/2019;14:39:00;268;sem vítima;322,2;BR-116/PR;Norte;Colisão Traseira;1;3;;;;;1
25/07/2019;14:46:00;273;sem vítima;298,6;BR-116/PR;Sul;Colisão Lateral;1;2;;;;;1
25/07/2019;21:33:00;377;sem vítima;462,7;BR-116/PR;Sul;Choque - Objeto sobre a pista;1;2;;;;;1
25/07/2019;22:40:00;395;com vítima;545,4;BR-116/PR;Norte;Colisão Lateral;1;2;4;;;;1
26/07/2019;00:51:00;13;com vítima;377;BR-116/PR;Sul;Colisão Traseira;2;1;1;;;;1
26/07/2019;09:41:00;134;sem vítima;13,2;BR-116/CW;Norte;Colisão Traseira;1;2;;;;;1
26/07/2019;18:18:00;299;sem vítima;284,3;BR-116/PR;Norte;Colisão Lateral;1;2;;;;;1
27/07/2019;12:08:00;179;com vítima;361,6;BR-116/PR;Sul;Colisão Traseira;2;1;1;;;;1
28/07/2019;11:02:00;109;sem vítima;372,7;BR-116/PR;Norte;Colisão Traseira;1;5;;;;;1
28/07/2019;12:55:00;134;sem vítima;355,3;BR-116/PR;Norte;Colisão Lateral;1;4;;;;;1
28/07/2019;15:53:00;171;sem vítima;349,2;BR-116/PR;Sul;Choque - Talude;1;1;;;;;1
29/07/2019;08:34:00;108;sem vítima;547,7;BR-116/PR;Norte;Colisão Lateral;1;2;;;;;1
29/07/2019;21:40:00;317;sem vítima;323;BR-116/PR;Norte;Colisão Traseira;2;2;;;;;1
29/07/2019;22:36:00;322;sem vítima;499,6;BR-116/PR;Sul;Tombamento;1;2;;;;;1
30/07/2019;07:43:00;83;sem vítima;508,9;BR-116/PR;Sul;Tombamento;1;1;;;;;1
30/07/2019;13:37:00;192;sem vítima;37;BR-116/PR;Sul;Saida de Pista;1;1;;;;;1
30/07/2019;14:53:00;213;sem vítima;507,7;BR-116/PR;Sul;Colisão Traseira;3;3;;;;;1
30/07/2019;15:11:00;221;sem vítima;279,8;BR-116/PR;Norte;Colisão Traseira;1;2;;;;;1
30/07/2019;15:26:00;225;sem vítima;416;BR-116/PR;Sul;Colisão Traseira;2;2;;;;;1
30/07/2019;16:17:00;239;sem vítima;546;BR-116/PR;Sul;Colisão Traseira;1;3;;;;;1
30/07/2019;16:47:00;250;sem vítima;1;BR-116/CW;Norte;Engavetamento;1;5;;;;;1
31/07/2019;07:16:00;90;sem vítima;274;BR-116/PR;Norte;Colisão Lateral;1;3;;;;;1
31/07/2019;08:48:00;145;sem vítima;272,5;BR-116/PR;Sul;Colisão Traseira;1;2;;;;;1
31/07/2019;09:24:00;153;sem vítima;70,8;BR-116/PR;Sul;Engavetamento;3;3;;;;;1
31/07/2019;09:40:00;160;com vítima;25,6;BR-116/PR;Sul;Colisão Traseira;1;3;1;;;;1
31/07/2019;09:55:00;166;sem vítima;387,2;BR-116/PR;Norte;Colisão Lateral;2;2;;;;;1
31/07/2019;10:29:00;180;sem vítima;434,05;BR-116/PR;Sul;Saida de Pista;1;1;;;;;1
31/07/2019;12:53:00;225;com vítima;28;BR-116/PR;Norte;Outros;1;0;2;;;;1
01/09/2019;09:46:00;107;sem vítima;541;BR-116/PR;Sul;Choque - Defensa, barreira ou "submarino";1;1;;;;;1
01/09/2019;10:41:00;119;sem vítima;499,6;BR-116/PR;Sul;Choque - Defensa, barreira ou "submarino";1;1;;;;;1
01/09/2019;12:19:00;144;sem vítima;473,4;BR-116/PR;Sul;Colisão Lateral;1;4;;;;;1
01/09/2019;12:48:00;150;sem vítima;522,5;BR-116/PR;Norte;Engavetamento;2;8;;;;;1
01/09/2019;14:28:00;175;sem vítima;303,5;BR-116/PR;Sul;Colisão Lateral;1;2;;;;;1
01/09/2019;16:27:00;213;sem vítima;17;BR-116/CW;Norte;Tombamento;1;1;;;;;1
01/09/2019;17:43:00;232;sem vítima;46,85;BR-116/PR;Norte;Colisão Traseira;1;5;;;;;1
01/09/2019;17:45:00;233;com vítima;300;BR-116/PR;Sul;Choque - Defensa, barreira ou "submarino";1;0;1;;;;1
01/09/2019;17:55:00;238;com vítima;544,5;BR-116/PR;Sul;Tombamento;1;0;;1;;;2
01/09/2019;19:43:00;267;sem vítima;485,6;BR-116/PR;Norte;Colisão Lateral;2;2;;;;;1
01/09/2019;23:14:00;309;sem vítima;27;BR-116/PR;Sul;Saida de Pista;1;1;;;;;1
02/09/2019;03:53:00;52;sem vítima;337,6;BR-116/PR;Sul;Choque - Arvore;1;1;;;;;1
02/09/2019;05:56:00;62;com vítima;278,9;BR-116/PR;Norte;Tombamento;1;1;1;;;;1
02/09/2019;08:03:00;95;sem vítima;15,5;BR-116/PR;Sul;Tombamento;1;1;;;;;1
02/09/2019;15:41:00;208;com vítima;23;BR-116/PR;Norte;Colisão Lateral;1;1;2;;;;1
02/09/2019;17:27:00;237;sem vítima;353;BR-116/PR;Sul;Saida de Pista;1;1;;;;;1
02/09/2019;22:29:00;298;sem vítima;557,6;BR-116/PR;Norte;Atropelamento de Animal;1;2;;;;;1
02/09/2019;23:57:00;313;sem vítima;306;BR-116/PR;Norte;Colisão Traseira;2;2;;;;;1
03/09/2019;00:48:00;13;sem vítima;310,3;BR-116/PR;Norte;Choque - Defensa, barreira ou "submarino";1;1;;;;;1
03/09/2019;06:38:00;78;sem vítima;475,1;BR-116/PR;Norte;Colisão Traseira;1;2;;;;;1
03/09/2019;09:21:00;140;sem vítima;15;BR-116/PR;Norte;Tombamento;1;1;;;;;1
03/09/2019;09:42:00;146;sem vítima;541;BR-116/PR;Sul;Choque - Defensa, barreira ou "submarino";1;2;;;;;1
03/09/2019;10:07:00;157;com vítima;511,66;BR-116/PR;Norte;Colisão Transversal;1;2;;;1;;2
04/09/2019;09:18:00;52;com vítima;521,9;BR-116/PR;Sul;Choque - Talude;1;0;;1;;;2
04/09/2019;09:18:00;54;com vítima;31,1;BR-116/PR;Norte;Tombamento;1;0;1;;;;1
04/09/2019;13:24:00;123;sem vítima;414;BR-116/PR;Norte;Atropelamento de Animal;1;1;;;;;1
04/09/2019;18:33:00;195;com vítima;439,2;BR-116/PR;Norte;Atropelamento - Andarilho;1;0;;1;;1;3
04/09/2019;18:55:00;199;com vítima;421,8;BR-116/PR;Norte;Tombamento;1;0;;1;;;2
04/09/2019;21:34:00;223;sem vítima;353;BR-116/PR;Sul;Saida de Pista;1;1;;;;;1
04/09/2019;22:59:00;235;sem vítima;292,1;BR-116/PR;Sul;Colisão Lateral;3;3;;;;;1
05/09/2019;04:31:00;49;sem vítima;290,5;BR-116/PR;Norte;Colisão Traseira;1;2;;;;;1
05/09/2019;06:08:00;61;sem vítima;282;BR-116/PR;Norte;Colisão Transversal;1;3;;;;;1
05/09/2019;10:17:00;127;sem vítima;365,901;BR-116/PR;Sul;Colisão Traseira;2;3;;;;;1
05/09/2019;11:09:00;140;sem vítima;545;BR-116/PR;Sul;Choque - Defensa, barreira ou "submarino";1;1;;;;;1
05/09/2019;16:11:00;208;com vítima;514;BR-116/PR;Norte;Choque - Defensa, barreira ou "submarino";1;0;;1;;;2
05/09/2019;17:06:00;219;com vítima;504,6;BR-116/PR;Norte;Tombamento;1;0;;1;;;2
05/09/2019;17:26:00;229;com vítima;505,5;BR-116/PR;Norte;Colisão Lateral;1;0;;2;;;2
05/09/2019;22:56:00;297;com vítima;361,7;BR-116/PR;Norte;Colisão Traseira;2;0;1;1;;;2
06/09/2019;05:08:00;41;com vítima;560,3;BR-116/PR;Norte;Tombamento;1;0;1;;;;1
06/09/2019;10:02:00;120;com vítima;358,8;BR-116/PR;Sul;Colisão Traseira;2;1;;1;;;2
06/09/2019;11:58:00;156;sem vítima;287;BR-116/PR;Norte;Saida de Pista;1;1;;;;;1
06/09/2019;12:08:00;161;sem vítima;518;BR-116/PR;Norte;Choque - Elemento de Drenagem;1;1;;;;;1
06/09/2019;13:37:00;184;sem vítima;503;BR-116/PR;Sul;Choque - Talude;1;1;;;;;1
06/09/2019;15:25:00;201;sem vítima;346;BR-116/PR;Norte;Choque - Defensa, barreira ou "submarino";1;1;;;;;1
06/09/2019;15:29:00;203;sem vítima;347,4;BR-116/PR;Sul;Colisão Transversal;2;5;;;;;1
06/09/2019;15:46:00;206;sem vítima;337,5;BR-116/PR;Sul;Colisão Traseira;2;4;;;;;1
06/09/2019;23:47:00;329;sem vítima;513,1;BR-116/PR;Norte;Choque - Defensa, barreira ou "submarino";1;1;;;;;1
07/09/2019;00:27:00;11;sem vítima;514,2;BR-116/PR;Norte;Saida de Pista;1;1;;;;;1
07/09/2019;09:28:00;122;com vítima;289;BR-116/PR;Sul;Engavetamento;1;3;;7;;;2
07/09/2019;09:47:00;128;sem vítima;41,8;BR-116/PR;Sul;Colisão Traseira;1;2;;;;;1
07/09/2019;10:55:00;155;com vítima;50,3;BR-116/PR;Norte;Colisão Traseira;2;1;2;;;;1
07/09/2019;14:05:00;204;com vítima;511;BR-116/PR;Sul;Colisão Lateral;1;0;;2;;;2
08/09/2019;14:10:00;164;com vítima;454,1;BR-116/PR;Sul;Colisão Lateral;2;2;1;2;;;2
09/09/2019;06:17:00;60;com vítima;282,1;BR-116/PR;Norte;Colisão Traseira;1;2;;2;;;2
09/09/2019;11:35:00;189;sem vítima;16,8;BR-116/CW;Sul;Colisão Traseira;1;9;;;;;1
09/09/2019;21:52:00;378;sem vítima;429;BR-116/PR;Norte;Colisão Traseira;2;2;;;;;1
09/09/2019;23:17:00;387;com vítima;312;BR-116/PR;Sul;Colisão Traseira;1;0;;2;;;2
10/09/2019;12:52:00;204;sem vítima;300;BR-116/PR;Sul;Choque - Defensa, barreira ou "submarino";1;1;;;;;1
10/09/2019;13:49:00;223;sem vítima;276;BR-116/PR;Norte;Choque - Defensa, barreira ou "submarino";1;2;;;;;1
10/09/2019;18:33:00;306;com vítima;359,5;BR-116/PR;Sul;Colisão Traseira;3;1;;1;;1;3
11/09/2019;04:11:00;49;com vítima;472,1;BR-116/PR;Norte;Saida de Pista;1;0;1;;;;1
11/09/2019;05:00:00;65;sem vítima;506;BR-116/PR;Norte;Saida de Pista;1;1;;;;;1
11/09/2019;09:58:00;146;sem vítima;69;BR-116/PR;Sul;Colisão Traseira;1;2;;;;;1
11/09/2019;11:00:00;175;com vítima;508;BR-116/PR;Sul;Tombamento;1;0;1;;;;1
11/09/2019;18:13:00;339;com vítima;288;BR-116/PR;Norte;Colisão Lateral;1;5;;2;;;2
11/09/2019;20:06:00;371;com vítima;518,5;BR-116/PR;Norte;Tombamento;1;1;1;;;;1
11/09/2019;20:58:00;384;sem vítima;57,2;BR-116/PR;Norte;Colisão Traseira;2;2;;;;;1
12/09/2019;04:12:00;46;sem vítima;483,3;BR-116/PR;Norte;Choque - Elemento de Drenagem;1;1;;;;;1
12/09/2019;07:43:00;75;com vítima;21;BR-116/PR;Sul;Tombamento;1;0;;;;1;3
12/09/2019;22:49:00;371;com vítima;529,8;BR-116/PR;Norte;Saida de Pista;1;0;;1;;;2
13/09/2019;02:03:00;31;com vítima;15,7;BR-116/PR;Sul;Choque - Defensa, barreira ou "submarino";1;0;;4;;;2
13/09/2019;05:18:00;66;sem vítima;465,9;BR-116/PR;Sul;Colisão Traseira;1;2;;;;;1
13/09/2019;15:59:00;264;com vítima;28,2;BR-116/PR;Norte;Colisão Traseira;1;2;;1;;;2
14/09/2019;05:14:00;63;sem vítima;15,6;BR-116/PR;Norte;Choque - Defensa, barreira ou "submarino";1;1;;;;;1
14/09/2019;12:21:00;159;sem vítima;347,6;BR-116/PR;Norte;Choque - Defensa, barreira ou "submarino";1;4;;;;;1
14/09/2019;16:37:00;236;sem vítima;350,9;BR-116/PR;Sul;Saida de Pista;1;1;;;;;1
15/09/2019;04:42:00;28;com vítima;527,1;BR-116/PR;Sul;Tombamento;1;2;1;;;;1
15/09/2019;10:29:00;96;sem vítima;361;BR-116/PR;Norte;Choque - Defensa, barreira ou "submarino";1;1;;;;;1
15/09/2019;17:43:00;230;com vítima;527;BR-116/PR;Norte;Saida de Pista;1;0;;1;;;2
16/09/2019;10:48:00;152;com vítima;513,6;BR-116/PR;Norte;Tombamento;1;0;1;;;;1
17/09/2019;04:20:00;39;com vítima;303,899;BR-116/PR;Norte;Colisão Traseira;2;1;;1;;;2
17/09/2019;07:35:00;79;com vítima;328,4;BR-116/PR;Norte;Colisão Lateral;1;2;;1;;;2
17/09/2019;12:04:00;201;sem vítima;282;BR-116/PR;Sul;Colisão Traseira;1;2;;;;;1
17/09/2019;12:27:00;206;sem vítima;336,8;BR-116/PR;Sul;Colisão Lateral;2;2;;;;;1
17/09/2019;19:42:00;326;sem vítima;56;BR-116/PR;Norte;Colisão Lateral;2;2;;;;;1
17/09/2019;21:29:00;338;com vítima;365,2;BR-116/PR;Sul;Tombamento;1;0;;1;;;2
17/09/2019;22:18:00;354;com vítima;279,4;BR-116/PR;Sul;Colisão Traseira;1;0;;4;;;2
18/09/2019;02:21:00;40;com vítima;17,5;BR-116/PR;Sul;Colisão Lateral;2;1;1;;;;1
18/09/2019;06:31:00;71;com vítima;556;BR-116/PR;Sul;Saida de Pista;1;0;;1;;;2
18/09/2019;12:25:00;226;com vítima;20,4;BR-116/PR;Sul;Saida de Pista;1;0;;1;;;2
18/09/2019;19:12:00;341;com vítima;58,3;BR-116/PR;Sul;Colisão Traseira;1;0;;2;;;2
19/09/2019;00:58:00;17;com vítima;27,7;BR-116/PR;Sul;Colisão Traseira;1;1;;1;;;2
19/09/2019;01:09:00;21;com vítima;27,6;BR-116/PR;Sul;Engavetamento;2;0;;10;;;2
19/09/2019;08:02:00;96;sem vítima;430;BR-116/PR;Norte;Saida de Pista;1;1;;;;;1
19/09/2019;09:41:00;148;com vítima;511,8;BR-116/PR;Norte;Tombamento;1;0;1;;;;1
19/09/2019;13:30:00;223;com vítima;513,4;BR-116/PR;Norte;Tombamento;1;0;;1;;;2
19/09/2019;13:45:00;227;sem vítima;0,3;BR-116/PR;Sul;Colisão Lateral;1;3;;;;;1
19/09/2019;16:01:00;266;sem vítima;23,75;BR-116/PR;Norte;Choque - Elemento de Drenagem;1;1;;;;;1
19/09/2019;16:52:00;286;sem vítima;513,5;BR-116/PR;Norte;Colisão Traseira;1;5;;;;;1
19/09/2019;17:33:00;295;sem vítima;545,8;BR-116/PR;Sul;Choque - Defensa, barreira ou "submarino";1;2;;;;;1
19/09/2019;22:02:00;361;com vítima;509,7;BR-116/PR;Norte;Choque - Elemento de Drenagem;1;0;;1;;;2
19/09/2019;22:32:00;366;com vítima;532;BR-116/PR;Sul;Colisão Traseira;1;1;1;;;;1
20/09/2019;00:12:00;4;com vítima;27,6;BR-116/PR;Norte;Tombamento;1;0;1;;;;1
20/09/2019;04:18:00;49;com vítima;499,6;BR-116/PR;Sul;Tombamento;2;1;1;;;;1
20/09/2019;07:47:00;90;sem vítima;437;BR-116/PR;Norte;Choque - Defensa, barreira ou "submarino";1;1;;;;;1
20/09/2019;10:12:00;127;sem vítima;50,6;BR-116/PR;Norte;Tombamento;1;1;;;;;1
20/09/2019;10:27:00;133;com vítima;50,9;BR-116/PR;Sul;Choque - Elemento de Drenagem;1;2;1;;;;1
20/09/2019;10:55:00;146;sem vítima;564,1;BR-116/PR;Sul;Saida de Pista;1;1;;;;;1
20/09/2019;11:48:00;158;com vítima;484,4;BR-116/PR;Sul;Colisão Traseira;1;2;1;;;;1
20/09/2019;14:15:00;204;sem vítima;28;BR-116/PR;Sul;Tombamento;1;1;;;;;1
20/09/2019;14:42:00;212;com vítima;26,9;BR-116/PR;Sul;Engavetamento;3;3;;1;;;2
21/09/2019;07:56:00;80;com vítima;448;BR-116/PR;Norte;Colisão Traseira;1;1;1;;;;1
21/09/2019;08:59:00;95;com vítima;15,6;BR-116/PR;Sul;Objeto lançado contra veículo;1;1;1;1;;;2
21/09/2019;09:02:00;98;sem vítima;509,7;BR-116/PR;Norte;Tombamento;1;1;;;;;1
21/09/2019;10:41:00;136;sem vítima;23;BR-116/PR;Norte;Tombamento;1;1;;;;;1
21/09/2019;12:27:00;165;sem vítima;524;BR-116/PR;Sul;Saida de Pista;1;2;;;;;1
21/09/2019;14:58:00;203;com vítima;359,9;BR-116/PR;Norte;Colisão Lateral;1;2;;1;;;2
22/09/2019;01:22:00;14;sem vítima;527;BR-116/PR;Norte;Atropelamento de Animal;1;1;;;;;1
22/09/2019;10:49:00;93;com vítima;474;BR-116/PR;Norte;Colisão Lateral;2;1;1;;;;1
22/09/2019;19:22:00;207;sem vítima;294;BR-116/PR;Norte;Colisão Lateral;2;2;;;;;1
22/09/2019;20:13:00;219;sem vítima;513,5;BR-116/PR;Norte;Colisão Traseira;2;2;;;;;1
22/09/2019;21:02:00;226;sem vítima;407,6;BR-116/PR;Norte;Engavetamento;3;3;;;;;1
23/09/2019;00:23:00;6;com vítima;385;BR-116/PR;Norte;Colisão Traseira;1;8;1;;;;1
23/09/2019;05:40:00;49;sem vítima;27,6;BR-116/PR;Norte;Tombamento;1;1;;;;;1
23/09/2019;22:36:00;299;com vítima;422,8;BR-116/PR;Norte;Tombamento;1;0;1;;;;1
24/09/2019;00:50:00;18;com vítima;467,3;BR-116/PR;Sul;Choque - Defensa, barreira ou "submarino";1;0;;1;;;2
24/09/2019;06:52:00;67;sem vítima;513,5;BR-116/PR;Norte;Choque - Defensa, barreira ou "submarino";1;1;;;;;1
24/09/2019;13:39:00;204;com vítima;393,5;BR-116/PR;Norte;Tombamento;1;0;1;;;;1
25/09/2019;00:17:00;7;com vítima;328;BR-116/PR;Norte;Saida de Pista;1;1;;1;;;2
25/09/2019;07:01:00;85;com vítima;417,6;BR-116/PR;Norte;Tombamento;1;4;1;;;;1
26/09/2019;06:15:00;55;com vítima;507,5;BR-116/PR;Norte;Tombamento;1;0;1;;;;1
26/09/2019;07:31:00;85;sem vítima;528;BR-116/PR;Norte;Colisão Traseira;2;9;;;;;1
26/09/2019;07:59:00;94;sem vítima;509;BR-116/PR;Norte;Colisão Traseira;2;9;;;;;1
26/09/2019;14:58:00;221;sem vítima;454,2;BR-116/PR;Norte;Colisão Traseira;2;2;;;;;1
27/09/2019;00:18:00;10;sem vítima;446;BR-116/PR;Norte;Tombamento;1;2;;;;;1
27/09/2019;10:30:00;170;sem vítima;426,6;BR-116/PR;Sul;Colisão Lateral;1;2;;;;;1
27/09/2019;16:06:00;246;sem vítima;323,95;BR-116/PR;Sul;Colisão Traseira;1;2;;;;;1
27/09/2019;22:03:00;316;com vítima;515,9;BR-116/PR;Sul;Colisão Lateral;1;1;;1;;;2
28/09/2019;01:57:00;29;com vítima;29,5;BR-116/PR;Norte;Choque - Defensa, barreira ou "submarino";1;0;;1;;;2
28/09/2019;11:50:00;159;sem vítima;298,6;BR-116/PR;Sul;Colisão Traseira;1;2;;;;;1
28/09/2019;16:56:00;223;com vítima;314;BR-116/PR;Norte;Colisão Traseira;1;5;1;;;;1
29/09/2019;20:07:00;276;sem vítima;370,4;BR-116/PR;Norte;Colisão Traseira;2;2;;;;;1
29/09/2019;23:29:00;311;com vítima;349,5;BR-116/PR;Norte;Colisão Traseira;2;1;1;;;;1
30/09/2019;07:36:00;34;sem vítima;549,7;BR-116/PR;Norte;Colisão Traseira;1;3;;;;;1
30/09/2019;08:26:00;45;com vítima;280,5;BR-116/PR;Norte;Queda de Moto;1;1;;;;1;3
30/09/2019;10:08:00;60;sem vítima;466;BR-116/PR;Norte;Colisão Traseira;1;2;;;;;1
30/09/2019;11:40:00;108;com vítima;466;BR-116/PR;Norte;Colisão Traseira;1;1;;1;;;2
30/09/2019;19:45:00;191;com vítima;360;BR-116/PR;Norte;Colisão Traseira;2;0;1;1;;;2
30/09/2019;20:45:00;196;com vítima;362,5;BR-116/PR;Sul;Colisão Lateral;1;5;2;;;;1
30/09/2019;21:55:00;206;com vítima;498,1;BR-116/PR;Sul;Choque - Defensa, barreira ou "submarino";1;0;;1;;;2
30/09/2019;22:20:00;211;sem vítima;492,2;BR-116/PR;Sul;Choque - Defensa, barreira ou "submarino";2;2;;;;;1
01/06/2019;10:51:00;145;sem vítima;409,5;BR-116/PR;Sul;Colisão Traseira;2;2;;;;;1
02/06/2019;08:54:00;74;sem vítima;485,6;BR-116/PR;Norte;Saida de Pista;1;1;;;;;1
02/06/2019;15:15:00;159;sem vítima;305;BR-116/PR;Sul;Choque - Defensa, barreira ou "submarino";1;1;;;;;1
02/06/2019;18:25:00;209;sem vítima;387,7;BR-116/PR;Sul;Colisão Lateral;1;2;;;;;1
02/06/2019;20:44:00;239;com vítima;384,9;BR-116/PR;Norte;Colisão Transversal;1;1;2;;1;;2
03/06/2019;05:50:00;62;sem vítima;331,1;BR-116/PR;Norte;Choque - Elemento de Drenagem;1;1;;;;;1
03/06/2019;05:51:00;63;com vítima;285,9;BR-116/PR;Sul;Colisão Traseira;1;1;;;1;;2
03/06/2019;07:16:00;75;sem vítima;433;BR-116/PR;Norte;Saida de Pista;1;1;;;;;1
03/06/2019;08:18:00;98;sem vítima;461,2;BR-116/PR;Norte;Colisão Traseira;2;2;;;;;1
03/06/2019;11:55:00;179;sem vítima;511,5;BR-116/PR;Norte;Tombamento;1;1;;;;;1
03/06/2019;18:12:00;282;sem vítima;299;BR-116/PR;Norte;Colisão Lateral;1;5;;;;;1
04/06/2019;01:13:00;17;sem vítima;40;BR-116/PR;Norte;Colisão Lateral;1;2;;;;;1
04/06/2019;16:28:00;278;sem vítima;8,6;BR-116/PR;Norte;Choque - Elemento de Drenagem;1;2;;;;;1
04/06/2019;21:30:00;342;sem vítima;513,7;BR-116/PR;Norte;Choque - Defensa, barreira ou "submarino";1;1;;;;;1
04/06/2019;23:12:00;355;com vítima;28;BR-116/PR;Norte;Tombamento;1;0;1;;;;1
05/06/2019;05:27:00;66;com vítima;53,9;BR-116/PR;Norte;Saida de Pista;1;0;1;;;;1
05/06/2019;06:25:00;75;com vítima;545,95;BR-116/PR;Sul;Tombamento;1;0;1;;;;1
05/06/2019;06:32:00;77;sem vítima;404;BR-116/PR;Norte;Choque - Elemento de Drenagem;1;2;;;;;1
05/06/2019;20:18:00;343;com vítima;48,1;BR-116/PR;Norte;Colisão Traseira;2;3;2;2;;;2
05/06/2019;21:12:00;353;com vítima;360,2;BR-116/PR;Norte;Tombamento;1;0;;1;;;2
06/06/2019;00:23:00;9;com vítima;409,08;BR-116/PR;Sul;Saida de Pista;1;0;1;;;;1
06/06/2019;06:47:00;84;sem vítima;443;BR-116/PR;Norte;Choque - Defensa, barreira ou "submarino";1;2;;;;;1
06/06/2019;07:50:00;107;sem vítima;0,3;BR-116/CW;Norte;Choque - Defensa, barreira ou "submarino";1;1;;;;;1
06/06/2019;10:37:00;188;sem vítima;282,7;BR-116/PR;Norte;Colisão Lateral;1;2;;;;;1
07/06/2019;01:24:00;27;sem vítima;450,1;BR-116/PR;Sul;Colisão Traseira;1;2;;;;;1
07/06/2019;01:58:00;33;com vítima;26,5;BR-116/PR;Norte;Tombamento;2;1;;1;;;2
07/06/2019;06:33:00;76;sem vítima;282,2;BR-116/PR;Norte;Colisão Lateral;1;2;;;;;1
07/06/2019;11:40:00;223;sem vítima;309;BR-116/PR;Sul;Colisão Traseira;2;2;;;;;1
07/06/2019;17:56:00;341;sem vítima;513,9;BR-116/PR;Norte;Choque - Suporte de Sinalização;1;1;;;;;1
07/06/2019;19:36:00;376;com vítima;567;BR-116/PR;Norte;Tombamento;1;0;1;;;;1
08/06/2019;02:34:00;33;sem vítima;518;BR-116/PR;Norte;Choque - Suporte de Sinalização;1;1;;;;;1
08/06/2019;20:08:00;279;com vítima;312,8;BR-116/PR;Sul;Colisão Traseira;2;1;;1;;;2
09/06/2019;00:25:00;6;sem vítima;400,1;BR-116/PR;Norte;Saida de Pista;1;1;;;;;1
09/06/2019;02:53:00;26;com vítima;46,7;BR-116/PR;Sul;Tombamento;1;0;1;;;;1
09/06/2019;16:19:00;233;sem vítima;443;BR-116/PR;Sul;Colisão Lateral;1;2;;;;;1
10/06/2019;02:35:00;36;sem vítima;284;BR-116/PR;Norte;Colisão Lateral;2;2;;;;;1
10/06/2019;15:21:00;233;com vítima;22;BR-116/PR;Sul;Colisão Traseira;1;1;2;;;;1
10/06/2019;21:17:00;319;com vítima;18,2;BR-116/CW;Norte;Engavetamento;1;2;1;;;;1
11/06/2019;04:41:00;44;sem vítima;52,7;BR-116/PR;Norte;Tombamento;1;2;;;;;1
11/06/2019;05:13:00;47;com vítima;513,4;BR-116/PR;Norte;Tombamento;1;0;1;;;;1
11/06/2019;05:14:00;48;com vítima;307,8;BR-116/PR;Norte;Colisão Traseira;1;1;;;;1;3