data;horario;n_da_ocorrencia;tipo_de_ocorrencia;km;trecho;sentido;tipo_de_acidente;caminhao;ilesos;levemente_feridos;moderadamente_feridos;gravemente_feridos;mortos;3
11/06/2019;05:21:00;49;com vítima;427,95;BR-116/PR;Norte;Tombamento;1;0;1;;;;1
11/06/2019;06:10:00;53;sem vítima;48,7;BR-116/PR;Sul;Choque - Defensa, barreira ou "submarino";1;3;;;;;1
11/06/2019;15:26:00;279;sem vítima;511;BR-116/PR;Sul;Tombamento;1;1;;;;;1
12/06/2019;00:02:00;1;sem vítima;322,2;BR-116/PR;Sul;Choque - Poste;2;2;;;;;1
12/06/2019;01:59:00;30;sem vítima;564;BR-116/PR;Sul;Tombamento;1;1;;;;;1
12/06/2019;03:09:00;46;sem vítima;423,8;BR-116/PR;Sul;Saida de Pista;1;2;;;;;1
12/06/2019;18:21:00;314;sem vítima;302;BR-116/PR;Sul;Colisão Traseira;2;2;;;;;1
12/06/2019;18:42:00;322;com vítima;302,9;BR-116/PR;Sul;Colisão Traseira;1;0;4;;;;1
13/06/2019;07:00:00;75;sem vítima;281,3;BR-116/PR;Norte;Colisão Lateral;1;2;;;;;1
13/06/2019;13:01:00;226;sem vítima;392,5;BR-116/PR;Sul;Colisão Lateral;1;2;;;;;1
13/06/2019;15:28:00;270;sem vítima;513,1;BR-116/PR;Norte;Colisão Traseira;2;3;;;;;1
14/06/2019;01:17:00;21;sem vítima;360,2;BR-116/PR;Norte;Tombamento;1;2;;;;;1
14/06/2019;03:48:00;45;sem vítima;281,6;BR-116/PR;Norte;Colisão Traseira;1;2;;;;;1
14/06/2019;08:13:00;96;com vítima;359,25;BR-116/PR;Norte;Tombamento;1;0;1;;;;1
14/06/2019;15:14:00;234;sem vítima;426,4;BR-116/PR;Sul;Colisão Lateral;1;6;;;;;1
14/06/2019;15:50:00;243;sem vítima;294;BR-116/PR;Sul;Colisão Traseira;1;2;;;;;1
14/06/2019;19:09:00;282;sem vítima;294;BR-116/PR;Sul;Colisão Traseira;2;2;;;;;1
14/06/2019;19:58:00;291;sem vítima;31,7;BR-116/PR;Sul;Colisão Lateral;1;3;;;;;1
15/06/2019;07:24:00;74;sem vítima;17,7;BR-116/PR;Sul;Colisão Traseira;2;3;;;;;1
15/06/2019;12:08:00;177;com vítima;410;BR-116/PR;Sul;Colisão Lateral;1;1;1;;;;1
15/06/2019;16:41:00;252;sem vítima;60,3;BR-116/PR;Norte;Colisão Lateral;2;3;;;;;1
16/06/2019;08:10:00;111;sem vítima;27,7;BR-116/PR;Norte;Tombamento;1;1;;;;;1
16/06/2019;16:13:00;229;com vítima;285,1;BR-116/PR;Norte;Colisão Lateral;1;1;1;;;;1
16/06/2019;22:02:00;331;sem vítima;283;BR-116/PR;Norte;Colisão Traseira;1;6;;;;;1
17/06/2019;15:54:00;262;sem vítima;442,2;BR-116/PR;Norte;Choque - Defensa, barreira ou "submarino";1;1;;;;;1
17/06/2019;19:30:00;317;sem vítima;467;BR-116/PR;Norte;Colisão Lateral;1;2;;;;;1
18/06/2019;03:53:00;35;sem vítima;546,6;BR-116/PR;Sul;Saida de Pista;1;1;;;;;1
18/06/2019;06:16:00;58;sem vítima;303,6;BR-116/PR;Norte;Colisão Lateral;2;2;;;;;1
18/06/2019;07:08:00;68;com vítima;360;BR-116/PR;Norte;Tombamento;1;0;;;;1;3
18/06/2019;08:26:00;98;sem vítima;399;BR-116/PR;Sul;Colisão Lateral;1;2;;;;;1
18/06/2019;17:44:00;259;sem vítima;37,1;BR-116/PR;Norte;Colisão Lateral;1;2;;;;;1
18/06/2019;20:39:00;290;com vítima;436,8;BR-116/PR;Sul;Colisão Traseira;2;1;;1;;;2
19/06/2019;06:42:00;85;sem vítima;394,3;BR-116/PR;Sul;Colisão Traseira;2;2;;;;;1
19/06/2019;14:34:00;245;sem vítima;422,7;BR-116/PR;Sul;Choque - Defensa, barreira ou "submarino";1;3;;;;;1
19/06/2019;16:25:00;284;sem vítima;39,6;BR-116/PR;Norte;Colisão Lateral;1;2;;;;;1
20/06/2019;05:28:00;56;com vítima;17;BR-116/PR;Sul;Tombamento;1;0;1;;;;1
20/06/2019;07:32:00;83;com vítima;360,2;BR-116/PR;Norte;Tombamento;1;0;1;;;;1
20/06/2019;23:36:00;317;com vítima;393;BR-116/PR;Norte;Colisão Traseira;2;2;;2;;;2
23/06/2019;00:42:00;10;sem vítima;314,6;BR-116/PR;Norte;Colisão Traseira;2;2;;;;;1
23/06/2019;09:46:00;164;com vítima;362,4;BR-116/PR;Sul;Tombamento;1;0;;1;;;2
23/06/2019;12:02:00;199;sem vítima;61;BR-116/PR;Norte;Colisão Traseira;1;6;;;;;1
24/06/2019;10:12:00;129;sem vítima;370,4;BR-116/PR;Norte;Colisão Traseira;1;3;;;;;1
24/06/2019;15:14:00;206;sem vítima;4,1;BR-116/CW;Norte;Colisão Traseira;1;3;;;;;1
24/06/2019;22:23:00;303;sem vítima;57,2;BR-116/PR;Norte;Colisão Traseira;2;2;;;;;1
25/06/2019;01:11:00;28;sem vítima;347,9;BR-116/PR;Sul;Colisão Traseira;1;2;;;;;1
25/06/2019;03:04:00;47;com vítima;483,5;BR-116/PR;Sul;Atropelamento de Animal;1;1;1;;;;1
25/06/2019;09:25:00;145;sem vítima;279;BR-116/PR;Norte;Colisão Traseira;2;2;;;;;1
26/06/2019;05:07:00;66;sem vítima;406;BR-116/PR;Sul;Colisão Lateral;2;2;;;;;1
26/06/2019;07:37:00;94;com vítima;511,05;BR-116/PR;Sul;Tombamento;1;0;1;;;;1
26/06/2019;17:28:00;291;sem vítima;26;BR-116/PR;Norte;Tombamento;1;1;;;;;1
26/06/2019;20:32:00;337;sem vítima;504,1;BR-116/PR;Sul;Choque - Elemento de Drenagem;1;1;;;;;1
26/06/2019;22:47:00;363;sem vítima;485,5;BR-116/PR;Norte;Saida de Pista;1;1;;;;;1
27/06/2019;01:38:00;26;com vítima;449;BR-116/PR;Sul;Colisão Traseira;1;1;;1;;;2
27/06/2019;06:13:00;79;sem vítima;1,05;BR-116/PR;Sul;Choque - Defensa, barreira ou "submarino";1;1;;;;;1
27/06/2019;08:55:00;123;sem vítima;442,9;BR-116/PR;Sul;Choque - Defensa, barreira ou "submarino";1;1;;;;;1
27/06/2019;12:55:00;205;sem vítima;542;BR-116/PR;Norte;Colisão Lateral;1;3;;;;;1
27/06/2019;20:41:00;341;com vítima;394,1;BR-116/PR;Sul;Atropelamento - Morador;1;1;;;;1;3
28/06/2019;05:19:00;55;com vítima;386,8;BR-116/PR;Norte;Tombamento;1;1;1;;;;1
28/06/2019;10:22:00;158;sem vítima;43;BR-116/PR;Sul;Colisão Lateral;1;3;;;;;1
28/06/2019;17:41:00;286;com vítima;450,5;BR-116/PR;Sul;Colisão Traseira;1;1;1;;;;1
28/06/2019;18:17:00;291;sem vítima;34,8;BR-116/PR;Sul;Colisão Traseira;2;2;;;;;1
28/06/2019;19:50:00;311;com vítima;545;BR-116/PR;Norte;Tombamento;1;1;2;;;;1
29/06/2019;11:04:00;133;sem vítima;64,05;BR-116/PR;Sul;Colisão Traseira;1;2;;;;;1
30/06/2019;19:02:00;237;sem vítima;286,9;BR-116/PR;Norte;Colisão Lateral;1;4;;;;;1
30/06/2019;20:52:00;262;sem vítima;398;BR-116/PR;Norte;Colisão Traseira;2;2;;;;;1
01/04/2019;05:11:00;74;sem vítima;500;BR-116/PR;Sul;Choque - Poste;2;2;;;;;1
01/04/2019;08:14:00;132;com vítima;538;BR-116/PR;Sul;Colisão Lateral;1;2;1;;;;1
02/04/2019;03:04:00;34;sem vítima;404;BR-116/PR;Sul;Saida de Pista;1;1;;;;;1
02/04/2019;07:43:00;122;sem vítima;564,85;BR-116/PR;Sul;Choque - Suporte de Sinalização;1;1;;;;;1
02/04/2019;08:20:00;135;sem vítima;269,9;BR-116/PR;Sul;Colisão Traseira;1;2;;;;;1
02/04/2019;12:37:00;219;sem vítima;27,8;BR-116/PR;Sul;Colisão Traseira;1;3;;;;;1
02/04/2019;16:28:00;307;sem vítima;290;BR-116/PR;Norte;Colisão Traseira;1;3;;;;;1
02/04/2019;19:11:00;352;sem vítima;361,3;BR-116/PR;Sul;Colisão Traseira;1;5;;;;;1
02/04/2019;20:11:00;366;com vítima;380,1;BR-116/PR;Sul;Colisão Lateral;2;3;;;;1;3
02/04/2019;20:25:00;371;sem vítima;372;BR-116/PR;Norte;Choque - Defensa, barreira ou "submarino";1;2;;;;;1
03/04/2019;03:08:00;43;sem vítima;346;BR-116/PR;Norte;Colisão Traseira;1;2;;;;;1
03/04/2019;05:12:00;69;com vítima;525,2;BR-116/PR;Norte;Colisão Traseira;2;2;1;;;;1
03/04/2019;05:44:00;72;sem vítima;471,6;BR-116/PR;Norte;Choque - Talude;1;1;;;;;1
04/04/2019;08:15:00;120;com vítima;40;BR-116/PR;Norte;Tombamento;1;0;1;;;;1
04/04/2019;10:23:00;183;sem vítima;278,2;BR-116/PR;Norte;Colisão Frontal;1;4;;;;;1
04/04/2019;11:18:00;199;sem vítima;282;BR-116/PR;Norte;Colisão Traseira;1;2;;;;;1
05/04/2019;02:14:00;33;sem vítima;463,5;BR-116/PR;Sul;Colisão Traseira;2;2;;;;;1
05/04/2019;04:25:00;69;com vítima;511,05;BR-116/PR;Sul;Capotamento;1;1;1;;;;1
05/04/2019;14:53:00;303;sem vítima;566;BR-116/PR;Sul;Choque - Defensa, barreira ou "submarino";1;2;;;;;1
06/04/2019;15:40:00;248;sem vítima;284,4;BR-116/PR;Norte;Choque - Defensa, barreira ou "submarino";1;5;;;;;1
06/04/2019;20:16:00;336;sem vítima;26;BR-116/PR;Norte;Colisão Traseira;1;2;;;;;1
06/04/2019;21:00:00;346;sem vítima;26;BR-116/PR;Norte;Choque - Defensa, barreira ou "submarino";1;3;;;;;1
06/04/2019;23:10:00;376;sem vítima;540,6;BR-116/PR;Sul;Choque - Defensa, barreira ou "submarino";1;1;;;;;1
06/04/2019;23:39:00;383;sem vítima;340,8;BR-116/PR;Sul;Colisão Lateral;2;2;;;;;1
07/04/2019;19:02:00;328;sem vítima;514,8;BR-116/PR;Norte;Choque - Defensa, barreira ou "submarino";1;1;;;;;1
07/04/2019;19:22:00;332;sem vítima;507,2;BR-116/PR;Sul;Choque - Elemento de Drenagem;1;2;;;;;1
07/04/2019;21:29:00;354;com vítima;554,4;BR-116/PR;Norte;Colisão Frontal;1;1;1;1;;;2
08/04/2019;03:41:00;45;sem vítima;329,8;BR-116/PR;Norte;Saida de Pista;1;1;;;;;1
08/04/2019;05:55:00;74;sem vítima;285;BR-116/PR;Norte;Colisão Traseira;2;4;;;;;1
08/04/2019;09:40:00;139;sem vítima;1;BR-116/PR;Sul;Saida de Pista;1;3;;;;;1
08/04/2019;13:08:00;201;sem vítima;299,1;BR-116/PR;Sul;Colisão Lateral;1;4;;;;;1
08/04/2019;23:22:00;374;sem vítima;43,3;BR-116/PR;Sul;Choque - Talude;1;3;;;;;1
09/04/2019;01:10:00;18;sem vítima;413,2;BR-116/PR;Sul;Choque - Elemento de Drenagem;1;1;;;;;1
09/04/2019;06:51:00;99;sem vítima;284,7;BR-116/PR;Norte;Colisão Traseira;1;3;;;;;1
09/04/2019;10:39:00;207;sem vítima;507,6;BR-116/PR;Norte;Choque - Defensa, barreira ou "submarino";1;1;;;;;1
09/04/2019;13:50:00;252;sem vítima;24;BR-116/PR;Norte;Choque - Talude;1;1;;;;;1
09/04/2019;15:52:00;298;sem vítima;391;BR-116/PR;Sul;Saida de Pista;1;1;;;;;1
10/04/2019;06:12:00;77;sem vítima;17,5;BR-116/PR;Sul;Tombamento;1;1;;;;;1
10/04/2019;06:33:00;85;sem vítima;272;BR-116/PR;Sul;Engavetamento;1;4;;;;;1
10/04/2019;07:50:00;121;sem vítima;281,1;BR-116/PR;Norte;Choque - Defensa, barreira ou "submarino";1;2;;;;;1
10/04/2019;10:34:00;199;sem vítima;6;BR-116/PR;Sul;Colisão Traseira;1;2;;;;;1
10/04/2019;12:53:00;241;sem vítima;513,5;BR-116/PR;Norte;Choque - Talude;1;1;;;;;1
11/04/2019;00:46:00;14;com vítima;414;BR-116/PR;Norte;Colisão Traseira;2;1;;;1;;2
11/04/2019;14:39:00;298;com vítima;544,2;BR-116/PR;Norte;Tombamento;1;0;;1;;;2
11/04/2019;15:46:00;321;sem vítima;360,9;BR-116/PR;Norte;Colisão Lateral;2;2;;;;;1
11/04/2019;22:54:00;441;sem vítima;353,2;BR-116/PR;Sul;Saida de Pista;1;1;;;;;1
12/04/2019;02:38:00;39;com vítima;359,2;BR-116/PR;Norte;Tombamento;1;0;1;;;;1
12/04/2019;08:30:00;136;com vítima;279,8;BR-116/PR;Sul;Colisão Traseira;1;3;1;;;;1
12/04/2019;18:13:00;387;com vítima;288,8;BR-116/PR;Norte;Colisão Traseira;1;1;1;;;;1
12/04/2019;19:11:00;409;com vítima;419;BR-116/PR;Sul;Colisão Traseira;1;4;1;;;;1
12/04/2019;19:19:00;413;sem vítima;282;BR-116/PR;Norte;Colisão Traseira;1;2;;;;;1
13/04/2019;09:27:00;155;sem vítima;36;BR-116/PR;Sul;Colisão Lateral;1;5;;;;;1
13/04/2019;12:23:00;200;sem vítima;398;BR-116/PR;Norte;Saida de Pista;1;2;;;;;1
13/04/2019;14:52:00;246;sem vítima;29;BR-116/PR;Norte;Colisão Lateral;2;2;;;;;1
13/04/2019;22:37:00;385;sem vítima;431;BR-116/PR;Norte;Colisão Traseira;2;2;;;;;1
14/04/2019;20:49:00;340;sem vítima;288;BR-116/PR;Sul;Colisão Traseira;1;6;;;;;1
15/04/2019;06:28:00;57;com vítima;306,5;BR-116/PR;Norte;Colisão Traseira;1;0;13;;1;;2
15/04/2019;21:07:00;313;sem vítima;426,8;BR-116/PR;Norte;Choque - Defensa, barreira ou "submarino";1;2;;;;;1
16/04/2019;13:50:00;246;sem vítima;556,8;BR-116/PR;Sul;Choque - Elemento de Drenagem;1;1;;;;;1
16/04/2019;17:09:00;324;sem vítima;24;BR-116/PR;Norte;Choque - Poste;1;1;;;;;1
16/04/2019;17:30:00;331;com vítima;564,1;BR-116/PR;Sul;Choque - Defensa, barreira ou "submarino";1;1;1;;;;1
16/04/2019;17:44:00;334;sem vítima;555,3;BR-116/PR;Sul;Choque - Defensa, barreira ou "submarino";1;1;;;;;1
16/04/2019;17:51:00;338;sem vítima;534,1;BR-116/PR;Sul;Engavetamento;2;3;;;;;1
16/04/2019;19:25:00;365;sem vítima;57;BR-116/PR;Norte;Colisão Traseira;1;2;;;;;1
16/04/2019;22:47:00;407;com vítima;461,5;BR-116/PR;Sul;Engavetamento;2;8;2;;;;1
17/04/2019;04:43:00;61;com vítima;360,2;BR-116/PR;Norte;Tombamento;1;0;1;;;;1
17/04/2019;14:49:00;256;com vítima;544,5;BR-116/PR;Norte;Tombamento;1;0;1;;;;1
18/04/2019;00:42:00;20;sem vítima;380,9;BR-116/PR;Norte;Tombamento;1;1;;;;;1
18/04/2019;08:24:00;146;sem vítima;370,2;BR-116/PR;Sul;Choque - Outros;1;4;;;;;1
18/04/2019;23:22:00;430;sem vítima;298,8;BR-116/PR;Sul;Colisão Lateral;1;3;;;;;1
19/04/2019;02:07:00;29;com vítima;545;BR-116/PR;Sul;Colisão Traseira;1;3;2;;;;1
19/04/2019;03:15:00;46;sem vítima;313,3;BR-116/PR;Norte;Saida de Pista;1;1;;;;;1
19/04/2019;10:57:00;170;sem vítima;542,9;BR-116/PR;Norte;Colisão Lateral;1;5;;;;;1
19/04/2019;16:11:00;274;sem vítima;522;BR-116/PR;Sul;Colisão Traseira;2;2;;;;;1
20/04/2019;01:03:00;11;sem vítima;454,75;BR-116/PR;Sul;Saida de Pista;1;1;;;;;1
20/04/2019;02:14:00;21;com vítima;421,9;BR-116/PR;Norte;Tombamento;1;0;1;;;;1
21/04/2019;13:17:00;175;sem vítima;283;BR-116/PR;Norte;Engavetamento;2;5;;;;;1
21/04/2019;14:28:00;198;sem vítima;545,5;BR-116/PR;Sul;Choque - Elemento de Drenagem;1;1;;;;;1
22/04/2019;09:06:00;124;sem vítima;473;BR-116/PR;Sul;Colisão Traseira;1;2;;;;;1
22/04/2019;10:50:00;167;sem vítima;33;BR-116/PR;Norte;Tombamento;1;2;;;;;1
22/04/2019;12:26:00;203;sem vítima;513;BR-116/PR;Norte;Colisão Traseira;1;4;;;;;1
22/04/2019;14:55:00;250;com vítima;430,5;BR-116/PR;Sul;Colisão Traseira;2;1;1;;1;;2
23/04/2019;03:00:00;48;com vítima;388,6;BR-116/PR;Norte;Colisão Traseira;2;1;1;;;;1
23/04/2019;07:51:00;118;sem vítima;537,9;BR-116/PR;Sul;Colisão Lateral;1;5;;;;;1
24/04/2019;00:36:00;9;sem vítima;358,9;BR-116/PR;Sul;Colisão Traseira;2;2;;;;;1
24/04/2019;01:17:00;16;com vítima;27,5;BR-116/PR;Norte;Tombamento;1;1;1;;;;1
24/04/2019;12:55:00;211;sem vítima;318;BR-116/PR;Sul;Engavetamento;2;3;;;;;1
25/04/2019;03:05:00;34;sem vítima;436;BR-116/PR;Norte;Choque - Poste;1;2;;;;;1
25/04/2019;05:55:00;68;sem vítima;513;BR-116/PR;Sul;Colisão Traseira;1;4;;;;;1
25/04/2019;09:57:00;166;com vítima;513,6;BR-116/PR;Norte;Tombamento;1;0;1;;;;1
25/04/2019;13:48:00;234;sem vítima;279;BR-116/PR;Sul;Colisão Lateral;1;2;;;;;1
25/04/2019;19:01:00;312;com vítima;328;BR-116/PR;Sul;Choque - Objeto sobre a pista;1;1;1;;;;1
25/04/2019;19:24:00;318;sem vítima;279;BR-116/PR;Sul;Engavetamento;2;3;;;;;1
26/04/2019;03:01:00;44;com vítima;407,6;BR-116/PR;Norte;Tombamento;1;1;1;;;;1
26/04/2019;05:46:00;73;sem vítima;469;BR-116/PR;Norte;Tombamento;1;1;;;;;1
26/04/2019;14:14:00;237;com vítima;480,95;BR-116/PR;Norte;Tombamento;1;1;1;;;;1
27/04/2019;08:47:00;137;sem vítima;1,9;BR-116/PR;Sul;Choque - Talude;1;1;;;;;1
27/04/2019;09:09:00;146;sem vítima;486,6;BR-116/PR;Sul;Choque - Cancela de Pedagio;1;1;;;;;1
27/04/2019;10:33:00;173;sem vítima;42,5;BR-116/PR;Norte;Saida de Pista;1;2;;;;;1
27/04/2019;11:46:00;194;com vítima;544,4;BR-116/PR;Norte;Tombamento;1;0;2;;;;1
27/04/2019;13:33:00;229;com vítima;307,1;BR-116/PR;Norte;Choque - Defensa, barreira ou "submarino";1;2;1;;;;1
27/04/2019;14:45:00;246;sem vítima;46,85;BR-116/PR;Norte;Tombamento;1;1;;;;;1
28/04/2019;23:01:00;369;com vítima;353,6;BR-116/PR;Norte;Colisão Traseira;2;1;1;;;;1
29/04/2019;08:15:00;145;com vítima;513;BR-116/PR;Norte;Tombamento;1;0;;1;;;2
29/04/2019;14:54:00;294;sem vítima;521;BR-116/PR;Norte;Colisão Traseira;1;2;;;;;1
30/04/2019;02:57:00;35;sem vítima;459,7;BR-116/PR;Sul;Saida de Pista;1;2;;;;;1
30/04/2019;06:56:00;82;com vítima;459;BR-116/PR;Sul;Tombamento;1;1;1;;;;1
30/04/2019;09:37:00;152;sem vítima;514,7;BR-116/PR;Norte;Choque - Talude;1;1;;;;;1
30/04/2019;17:05:00;282;sem vítima;542,9;BR-116/PR;Sul;Colisão Traseira;1;2;;;;;1
30/04/2019;19:33:00;320;sem vítima;280,1;BR-116/PR;Sul;Colisão Lateral;1;3;;;;;1
01/05/2019;02:58:00;25;com vítima;379,3;BR-116/PR;Sul;Tombamento;1;0;;1;;;2
01/05/2019;07:19:00;64;com vítima;66;BR-116/PR;Norte;Colisão Traseira;1;1;;;;1;3
02/05/2019;06:06:00;70;sem vítima;281,7;BR-116/PR;Norte;Colisão Traseira;1;2;;;;;1
02/05/2019;22:01:00;363;sem vítima;17,4;BR-116/PR;Norte;Choque - Defensa, barreira ou "submarino";1;1;;;;;1
02/05/2019;23:37:00;376;sem vítima;486;BR-116/PR;Norte;Colisão Lateral;2;2;;;;;1
03/05/2019;05:41:00;62;sem vítima;329,1;BR-116/PR;Norte;Saida de Pista;1;2;;;;;1
03/05/2019;07:04:00;84;sem vítima;284,5;BR-116/PR;Norte;Colisão Traseira;1;2;;;;;1
03/05/2019;07:26:00;104;com vítima;52;BR-116/PR;Sul;Atropelamento - Morador;1;1;;;;1;3
03/05/2019;15:48:00;268;com vítima;358,6;BR-116/PR;Sul;Tombamento;1;0;3;;;;1
03/05/2019;22:34:00;360;sem vítima;9,1;BR-116/CW;Sul;Choque - Defensa, barreira ou "submarino";1;1;;;;;1
04/05/2019;07:24:00;93;com vítima;358;BR-116/PR;Sul;Engavetamento;3;3;;;;1;3
04/05/2019;18:46:00;266;com vítima;346;BR-116/PR;Norte;Colisão Traseira;2;1;2;;;;1
05/05/2019;09:16:00;124;sem vítima;561,7;BR-116/PR;Sul;Colisão Traseira;1;2;;;;;1
05/05/2019;09:46:00;135;sem vítima;353,1;BR-116/PR;Sul;Saida de Pista;1;1;;;;;1
05/05/2019;15:02:00;211;sem vítima;326,6;BR-116/PR;Sul;Colisão Lateral;1;2;;;;;1
05/05/2019;20:42:00;337;sem vítima;296,6;BR-116/PR;Norte;Colisão Traseira;2;2;;;;;1
05/05/2019;21:00:00;349;sem vítima;354,9;BR-116/PR;Norte;Colisão Traseira;1;2;;;;;1
06/05/2019;05:16:00;46;sem vítima;406,4;BR-116/PR;Norte;Saida de Pista;1;2;;;;;1
06/05/2019;06:29:00;59;sem vítima;324,6;BR-116/PR;Sul;Tombamento;1;1;;;;;1
06/05/2019;16:18:00;266;sem vítima;481,8;BR-116/PR;Norte;Saida de Pista;1;1;;;;;1
06/05/2019;17:27:00;288;com vítima;316,4;BR-116/PR;Sul;Tombamento;1;0;;;1;1;3
06/05/2019;18:13:00;304;sem vítima;353,1;BR-116/PR;Sul;Saida de Pista;1;1;;;;;1
06/05/2019;20:26:00;329;sem vítima;541,5;BR-116/PR;Sul;Choque - Defensa, barreira ou "submarino";1;1;;;;;1
07/05/2019;08:58:00;142;sem vítima;548,5;BR-116/PR;Sul;Colisão Traseira;2;2;;;;;1
07/05/2019;11:29:00;185;com vítima;363;BR-116/PR;Sul;Tombamento;1;0;;1;;;2
07/05/2019;13:03:00;207;sem vítima;23,7;BR-116/PR;Norte;Saida de Pista;1;1;;;;;1
07/05/2019;13:05:00;209;sem vítima;15,5;BR-116/PR;Sul;Colisão Traseira;1;3;;;;;1
08/05/2019;08:23:00;110;sem vítima;527,2;BR-116/PR;Sul;Choque - Elemento de Drenagem;1;1;;;;;1
08/05/2019;14:32:00;217;com vítima;359;BR-116/PR;Norte;Tombamento;1;0;1;;;;1
08/05/2019;17:54:00;280;sem vítima;282,5;BR-116/PR;Sul;Colisão Lateral;1;2;;;;;1
09/05/2019;03:14:00;40;com vítima;360,4;BR-116/PR;Norte;Tombamento;1;0;1;;;;1
09/05/2019;14:35:00;230;sem vítima;513,9;BR-116/PR;Norte;Choque - Defensa, barreira ou "submarino";1;1;;;;;1
09/05/2019;18:19:00;315;sem vítima;485,7;BR-116/PR;Norte;Colisão Traseira;2;2;;;;;1
09/05/2019;18:29:00;318;sem vítima;42,5;BR-116/PR;Norte;Engavetamento;4;6;;;;;1
09/05/2019;19:15:00;325;sem vítima;536,6;BR-116/PR;Sul;Colisão Traseira;2;2;;;;;1
10/05/2019;12:32:00;180;com vítima;280,3;BR-116/PR;Norte;Colisão Lateral;1;2;1;;;;1
10/05/2019;17:04:00;263;sem vítima;535,6;BR-116/PR;Sul;Colisão Traseira;1;5;;;;;1
11/05/2019;09:04:00;136;sem vítima;31;BR-116/PR;Norte;Saida de Pista;1;1;;;;;1
11/05/2019;12:40:00;207;sem vítima;545;BR-116/PR;Sul;Choque - Defensa, barreira ou "submarino";1;1;;;;;1
11/05/2019;13:52:00;226;sem vítima;67;BR-116/PR;Norte;Colisão Traseira;2;2;;;;;1
11/05/2019;14:17:00;231;sem vítima;494;BR-116/PR;Sul;Colisão Traseira;1;3;;;;;1
11/05/2019;15:46:00;254;sem vítima;514,7;BR-116/PR;Norte;Choque - Poste;1;2;;;;;1
12/05/2019;02:50:00;33;sem vítima;444,8;BR-116/PR;Norte;Choque - Poste;1;3;;;;;1
12/05/2019;12:00:00;177;sem vítima;546;BR-116/PR;Sul;Choque - Defensa, barreira ou "submarino";1;1;;;;;1
12/05/2019;12:20:00;187;sem vítima;59,4;BR-116/PR;Norte;Colisão Traseira;2;3;;;;;1
12/05/2019;20:10:00;325;sem vítima;309,1;BR-116/PR;Sul;Atropelamento de Animal;1;1;;;;;1
12/05/2019;20:32:00;330;sem vítima;356,2;BR-116/PR;Norte;Colisão Lateral;2;2;;;;;1
13/05/2019;13:20:00;220;sem vítima;556;BR-116/PR;Sul;Tombamento;1;1;;;;;1
13/05/2019;14:48:00;238;sem vítima;395;BR-116/PR;Sul;Colisão Lateral;1;3;;;;;1
13/05/2019;15:32:00;253;sem vítima;445,95;BR-116/PR;Sul;Colisão Traseira;1;2;;;;;1
14/05/2019;22:59:00;347;sem vítima;546;BR-116/PR;Sul;Choque - Defensa, barreira ou "submarino";1;5;;;;;1
15/05/2019;08:15:00;122;sem vítima;39,5;BR-116/PR;Sul;Colisão Traseira;1;3;;;;;1
15/05/2019;12:53:00;214;sem vítima;564,2;BR-116/PR;Sul;Saida de Pista;1;1;;;;;1
15/05/2019;14:19:00;239;sem vítima;511,7;BR-116/PR;Norte;Choque - Defensa, barreira ou "submarino";1;1;;;;;1
15/05/2019;14:28:00;244;sem vítima;564,2;BR-116/PR;Sul;Choque - Defensa, barreira ou "submarino";1;1;;;;;1
15/05/2019;16:28:00;281;com vítima;446,8;BR-116/PR;Sul;Colisão Frontal;1;3;1;1;;;2
15/05/2019;19:57:00;319;com vítima;512,5;BR-116/PR;Norte;Tombamento;1;0;1;;;;1
15/05/2019;22:35:00;339;sem vítima;399,5;BR-116/PR;Norte;Choque - Defensa, barreira ou "submarino";1;1;;;;;1
15/05/2019;22:55:00;343;sem vítima;504;BR-116/PR;Sul;Saida de Pista;1;1;;;;;1
16/05/2019;00:46:00;14;sem vítima;443,4;BR-116/PR;Sul;Choque - Defensa, barreira ou "submarino";1;2;;;;;1
16/05/2019;09:20:00;127;sem vítima;440,6;BR-116/PR;Sul;Colisão Traseira;2;2;;;;;1
16/05/2019;09:29:00;131;sem vítima;440,2;BR-116/PR;Sul;Colisão Traseira;2;2;;;;;1
16/05/2019;09:36:00;134;sem vítima;548;BR-116/PR;Sul;Colisão Traseira;1;2;;;;;1
16/05/2019;11:40:00;167;com vítima;295;BR-116/PR;Norte;Engavetamento;3;3;3;;;;1
16/05/2019;14:33:00;226;sem vítima;28;BR-116/PR;Norte;Choque - Elemento de Drenagem;1;1;;;;;1
16/05/2019;14:41:00;230;sem vítima;525,95;BR-116/PR;Sul;Saida de Pista;1;2;;;;;1
16/05/2019;15:29:00;245;com vítima;288;BR-116/PR;Norte;Atropelamento - Ambulante;1;2;;;1;;2
16/05/2019;15:44:00;249;sem vítima;565;BR-116/PR;Sul;Choque - Outros;1;1;;;;;1
16/05/2019;17:47:00;278;sem vítima;54;BR-116/PR;Sul;Colisão Lateral;1;2;;;;;1
16/05/2019;18:31:00;285;sem vítima;6,9;BR-116/PR;Sul;Tombamento;1;1;;;;;1
17/05/2019;00:25:00;7;sem vítima;507,5;BR-116/PR;Norte;Choque - Talude;1;2;;;;;1