data;horario;n_da_ocorrencia;tipo_de_ocorrencia;km;trecho;sentido;tipo_de_acidente;caminhao;ilesos;levemente_feridos;moderadamente_feridos;gravemente_feridos;mortos;3
17/05/2019;01:09:00;22;sem vítima;434,2;BR-116/PR;Norte;Saida de Pista;1;1;;;;;1
17/05/2019;06:19:00;74;sem vítima;284,7;BR-116/PR;Norte;Colisão Traseira;1;2;;;;;1
17/05/2019;07:23:00;86;sem vítima;42;BR-116/PR;Sul;Colisão Traseira;2;5;;;;;1
17/05/2019;13:35:00;220;sem vítima;26;BR-116/PR;Norte;Colisão Lateral;1;2;;;;;1
17/05/2019;15:15:00;239;com vítima;513;BR-116/PR;Norte;Tombamento;1;0;1;;;;1
17/05/2019;19:22:00;309;sem vítima;550,4;BR-116/PR;Norte;Choque - Elemento de Drenagem;1;1;;;;;1
19/05/2019;02:00:00;26;com vítima;273,1;BR-116/PR;Norte;Colisão Traseira;1;2;1;1;;;2
19/05/2019;16:20:00;236;sem vítima;337,4;BR-116/PR;Norte;Tombamento;1;2;;;;;1
19/05/2019;17:41:00;264;com vítima;323,1;BR-116/PR;Norte;Colisão Traseira;1;1;;1;;;2
20/05/2019;03:49:00;66;sem vítima;295;BR-116/PR;Norte;Colisão Traseira;2;2;;;;;1
20/05/2019;08:09:00;139;sem vítima;281;BR-116/PR;Norte;Colisão Lateral;1;6;;;;;1
20/05/2019;11:05:00;213;sem vítima;290,1;BR-116/PR;Sul;Colisão Lateral;1;4;;;;;1
20/05/2019;19:05:00;333;sem vítima;485,7;BR-116/PR;Sul;Colisão Traseira;2;2;;;;;1
20/05/2019;19:34:00;340;sem vítima;492,6;BR-116/PR;Norte;Colisão Traseira;2;2;;;;;1
21/05/2019;17:51:00;364;com vítima;426,6;BR-116/PR;Sul;Colisão Traseira;1;3;1;;;;1
22/05/2019;09:56:00;163;sem vítima;8,5;BR-116/CW;Norte;Colisão Traseira;1;3;;;;;1
22/05/2019;18:10:00;319;com vítima;35,8;BR-116/PR;Norte;Saida de Pista;1;1;1;;;;1
23/05/2019;10:16:00;181;com vítima;26,5;BR-116/PR;Norte;Saida de Pista;1;0;1;;;;1
23/05/2019;11:11:00;201;sem vítima;359;BR-116/PR;Norte;Saida de Pista;1;3;;;;;1
23/05/2019;15:47:00;284;sem vítima;27,2;BR-116/PR;Norte;Saida de Pista;1;2;;;;;1
23/05/2019;22:04:00;380;sem vítima;513;BR-116/PR;Norte;Choque - Talude;1;1;;;;;1
24/05/2019;03:06:00;40;sem vítima;61,2;BR-116/PR;Norte;Tombamento;1;1;;;;;1
24/05/2019;16:12:00;260;sem vítima;287,1;BR-116/PR;Norte;Colisão Lateral;2;2;;;;;1
25/05/2019;01:36:00;20;sem vítima;2,7;BR-116/PR;Sul;Choque - Defensa, barreira ou "submarino";1;1;;;;;1
25/05/2019;06:21:00;62;sem vítima;438,2;BR-116/PR;Sul;Saida de Pista;1;2;;;;;1
25/05/2019;08:00:00;83;com vítima;365,2;BR-116/PR;Sul;Capotamento;1;5;1;;;;1
25/05/2019;12:55:00;178;sem vítima;360,15;BR-116/PR;Norte;Tombamento;1;2;;;;;1
25/05/2019;15:41:00;211;sem vítima;318;BR-116/PR;Sul;Colisão Traseira;1;3;;;;;1
26/05/2019;00:00:00;1;com vítima;410,4;BR-116/PR;Norte;Tombamento;1;0;1;;;;1
26/05/2019;23:10:00;322;com vítima;545,1;BR-116/PR;Norte;Tombamento;1;0;;1;;;2
27/05/2019;14:32:00;236;sem vítima;462,8;BR-116/PR;Sul;Colisão Traseira;1;2;;;;;1
28/05/2019;00:39:00;5;com vítima;391,5;BR-116/PR;Sul;Tombamento;1;0;1;;;;1
28/05/2019;01:19:00;16;sem vítima;513,2;BR-116/PR;Norte;Tombamento;1;1;;;;;1
28/05/2019;03:05:00;33;sem vítima;4,6;BR-116/PR;Norte;Choque - Defensa, barreira ou "submarino";1;1;;;;;1
28/05/2019;03:19:00;39;sem vítima;450,4;BR-116/PR;Sul;Saida de Pista;1;2;;;;;1
28/05/2019;03:57:00;46;sem vítima;321,9;BR-116/PR;Norte;Atropelamento de Animal;1;1;;;;;1
28/05/2019;06:13:00;59;sem vítima;299,3;BR-116/PR;Sul;Colisão Lateral;1;4;;;;;1
28/05/2019;08:19:00;112;sem vítima;282,2;BR-116/PR;Norte;Colisão Lateral;2;4;;;;;1
28/05/2019;12:52:00;205;sem vítima;331;BR-116/PR;Norte;Colisão Lateral;1;5;;;;;1
28/05/2019;17:06:00;275;sem vítima;503,5;BR-116/PR;Sul;Choque - Talude;1;1;;;;;1
28/05/2019;20:56:00;331;sem vítima;544,9;BR-116/PR;Norte;Choque - Talude;1;1;;;;;1
28/05/2019;22:32:00;350;com vítima;52;BR-116/PR;Sul;Choque - Talude;1;2;1;;;;1
29/05/2019;01:39:00;26;sem vítima;344,5;BR-116/PR;Sul;Choque - Defensa, barreira ou "submarino";1;1;;;;;1
29/05/2019;04:21:00;56;sem vítima;504;BR-116/PR;Sul;Colisão Traseira;2;2;;;;;1
29/05/2019;05:39:00;64;sem vítima;313,5;BR-116/PR;Norte;Colisão Lateral;1;3;;;;;1
29/05/2019;09:30:00;171;com vítima;514,4;BR-116/PR;Norte;Colisão Traseira;2;3;;1;;;2
29/05/2019;15:17:00;258;sem vítima;406,1;BR-116/PR;Sul;Colisão Traseira;2;2;;;;;1
29/05/2019;16:40:00;281;sem vítima;443;BR-116/PR;Sul;Colisão Traseira;2;2;;;;;1
29/05/2019;18:08:00;306;com vítima;347,2;BR-116/PR;Sul;Colisão Traseira;1;2;;1;;;2
29/05/2019;18:17:00;308;sem vítima;346,8;BR-116/PR;Sul;Colisão Traseira;1;6;;;;;1
29/05/2019;18:46:00;314;com vítima;346,6;BR-116/PR;Sul;Colisão Traseira;1;2;1;;;;1
30/05/2019;01:01:00;19;sem vítima;551,9;BR-116/PR;Norte;Atropelamento de Animal;1;1;;;;;1
30/05/2019;05:22:00;65;sem vítima;362,4;BR-116/PR;Norte;Colisão Traseira;2;2;;;;;1
30/05/2019;06:42:00;86;sem vítima;509,9;BR-116/PR;Sul;Colisão Lateral;2;2;;;;;1
30/05/2019;17:20:00;313;com vítima;443,9;BR-116/PR;Sul;Colisão Traseira;2;1;1;;;;1
31/05/2019;02:12:00;35;com vítima;39,4;BR-116/PR;Sul;Saida de Pista;1;0;1;;;;1
31/05/2019;04:01:00;60;com vítima;548,8;BR-116/PR;Sul;Saida de Pista;1;0;1;;;;1
31/05/2019;09:36:00;163;sem vítima;283,7;BR-116/PR;Norte;Colisão Traseira;1;2;;;;;1
31/05/2019;14:48:00;263;sem vítima;504,6;BR-116/PR;Norte;Choque - Defensa, barreira ou "submarino";1;1;;;;;1
31/05/2019;15:01:00;268;sem vítima;498,5;BR-116/PR;Sul;Tombamento;1;2;;;;;1
31/05/2019;19:15:00;364;sem vítima;488;BR-116/PR;Sul;Atropelamento de Animal;1;1;;;;;1
31/05/2019;20:37:00;387;sem vítima;386,8;BR-116/PR;Sul;Saida de Pista;1;2;;;;;1
31/05/2019;23:06:00;422;sem vítima;319,6;BR-116/PR;Norte;Colisão Traseira;2;3;;;;;1
31/05/2019;23:54:00;430;com vítima;366,4;BR-116/PR;Sul;Tombamento;1;0;1;;;;1
01/10/2019;05:21:00;42;sem vítima;62,5;BR-116/PR;Sul;Colisão Traseira;2;2;;;;;1
01/10/2019;14:47:00;192;com vítima;563;BR-116/PR;Sul;Colisão Lateral;3;2;;1;;;2
02/10/2019;03:38:00;42;sem vítima;499,7;BR-116/PR;Sul;Tombamento;1;1;;;;;1
02/10/2019;08:21:00;103;com vítima;362,5;BR-116/PR;Norte;Tombamento;1;0;;1;;;2
02/10/2019;14:40:00;222;sem vítima;461;BR-116/PR;Norte;Colisão Traseira;1;2;;;;;1
02/10/2019;15:05:00;233;com vítima;564,7;BR-116/PR;Sul;Tombamento;1;0;;1;;;2
02/10/2019;15:25:00;240;sem vítima;285;BR-116/PR;Sul;Colisão Lateral;1;3;;;;;1
02/10/2019;16:10:00;260;sem vítima;70,4;BR-116/PR;Norte;Colisão Lateral;1;6;;;;;1
03/10/2019;06:53:00;85;com vítima;45,95;BR-116/PR;Sul;Choque - Defensa, barreira ou "submarino";1;0;1;;;;1
03/10/2019;14:50:00;230;sem vítima;280;BR-116/PR;Sul;Colisão Lateral;1;2;;;;;1
03/10/2019;17:00:00;265;com vítima;386;BR-116/PR;Sul;Engavetamento;3;4;1;;;;1
04/10/2019;00:40:00;14;com vítima;512,2;BR-116/PR;Norte;Tombamento;1;0;1;;;;1
04/10/2019;08:53:00;97;sem vítima;499;BR-116/PR;Sul;Saida de Pista;1;1;;;;;1
04/10/2019;11:55:00;167;com vítima;281,1;BR-116/PR;Sul;Colisão Lateral;1;1;1;;;;1
04/10/2019;12:33:00;179;com vítima;284;BR-116/PR;Norte;Colisão Lateral;1;1;;1;;;2
04/10/2019;19:55:00;309;com vítima;517,7;BR-116/PR;Sul;Colisão Traseira;2;1;1;;;;1
04/10/2019;20:24:00;316;com vítima;16,045;BR-116/PR;Norte;Choque - Defensa, barreira ou "submarino";1;0;;;;1;3
05/10/2019;02:02:00;20;sem vítima;353;BR-116/PR;Sul;Saida de Pista;1;2;;;;;1
05/10/2019;05:18:00;51;com vítima;317,5;BR-116/PR;Norte;Colisão Traseira;1;1;1;;;;1
05/10/2019;07:15:00;71;com vítima;548,9;BR-116/PR;Sul;Tombamento;1;0;1;;;;1
05/10/2019;11:01:00;151;sem vítima;552;BR-116/PR;Norte;Colisão Traseira;1;3;;;;;1
05/10/2019;15:06:00;233;sem vítima;515;BR-116/PR;Norte;Choque - Defensa, barreira ou "submarino";1;3;;;;;1
05/10/2019;21:12:00;347;sem vítima;18,6;BR-116/PR;Norte;Saida de Pista;1;2;;;;;1
06/10/2019;10:19:00;106;sem vítima;15,5;BR-116/PR;Sul;Colisão Lateral;1;3;;;;;1
06/10/2019;19:03:00;249;sem vítima;532;BR-116/PR;Norte;Engavetamento;1;30;;;;;1
07/10/2019;10:56:00;148;sem vítima;511;BR-116/PR;Norte;Choque - Defensa, barreira ou "submarino";1;1;;;;;1
07/10/2019;10:56:00;149;com vítima;411;BR-116/PR;Norte;Saida de Pista;1;0;1;;;;1
07/10/2019;12:22:00;178;sem vítima;50,8;BR-116/PR;Norte;Choque - Defensa, barreira ou "submarino";1;2;;;;;1
07/10/2019;13:15:00;193;sem vítima;503;BR-116/PR;Sul;Choque - Talude;1;1;;;;;1
07/10/2019;14:57:00;219;sem vítima;397,3;BR-116/PR;Sul;Colisão Lateral;1;2;;;;;1
07/10/2019;14:59:00;222;sem vítima;40;BR-116/PR;Sul;Choque - Defensa, barreira ou "submarino";1;1;;;;;1
07/10/2019;16:41:00;247;sem vítima;551,2;BR-116/PR;Norte;Tombamento;1;1;;;;;1
07/10/2019;18:01:00;270;sem vítima;510,8;BR-116/PR;Norte;Choque - Talude;1;1;;;;;1
08/10/2019;01:40:00;22;com vítima;470,9;BR-116/PR;Norte;Choque - Talude;1;1;1;;;;1
08/10/2019;02:46:00;34;sem vítima;314,7;BR-116/PR;Norte;Colisão Traseira;2;2;;;;;1
08/10/2019;03:38:00;42;sem vítima;59,5;BR-116/PR;Norte;Atropelamento de Animal;3;3;;;;;1
08/10/2019;14:02:00;212;sem vítima;544;BR-116/PR;Sul;Tombamento;1;1;;;;;1
08/10/2019;14:28:00;216;com vítima;485,8;BR-116/PR;Sul;Colisão Traseira;1;1;1;1;;;2
08/10/2019;16:45:00;258;sem vítima;489,7;BR-116/PR;Sul;Colisão Traseira;1;2;;;;;1
09/10/2019;06:41:00;52;com vítima;16,7;BR-116/CW;Sul;Engavetamento;1;0;;8;;;2
09/10/2019;13:24:00;183;sem vítima;272,6;BR-116/PR;Norte;Tombamento;1;2;;;;;1
09/10/2019;17:18:00;261;com vítima;514,1;BR-116/PR;Norte;Tombamento;1;0;1;;;;1
10/10/2019;04:44:00;52;sem vítima;64,2;BR-116/PR;Norte;Atropelamento de Animal;1;1;;;;;1
10/10/2019;04:47:00;54;com vítima;544;BR-116/PR;Norte;Tombamento;1;0;;;;1;3
10/10/2019;04:50:00;55;com vítima;389;BR-116/PR;Norte;Colisão Traseira;2;1;;;1;;2
10/10/2019;19:25:00;304;sem vítima;370,4;BR-116/PR;Sul;Colisão Traseira;2;2;;;;;1
10/10/2019;21:27:00;329;sem vítima;298,9;BR-116/PR;Sul;Colisão Lateral;1;3;;;;;1
10/10/2019;21:37:00;331;sem vítima;24,9;BR-116/PR;Sul;Colisão Traseira;2;2;;;;;1
10/10/2019;23:23:00;347;com vítima;548,8;BR-116/PR;Norte;Colisão Traseira;2;2;1;;;;1
12/10/2019;04:27:00;52;com vítima;514,1;BR-116/PR;Norte;Tombamento;1;0;;1;;;2
12/10/2019;07:10:00;77;sem vítima;282;BR-116/PR;Sul;Colisão Lateral;1;2;;;;;1
13/10/2019;01:52:00;24;sem vítima;475;BR-116/PR;Norte;Atropelamento de Animal;1;1;;;;;1
13/10/2019;17:30:00;297;sem vítima;453,8;BR-116/PR;Norte;Colisão Traseira;1;2;;;;;1
13/10/2019;18:48:00;332;sem vítima;457,3;BR-116/PR;Norte;Tombamento;1;1;;;;;1
13/10/2019;19:30:00;353;sem vítima;488,5;BR-116/PR;Norte;Colisão Lateral;2;3;;;;;1
14/10/2019;00:32:00;10;sem vítima;370,4;BR-116/PR;Norte;Choque - Defensa, barreira ou "submarino";1;2;;;;;1
14/10/2019;02:41:00;33;com vítima;29,5;BR-116/PR;Norte;Choque - Defensa, barreira ou "submarino";1;0;;1;;;2
14/10/2019;20:21:00;315;com vítima;39,7;BR-116/PR;Norte;Atropelamento - Outros;1;0;;1;;;2
15/10/2019;02:38:00;19;com vítima;518;BR-116/PR;Norte;Choque - Talude;1;0;1;;;;1
15/10/2019;10:18:00;131;com vítima;26;BR-116/PR;Norte;Colisão Traseira;2;1;1;;;;1
15/10/2019;13:19:00;178;sem vítima;64;BR-116/PR;Sul;Colisão Traseira;2;3;;;;;1
15/10/2019;14:27:00;198;sem vítima;14,1;BR-116/PR;Norte;Colisão Lateral;1;2;;;;;1
15/10/2019;15:37:00;222;sem vítima;560,55;BR-116/PR;Norte;Tombamento;1;1;;;;;1
15/10/2019;17:17:00;243;sem vítima;298,8;BR-116/PR;Norte;Colisão Lateral;1;2;;;;;1
15/10/2019;20:53:00;295;sem vítima;32;BR-116/PR;Sul;Colisão Lateral;2;2;;;;;1
15/10/2019;21:19:00;300;sem vítima;17,501;BR-116/CW;Sul;Colisão Lateral;1;2;;;;;1
16/10/2019;03:10:00;36;sem vítima;542,9;BR-116/PR;Norte;Colisão Traseira;1;2;;;;;1
16/10/2019;05:10:00;47;sem vítima;400;BR-116/PR;Norte;Tombamento;1;2;;;;;1
16/10/2019;05:43:00;54;sem vítima;564,1;BR-116/PR;Sul;Tombamento;1;1;;;;;1
16/10/2019;07:19:00;83;sem vítima;516,3;BR-116/PR;Norte;Choque - Talude;1;1;;;;;1
16/10/2019;07:25:00;86;com vítima;286;BR-116/PR;Norte;Colisão Traseira;2;2;1;;;;1
16/10/2019;08:33:00;103;sem vítima;545;BR-116/PR;Sul;Choque - Defensa, barreira ou "submarino";1;3;;;;;1
16/10/2019;09:36:00;128;com vítima;380,7;BR-116/PR;Sul;Tombamento;1;0;1;;;;1
16/10/2019;09:47:00;131;com vítima;347;BR-116/PR;Norte;Tombamento;1;0;1;;;;1
16/10/2019;10:05:00;134;sem vítima;22,5;BR-116/PR;Sul;Choque - Talude;1;1;;;;;1
16/10/2019;19:47:00;287;sem vítima;513,4;BR-116/PR;Norte;Choque - Defensa, barreira ou "submarino";1;1;;;;;1
16/10/2019;20:28:00;295;sem vítima;392,8;BR-116/PR;Sul;Colisão Lateral;1;4;;;;;1
16/10/2019;20:48:00;299;sem vítima;526,1;BR-116/PR;Norte;Colisão Traseira;2;2;;;;;1
16/10/2019;21:15:00;305;sem vítima;28,2;BR-116/PR;Norte;Choque - Defensa, barreira ou "submarino";1;1;;;;;1
16/10/2019;22:26:00;316;sem vítima;515,2;BR-116/PR;Norte;Tombamento;1;1;;;;;1
16/10/2019;23:01:00;324;sem vítima;516,6;BR-116/PR;Norte;Colisão Traseira;1;3;;;;;1
17/10/2019;01:14:00;16;sem vítima;515,6;BR-116/PR;Norte;Colisão Traseira;1;3;;;;;1
17/10/2019;06:04:00;57;sem vítima;546;BR-116/PR;Sul;Engavetamento;4;4;;;;;1
17/10/2019;10:15:00;151;sem vítima;427;BR-116/PR;Norte;Choque - Defensa, barreira ou "submarino";1;1;;;;;1
17/10/2019;17:44:00;296;sem vítima;281,5;BR-116/PR;Sul;Colisão Traseira;1;2;;;;;1
17/10/2019;22:01:00;350;sem vítima;350;BR-116/PR;Sul;Colisão Traseira;2;4;;;;;1
17/10/2019;22:40:00;357;com vítima;524,1;BR-116/PR;Sul;Colisão Traseira;2;1;1;;;;1
18/10/2019;21:54:00;349;com vítima;518,2;BR-116/PR;Norte;Saida de Pista;1;0;1;;;;1
18/10/2019;00:29:00;9;sem vítima;566;BR-116/PR;Norte;Choque - Defensa, barreira ou "submarino";1;1;;;;;1
18/10/2019;06:56:00;65;com vítima;512,9;BR-116/PR;Norte;Saida de Pista;1;0;1;;;;1
18/10/2019;09:43:00;129;sem vítima;360;BR-116/PR;Norte;Choque - Defensa, barreira ou "submarino";1;1;;;;;1
18/10/2019;16:10:00;249;sem vítima;544,5;BR-116/PR;Norte;Tombamento;1;1;;;;;1
18/10/2019;22:15:00;351;sem vítima;397,7;BR-116/PR;Sul;Tombamento;1;2;;;;;1
19/10/2019;00:08:00;3;com vítima;279;BR-116/PR;Sul;Colisão Traseira;1;2;1;1;;;2
19/10/2019;00:11:00;5;sem vítima;427;BR-116/PR;Sul;Colisão Lateral;2;2;;;;;1
19/10/2019;06:44:00;68;sem vítima;18,4;BR-116/PR;Norte;Saida de Pista;1;1;;;;;1
19/10/2019;09:41:00;130;sem vítima;15,5;BR-116/PR;Norte;Colisão Lateral;1;2;;;;;1
19/10/2019;17:39:00;273;sem vítima;45;BR-116/PR;Norte;Colisão Traseira;1;3;;;;;1
19/10/2019;17:47:00;277;sem vítima;389;BR-116/PR;Sul;Tombamento;1;1;;;;;1
19/10/2019;18:28:00;284;com vítima;334;BR-116/PR;Norte;Colisão Traseira;1;1;;1;;;2
19/10/2019;19:17:00;295;com vítima;410,1;BR-116/PR;Norte;Tombamento;1;1;2;;;;1
20/10/2019;08:18:00;68;com vítima;279;BR-116/PR;Norte;Colisão Traseira;1;3;1;;;;1
21/10/2019;02:47:00;26;sem vítima;504,303;BR-116/PR;Sul;Tombamento;1;1;;;;;1
21/10/2019;11:51:00;150;com vítima;469;BR-116/PR;Sul;Capotamento;1;0;2;;;;1
21/10/2019;12:12:00;161;sem vítima;504,9;BR-116/PR;Norte;Choque - Talude;1;1;;;;;1
21/10/2019;12:21:00;163;sem vítima;26;BR-116/PR;Norte;Choque - Arvore;1;1;;;;;1
21/10/2019;13:35:00;181;sem vítima;511;BR-116/PR;Norte;Saida de Pista;1;1;;;;;1
21/10/2019;14:45:00;196;sem vítima;324,5;BR-116/PR;Norte;Colisão Traseira;2;3;;;;;1
21/10/2019;16:06:00;217;sem vítima;275,9;BR-116/PR;Sul;Tombamento;1;2;;;;;1
21/10/2019;23:10:00;304;sem vítima;544,5;BR-116/PR;Norte;Colisão Lateral;2;4;;;;;1
22/10/2019;16:49:00;249;sem vítima;298,6;BR-116/PR;Norte;Colisão Traseira;1;3;;;;;1
22/10/2019;20:27:00;301;com vítima;385;BR-116/PR;Norte;Colisão Transversal;1;3;;1;;;2
22/10/2019;21:16:00;312;sem vítima;278,8;BR-116/PR;Norte;Colisão Lateral;1;3;;;;;1
22/10/2019;22:10:00;318;sem vítima;339,7;BR-116/PR;Norte;Engavetamento;3;4;;;;;1
22/10/2019;22:38:00;325;com vítima;340;BR-116/PR;Norte;Outros - Sequência;2;4;1;;;;1
23/10/2019;01:06:00;19;sem vítima;514;BR-116/PR;Norte;Choque - Talude;1;1;;;;;1
23/10/2019;06:22:00;70;com vítima;23,7;BR-116/PR;Norte;Choque - Defensa, barreira ou "submarino";1;0;1;;;;1
23/10/2019;07:29:00;90;com vítima;548;BR-116/PR;Sul;Choque - Talude;1;0;1;;;;1
23/10/2019;17:22:00;288;sem vítima;293,3;BR-116/PR;Sul;Colisão Traseira;1;2;;;;;1
23/10/2019;17:33:00;290;sem vítima;485,7;BR-116/PR;Sul;Colisão Traseira;1;2;;;;;1
24/10/2019;02:37:00;33;com vítima;321;BR-116/PR;Norte;Capotamento;1;1;2;;;;1
25/10/2019;14:56:00;230;sem vítima;473;BR-116/PR;Sul;Colisão Lateral;2;2;;;;;1
25/10/2019;15:54:00;253;com vítima;542,9;BR-116/PR;Sul;Choque - Defensa, barreira ou "submarino";1;0;;1;;;2
25/10/2019;18:47:00;299;com vítima;272,8;BR-116/PR;Sul;Colisão Lateral;1;1;1;;;;1
25/10/2019;20:12:00;306;com vítima;18,6;BR-116/PR;Norte;Tombamento;1;0;1;;;;1
26/10/2019;05:51:00;54;com vítima;297;BR-116/PR;Norte;Tombamento;1;0;1;;;;1
26/10/2019;08:00:00;89;sem vítima;555,6;BR-116/PR;Sul;Choque - Elemento de Drenagem;1;1;;;;;1
26/10/2019;14:45:00;208;com vítima;69;BR-116/PR;Sul;Colisão Traseira;2;1;;1;;;2
27/10/2019;12:57:00;171;sem vítima;368;BR-116/PR;Norte;Colisão Lateral;1;2;;;;;1
28/10/2019;11:09:00;174;com vítima;559,9;BR-116/PR;Norte;Colisão Traseira;2;1;1;;;;1
28/10/2019;16:09:00;269;com vítima;16,9;BR-116/PR;Norte;Tombamento;1;0;1;;;;1
28/10/2019;19:14:00;324;sem vítima;18,5;BR-116/PR;Norte;Saida de Pista;1;1;;;;;1
29/10/2019;01:54:00;20;com vítima;58,5;BR-116/PR;Sul;Colisão Traseira;2;1;;1;;;2
29/10/2019;06:21:00;50;sem vítima;462,9;BR-116/PR;Sul;Colisão Traseira;2;2;;;;;1
29/10/2019;10:24:00;142;sem vítima;19;BR-116/PR;Norte;Choque - Talude;1;1;;;;;1
29/10/2019;17:28:00;264;sem vítima;41;BR-116/PR;Sul;Colisão Traseira;1;2;;;;;1
30/10/2019;00:56:00;15;com vítima;4,4;BR-116/PR;Sul;Colisão Traseira;2;1;;;1;;2
30/10/2019;11:35:00;208;sem vítima;511,1;BR-116/PR;Norte;Colisão Traseira;2;2;;;;;1
30/10/2019;13:54:00;249;sem vítima;511,4;BR-116/PR;Norte;Colisão Traseira;1;3;;;;;1
30/10/2019;16:27:00;317;sem vítima;326,2;BR-116/PR;Norte;Colisão Traseira;1;3;;;;;1
30/10/2019;16:48:00;322;sem vítima;390,8;BR-116/PR;Sul;Tombamento;1;2;;;;;1
31/10/2019;00:45:00;12;sem vítima;353;BR-116/PR;Sul;Saida de Pista;1;1;;;;;1
31/10/2019;08:31:00;100;com vítima;414;BR-116/PR;Sul;Tombamento;1;1;;2;;;2
31/10/2019;12:46:00;200;sem vítima;295;BR-116/PR;Sul;Colisão Traseira;2;2;;;;;1
01/11/2019;00:34:00;15;sem vítima;546;BR-116/PR;Norte;Saida de Pista;1;2;;;;;1
01/11/2019;05:59:00;70;com vítima;480,1;BR-116/PR;Sul;Colisão Traseira;1;3;2;;;;1
01/11/2019;13:29:00;239;com vítima;322,9;BR-116/PR;Sul;Colisão Traseira;2;1;1;;;;1
01/11/2019;16:17:00;280;com vítima;279,3;BR-116/PR;Sul;Colisão Traseira;1;2;;;;1;3
01/11/2019;16:34:00;286;com vítima;28,5;BR-116/PR;Norte;Choque - Defensa, barreira ou "submarino";1;1;1;;;;1
01/11/2019;18:02:00;308;sem vítima;327,4;BR-116/PR;Norte;Tombamento;1;1;;;;;1
01/11/2019;19:54:00;328;com vítima;12,8;BR-116/PR;Sul;Outros;1;1;1;;;;1
01/11/2019;23:35:00;389;sem vítima;509;BR-116/PR;Sul;Saida de Pista;1;1;;;;;1
02/11/2019;02:20:00;24;sem vítima;360,3;BR-116/PR;Norte;Tombamento;1;1;;;;;1
02/11/2019;05:24:00;46;sem vítima;538,05;BR-116/PR;Norte;Saida de Pista;1;1;;;;;1
02/11/2019;06:59:00;62;sem vítima;315;BR-116/PR;Sul;Colisão Traseira;2;2;;;;;1
02/11/2019;10:49:00;117;sem vítima;280,3;BR-116/PR;Sul;Choque - Defensa, barreira ou "submarino";1;1;;;;;1
02/11/2019;23:19:00;271;sem vítima;272,8;BR-116/PR;Sul;Colisão Frontal;1;2;;;;;1
03/11/2019;14:45:00;206;sem vítima;564,1;BR-116/PR;Sul;Tombamento;1;1;;;;;1
03/11/2019;17:41:00;288;sem vítima;545,1;BR-116/PR;Sul;Choque - Defensa, barreira ou "submarino";1;1;;;;;1
03/11/2019;17:48:00;293;sem vítima;511;BR-116/PR;Norte;Colisão Traseira;2;2;;;;;1
03/11/2019;19:24:00;331;sem vítima;38,2;BR-116/PR;Norte;Colisão Lateral;1;6;;;;;1
04/11/2019;04:32:00;45;sem vítima;282,6;BR-116/PR;Norte;Choque - Veiculo parado no acostamento;1;3;;;;;1
04/11/2019;09:41:00;141;sem vítima;426,8;BR-116/PR;Norte;Colisão Traseira;2;2;;;;;1
04/11/2019;11:59:00;182;sem vítima;485,8;BR-116/PR;Norte;Colisão Traseira;1;2;;;;;1
05/11/2019;03:29:00;28;sem vítima;541;BR-116/PR;Sul;Colisão Lateral;2;2;;;;;1
05/11/2019;10:59:00;180;sem vítima;18,4;BR-116/PR;Norte;Saida de Pista;1;1;;;;;1
05/11/2019;12:39:00;203;com vítima;354,9;BR-116/PR;Sul;Tombamento;1;0;1;;;;1
05/11/2019;13:08:00;210;sem vítima;567;BR-116/PR;Norte;Choque - Defensa, barreira ou "submarino";1;1;;;;;1
05/11/2019;13:39:00;221;sem vítima;526,8;BR-116/PR;Norte;Saida de Pista;1;2;;;;;1
05/11/2019;14:43:00;241;sem vítima;370,4;BR-116/PR;Norte;Choque - Defensa, barreira ou "submarino";1;2;;;;;1
05/11/2019;15:49:00;266;sem vítima;307,7;BR-116/PR;Norte;Choque - Defensa, barreira ou "submarino";1;2;;;;;1
05/11/2019;17:28:00;291;sem vítima;287,1;BR-116/PR;Sul;Engavetamento;2;5;;;;;1
05/11/2019;17:53:00;300;com vítima;567,5;BR-116/PR;Norte;Choque - Defensa, barreira ou "submarino";1;0;2;;;;1
05/11/2019;17:57:00;302;sem vítima;350;BR-116/PR;Sul;Engavetamento;1;3;;;;;1
05/11/2019;22:47:00;354;com vítima;555,3;BR-116/PR;Sul;Saida de Pista;1;1;;2;;;2
05/11/2019;23:12:00;357;com vítima;550,8;BR-116/PR;Sul;Tombamento;1;0;;1;;;2
06/11/2019;06:03:00;64;sem vítima;345,2;BR-116/PR;Sul;Choque - Defensa, barreira ou "submarino";1;1;;;;;1
06/11/2019;06:52:00;74;sem vítima;5,7;BR-116/PR;Sul;Choque - Defensa, barreira ou "submarino";1;1;;;;;1
06/11/2019;10:56:00;161;com vítima;330,8;BR-116/PR;Norte;Atropelamento - Outros;1;1;;;;1;3
06/11/2019;21:17:00;318;sem vítima;1,6;BR-116/PR;Sul;Colisão Traseira;2;2;;;;;1
06/11/2019;23:49:00;344;sem vítima;27,5;BR-116/PR;Norte;Saida de Pista;1;2;;;;;1
07/11/2019;01:07:00;22;com vítima;489;BR-116/PR;Sul;Colisão Traseira;1;2;;1;;;2