data;horario;n_da_ocorrencia;tipo_de_ocorrencia;km;trecho;sentido;tipo_de_acidente;caminhao;ilesos;levemente_feridos;moderadamente_feridos;gravemente_feridos;mortos;3
07/11/2019;01:36:00;31;sem vítima;356,1;BR-116/PR;Sul;Colisão Lateral;1;4;;;;;1
07/11/2019;05:55:00;61;com vítima;282,7;BR-116/PR;Norte;Colisão Traseira;2;1;1;;;;1
07/11/2019;12:02:00;188;sem vítima;353;BR-116/PR;Sul;Saida de Pista;1;1;;;;;1
07/11/2019;15:51:00;245;sem vítima;449,9;BR-116/PR;Norte;Saida de Pista;1;3;;;;;1
07/11/2019;21:31:00;325;sem vítima;27,7;BR-116/PR;Norte;Tombamento;1;1;;;;;1
08/11/2019;14:26:00;208;com vítima;281,7;BR-116/PR;Sul;Colisão Traseira;1;2;1;;;;1
08/11/2019;18:05:00;280;sem vítima;292;BR-116/PR;Norte;Colisão Lateral;1;2;;;;;1
08/11/2019;19:14:00;292;sem vítima;31,4;BR-116/PR;Sul;Colisão Traseira;1;2;;;;;1
08/11/2019;19:29:00;304;com vítima;284;BR-116/PR;Sul;Colisão Traseira;1;2;1;;;;1
08/11/2019;19:37:00;306;sem vítima;29,6;BR-116/PR;Norte;Colisão Traseira;2;2;;;;;1
08/11/2019;21:32:00;343;sem vítima;545,8;BR-116/PR;Sul;Choque - Talude;1;1;;;;;1
08/11/2019;22:55:00;367;sem vítima;346,7;BR-116/PR;Sul;Colisão Traseira;2;3;;;;;1
08/11/2019;23:37:00;373;sem vítima;338,3;BR-116/PR;Norte;Objeto lançado contra veículo;1;2;;;;;1
09/11/2019;07:11:00;89;sem vítima;517,8;BR-116/PR;Norte;Tombamento;1;1;;;;;1
09/11/2019;07:50:00;102;sem vítima;511,05;BR-116/PR;Sul;Colisão Traseira;1;2;;;;;1
09/11/2019;09:03:00;128;com vítima;513,5;BR-116/PR;Norte;Choque - Defensa, barreira ou "submarino";1;0;;1;;;2
09/11/2019;09:07:00;130;sem vítima;545;BR-116/PR;Norte;Colisão Traseira;1;2;;;;;1
09/11/2019;11:09:00;174;sem vítima;560,9;BR-116/PR;Sul;Tombamento;1;1;;;;;1
09/11/2019;11:47:00;181;com vítima;12,7;BR-116/PR;Norte;Tombamento;1;0;1;;;;1
10/11/2019;05:25:00;42;sem vítima;517,5;BR-116/PR;Norte;Tombamento;1;2;;;;;1
10/11/2019;05:26:00;43;sem vítima;49,5;BR-116/PR;Sul;Saida de Pista;1;1;;;;;1
10/11/2019;13:15:00;143;sem vítima;39;BR-116/PR;Sul;Choque - Talude;1;1;;;;;1
10/11/2019;14:03:00;154;sem vítima;426,6;BR-116/PR;Norte;Colisão Traseira;2;2;;;;;1
10/11/2019;15:55:00;188;sem vítima;15,6;BR-116/PR;Sul;Tombamento;1;1;;;;;1
10/11/2019;16:01:00;190;sem vítima;541,6;BR-116/PR;Sul;Colisão Traseira;1;3;;;;;1
10/11/2019;21:18:00;277;com vítima;48,8;BR-116/PR;Sul;Colisão Lateral;1;1;;2;;;2
10/11/2019;21:42:00;279;sem vítima;354;BR-116/PR;Norte;Colisão Lateral;1;2;;;;;1
10/11/2019;22:22:00;291;com vítima;326,5;BR-116/PR;Norte;Tombamento;1;0;1;;;;1
11/11/2019;06:07:00;61;com vítima;284;BR-116/PR;Norte;Colisão Lateral;1;1;1;;;;1
11/11/2019;08:20:00;95;com vítima;280,9;BR-116/PR;Sul;Colisão Lateral;1;2;1;1;;;2
11/11/2019;08:19:00;116;sem vítima;567;BR-116/PR;Sul;Colisão Traseira;1;5;;;;;1
11/11/2019;13:14:00;165;sem vítima;362,7;BR-116/PR;Sul;Choque - Defensa, barreira ou "submarino";1;1;;;;;1
11/11/2019;15:38:00;194;com vítima;511,5;BR-116/PR;Norte;Colisão Traseira;1;3;1;;;;1
11/11/2019;16:00:00;198;sem vítima;278,8;BR-116/PR;Norte;Colisão Lateral;2;3;;;;;1
11/11/2019;16:08:00;203;sem vítima;327;BR-116/PR;Norte;Choque - Defensa, barreira ou "submarino";1;2;;;;;1
11/11/2019;21:07:00;259;sem vítima;511,2;BR-116/PR;Norte;Choque - Defensa, barreira ou "submarino";1;1;;;;;1
11/11/2019;21:17:00;261;sem vítima;549;BR-116/PR;Sul;Choque - Defensa, barreira ou "submarino";1;1;;;;;1
12/11/2019;07:06:00;76;com vítima;283,9;BR-116/PR;Norte;Engavetamento;1;2;2;;;;1
12/11/2019;21:17:00;344;com vítima;357,1;BR-116/PR;Sul;Colisão Traseira;1;2;2;;;;1
12/11/2019;22:33:00;355;sem vítima;548,5;BR-116/PR;Sul;Choque - Defensa, barreira ou "submarino";3;3;;;;;1
12/11/2019;22:45:00;359;sem vítima;564,1;BR-116/PR;Sul;Choque - Defensa, barreira ou "submarino";1;2;;;;;1
13/11/2019;00:02:00;2;sem vítima;511,2;BR-116/PR;Norte;Choque - Defensa, barreira ou "submarino";1;2;;;;;1
13/11/2019;04:32:00;53;sem vítima;405,6;BR-116/PR;Norte;Tombamento;1;1;;;;;1
13/11/2019;06:43:00;71;com vítima;273,1;BR-116/PR;Sul;Colisão Traseira;1;0;1;1;;;2
13/11/2019;07:29:00;80;com vítima;395;BR-116/PR;Norte;Colisão Traseira;2;1;2;;;;1
13/11/2019;08:31:00;100;sem vítima;293;BR-116/PR;Sul;Colisão Traseira;1;2;;;;;1
13/11/2019;14:55:00;229;sem vítima;519,98;BR-116/PR;Sul;Colisão Traseira;2;2;;;;;1
13/11/2019;17:04:00;268;com vítima;346,8;BR-116/PR;Sul;Choque - Defensa, barreira ou "submarino";1;0;;;1;;2
13/11/2019;17:26:00;276;sem vítima;345,8;BR-116/PR;Sul;Colisão Lateral;2;3;;;;;1
13/11/2019;22:40:00;334;com vítima;26,8;BR-116/PR;Sul;Tombamento;1;1;1;;;;1
14/11/2019;01:00:00;17;sem vítima;545,8;BR-116/PR;Sul;Choque - Defensa, barreira ou "submarino";1;1;;;;;1
14/11/2019;02:03:00;22;sem vítima;453;BR-116/PR;Norte;Colisão Traseira;1;2;;;;;1
14/11/2019;04:19:00;45;sem vítima;507,6;BR-116/PR;Norte;Tombamento;1;1;;;;;1
14/11/2019;04:40:00;47;sem vítima;564,1;BR-116/PR;Sul;Saida de Pista;1;1;;;;;1
14/11/2019;05:15:00;53;sem vítima;485,7;BR-116/PR;Sul;Colisão Traseira;2;2;;;;;1
14/11/2019;09:25:00;116;com vítima;359,2;BR-116/PR;Sul;Colisão Traseira;2;2;1;;;1;3
14/11/2019;09:39:00;118;sem vítima;420,35;BR-116/PR;Norte;Tombamento;1;2;;;;;1
14/11/2019;12:06:00;160;sem vítima;357;BR-116/PR;Norte;Colisão Lateral;1;2;;;;;1
14/11/2019;13:29:00;192;sem vítima;556;BR-116/PR;Sul;Choque - Talude;1;1;;;;;1
14/11/2019;18:06:00;293;sem vítima;333;BR-116/PR;Sul;Engavetamento;2;6;;;;;1
15/11/2019;03:52:00;65;com vítima;33,1;BR-116/PR;Norte;Colisão Transversal;1;1;;5;;;2
15/11/2019;08:07:00;117;com vítima;329,5;BR-116/PR;Sul;Engavetamento;1;7;;1;;;2
15/11/2019;09:56:00;158;sem vítima;279,5;BR-116/PR;Sul;Choque - Defensa, barreira ou "submarino";1;1;;;;;1
16/11/2019;15:09:00;156;sem vítima;547,4;BR-116/PR;Sul;Tombamento;1;1;;;;;1
16/11/2019;19:18:00;214;sem vítima;311,5;BR-116/PR;Norte;Capotamento;1;2;;;;;1
17/11/2019;16:16:00;205;com vítima;351,2;BR-116/PR;Sul;Choque - Arvore;1;1;1;;;;1
17/11/2019;16:24:00;208;com vítima;337;BR-116/PR;Norte;Colisão Frontal;1;1;;;1;;2
17/11/2019;18:15:00;253;sem vítima;298,4;BR-116/PR;Norte;Colisão Lateral;1;2;;;;;1
17/11/2019;18:23:00;256;com vítima;514,5;BR-116/PR;Norte;Tombamento;1;0;1;;;;1
17/11/2019;22:14:00;339;sem vítima;14,5;BR-116/PR;Sul;Colisão Traseira;1;4;;;;;1
18/11/2019;00:39:00;17;sem vítima;60,1;BR-116/PR;Norte;Tombamento;1;1;;;;;1
18/11/2019;14:25:00;189;com vítima;509,8;BR-116/PR;Norte;Tombamento;1;0;1;;;;1
18/11/2019;19:00:00;248;sem vítima;426,4;BR-116/PR;Norte;Colisão Lateral;1;4;;;;;1
19/11/2019;06:37:00;56;sem vítima;423;BR-116/PR;Norte;Saida de Pista;1;2;;;;;1
19/11/2019;15:21:00;214;sem vítima;342,8;BR-116/PR;Sul;Engavetamento;2;3;;;;;1
19/11/2019;22:36:00;304;sem vítima;314;BR-116/PR;Norte;Colisão Lateral;1;2;;;;;1
20/11/2019;08:58:00;91;com vítima;546,1;BR-116/PR;Sul;Saida de Pista;1;0;1;;;;1
20/11/2019;09:49:00;104;sem vítima;426,6;BR-116/PR;Sul;Choque - Defensa, barreira ou "submarino";1;2;;;;;1
20/11/2019;11:07:00;129;sem vítima;567,7;BR-116/PR;Norte;Tombamento;1;1;;;;;1
21/11/2019;07:07:00;74;sem vítima;289;BR-116/PR;Norte;Colisão Traseira;1;2;;;;;1
22/11/2019;00:18:00;3;com vítima;50,8;BR-116/PR;Norte;Colisão Traseira;2;1;1;;;;1
22/11/2019;17:40:00;289;sem vítima;513,4;BR-116/PR;Norte;Colisão Traseira;2;10;;;;;1
22/11/2019;18:14:00;302;com vítima;504,6;BR-116/PR;Norte;Tombamento;1;0;1;;;;1
22/11/2019;18:22:00;303;com vítima;462;BR-116/PR;Sul;Atropelamento - Andarilho;1;3;;;;1;3
23/11/2019;08:15:00;114;com vítima;508,599;BR-116/PR;Sul;Tombamento;1;0;1;;;;1
23/11/2019;15:58:00;246;sem vítima;505,7;BR-116/PR;Sul;Saida de Pista;1;1;;;;;1
23/11/2019;21:26:00;295;com vítima;25,2;BR-116/PR;Norte;Saida de Pista;1;0;1;;;;1
24/11/2019;19:36:00;263;com vítima;543,1;BR-116/PR;Norte;Colisão Traseira;2;1;1;;;;1
24/11/2019;19:52:00;268;sem vítima;544;BR-116/PR;Norte;Colisão Traseira;2;2;;;;;1
24/11/2019;22:19:00;290;sem vítima;437,8;BR-116/PR;Norte;Saida de Pista;1;1;;;;;1
25/11/2019;15:30:00;221;com vítima;283,8;BR-116/PR;Sul;Choque - Outros;1;0;;1;;1;3
26/11/2019;03:47:00;31;sem vítima;374,2;BR-116/PR;Norte;Choque - Defensa, barreira ou "submarino";1;2;;;;;1
26/11/2019;09:54:00;130;com vítima;288;BR-116/PR;Norte;Colisão Lateral;1;0;;1;1;;2
26/11/2019;17:17:00;242;sem vítima;280;BR-116/PR;Sul;Colisão Traseira;2;2;;;;;1
26/11/2019;20:32:00;274;sem vítima;553;BR-116/PR;Norte;Choque - Defensa, barreira ou "submarino";1;1;;;;;1
27/11/2019;04:10:00;41;sem vítima;14,1;BR-116/PR;Norte;Engavetamento;2;6;;;;;1
27/11/2019;06:23:00;65;com vítima;545;BR-116/PR;Sul;Tombamento;1;0;1;;;;1
27/11/2019;06:31:00;66;sem vítima;545;BR-116/PR;Sul;Colisão Traseira;2;2;;;;;1
27/11/2019;07:08:00;75;sem vítima;545;BR-116/PR;Sul;Tombamento;1;1;;;;;1
27/11/2019;07:37:00;83;sem vítima;537;BR-116/PR;Sul;Choque - Defensa, barreira ou "submarino";1;1;;;;;1
27/11/2019;08:38:00;97;com vítima;531,8;BR-116/PR;Sul;Colisão Traseira;1;1;;1;;1;3
27/11/2019;08:57:00;100;sem vítima;39,05;BR-116/PR;Sul;Choque - Defensa, barreira ou "submarino";1;1;;;;;1
27/11/2019;11:27:00;146;sem vítima;395,8;BR-116/PR;Norte;Choque - Defensa, barreira ou "submarino";1;1;;;;;1
27/11/2019;14:14:00;195;com vítima;281;BR-116/PR;Sul;Engavetamento;1;2;1;;;;1
27/11/2019;15:41:00;217;sem vítima;499,6;BR-116/PR;Sul;Saida de Pista;1;3;;;;;1
27/11/2019;20:49:00;298;sem vítima;477;BR-116/PR;Norte;Colisão Traseira;2;3;;;;;1
28/11/2019;01:41:00;26;sem vítima;437,7;BR-116/PR;Norte;Colisão Lateral;1;5;;;;;1
28/11/2019;05:31:00;50;sem vítima;417,8;BR-116/PR;Norte;Colisão Frontal;2;6;;;;;1
28/11/2019;06:29:00;57;com vítima;18,1;BR-116/PR;Sul;Engavetamento;3;4;1;;;;1
28/11/2019;07:09:00;64;sem vítima;57,2;BR-116/PR;Sul;Colisão Traseira;1;3;;;;;1
28/11/2019;07:36:00;72;com vítima;15,45;BR-116/PR;Sul;Choque - Talude;1;0;1;;;;1
28/11/2019;08:29:00;102;sem vítima;291,8;BR-116/PR;Norte;Saida de Pista;1;1;;;;;1
28/11/2019;10:05:00;132;sem vítima;390;BR-116/PR;Sul;Tombamento;1;1;;;;;1
28/11/2019;10:07:00;133;sem vítima;295,3;BR-116/PR;Norte;Engavetamento;2;3;;;;;1
28/11/2019;12:01:00;165;com vítima;393,101;BR-116/PR;Norte;Capotamento;2;2;1;;;;1
28/11/2019;16:24:00;230;sem vítima;347,5;BR-116/PR;Norte;Colisão Lateral;1;4;;;;;1
28/11/2019;17:11:00;243;sem vítima;38,5;BR-116/PR;Norte;Colisão Traseira;2;2;;;;;1
28/11/2019;17:55:00;262;sem vítima;513,2;BR-116/PR;Norte;Engavetamento;3;4;;;;;1
28/11/2019;18:12:00;271;com vítima;511,4;BR-116/PR;Norte;Tombamento;1;0;1;;;;1
28/11/2019;18:27:00;275;sem vítima;548,8;BR-116/PR;Sul;Colisão Lateral;1;6;;;;;1
28/11/2019;22:06:00;308;sem vítima;30,2;BR-116/PR;Norte;Colisão Traseira;2;2;;;;;1
29/11/2019;04:36:00;49;sem vítima;61,7;BR-116/PR;Norte;Saida de Pista;1;1;;;;;1
29/11/2019;20:58:00;321;sem vítima;24,8;BR-116/PR;Sul;Colisão Traseira;2;2;;;;;1
29/11/2019;23:45:00;355;com vítima;551,9;BR-116/PR;Norte;Colisão Traseira;1;1;;1;;;2
30/11/2019;06:19:00;64;com vítima;359,8;BR-116/PR;Norte;Tombamento;1;0;1;;;;1
30/11/2019;06:34:00;72;sem vítima;511,1;BR-116/PR;Sul;Tombamento;1;1;;;;;1
30/11/2019;10:27:00;164;com vítima;357;BR-116/PR;Sul;Colisão Traseira;2;1;1;;;;1
30/11/2019;13:40:00;218;sem vítima;496;BR-116/PR;Norte;Colisão Traseira;1;2;;;;;1
30/11/2019;14:01:00;223;sem vítima;298,8;BR-116/PR;Sul;Colisão Traseira;1;2;;;;;1
30/11/2019;14:55:00;240;sem vítima;358,1;BR-116/PR;Sul;Engavetamento;3;4;;;;;1
01/12/2019;03:09:00;30;sem vítima;517,7;BR-116/PR;Sul;Choque - Defensa, barreira ou "submarino";1;1;;;;;1
01/12/2019;08:39:00;87;sem vítima;273;BR-116/PR;Norte;Colisão Lateral;1;2;;;;;1
02/12/2019;20:54:00;294;sem vítima;305,3;BR-116/PR;Sul;Tombamento;1;1;;;;;1
03/12/2019;01:19:00;23;sem vítima;499,6;BR-116/PR;Sul;Choque - Elemento de Drenagem;1;1;;;;;1
03/12/2019;05:48:00;66;sem vítima;561,3;BR-116/PR;Sul;Tombamento;1;1;;;;;1
03/12/2019;08:37:00;129;sem vítima;39;BR-116/PR;Sul;Choque - Elemento de Drenagem;1;1;;;;;1
04/12/2019;06:37:00;67;sem vítima;543;BR-116/PR;Sul;Choque - Veiculo parado na pista;2;2;;;;;1
04/12/2019;23:36:00;345;sem vítima;33,5;BR-116/PR;Sul;Colisão Traseira;2;2;;;;;1
05/12/2019;02:42:00;40;com vítima;52,5;BR-116/PR;Sul;Tombamento;1;1;1;;;;1
05/12/2019;07:54:00;104;com vítima;43;BR-116/PR;Norte;Tombamento;1;1;1;;;;1
05/12/2019;08:20:00;117;sem vítima;498,9;BR-116/PR;Sul;Colisão Traseira;2;2;;;;;1
05/12/2019;09:48:00;146;sem vítima;42;BR-116/PR;Sul;Choque - Defensa, barreira ou "submarino";1;2;;;;;1
05/12/2019;11:24:00;188;com vítima;567,1;BR-116/PR;Sul;Choque - Defensa, barreira ou "submarino";1;0;2;;;;1
05/12/2019;13:03:00;232;sem vítima;336;BR-116/PR;Norte;Choque - Talude;1;1;;;;;1
05/12/2019;14:44:00;246;sem vítima;535,3;BR-116/PR;Sul;Colisão Lateral;1;3;;;;;1
06/12/2019;03:01:00;40;sem vítima;500,5;BR-116/PR;Sul;Tombamento;1;1;;;;;1
06/12/2019;03:57:00;48;com vítima;317,6;BR-116/PR;Norte;Colisão Lateral;1;1;1;;;;1
06/12/2019;04:06:00;49;sem vítima;516,5;BR-116/PR;Norte;Choque - Defensa, barreira ou "submarino";1;1;;;;;1
06/12/2019;04:36:00;53;com vítima;564,1;BR-116/PR;Sul;Saida de Pista;1;0;1;;;;1
06/12/2019;05:33:00;59;com vítima;15,5;BR-116/PR;Sul;Colisão Traseira;1;1;1;;;;1
06/12/2019;17:57:00;266;sem vítima;437,7;BR-116/PR;Norte;Saida de Pista;1;1;;;;;1
07/12/2019;05:56:00;75;com vítima;273;BR-116/PR;Norte;Colisão Traseira;1;1;1;;;;1
07/12/2019;09:03:00;132;com vítima;278,9;BR-116/PR;Norte;Queda de Moto;1;1;1;;;;1
07/12/2019;09:05:00;133;com vítima;312,1;BR-116/PR;Sul;Saida de Pista;1;3;;1;;;2
07/12/2019;10:31:00;161;com vítima;3,6;BR-116/PR;Sul;Choque - Elemento de Drenagem;1;0;1;;;;1
07/12/2019;10:40:00;162;sem vítima;279;BR-116/PR;Sul;Colisão Traseira;1;2;;;;;1
07/12/2019;11:43:00;182;sem vítima;278,9;BR-116/PR;Sul;Colisão Lateral;1;2;;;;;1
07/12/2019;16:57:00;270;sem vítima;24,2;BR-116/PR;Sul;Colisão Traseira;2;2;;;;;1
07/12/2019;18:27:00;295;sem vítima;292,9;BR-116/PR;Sul;Colisão Lateral;1;3;;;;;1
07/12/2019;20:14:00;324;sem vítima;330;BR-116/PR;Sul;Colisão Lateral;1;3;;;;;1
08/12/2019;10:33:00;120;sem vítima;485;BR-116/PR;Norte;Colisão Traseira;1;4;;;;;1
08/12/2019;21:39:00;354;sem vítima;568;BR-116/PR;Norte;Choque - Objeto sobre a pista;1;1;;;;;1
08/12/2019;22:58:00;370;sem vítima;393;BR-116/PR;Sul;Colisão Traseira;2;2;;;;;1
09/12/2019;12:55:00;211;sem vítima;499,8;BR-116/PR;Sul;Tombamento;1;1;;;;;1
09/12/2019;21:48:00;308;sem vítima;310,6;BR-116/PR;Norte;Tombamento;1;1;;;;;1
10/12/2019;14:47:00;215;sem vítima;486,4;BR-116/PR;Norte;Tombamento;1;1;;;;;1
10/12/2019;23:12:00;331;com vítima;511,6;BR-116/PR;Norte;Tombamento;1;1;1;;;;1
11/12/2019;01:17:00;16;com vítima;479,03;BR-116/PR;Norte;Saida de Pista;1;0;;1;;;2
11/12/2019;07:57:00;107;sem vítima;283,3;BR-116/PR;Norte;Colisão Transversal;1;2;;;;;1
11/12/2019;11:21:00;189;com vítima;499;BR-116/PR;Norte;Atropelamento - Outros;1;1;1;;;;1
11/12/2019;18:41:00;314;sem vítima;14,9;BR-116/CW;Sul;Colisão Lateral;1;2;;;;;1
12/12/2019;00:55:00;15;sem vítima;373,7;BR-116/PR;Sul;Choque - Defensa, barreira ou "submarino";1;2;;;;;1
12/12/2019;08:31:00;112;com vítima;515,4;BR-116/PR;Norte;Tombamento;1;0;2;;;;1
12/12/2019;10:09:00;153;com vítima;305,499;BR-116/PR;Norte;Capotamento;1;1;1;;;;1
12/12/2019;14:22:00;232;sem vítima;310;BR-116/PR;Norte;Engavetamento;2;4;;;;;1
12/12/2019;17:24:00;297;sem vítima;387;BR-116/PR;Norte;Colisão Traseira;2;2;;;;;1
13/12/2019;00:20:00;7;com vítima;19,5;BR-116/PR;Sul;Colisão Traseira;2;1;1;;;;1
13/12/2019;02:15:00;33;sem vítima;488;BR-116/PR;Norte;Tombamento;1;2;;;;;1
13/12/2019;09:04:00;124;sem vítima;504,6;BR-116/PR;Sul;Tombamento;1;1;;;;;1
13/12/2019;16:01:00;261;sem vítima;23,5;BR-116/PR;Norte;Choque - Defensa, barreira ou "submarino";1;1;;;;;1
13/12/2019;16:29:00;269;sem vítima;57;BR-116/PR;Norte;Colisão Traseira;1;3;;;;;1
14/12/2019;06:27:00;65;sem vítima;27,9;BR-116/PR;Norte;Choque - Defensa, barreira ou "submarino";1;1;;;;;1
14/12/2019;07:32:00;85;sem vítima;17,2;BR-116/PR;Sul;Colisão Lateral;1;2;;;;;1
14/12/2019;07:56:00;100;sem vítima;57;BR-116/PR;Norte;Colisão Lateral;1;2;;;;;1
14/12/2019;14:34:00;211;sem vítima;298,6;BR-116/PR;Sul;Colisão Traseira;1;2;;;;;1
14/12/2019;16:55:00;261;sem vítima;279,8;BR-116/PR;Sul;Colisão Traseira;1;2;;;;;1
15/12/2019;02:27:00;25;com vítima;362,7;BR-116/PR;Sul;Choque - Talude;1;1;2;;;;1
15/12/2019;12:32:00;157;sem vítima;57,2;BR-116/PR;Sul;Objeto lançado contra veículo;1;4;;;;;1
15/12/2019;22:46:00;355;sem vítima;550,3;BR-116/PR;Norte;Tombamento;1;1;;;;;1
16/12/2019;11:46:00;177;com vítima;545;BR-116/PR;Sul;Tombamento;1;0;1;;;;1
16/12/2019;12:00:00;180;sem vítima;513,4;BR-116/PR;Norte;Choque - Defensa, barreira ou "submarino";1;1;;;;;1
16/12/2019;11:46:00;189;sem vítima;545;BR-116/PR;Sul;Saida de Pista;1;1;;;;;1
16/12/2019;11:46:00;190;sem vítima;545;BR-116/PR;Sul;Choque - Defensa, barreira ou "submarino";1;1;;;;;1
16/12/2019;17:15:00;239;sem vítima;567;BR-116/PR;Sul;Colisão Traseira;1;3;;;;;1
16/12/2019;17:57:00;252;sem vítima;566,101;BR-116/PR;Sul;Choque - Veiculo parado na pista;1;3;;;;;1
16/12/2019;19:37:00;278;com vítima;351,3;BR-116/PR;Sul;Colisão Traseira;2;1;;;;1;3
17/12/2019;03:15:00;30;sem vítima;369;BR-116/PR;Norte;Tombamento;1;1;;;;;1
17/12/2019;10:40:00;149;sem vítima;361,6;BR-116/PR;Norte;Colisão Traseira;2;2;;;;;1
17/12/2019;12:37:00;194;sem vítima;36,8;BR-116/PR;Sul;Colisão Traseira;1;4;;;;;1
17/12/2019;18:00:00;297;sem vítima;513,5;BR-116/PR;Norte;Choque - Defensa, barreira ou "submarino";1;1;;;;;1
17/12/2019;19:40:00;321;sem vítima;278,9;BR-116/PR;Norte;Colisão Lateral;1;2;;;;;1
18/12/2019;01:47:00;24;sem vítima;326,5;BR-116/PR;Norte;Tombamento;1;2;;;;;1
18/12/2019;06:10:00;52;sem vítima;454,3;BR-116/PR;Norte;Choque - Talude;1;1;;;;;1
18/12/2019;06:20:00;54;sem vítima;545,8;BR-116/PR;Sul;Saida de Pista;1;1;;;;;1
18/12/2019;06:33:00;57;sem vítima;486,1;BR-116/PR;Norte;Choque - Defensa, barreira ou "submarino";1;1;;;;;1
18/12/2019;07:06:00;66;sem vítima;288;BR-116/PR;Norte;Saida de Pista;1;1;;;;;1
18/12/2019;08:14:00;77;sem vítima;561;BR-116/PR;Sul;Engavetamento;3;4;;;;;1
18/12/2019;09:21:00;97;sem vítima;0,05;BR-116/PR;Norte;Engavetamento;3;3;;;;;1
18/12/2019;10:03:00;116;sem vítima;360;BR-116/PR;Norte;Colisão Traseira;2;2;;;;;1
18/12/2019;11:02:00;147;sem vítima;57,2;BR-116/PR;Sul;Colisão Traseira;2;2;;;;;1
18/12/2019;11:13:00;151;sem vítima;542,9;BR-116/PR;Sul;Colisão Traseira;2;2;;;;;1
18/12/2019;11:19:00;154;sem vítima;537,4;BR-116/PR;Sul;Saida de Pista;1;1;;;;;1
18/12/2019;11:22:00;156;sem vítima;330;BR-116/PR;Norte;Colisão Traseira;1;2;;;;;1
18/12/2019;12:00:00;169;sem vítima;548,7;BR-116/PR;Sul;Colisão Lateral;1;7;;;;;1
18/12/2019;14:05:00;202;sem vítima;451;BR-116/PR;Sul;Colisão Lateral;1;2;;;;;1
18/12/2019;17:10:00;258;com vítima;289,1;BR-116/PR;Norte;Colisão Traseira;1;6;;2;;;2
19/12/2019;06:42:00;81;sem vítima;370;BR-116/PR;Norte;Choque - Veiculo parado na pista;1;2;;;;;1
19/12/2019;07:56:00;107;sem vítima;22,7;BR-116/PR;Norte;Engavetamento;2;7;;;;;1
19/12/2019;09:19:00;142;sem vítima;359,1;BR-116/PR;Norte;Engavetamento;1;9;;;;;1
19/12/2019;09:25:00;145;sem vítima;27,2;BR-116/PR;Norte;Saida de Pista;1;1;;;;;1
19/12/2019;17:47:00;303;com vítima;429,9;BR-116/PR;Sul;Engavetamento;2;9;;1;;;2
19/12/2019;17:53:00;307;sem vítima;280;BR-116/PR;Sul;Colisão Traseira;1;5;;;;;1
20/12/2019;14:18:00;202;sem vítima;548;BR-116/PR;Norte;Tombamento;1;1;;;;;1
20/12/2019;15:03:00;218;sem vítima;6,8;BR-116/PR;Sul;Colisão Lateral;2;2;;;;;1
20/12/2019;16:56:00;248;sem vítima;16;BR-116/PR;Sul;Colisão Lateral;1;5;;;;;1
20/12/2019;18:04:00;272;sem vítima;509,7;BR-116/PR;Norte;Tombamento;1;1;;;;;1
20/12/2019;18:36:00;278;sem vítima;497;BR-116/PR;Sul;Tombamento;1;1;;;;;1
21/12/2019;01:24:00;19;sem vítima;370,4;BR-116/PR;Sul;Colisão Traseira;1;2;;;;;1
21/12/2019;14:42:00;257;sem vítima;365,8;BR-116/PR;Sul;Colisão Traseira;1;2;;;;;1
22/12/2019;14:49:00;213;com vítima;361,2;BR-116/PR;Norte;Choque - Elemento de Drenagem;1;0;1;;;;1
22/12/2019;17:50:00;288;sem vítima;516,5;BR-116/PR;Norte;Saida de Pista;1;1;;;;;1
23/12/2019;02:59:00;34;sem vítima;58,7;BR-116/PR;Sul;Colisão Transversal;1;2;;;;;1
23/12/2019;04:29:00;45;sem vítima;17,9;BR-116/PR;Sul;Saida de Pista;1;1;;;;;1
24/12/2019;00:58:00;13;sem vítima;499,5;BR-116/PR;Sul;Choque - Talude;1;2;;;;;1
24/12/2019;02:28:00;20;com vítima;564,1;BR-116/PR;Sul;Tombamento;1;0;1;;;;1
24/12/2019;07:29:00;69;com vítima;416,7;BR-116/PR;Sul;Capotamento;1;2;1;;;;1
24/12/2019;12:09:00;136;com vítima;308;BR-116/PR;Sul;Tombamento;1;1;1;;;;1
25/12/2019;05:15:00;30;sem vítima;372;BR-116/PR;Sul;Saida de Pista;1;1;;;;;1
26/12/2019;00:35:00;14;com vítima;328,9;BR-116/PR;Norte;Tombamento;1;1;;1;;;2
26/12/2019;15:48:00;191;com vítima;27,3;BR-116/PR;Norte;Tombamento;1;4;1;;;;1
26/12/2019;19:39:00;244;com vítima;568,8;BR-116/PR;Sul;Engavetamento;1;9;1;;;;1
27/12/2019;11:19:00;155;sem vítima;364,4;BR-116/PR;Sul;Colisão Lateral;1;6;;;;;1
27/12/2019;13:00:00;176;sem vítima;342;BR-116/PR;Norte;Colisão Lateral;1;3;;;;;1
28/12/2019;08:16:00;80;sem vítima;369,5;BR-116/PR;Sul;Colisão Traseira;1;5;;;;;1
29/12/2019;02:34:00;27;sem vítima;517,6;BR-116/PR;Sul;Tombamento;1;1;;;;;1
29/12/2019;16:59:00;218;sem vítima;300,4;BR-116/PR;Norte;Colisão Traseira;1;6;;;;;1