data;horario;n_da_ocorrencia;tipo_de_ocorrencia;km;trecho;sentido;tipo_de_acidente;caminhao;ilesos;levemente_feridos;moderadamente_feridos;gravemente_feridos;mortos;3
30/12/2019;17:20:00;205;sem vítima;298,8;BR-116/PR;Sul;Colisão Traseira;1;2;;;;;1
31/12/2019;07:11:00;59;sem vítima;294,05;BR-116/PR;Sul;Colisão Traseira;2;3;;;;;1
01/03/2020;10:32:00;97;sem vítima;513;BR-116/PR;Norte;Saida de Pista;1;1;;;;;1
01/03/2020;11:00:00;106;sem vítima;6,9;BR-116/PR;Sul;Colisão Lateral;1;2;;;;;1
01/03/2020;13:16:00;127;sem vítima;513,5;BR-116/PR;Norte;Tombamento;1;2;;;;;1
01/03/2020;15:54:00;175;com vítima;60,8;BR-116/PR;Sul;Tombamento;1;0;1;;;;1
01/03/2020;17:50:00;210;sem vítima;298,8;BR-116/PR;Norte;Colisão Traseira;2;2;;;;;1
01/03/2020;21:27:00;258;sem vítima;51,6;BR-116/PR;Norte;Colisão Lateral;1;2;;;;;1
02/03/2020;00:09:00;3;sem vítima;508;BR-116/PR;Norte;Outros;1;1;;;;;1
02/03/2020;02:51:00;32;sem vítima;6,5;BR-116/PR;Sul;Colisão Lateral;1;14;;;;;1
02/03/2020;09:49:00;113;com vítima;523,8;BR-116/PR;Sul;Choque - Defensa, barreira ou "submarino";1;0;1;;;;1
02/03/2020;11:37:00;133;sem vítima;362;BR-116/PR;Sul;Choque - Talude;1;1;;;;;1
02/03/2020;14:44:00;172;sem vítima;28,5;BR-116/PR;Norte;Choque - Defensa, barreira ou "submarino";1;1;;;;;1
02/03/2020;16:17:00;199;sem vítima;509;BR-116/PR;Norte;Choque - Elemento de Drenagem;1;2;;;;;1
02/03/2020;17:25:00;212;sem vítima;548,7;BR-116/PR;Sul;Choque - Talude;1;1;;;;;1
02/03/2020;20:04:00;243;sem vítima;505,9;BR-116/PR;Norte;Choque - Defensa, barreira ou "submarino";1;1;;;;;1
03/03/2020;04:40:00;28;sem vítima;368,7;BR-116/PR;Norte;Saida de Pista;1;1;;;;;1
03/03/2020;10:09:00;120;com vítima;566,801;BR-116/PR;Sul;Engavetamento;4;3;1;;;;1
03/03/2020;10:58:00;141;com vítima;22;BR-116/PR;Norte;Choque - Elemento de Drenagem;1;0;1;;;;1
03/03/2020;16:18:00;219;sem vítima;60,8;BR-116/PR;Sul;Tombamento;1;1;;;;;1
04/03/2020;02:17:00;40;com vítima;514,7;BR-116/PR;Norte;Tombamento;1;0;1;;;;1
04/03/2020;03:13:00;45;com vítima;467,5;BR-116/PR;Norte;Colisão Traseira;2;1;;;;1;3
04/03/2020;10:46:00;169;com vítima;363,7;BR-116/PR;Norte;Tombamento;1;0;1;;;;1
04/03/2020;11:07:00;176;sem vítima;468,3;BR-116/PR;Norte;Colisão Traseira;2;2;;;;;1
04/03/2020;17:56:00;269;sem vítima;370,5;BR-116/PR;Sul;Colisão Traseira;1;2;;;;;1
04/03/2020;18:01:00;271;sem vítima;548,8;BR-116/PR;Sul;Choque - Defensa, barreira ou "submarino";1;3;;;;;1
04/03/2020;21:03:00;306;com vítima;65,5;BR-116/PR;Sul;Colisão Traseira;1;1;2;;;;1
05/03/2020;00:33:00;11;sem vítima;320,3;BR-116/PR;Sul;Colisão Traseira;1;2;;;;;1
05/03/2020;06:40:00;77;com vítima;58;BR-116/PR;Norte;Tombamento;1;0;1;;;;1
05/03/2020;09:39:00;146;sem vítima;547;BR-116/PR;Sul;Choque - Defensa, barreira ou "submarino";1;2;;;;;1
05/03/2020;20:30:00;308;sem vítima;347,9;BR-116/PR;Sul;Colisão Traseira;1;2;;;;;1
06/03/2020;15:50:00;244;sem vítima;58,8;BR-116/PR;Norte;Saida de Pista;2;2;;;;;1
06/03/2020;19:35:00;305;sem vítima;394,8;BR-116/PR;Sul;Colisão Traseira;1;2;;;;;1
06/03/2020;20:58:00;319;sem vítima;298,6;BR-116/PR;Sul;Engavetamento;1;6;;;;;1
07/03/2020;00:35:00;11;sem vítima;333,1;BR-116/PR;Sul;Colisão Traseira;2;2;;;;;1
07/03/2020;10:22:00;133;sem vítima;28,6;BR-116/PR;Norte;Capotamento;1;2;;;;;1
07/03/2020;15:18:00;191;sem vítima;23,8;BR-116/PR;Sul;Colisão Traseira;1;2;;;;;1
08/03/2020;18:56:00;222;com vítima;26,4;BR-116/PR;Norte;Tombamento;1;0;1;;;;1
09/03/2020;07:11:00;69;com vítima;334;BR-116/PR;Norte;Colisão Lateral;1;3;;1;;;2
09/03/2020;07:34:00;75;sem vítima;411,9;BR-116/PR;Sul;Choque - Defensa, barreira ou "submarino";1;1;;;;;1
10/03/2020;04:43:00;47;com vítima;420,5;BR-116/PR;Sul;Tombamento;1;0;1;;;;1
10/03/2020;08:01:00;98;sem vítima;285,6;BR-116/PR;Norte;Colisão Lateral;1;2;;;;;1
10/03/2020;08:44:00;115;sem vítima;285,5;BR-116/PR;Norte;Colisão Lateral;1;2;;;;;1
10/03/2020;12:18:00;187;sem vítima;340,5;BR-116/PR;Sul;Colisão Traseira;2;3;;;;;1
10/03/2020;13:12:00;195;sem vítima;279;BR-116/PR;Sul;Colisão Traseira;1;2;;;;;1
11/03/2020;05:38:00;63;sem vítima;527,9;BR-116/PR;Norte;Atropelamento de Animal;1;1;;;;;1
11/03/2020;15:49:00;245;sem vítima;353;BR-116/PR;Sul;Saida de Pista;1;1;;;;;1
12/03/2020;03:18:00;43;sem vítima;44;BR-116/PR;Norte;Outros;1;1;;;;;1
12/03/2020;17:08:00;249;com vítima;511,9;BR-116/PR;Norte;Tombamento;1;0;1;;;;1
12/03/2020;22:30:00;305;sem vítima;31,4;BR-116/PR;Norte;Colisão Lateral;2;2;;;;;1
13/03/2020;23:58:00;357;sem vítima;411,8;BR-116/PR;Norte;Colisão Traseira;2;2;;;;;1
14/03/2020;04:53:00;48;sem vítima;283,1;BR-116/PR;Norte;Saida de Pista;1;2;;;;;1
14/03/2020;06:36:00;68;com vítima;513,5;BR-116/PR;Norte;Tombamento;1;0;1;;;;1
14/03/2020;15:33:00;198;sem vítima;377;BR-116/PR;Norte;Colisão Traseira;2;3;;;;;1
16/03/2020;18:28:00;232;sem vítima;282,8;BR-116/PR;Sul;Colisão Traseira;1;2;;;;;1
16/03/2020;20:05:00;254;sem vítima;551;BR-116/PR;Norte;Choque - Defensa, barreira ou "submarino";1;1;;;;;1
16/03/2020;20:27:00;256;sem vítima;546;BR-116/PR;Norte;Choque - Defensa, barreira ou "submarino";1;1;;;;;1
16/03/2020;23:01:00;287;sem vítima;504,6;BR-116/PR;Norte;Choque - Defensa, barreira ou "submarino";1;1;;;;;1
17/03/2020;00:49:00;11;com vítima;543,1;BR-116/PR;Norte;Tombamento;1;0;1;;;;1
17/03/2020;02:21:00;26;sem vítima;339,3;BR-116/PR;Norte;Saida de Pista;1;2;;;;;1
17/03/2020;05:09:00;39;sem vítima;55,3;BR-116/PR;Norte;Colisão Lateral;2;2;;;;;1
17/03/2020;19:15:00;277;com vítima;28,2;BR-116/PR;Norte;Choque - Defensa, barreira ou "submarino";2;1;1;;;;1
18/03/2020;00:54:00;20;sem vítima;409,5;BR-116/PR;Norte;Colisão Traseira;2;2;;;;;1
18/03/2020;15:20:00;223;com vítima;441;BR-116/PR;Norte;Colisão Traseira;1;1;1;;;;1
18/03/2020;16:31:00;242;sem vítima;24,2;BR-116/PR;Norte;Tombamento;1;1;;;;;1
18/03/2020;18:00:00;269;com vítima;362,2;BR-116/PR;Sul;Tombamento;1;0;1;;;;1
18/03/2020;18:25:00;276;sem vítima;548,4;BR-116/PR;Norte;Saida de Pista;1;1;;;;;1
18/03/2020;18:28:00;277;sem vítima;9,9;BR-116/PR;Norte;Engavetamento;1;4;;;;;1
18/03/2020;19:16:00;280;sem vítima;21,5;BR-116/PR;Sul;Engavetamento;4;5;;;;;1
18/03/2020;20:01:00;289;com vítima;544,8;BR-116/PR;Sul;Engavetamento;4;2;2;1;;;2
18/03/2020;20:06:00;292;sem vítima;44,5;BR-116/PR;Sul;Saida de Pista;1;1;;;;;1
18/03/2020;20:28:00;296;sem vítima;18,5;BR-116/PR;Norte;Saida de Pista;1;1;;;;;1
18/03/2020;21:10:00;305;sem vítima;503,4;BR-116/PR;Sul;Choque - Talude;1;1;;;;;1
19/03/2020;03:52:00;52;sem vítima;343;BR-116/PR;Sul;Choque - Talude;1;1;;;;;1
19/03/2020;06:31:00;82;sem vítima;26,2;BR-116/PR;Norte;Choque - Defensa, barreira ou "submarino";1;1;;;;;1
19/03/2020;14:05:00;211;com vítima;512,3;BR-116/PR;Norte;Tombamento;1;0;1;;;;1
19/03/2020;19:59:00;289;sem vítima;541;BR-116/PR;Norte;Colisão Traseira;2;3;;;;;1
19/03/2020;22:45:00;318;sem vítima;39,3;BR-116/PR;Sul;Choque - Defensa, barreira ou "submarino";1;1;;;;;1
19/03/2020;23:31:00;325;sem vítima;388,2;BR-116/PR;Sul;Saida de Pista;1;1;;;;;1
20/03/2020;00:05:00;4;sem vítima;431,8;BR-116/PR;Norte;Saida de Pista;1;1;;;;;1
20/03/2020;00:24:00;12;sem vítima;564,1;BR-116/PR;Sul;Saida de Pista;1;1;;;;;1
20/03/2020;00:32:00;16;sem vítima;513,3;BR-116/PR;Norte;Tombamento;2;2;;;;;1
20/03/2020;01:11:00;25;sem vítima;513,3;BR-116/PR;Norte;Saida de Pista;1;1;;;;;1
20/03/2020;01:29:00;30;com vítima;523,9;BR-116/PR;Sul;Saida de Pista;1;0;1;;;;1
20/03/2020;01:42:00;32;sem vítima;348,9;BR-116/PR;Norte;Colisão Traseira;1;2;;;;;1
20/03/2020;05:05:00;54;com vítima;567,6;BR-116/PR;Norte;Saida de Pista;1;0;1;;;;1
20/03/2020;06:50:00;68;com vítima;330,8;BR-116/PR;Sul;Colisão Traseira;2;2;1;;;;1
20/03/2020;14:38:00;193;sem vítima;482,8;BR-116/PR;Sul;Choque - Talude;1;1;;;;;1
20/03/2020;15:02:00;201;com vítima;269;BR-116/PR;Norte;Colisão Traseira;1;2;1;;;;1
20/03/2020;15:56:00;212;sem vítima;435,1;BR-116/PR;Norte;Saida de Pista;1;2;;;;;1
20/03/2020;18:30:00;246;sem vítima;340;BR-116/PR;Sul;Colisão Lateral;2;4;;;;;1
20/03/2020;22:48:00;279;sem vítima;347;BR-116/PR;Sul;Choque - Defensa, barreira ou "submarino";1;1;;;;;1
20/03/2020;22:56:00;281;sem vítima;548,7;BR-116/PR;Sul;Choque - Talude;1;1;;;;;1
21/03/2020;03:45:00;34;sem vítima;57,5;BR-116/PR;Sul;Colisão Traseira;2;2;;;;;1
21/03/2020;07:53:00;65;sem vítima;561,8;BR-116/PR;Sul;Choque - Elemento de Drenagem;1;1;;;;;1
21/03/2020;08:46:00;82;com vítima;303,8;BR-116/PR;Sul;Choque - Talude;1;0;1;;;;1
21/03/2020;23:30:00;238;com vítima;69,95;BR-116/PR;Sul;Tombamento;1;1;1;;;;1
22/03/2020;16:21:00;128;sem vítima;37,6;BR-116/PR;Norte;Saida de Pista;1;1;;;;;1
23/03/2020;07:34:00;50;sem vítima;347;BR-116/PR;Norte;Capotamento;1;1;;;;;1
23/03/2020;17:36:00;169;sem vítima;42,6;BR-116/PR;Norte;Colisão Traseira;2;2;;;;;1
23/03/2020;18:00:00;174;sem vítima;383,2;BR-116/PR;Sul;Colisão Lateral;1;2;;;;;1
23/03/2020;21:45:00;195;sem vítima;504,6;BR-116/PR;Norte;Choque - Defensa, barreira ou "submarino";1;1;;;;;1
24/03/2020;02:04:00;28;sem vítima;515,3;BR-116/PR;Sul;Tombamento;1;2;;;;;1
24/03/2020;05:32:00;41;sem vítima;370,4;BR-116/PR;Norte;Engavetamento;3;3;;;;;1
24/03/2020;06:26:00;44;com vítima;545,7;BR-116/PR;Sul;Tombamento;1;0;1;;;;1
24/03/2020;13:13:00;125;sem vítima;24,2;BR-116/PR;Sul;Choque - Elemento de Drenagem;1;1;;;;;1
24/03/2020;14:38:00;135;sem vítima;304;BR-116/PR;Norte;Tombamento;1;1;;;;;1
24/03/2020;22:19:00;215;sem vítima;276;BR-116/PR;Norte;Colisão Lateral;1;3;;;;;1
24/03/2020;22:34:00;218;sem vítima;548,6;BR-116/PR;Sul;Colisão Traseira;1;2;;;;;1
25/03/2020;02:46:00;20;sem vítima;408,2;BR-116/PR;Sul;Choque - Suporte de Sinalização;1;1;;;;;1
25/03/2020;12:09:00;123;sem vítima;487;BR-116/PR;Sul;Saida de Pista;1;2;;;;;1
26/03/2020;05:00:00;36;com vítima;553,1;BR-116/PR;Norte;Tombamento;1;0;1;;;;1
26/03/2020;08:12:00;76;sem vítima;295,8;BR-116/PR;Norte;Colisão Lateral;1;2;;;;;1
27/03/2020;02:28:00;25;sem vítima;18,5;BR-116/PR;Sul;Colisão Traseira;2;2;;;;;1
27/03/2020;03:29:00;29;com vítima;359,25;BR-116/PR;Norte;Tombamento;1;0;1;;;;1
27/03/2020;05:17:00;41;sem vítima;279;BR-116/PR;Norte;Colisão Traseira;1;2;;;;;1
27/03/2020;10:56:00;134;com vítima;284,2;BR-116/PR;Sul;Tombamento;1;0;1;1;;;2
27/03/2020;15:35:00;186;com vítima;550,8;BR-116/PR;Sul;Tombamento;1;0;;;;1;3
27/03/2020;17:34:00;207;sem vítima;490,05;BR-116/PR;Norte;Tombamento;1;1;;;;;1
27/03/2020;21:43:00;241;sem vítima;360,53;BR-116/PR;Sul;Colisão Traseira;2;2;;;;;1
27/03/2020;22:52:00;255;sem vítima;353;BR-116/PR;Sul;Saida de Pista;1;1;;;;;1
29/03/2020;07:42:00;52;com vítima;496;BR-116/PR;Norte;Colisão Traseira;2;1;;1;;;2
31/03/2020;04:54:00;33;sem vítima;274,4;BR-116/PR;Sul;Tombamento;1;2;;;;;1
01/01/2020;14:26:00;150;com vítima;33;BR-116/PR;Norte;Tombamento;1;0;1;;;;1
02/01/2020;03:26:00;29;com vítima;407,1;BR-116/PR;Sul;Choque - Defensa, barreira ou "submarino";1;1;;1;;;2
02/01/2020;04:22:00;37;com vítima;340,7;BR-116/PR;Norte;Colisão Traseira;1;4;1;;;;1
03/01/2020;07:49:00;75;sem vítima;546;BR-116/PR;Sul;Colisão Traseira;2;3;;;;;1
03/01/2020;08:52:00;94;sem vítima;545,25;BR-116/PR;Norte;Tombamento;1;1;;;;;1
03/01/2020;18:04:00;256;sem vítima;546;BR-116/PR;Sul;Engavetamento;1;3;;;;;1
03/01/2020;16:13:00;225;sem vítima;284;BR-116/PR;Norte;Colisão Traseira;1;5;;;;;1
04/01/2020;04:12:00;31;com vítima;308,3;BR-116/PR;Norte;Saida de Pista;1;9;5;;;;1
04/01/2020;05:49:00;45;sem vítima;285,2;BR-116/PR;Sul;Colisão Traseira;1;2;;;;;1
04/01/2020;13:43:00;172;sem vítima;385;BR-116/PR;Sul;Saida de Pista;1;2;;;;;1
04/01/2020;09:05:00;101;sem vítima;513,5;BR-116/PR;Norte;Colisão Lateral;1;4;;;;;1
04/01/2020;09:09:00;103;sem vítima;513,5;BR-116/PR;Norte;Colisão Lateral;2;2;;;;;1
04/01/2020;11:31:00;142;sem vítima;511,7;BR-116/PR;Norte;Saida de Pista;1;1;;;;;1
04/01/2020;17:28:00;235;sem vítima;542,9;BR-116/PR;Sul;Colisão Traseira;2;2;;;;;1
04/01/2020;19:47:00;278;sem vítima;336,05;BR-116/PR;Norte;Colisão Traseira;1;5;;;;;1
04/01/2020;06:22:00;49;sem vítima;480,2;BR-116/PR;Norte;Tombamento;1;2;;;;;1
05/01/2020;05:12:00;31;sem vítima;393,8;BR-116/PR;Sul;Saida de Pista;1;1;;;;;1
05/01/2020;14:48:00;163;sem vítima;32,6;BR-116/PR;Norte;Colisão Traseira;1;6;;;;;1
05/01/2020;15:04:00;167;sem vítima;32,6;BR-116/PR;Norte;Colisão Traseira;1;6;;;;;1
06/01/2020;18:15:00;251;sem vítima;281,8;BR-116/PR;Norte;Engavetamento;1;3;;;;;1
06/01/2020;23:38:00;308;com vítima;514,6;BR-116/PR;Norte;Tombamento;1;0;;;1;;2
07/01/2020;10:09:00;114;sem vítima;57,3;BR-116/PR;Norte;Colisão Traseira;1;2;;;;;1
07/01/2020;17:32:00;258;sem vítima;478,4;BR-116/PR;Norte;Tombamento;1;1;;;;;1
07/01/2020;18:24:00;272;com vítima;387,4;BR-116/PR;Norte;Colisão Traseira;1;1;;1;;;2
07/01/2020;17:18:00;252;sem vítima;23,75;BR-116/PR;Norte;Choque - Defensa, barreira ou "submarino";1;1;;;;;1
07/01/2020;19:50:00;289;sem vítima;545,4;BR-116/PR;Norte;Colisão Lateral;1;3;;;;;1
07/01/2020;21:18:00;304;sem vítima;503,5;BR-116/PR;Sul;Choque - Talude;1;1;;;;;1
07/01/2020;22:09:00;318;com vítima;519,2;BR-116/PR;Sul;Atropelamento - Ambulante;1;1;;;;1;3
08/01/2020;15:46:00;215;sem vítima;548,5;BR-116/PR;Sul;Choque - Defensa, barreira ou "submarino";1;1;;;;;1
09/01/2020;15:41:00;233;com vítima;555,8;BR-116/PR;Sul;Saida de Pista;1;0;;;;1;3
09/01/2020;02:15:00;25;com vítima;499,7;BR-116/PR;Sul;Saida de Pista;1;1;1;;;;1
09/01/2020;03:30:00;34;com vítima;394;BR-116/PR;Norte;Colisão Traseira;2;1;1;;;;1
09/01/2020;05:25:00;51;sem vítima;351,1;BR-116/PR;Sul;Colisão Traseira;2;2;;;;;1
09/01/2020;08:59:00;107;sem vítima;486;BR-116/PR;Sul;Colisão Traseira;1;2;;;;;1
09/01/2020;14:35:00;212;sem vítima;545,8;BR-116/PR;Sul;Choque - Talude;1;1;;;;;1
09/01/2020;00:14:00;4;sem vítima;485,9;BR-116/PR;Norte;Colisão Traseira;2;2;;;;;1
09/01/2020;02:08:00;23;com vítima;293,4;BR-116/PR;Sul;Atropelamento - Morador;1;1;;;;1;3
10/01/2020;04:48:00;57;sem vítima;281,2;BR-116/PR;Norte;Outros;1;1;;;;;1
10/01/2020;14:04:00;224;com vítima;451;BR-116/PR;Sul;Engavetamento;2;3;1;;;;1
10/01/2020;15:25:00;245;sem vítima;18,5;BR-116/PR;Norte;Colisão Lateral;1;4;;;;;1
10/01/2020;15:37:00;249;sem vítima;20;BR-116/PR;Norte;Colisão Lateral;2;2;;;;;1
10/01/2020;16:58:00;276;sem vítima;298,8;BR-116/PR;Sul;Colisão Traseira;1;2;;;;;1
10/01/2020;22:00:00;358;sem vítima;539,6;BR-116/PR;Sul;Choque - Outros;2;3;;;;;1
10/01/2020;22:32:00;368;sem vítima;300,1;BR-116/PR;Norte;Colisão Traseira;2;2;;;;;1
10/01/2020;08:36:00;112;sem vítima;40;BR-116/PR;Norte;Saida de Pista;1;1;;;;;1
11/01/2020;09:32:00;115;com vítima;310,5;BR-116/PR;Norte;Capotamento;1;1;1;2;1;;2
11/01/2020;10:57:00;144;sem vítima;362;BR-116/PR;Sul;Colisão Traseira;1;6;;;;;1
12/01/2020;05:59:00;46;com vítima;507,5;BR-116/PR;Norte;Tombamento;1;0;1;;;;1
12/01/2020;08:54:00;73;sem vítima;60,2;BR-116/PR;Norte;Colisão Traseira;1;4;;;;;1
12/01/2020;20:06:00;248;sem vítima;359,1;BR-116/PR;Sul;Colisão Traseira;1;6;;;;;1
12/01/2020;01:49:00;23;sem vítima;546,8;BR-116/PR;Sul;Tombamento;1;1;;;;;1
12/01/2020;12:57:00;134;sem vítima;298,8;BR-116/PR;Norte;Colisão Lateral;1;6;;;;;1
12/01/2020;17:35:00;214;sem vítima;308;BR-116/PR;Norte;Colisão Lateral;1;3;;;;;1
12/01/2020;18:01:00;220;sem vítima;389;BR-116/PR;Norte;Colisão Lateral;1;6;;;;;1
13/01/2020;08:01:00;74;sem vítima;551,7;BR-116/PR;Norte;Choque - Elemento de Drenagem;1;1;;;;;1
13/01/2020;13:43:00;158;sem vítima;509,8;BR-116/PR;Norte;Tombamento;1;1;;;;;1
14/01/2020;01:00:00;15;com vítima;23,8;BR-116/PR;Norte;Tombamento;1;0;1;;;;1
14/01/2020;15:18:00;190;sem vítima;347,6;BR-116/PR;Norte;Choque - Objeto sobre a pista;1;6;;;;;1
14/01/2020;17:08:00;219;sem vítima;284,6;BR-116/PR;Sul;Colisão Lateral;1;2;;;;;1
15/01/2020;14:58:00;217;sem vítima;516,3;BR-116/PR;Sul;Tombamento;1;1;;;;;1
16/01/2020;15:54:00;233;sem vítima;34;BR-116/PR;Norte;Choque - Talude;1;1;;;;;1
16/01/2020;16:19:00;243;sem vítima;513,5;BR-116/PR;Norte;Choque - Defensa, barreira ou "submarino";1;1;;;;;1
16/01/2020;19:50:00;301;sem vítima;435;BR-116/PR;Norte;Saida de Pista;1;1;;;;;1
16/01/2020;21:18:00;316;sem vítima;504,9;BR-116/PR;Sul;Choque - Talude;1;4;;;;;1
16/01/2020;02:21:00;33;sem vítima;70,5;BR-116/PR;Sul;Colisão Traseira;1;2;;;;;1
16/01/2020;14:09:00;200;com vítima;558,6;BR-116/PR;Norte;Colisão Traseira;2;1;;1;;;2
16/01/2020;15:30:00;223;sem vítima;512;BR-116/PR;Norte;Choque - Talude;1;1;;;;;1
16/01/2020;19:46:00;297;com vítima;511,6;BR-116/PR;Norte;Choque - Defensa, barreira ou "submarino";1;0;1;;;;1
16/01/2020;21:44:00;319;sem vítima;41,9;BR-116/PR;Sul;Colisão Traseira;2;2;;;;;1
16/01/2020;20:14:00;303;sem vítima;57;BR-116/PR;Sul;Colisão Traseira;2;2;;;;;1
17/01/2020;00:55:00;12;sem vítima;371,9;BR-116/PR;Sul;Tombamento;1;1;;;;;1
17/01/2020;16:31:00;243;sem vítima;564;BR-116/PR;Norte;Saida de Pista;1;1;;;;;1
17/01/2020;18:32:00;279;sem vítima;8;BR-116/PR;Norte;Engavetamento;1;9;;;;;1
17/01/2020;21:14:00;322;sem vítima;40,2;BR-116/PR;Norte;Colisão Traseira;1;4;;;;;1
17/01/2020;04:02:00;38;sem vítima;370,4;BR-116/PR;Norte;Colisão Traseira;1;2;;;;;1
17/01/2020;23:26:00;355;com vítima;512;BR-116/PR;Norte;Tombamento;1;0;1;;;;1
17/01/2020;01:58:00;19;sem vítima;7,6;BR-116/PR;Norte;Colisão Traseira;1;2;;;;;1
17/01/2020;04:53:00;49;sem vítima;280;BR-116/PR;Norte;Colisão Lateral;2;2;;;;;1
17/01/2020;10:10:00;135;sem vítima;562;BR-116/PR;Norte;Choque - Defensa, barreira ou "submarino";1;1;;;;;1
17/01/2020;16:41:00;246;sem vítima;565,3;BR-116/PR;Sul;Colisão Lateral;1;2;;;;;1
17/01/2020;04:44:00;47;com vítima;545,9;BR-116/PR;Sul;Tombamento;2;0;2;;;;1
18/01/2020;10:29:00;139;com vítima;555,3;BR-116/PR;Sul;Tombamento;1;0;1;;1;;2
18/01/2020;15:10:00;210;com vítima;467,1;BR-116/PR;Norte;Tombamento;1;0;2;;;;1
18/01/2020;15:55:00;228;sem vítima;426,6;BR-116/PR;Sul;Colisão Traseira;1;24;;;;;1
18/01/2020;07:15:00;72;sem vítima;513,6;BR-116/PR;Norte;Choque - Defensa, barreira ou "submarino";1;1;;;;;1
18/01/2020;08:41:00;101;sem vítima;524;BR-116/PR;Sul;Colisão Lateral;1;2;;;;;1
19/01/2020;17:26:00;214;sem vítima;545,6;BR-116/PR;Norte;Choque - Defensa, barreira ou "submarino";1;1;;;;;1
19/01/2020;18:15:00;237;sem vítima;511,05;BR-116/PR;Norte;Choque - Defensa, barreira ou "submarino";1;1;;;;;1
20/01/2020;09:28:00;116;sem vítima;290,3;BR-116/PR;Norte;Tombamento;1;1;;;;;1
20/01/2020;13:32:00;190;com vítima;292,5;BR-116/PR;Sul;Capotamento;1;1;1;;;;1
20/01/2020;00:36:00;9;sem vítima;1,5;BR-116/PR;Norte;Colisão Frontal;1;2;;;;;1
20/01/2020;04:42:00;42;sem vítima;451,7;BR-116/PR;Norte;Colisão Traseira;2;2;;;;;1
21/01/2020;06:03:00;34;sem vítima;303,2;BR-116/PR;Norte;Choque - Talude;1;1;;;;;1
21/01/2020;08:14:00;69;com vítima;272,9;BR-116/PR;Norte;Colisão Lateral;1;2;;;1;;2
21/01/2020;08:21:00;72;sem vítima;358,5;BR-116/PR;Sul;Choque - Defensa, barreira ou "submarino";1;1;;;;;1
21/01/2020;10:29:00;118;sem vítima;270,3;BR-116/PR;Sul;Colisão Traseira;1;3;;;;;1
21/01/2020;14:55:00;190;sem vítima;520,5;BR-116/PR;Sul;Colisão Lateral;1;2;;;;;1
21/01/2020;16:45:00;219;sem vítima;382;BR-116/PR;Norte;Colisão Lateral;1;2;;;;;1
21/01/2020;18:11:00;244;com vítima;316,5;BR-116/PR;Sul;Colisão Lateral;1;2;1;;;;1
22/01/2020;22:40:00;280;sem vítima;513;BR-116/PR;Norte;Choque - Defensa, barreira ou "submarino";1;1;;;;;1
22/01/2020;09:01:00;97;com vítima;514,7;BR-116/PR;Norte;Colisão Lateral;2;2;;;;1;3
22/01/2020;23:54:00;297;sem vítima;515,5;BR-116/PR;Norte;Choque - Elemento de Drenagem;1;1;;;;;1
22/01/2020;16:26:00;210;sem vítima;546;BR-116/PR;Sul;Outros;1;1;;;;;1
22/01/2020;21:20:00;267;sem vítima;18,6;BR-116/PR;Norte;Saida de Pista;1;1;;;;;1
22/01/2020;23:44:00;295;sem vítima;548,8;BR-116/PR;Sul;Saida de Pista;1;2;;;;;1
23/01/2020;06:57:00;65;sem vítima;549;BR-116/PR;Sul;Tombamento;2;3;;;;;1
23/01/2020;07:43:00;76;sem vítima;549;BR-116/PR;Sul;Choque - Defensa, barreira ou "submarino";1;1;;;;;1
23/01/2020;01:59:00;22;com vítima;461,8;BR-116/PR;Norte;Colisão Traseira;2;1;1;;;;1
23/01/2020;08:28:00;88;sem vítima;565;BR-116/PR;Sul;Saida de Pista;1;2;;;;;1
23/01/2020;11:12:00;126;sem vítima;284,3;BR-116/PR;Norte;Colisão Traseira;2;2;;;;;1
23/01/2020;17:44:00;229;com vítima;497;BR-116/PR;Sul;Atropelamento - Ciclista;1;1;;;1;;2
23/01/2020;00:39:00;6;sem vítima;515;BR-116/PR;Norte;Choque - Talude;1;1;;;;;1
23/01/2020;01:13:00;12;com vítima;560,5;BR-116/PR;Norte;Tombamento;1;1;2;;;;1
23/01/2020;02:46:00;30;sem vítima;545,9;BR-116/PR;Sul;Choque - Defensa, barreira ou "submarino";1;1;;;;;1
23/01/2020;19:58:00;251;sem vítima;404;BR-116/PR;Norte;Choque - Elemento de Drenagem;1;1;;;;;1
23/01/2020;21:29:00;269;sem vítima;564,1;BR-116/PR;Sul;Capotamento;1;1;;;;;1
23/01/2020;21:39:00;271;sem vítima;545,8;BR-116/PR;Sul;Choque - Defensa, barreira ou "submarino";1;1;;;;;1
24/01/2020;09:16:00;112;sem vítima;269,1;BR-116/PR;Norte;Colisão Lateral;1;3;;;;;1
24/01/2020;11:05:00;148;sem vítima;548;BR-116/PR;Sul;Saida de Pista;1;1;;;;;1
24/01/2020;07:24:00;75;sem vítima;565,2;BR-116/PR;Sul;Choque - Defensa, barreira ou "submarino";1;2;;;;;1
24/01/2020;23:24:00;300;com vítima;394,05;BR-116/PR;Norte;Atropelamento - Outros;1;1;;;;1;3
25/01/2020;03:44:00;22;sem vítima;396,95;BR-116/PR;Norte;Colisão Traseira;2;3;;;;;1
26/01/2020;15:59:00;211;sem vítima;31;BR-116/PR;Norte;Colisão Traseira;2;2;;;;;1