data;horario;n_da_ocorrencia;tipo_de_ocorrencia;km;trecho;sentido;tipo_de_acidente;caminhao;ilesos;levemente_feridos;moderadamente_feridos;gravemente_feridos;mortos;3
26/01/2020;17:02:00;232;sem vítima;563,4;BR-116/PR;Norte;Choque - Poste;1;1;;;;;1
27/01/2020;06:36:00;53;com vítima;363,7;BR-116/PR;Norte;Tombamento;1;0;1;;;;1
27/01/2020;07:33:00;63;sem vítima;509,2;BR-116/PR;Sul;Choque - Talude;1;2;;;;;1
27/01/2020;13:51:00;159;sem vítima;306,9;BR-116/PR;Norte;Colisão Traseira;1;2;;;;;1
28/01/2020;02:44:00;24;sem vítima;504,7;BR-116/PR;Sul;Tombamento;1;1;;;;;1
28/01/2020;04:40:00;44;sem vítima;23,4;BR-116/PR;Norte;Choque - Defensa, barreira ou "submarino";1;1;;;;;1
28/01/2020;09:16:00;110;sem vítima;517,7;BR-116/PR;Norte;Tombamento;1;1;;;;;1
28/01/2020;20:03:00;289;sem vítima;518;BR-116/PR;Norte;Colisão Lateral;1;3;;;;;1
29/01/2020;15:23:00;207;sem vítima;23,7;BR-116/PR;Norte;Choque - Defensa, barreira ou "submarino";1;1;;;;;1
29/01/2020;17:58:00;257;sem vítima;536;BR-116/PR;Sul;Choque - Elemento de Drenagem;1;1;;;;;1
29/01/2020;01:04:00;18;com vítima;521,2;BR-116/PR;Norte;Colisão Traseira;2;1;1;;;;1
29/01/2020;09:40:00;116;sem vítima;57,2;BR-116/PR;Sul;Colisão Lateral;2;2;;;;;1
29/01/2020;21:55:00;312;sem vítima;26;BR-116/PR;Sul;Tombamento;1;1;;;;;1
29/01/2020;17:15:00;246;sem vítima;1;BR-116/PR;Sul;Colisão Lateral;1;2;;;;;1
30/01/2020;01:38:00;27;com vítima;512,5;BR-116/PR;Norte;Capotamento;1;0;;;;1;3
30/01/2020;10:30:00;150;com vítima;466;BR-116/PR;Sul;Colisão Lateral;2;4;;1;;;2
31/01/2020;14:09:00;196;sem vítima;499,3;BR-116/PR;Sul;Choque - Elemento de Drenagem;1;1;;;;;1
31/01/2020;06:28:00;57;sem vítima;315;BR-116/PR;Sul;Saida de Pista;1;1;;;;;1
31/01/2020;21:50:00;326;sem vítima;504,6;BR-116/PR;Norte;Choque - Talude;1;1;;;;;1
31/01/2020;01:15:00;11;com vítima;475,1;BR-116/PR;Norte;Choque - Veiculo parado no acostamento;2;1;1;;;;1
01/02/2020;14:44:00;192;sem vítima;294,9;BR-116/PR;Norte;Colisão Lateral;1;2;;;;;1
01/02/2020;15:10:00;199;sem vítima;298,5;BR-116/PR;Sul;Colisão Traseira;1;2;;;;;1
01/02/2020;22:25:00;287;sem vítima;18,604;BR-116/PR;Norte;Saida de Pista;1;2;;;;;1
01/02/2020;22:39:00;289;sem vítima;430;BR-116/PR;Norte;Colisão Traseira;1;3;;;;;1
01/02/2020;23:48:00;302;com vítima;464,9;BR-116/PR;Sul;Colisão Traseira;1;1;;;;1;3
02/02/2020;10:59:00;89;com vítima;326;BR-116/PR;Norte;Capotamento;1;1;3;;;;1
02/02/2020;12:24:00;107;sem vítima;544,7;BR-116/PR;Sul;Choque - Defensa, barreira ou  submarino ;1;1;;;;;1
02/02/2020;15:29:00;149;sem vítima;424;BR-116/PR;Norte;Saida de Pista;1;1;;;;;1
02/02/2020;15:32:00;150;sem vítima;65,1;BR-116/PR;Sul;Colisão Traseira;1;2;;;;;1
02/02/2020;16:29:00;174;sem vítima;58;BR-116/PR;Norte;Colisão Traseira;2;3;;;;;1
02/02/2020;17:01:00;190;sem vítima;556;BR-116/PR;Sul;Saida de Pista;1;2;;;;;1
02/02/2020;17:23:00;194;com vítima;18;BR-116/PR;Norte;Saida de Pista;1;1;1;;;;1
02/02/2020;21:22:00;299;sem vítima;473,9;BR-116/PR;Sul;Capotamento;1;1;;;;;1
03/02/2020;00:05:00;3;sem vítima;392;BR-116/PR;Norte;Tombamento;1;1;;;;;1
03/02/2020;09:05:00;106;sem vítima;518;BR-116/PR;Sul;Tombamento;1;2;;;;;1
03/02/2020;10:46:00;138;com vítima;28;BR-116/PR;Norte;Choque - Defensa, barreira ou  submarino ;1;1;1;;;;1
03/02/2020;11:34:00;144;sem vítima;481,7;BR-116/PR;Norte;Saida de Pista;1;2;;;;;1
03/02/2020;16:11:00;212;sem vítima;548;BR-116/PR;Sul;Colisão Traseira;2;2;;;;;1
03/02/2020;22:07:00;303;sem vítima;45,5;BR-116/PR;Sul;Saida de Pista;1;1;;;;;1
03/02/2020;14:16:00;183;sem vítima;545;BR-116/PR;Sul;Choque - Defensa, barreira ou  submarino ;1;1;;;;;1
03/02/2020;14:32:00;187;sem vítima;23,6;BR-116/PR;Norte;Colisão Traseira;1;2;;;;;1
03/02/2020;21:48:00;301;com vítima;45,5;BR-116/PR;Sul;Choque - Talude;1;;1;;;;1
04/02/2020;00:38:00;8;com vítima;425,5;BR-116/PR;Sul;Tombamento;1;;1;;;;1
04/02/2020;05:42:00;53;sem vítima;342,8;BR-116/PR;Sul;Choque - Defensa, barreira ou  submarino ;1;1;;;;;1
04/02/2020;07:43:00;80;sem vítima;70,1;BR-116/PR;Sul;Colisão Lateral;1;2;;;;;1
04/02/2020;07:50:00;81;sem vítima;511;BR-116/PR;Sul;Tombamento;1;;;;;;1
04/02/2020;11:31:00;146;sem vítima;492,8;BR-116/PR;Sul;Colisão Lateral;1;2;;;;;1
04/02/2020;15:25:00;215;sem vítima;282,3;BR-116/PR;Norte;Colisão Lateral;2;4;;;;;1
04/02/2020;17:46:00;257;sem vítima;560,4;BR-116/PR;Sul;Choque - Defensa, barreira ou  submarino ;1;1;;;;;1
04/02/2020;22:20:00;311;com vítima;340,6;BR-116/PR;Norte;Atropelamento - Outros;1;1;;;;1;3
05/02/2020;04:26:00;56;sem vítima;546,7;BR-116/PR;Sul;Choque - Defensa, barreira ou  submarino ;1;1;;;;;1
05/02/2020;04:27:00;57;sem vítima;339,9;BR-116/PR;Sul;Choque - Defensa, barreira ou  submarino ;1;1;;;;;1
05/02/2020;04:34:00;58;sem vítima;369,9;BR-116/PR;Sul;Saida de Pista;1;1;;;;;1
05/02/2020;07:05:00;81;sem vítima;518;BR-116/PR;Sul;Colisão Traseira;1;2;;;;;1
05/02/2020;07:58:00;99;com vítima;279,5;BR-116/PR;Norte;Colisão Traseira;1;1;1;;;;1
05/02/2020;09:05:00;121;sem vítima;345,7;BR-116/PR;Sul;Choque - Elemento de Drenagem;1;1;;;;;1
05/02/2020;12:35:00;188;com vítima;284,8;BR-116/PR;Norte;Colisão Traseira;1;2;1;;;;1
05/02/2020;15:56:00;236;com vítima;544,5;BR-116/PR;Norte;Tombamento;1;;;1;;;2
05/02/2020;16:47:00;253;sem vítima;347,9;BR-116/PR;Sul;Choque - Objeto sobre a pista;1;1;;;;;1
05/02/2020;18:46:00;282;sem vítima;545,9;BR-116/PR;Sul;Choque - Defensa, barreira ou  submarino ;1;1;;;;;1
05/02/2020;19:47:00;299;sem vítima;370,35;BR-116/PR;Sul;Colisão Lateral;2;2;;;;;1
06/02/2020;00:53:00;16;sem vítima;528,1;BR-116/PR;Norte;Saida de Pista;2;2;;;;;1
06/02/2020;00:55:00;17;com vítima;453,8;BR-116/PR;Norte;Choque - Talude;1;;1;;;;1
06/02/2020;09:58:00;150;com vítima;474,4;BR-116/PR;Norte;Tombamento;1;;1;;;;1
07/02/2020;02:12:00;25;sem vítima;376;BR-116/PR;Norte;Colisão Traseira;2;2;;;;;1
07/02/2020;02:16:00;27;com vítima;339,2;BR-116/PR;Sul;Colisão Traseira;2;1;;1;;;2
07/02/2020;11:29:00;175;sem vítima;548,8;BR-116/PR;Sul;Choque - Defensa, barreira ou  submarino ;1;1;;;;;1
07/02/2020;15:26:00;228;com vítima;375;BR-116/PR;Norte;Choque - Defensa, barreira ou  submarino ;1;;1;;;;1
07/02/2020;16:59:00;252;sem vítima;513,65;BR-116/PR;Norte;Colisão Transversal;1;6;;;;;1
08/02/2020;18:38:00;288;com vítima;504,3;BR-116/PR;Sul;Tombamento;1;2;1;;;;1
09/02/2020;19:09:00;252;sem vítima;545,4;BR-116/PR;Sul;Tombamento;1;1;;;;;1
10/02/2020;04:14:00;45;sem vítima;325;BR-116/PR;Norte;Choque - Talude;1;2;;;;;1
10/02/2020;03:39:00;39;sem vítima;312,5;BR-116/PR;Norte;Colisão Traseira;1;2;;;;;1
10/02/2020;13:07:00;163;sem vítima;507,7;BR-116/PR;Norte;Choque - Talude;1;1;;;;;1
10/02/2020;13:53:00;173;sem vítima;339;BR-116/PR;Sul;Colisão Lateral;1;6;;;;;1
10/02/2020;15:43:00;199;com vítima;545,9;BR-116/PR;Sul;Choque - Defensa, barreira ou  submarino ;1;;2;;;;1
11/02/2020;19:07:00;274;com vítima;282,5;BR-116/PR;Sul;Engavetamento;1;3;1;;;;1
11/02/2020;21:21:00;300;com vítima;466,5;BR-116/PR;Norte;Colisão Traseira;2;1;1;;;;1
11/02/2020;10:17:00;138;sem vítima;65,8;BR-116/PR;Sul;Colisão Lateral;1;3;;;;;1
11/02/2020;14:25:00;199;sem vítima;353;BR-116/PR;Sul;Saida de Pista;1;1;;;;;1
11/02/2020;16:21:00;232;com vítima;279;BR-116/PR;Norte;Colisão Traseira;1;1;1;;;;1
11/02/2020;17:52:00;257;sem vítima;284;BR-116/PR;Norte;Colisão Traseira;1;2;;;;;1
12/02/2020;00:26:00;11;sem vítima;378;BR-116/PR;Sul;Colisão Traseira;2;3;;;;;1
12/02/2020;00:58:00;21;sem vítima;511;BR-116/PR;Norte;Saida de Pista;1;1;;;;;1
12/02/2020;06:28:00;71;sem vítima;489,8;BR-116/PR;Sul;Saida de Pista;1;1;;;;;1
12/02/2020;07:45:00;85;sem vítima;283,8;BR-116/PR;Norte;Colisão Traseira;2;2;;;;;1
12/02/2020;16:26:00;237;sem vítima;567;BR-116/PR;Sul;Choque - Defensa, barreira ou  submarino ;1;1;;;;;1
12/02/2020;18:58:00;276;sem vítima;305,6;BR-116/PR;Sul;Colisão Traseira;1;3;;;;;1
13/02/2020;00:53:00;14;sem vítima;15,2;BR-116/PR;Norte;Colisão Lateral;2;2;;;;;1
13/02/2020;07:34:00;79;sem vítima;10,2;BR-116/PR;Sul;Saida de Pista;1;1;;;;;1
13/02/2020;12:51:00;168;com vítima;567;BR-116/PR;Norte;Tombamento;1;;1;;;;1
13/02/2020;13:04:00;172;sem vítima;549;BR-116/PR;Sul;Saida de Pista;1;2;;;;;1
13/02/2020;15:37:00;216;sem vítima;550,2;BR-116/PR;Norte;Choque - Defensa, barreira ou  submarino ;1;1;;;;;1
13/02/2020;21:23:00;311;sem vítima;303,2;BR-116/PR;Sul;Colisão Lateral;2;2;;;;;1
13/02/2020;23:30:00;328;sem vítima;511,7;BR-116/PR;Norte;Choque - Talude;1;1;;;;;1
14/02/2020;14:35:00;185;sem vítima;442;BR-116/PR;Sul;Colisão Traseira;1;2;;;;;1
14/02/2020;14:58:00;192;sem vítima;485,7;BR-116/PR;Sul;Colisão Traseira;1;2;;;;;1
14/02/2020;00:32:00;11;com vítima;548,7;BR-116/PR;Sul;Engavetamento;8;7;1;1;;;2
14/02/2020;04:25:00;33;com vítima;530,7;BR-116/PR;Sul;Colisão Traseira;2;2;;1;;;2
14/02/2020;07:31:00;65;sem vítima;419;BR-116/PR;Sul;Colisão Lateral;1;3;;;;;1
14/02/2020;08:56:00;94;com vítima;521,2;BR-116/PR;Sul;Colisão Traseira;1;4;1;;;;1
15/02/2020;15:29:00;202;sem vítima;390,8;BR-116/PR;Sul;Tombamento;1;1;;;;;1
15/02/2020;22:03:00;284;com vítima;39,8;BR-116/PR;Norte;Tombamento;1;;1;;;;1
16/02/2020;09:57:00;89;com vítima;301,5;BR-116/PR;Norte;Choque - Defensa, barreira ou  submarino ;2;1;1;;;;1
16/02/2020;19:19:00;226;sem vítima;387,7;BR-116/PR;Norte;Colisão Traseira;2;2;;;;;1
17/02/2020;02:41:00;33;com vítima;47,6;BR-116/PR;Norte;Capotamento;1;3;1;;;;1
17/02/2020;04:07:00;42;sem vítima;342,4;BR-116/PR;Norte;Colisão Traseira;1;3;;;;;1
17/02/2020;11:57:00;143;sem vítima;282,6;BR-116/PR;Norte;Colisão Lateral;1;2;;;;;1
17/02/2020;13:56:00;171;sem vítima;305,3;BR-116/PR;Sul;Colisão Lateral;1;5;;;;;1
17/02/2020;20:39:00;278;sem vítima;476;BR-116/PR;Norte;Choque - Defensa, barreira ou  submarino ;1;1;;;;;1
18/02/2020;10:07:00;105;sem vítima;291;BR-116/PR;Sul;Choque - Defensa, barreira ou  submarino ;1;2;;;;;1
18/02/2020;14:06:00;165;sem vítima;564,3;BR-116/PR;Sul;Tombamento;2;2;;;;;1
18/02/2020;14:41:00;178;com vítima;273;BR-116/PR;Norte;Engavetamento;1;2;1;1;;;2
18/02/2020;17:29:00;235;com vítima;561,3;BR-116/PR;Sul;Colisão Traseira;2;1;1;;;;1
18/02/2020;18:10:00;254;com vítima;270;BR-116/PR;Sul;Colisão Traseira;1;3;2;;;;1
19/02/2020;08:34:00;99;sem vítima;285,2;BR-116/PR;Norte;Colisão Transversal;1;2;;;;;1
19/02/2020;09:53:00;137;sem vítima;42,1;BR-116/PR;Sul;Choque - Defensa, barreira ou  submarino ;1;1;;;;;1
19/02/2020;10:46:00;155;com vítima;522;BR-116/PR;Sul;Choque - Defensa, barreira ou  submarino ;1;;;1;;;2
19/02/2020;14:27:00;205;sem vítima;522;BR-116/PR;Sul;Colisão Lateral;1;2;;;;;1
19/02/2020;16:38:00;253;sem vítima;353;BR-116/PR;Sul;Saida de Pista;1;1;;;;;1
19/02/2020;17:27:00;265;sem vítima;542,9;BR-116/PR;Sul;Colisão Traseira;1;5;;;;;1
20/02/2020;04:51:00;63;sem vítima;44,5;BR-116/PR;Norte;Tombamento;1;1;;;;;1
20/02/2020;07:24:00;90;sem vítima;540,2;BR-116/PR;Sul;Saida de Pista;1;1;;;;;1
20/02/2020;08:23:00;111;sem vítima;302,5;BR-116/PR;Norte;Colisão Lateral;1;3;;;;;1
20/02/2020;08:54:00;127;com vítima;473;BR-116/PR;Sul;Colisão Lateral;1;1;1;;;;1
20/02/2020;12:26:00;207;sem vítima;55,3;BR-116/PR;Sul;Colisão Traseira;1;1;;;;;1
20/02/2020;14:16:00;240;com vítima;290,8;BR-116/PR;Norte;Colisão Traseira;1;1;1;;;;1
20/02/2020;16:29:00;281;sem vítima;337,8;BR-116/PR;Sul;Choque - Defensa, barreira ou  submarino ;1;1;;;;;1
21/02/2020;04:31:00;54;sem vítima;548,3;BR-116/PR;Norte;Tombamento;1;2;;;;;1
21/02/2020;22:05:00;325;sem vítima;13,8;BR-116/PR;Sul;Colisão Traseira;2;2;;;;;1
22/02/2020;02:35:00;38;com vítima;538,6;BR-116/PR;Norte;Choque - Defensa, barreira ou  submarino ;1;;1;;;;1
22/02/2020;02:57:00;43;sem vítima;545,8;BR-116/PR;Sul;Choque - Defensa, barreira ou  submarino ;1;1;;;;;1
22/02/2020;09:17:00;133;sem vítima;29,5;BR-116/PR;Norte;Choque - Defensa, barreira ou  submarino ;1;1;;;;;1
22/02/2020;19:52:00;278;sem vítima;326;BR-116/PR;Norte;Colisão Lateral;1;3;;;;;1
23/02/2020;08:58:00;78;sem vítima;26;BR-116/PR;Norte;Tombamento;1;1;;;;;1
23/02/2020;23:03:00;233;sem vítima;282;BR-116/PR;Norte;Colisão Lateral;1;3;;;;;1
24/02/2020;04:07:00;36;com vítima;388,8;BR-116/PR;Norte;Colisão Traseira;1;1;1;1;2;;2
25/02/2020;05:51:00;41;com vítima;562,1;BR-116/PR;Sul;Capotamento;1;;;;;1;3
25/02/2020;16:59:00;186;com vítima;431,9;BR-116/PR;Sul;Colisão Traseira;2;2;1;;;;1
25/02/2020;19:37:00;230;sem vítima;414,2;BR-116/PR;Sul;Engavetamento;1;3;;;;;1
25/02/2020;21:15:00;264;sem vítima;502,8;BR-116/PR;Sul;Colisão Lateral;1;2;;;;;1
25/02/2020;23:54:00;311;sem vítima;513,3;BR-116/PR;Norte;Saida de Pista;1;1;;;;;1
26/02/2020;03:41:00;48;sem vítima;324,3;BR-116/PR;Sul;Saida de Pista;1;1;;;;;1
26/02/2020;09:08:00;120;sem vítima;507,9;BR-116/PR;Sul;Choque - Poste;1;1;;;;;1
26/02/2020;16:52:00;266;sem vítima;511,6;BR-116/PR;Sul;Outros;1;1;;;;;1
26/02/2020;22:12:00;367;com vítima;567;BR-116/PR;Sul;Choque - Elemento de Drenagem;1;;1;;;;1
26/02/2020;22:51:00;379;sem vítima;567;BR-116/PR;Sul;Saida de Pista;1;1;;;;;1
26/02/2020;23:59:00;395;sem vítima;511;BR-116/PR;Sul;Choque - Defensa, barreira ou  submarino ;1;1;;;;;1
27/02/2020;00:24:00;12;sem vítima;461;BR-116/PR;Norte;Colisão Traseira;2;2;;;;;1
27/02/2020;00:26:00;13;sem vítima;298;BR-116/PR;Norte;Atropelamento de Animal;1;1;;;;;1
27/02/2020;19:50:00;273;sem vítima;287;BR-116/PR;Norte;Colisão Lateral;1;3;;;;;1
27/02/2020;21:42:00;292;sem vítima;22;BR-116/PR;Norte;Colisão Lateral;1;2;;;;;1
29/02/2020;14:52:00;176;sem vítima;564;BR-116/PR;Sul;Choque - Defensa, barreira ou  submarino ;1;1;;;;;1
29/02/2020;15:44:00;186;com vítima;561,5;BR-116/PR;Sul;Engavetamento;6;8;1;;;;1
29/02/2020;16:13:00;196;com vítima;430,1;BR-116/PR;Norte;Colisão Lateral;1;1;1;;;;1
29/02/2020;19:58:00;252;sem vítima;369,1;BR-116/PR;Norte;Saida de Pista;1;1;;;;;1
01/04/2020;08:30:00;69;com vítima;30,8;BR-116/PR;Sul;Colisão Traseira;2;3;2;;;;1
01/04/2020;11:00:00;116;com vítima;64,3;BR-116/PR;Sul;Atropelamento - Outros;1;1;;;;1;3
02/04/2020;14:42:00;187;com vítima;499,95;BR-116/PR;Sul;Tombamento;1;0;1;;;;1
02/04/2020;17:06:00;222;com vítima;300,1;BR-116/PR;Sul;Tombamento;1;0;;;1;;2
03/04/2020;21:16:00;251;sem vítima;42,6;BR-116/PR;Norte;Choque - Defensa, barreira ou "submarino";1;1;;;;;1
04/04/2020;05:08:00;34;sem vítima;397,1;BR-116/PR;Sul;Choque - Defensa, barreira ou "submarino";1;1;;;;;1
04/04/2020;05:28:00;37;com vítima;486,8;BR-116/PR;Norte;Colisão Traseira;2;1;1;;;;1
04/04/2020;15:58:00;171;sem vítima;64,5;BR-116/PR;Norte;Colisão Lateral;2;2;;;;;1
04/04/2020;20:20:00;214;com vítima;319,5;BR-116/PR;Sul;Capotamento;1;0;1;;;;1
05/04/2020;16:36:00;125;sem vítima;347,5;BR-116/PR;Norte;Colisão Lateral;1;3;;;;;1
05/04/2020;20:59:00;167;com vítima;545,1;BR-116/PR;Norte;Tombamento;1;0;1;;;;1
06/04/2020;19:05:00;210;sem vítima;42,5;BR-116/PR;Norte;Saida de Pista;1;1;;;;;1
06/04/2020;20:22:00;222;com vítima;50,9;BR-116/PR;Sul;Capotamento;1;2;1;;;;1
06/04/2020;22:29:00;232;com vítima;509,7;BR-116/PR;Sul;Saida de Pista;1;2;;1;;;2
07/04/2020;08:20:00;68;sem vítima;280,8;BR-116/PR;Norte;Choque - Objeto sobre a pista;1;3;;;;;1
08/04/2020;06:05:00;53;sem vítima;317,6;BR-116/PR;Norte;Choque - Defensa, barreira ou "submarino";1;2;;;;;1
08/04/2020;07:11:00;62;com vítima;394;BR-116/PR;Norte;Tombamento;1;0;;1;;;2
08/04/2020;08:51:00;84;com vítima;549,7;BR-116/PR;Norte;Atropelamento - Ciclista;1;1;1;;;;1
09/04/2020;01:31:00;18;sem vítima;432,8;BR-116/PR;Sul;Saida de Pista;1;1;;;;;1
09/04/2020;08:34:00;69;sem vítima;358,7;BR-116/PR;Sul;Colisão Lateral;2;3;;;;;1
09/04/2020;16:37:00;152;sem vítima;558,3;BR-116/PR;Sul;Colisão Lateral;2;6;;;;;1
09/04/2020;21:09:00;190;sem vítima;515,5;BR-116/PR;Sul;Colisão Traseira;2;2;;;;;1
10/04/2020;21:53:00;182;sem vítima;26;BR-116/PR;Norte;Choque - Talude;1;1;;;;;1
12/04/2020;05:10:00;35;sem vítima;498,95;BR-116/PR;Sul;Saida de Pista;1;2;;;;;1
12/04/2020;20:31:00;171;sem vítima;17,5;BR-116/PR;Norte;Tombamento;1;1;;;;;1
13/04/2020;18:23:00;126;sem vítima;385,5;BR-116/PR;Sul;Colisão Traseira;2;2;;;;;1
15/04/2020;09:44:00;111;com vítima;18,4;BR-116/PR;Norte;Tombamento;1;0;;;;1;3
15/04/2020;13:22:00;160;com vítima;275,5;BR-116/PR;Sul;Colisão Lateral;1;1;;1;;;2
15/04/2020;14:15:00;173;sem vítima;35,9;BR-116/PR;Norte;Tombamento;1;1;;;;;1
15/04/2020;15:48:00;203;sem vítima;347,6;BR-116/PR;Norte;Tombamento;2;2;;;;;1
15/04/2020;19:29:00;254;com vítima;511,7;BR-116/PR;Norte;Tombamento;1;0;1;;;;1
16/04/2020;05:01:00;31;com vítima;23,5;BR-116/PR;Norte;Tombamento;1;0;1;;;;1
16/04/2020;11:58:00;142;sem vítima;298,95;BR-116/PR;Sul;Colisão Lateral;2;2;;;;;1
17/04/2020;08:12:00;73;com vítima;544,7;BR-116/PR;Norte;Tombamento;1;0;1;;;;1
18/04/2020;00:57:00;9;com vítima;548,6;BR-116/PR;Sul;Choque - Defensa, barreira ou "submarino";1;0;1;1;;;2
18/04/2020;01:36:00;13;sem vítima;412,8;BR-116/PR;Sul;Colisão Traseira;2;2;;;;;1
18/04/2020;05:47:00;41;com vítima;359,25;BR-116/PR;Norte;Tombamento;1;0;1;;;;1
18/04/2020;07:58:00;66;sem vítima;513,45;BR-116/PR;Norte;Choque - Defensa, barreira ou "submarino";1;1;;;;;1
18/04/2020;07:56:00;67;sem vítima;513,5;BR-116/PR;Norte;Colisão Lateral;1;6;;;;;1
18/04/2020;11:38:00;132;sem vítima;12;BR-116/PR;Sul;Choque - Defensa, barreira ou "submarino";1;1;;;;;1
19/04/2020;09:19:00;60;sem vítima;24;BR-116/PR;Norte;Choque - Defensa, barreira ou "submarino";1;1;;;;;1
19/04/2020;09:36:00;65;sem vítima;517,1;BR-116/PR;Sul;Tombamento;1;1;;;;;1
19/04/2020;17:22:00;144;sem vítima;545,6;BR-116/PR;Sul;Choque - Defensa, barreira ou "submarino";1;1;;;;;1
19/04/2020;19:55:00;162;com vítima;18,6;BR-116/PR;Norte;Colisão Traseira;1;3;1;;;;1
20/04/2020;16:33:00;162;com vítima;550,4;BR-116/PR;Norte;Tombamento;1;0;1;;;;1
20/04/2020;20:26:00;197;sem vítima;293;BR-116/PR;Sul;Colisão Traseira;1;2;;;;;1
21/04/2020;15:27:00;174;sem vítima;512,8;BR-116/PR;Norte;Tombamento;3;3;;;;;1
22/04/2020;21:48:00;243;com vítima;501,401;BR-116/PR;Sul;Tombamento;1;0;1;;;;1
23/04/2020;05:11:00;43;com vítima;542,7;BR-116/PR;Norte;Colisão Traseira;2;2;1;;;;1
23/04/2020;16:26:00;200;com vítima;422;BR-116/PR;Sul;Colisão Transversal;1;6;1;;;;1
23/04/2020;19:48:00;239;sem vítima;281,3;BR-116/PR;Sul;Colisão Lateral;1;2;;;;;1
25/04/2020;07:20:00;32;com vítima;6,89;BR-116/PR;Sul;Tombamento;1;0;1;;;;1
25/04/2020;07:47:00;39;com vítima;6,89;BR-116/PR;Sul;Colisão Traseira;2;1;1;;;;1
25/04/2020;16:19:00;143;sem vítima;296,3;BR-116/PR;Norte;Colisão Lateral;1;2;;;;;1
26/04/2020;10:01:00;77;sem vítima;347;BR-116/PR;Norte;Tombamento;1;1;;;;;1
27/04/2020;13:19:00;146;com vítima;18;BR-116/CW;Norte;Queda de Moto;1;1;1;;;;1
27/04/2020;15:58:00;179;sem vítima;512,6;BR-116/PR;Norte;Choque - Defensa, barreira ou "submarino";1;1;;;;;1
27/04/2020;16:49:00;191;sem vítima;23,6;BR-116/PR;Norte;Choque - Talude;1;1;;;;;1
27/04/2020;16:50:00;192;sem vítima;564,1;BR-116/PR;Sul;Saida de Pista;1;1;;;;;1
27/04/2020;17:19:00;200;sem vítima;18,5;BR-116/PR;Norte;Saida de Pista;1;1;;;;;1
27/04/2020;17:29:00;204;sem vítima;17,5;BR-116/PR;Sul;Saida de Pista;1;1;;;;;1
27/04/2020;18:46:00;215;sem vítima;551,3;BR-116/PR;Norte;Choque - Talude;1;1;;;;;1
27/04/2020;23:10:00;250;sem vítima;364,8;BR-116/PR;Norte;Colisão Traseira;3;3;;;;;1
27/04/2020;23:11:00;251;sem vítima;22,5;BR-116/PR;Norte;Saida de Pista;1;1;;;;;1
29/04/2020;04:36:00;40;sem vítima;511,95;BR-116/PR;Sul;Tombamento;1;1;;;;;1
29/04/2020;11:02:00;151;com vítima;504,5;BR-116/PR;Norte;Tombamento;1;0;1;;;;1
29/04/2020;16:47:00;220;com vítima;52,8;BR-116/PR;Norte;Tombamento;1;0;1;;;;1
29/04/2020;18:30:00;242;sem vítima;485,7;BR-116/PR;Norte;Colisão Traseira;1;2;;;;;1
01/05/2020;01:47:00;18;sem vítima;489,8;BR-116/PR;Norte;Saida de Pista;1;1;;;;;1
01/05/2020;03:53:00;32;com vítima;434,2;BR-116/PR;Norte;Tombamento;1;0;1;;;;1
02/05/2020;18:33:00;148;sem vítima;514,5;BR-116/PR;Norte;Tombamento;1;1;;;;;1
02/05/2020;18:56:00;150;com vítima;488,1;BR-116/PR;Norte;Colisão Traseira;1;1;1;;;;1
03/05/2020;07:35:00;39;sem vítima;542,8;BR-116/PR;Sul;Choque - Defensa, barreira ou "submarino";1;1;;;;;1
03/05/2020;08:00:00;47;com vítima;513,5;BR-116/PR;Norte;Choque - Defensa, barreira ou "submarino";1;1;;1;;;2
03/05/2020;08:20:00;51;com vítima;360,1;BR-116/PR;Norte;Tombamento;1;0;1;;;;1
03/05/2020;09:23:00;57;sem vítima;561,35;BR-116/PR;Norte;Choque - Talude;1;1;;;;;1
03/05/2020;16:54:00;132;sem vítima;1,789;BR-116/PR;Norte;Engavetamento;2;3;;;;;1
04/05/2020;04:23:00;27;sem vítima;441,5;BR-116/PR;Sul;Saida de Pista;1;2;;;;;1
04/05/2020;14:41:00;164;sem vítima;505,4;BR-116/PR;Sul;Tombamento;1;1;;;;;1
05/05/2020;05:53:00;47;sem vítima;362,03;BR-116/PR;Sul;Tombamento;1;1;;;;;1
05/05/2020;15:32:00;195;sem vítima;353;BR-116/PR;Sul;Saida de Pista;1;1;;;;;1
06/05/2020;08:40:00;86;sem vítima;541,7;BR-116/PR;Sul;Choque - Defensa, barreira ou "submarino";1;2;;;;;1
06/05/2020;09:32:00;108;sem vítima;28,7;BR-116/PR;Norte;Choque - Defensa, barreira ou "submarino";1;1;;;;;1
06/05/2020;21:02:00;248;sem vítima;282,3;BR-116/PR;Norte;Choque - Elemento de Drenagem;1;1;;;;;1
06/05/2020;22:37:00;267;com vítima;278,95;BR-116/PR;Sul;Tombamento;2;4;1;;;;1
07/05/2020;01:15:00;15;sem vítima;553;BR-116/PR;Norte;Tombamento;1;1;;;;;1
08/05/2020;11:28:00;138;com vítima;477,3;BR-116/PR;Sul;Colisão Traseira;2;1;1;;;;1