data;horario;n_da_ocorrencia;tipo_de_ocorrencia;km;trecho;sentido;tipo_de_acidente;caminhao;ilesos;levemente_feridos;moderadamente_feridos;gravemente_feridos;mortos;3
23/07/2020;07:28:00;51;sem vítima;13;BR-116/PR;Norte;Saida de Pista;1;1;;;;;1
23/07/2020;11:01:00;114;sem vítima;533,6;BR-116/PR;Sul;Saida de Pista;1;1;;;;;1
23/07/2020;14:57:00;172;sem vítima;347,2;BR-116/PR;Norte;Tombamento;1;2;;;;;1
23/07/2020;18:15:00;221;sem vítima;280;BR-116/PR;Sul;Colisão Lateral;1;5;;;;;1
23/07/2020;21:44:00;260;com vítima;274,8;BR-116/PR;Sul;Colisão Lateral;1;2;1;;;;1
23/07/2020;22:35:00;268;com vítima;480,7;BR-116/PR;Norte;Tombamento;1;1;1;;;;1
24/07/2020;18:17:00;242;sem vítima;280,5;BR-116/PR;Sul;Colisão Lateral;1;2;;;;;1
25/07/2020;00:37:00;10;com vítima;23,3;BR-116/PR;Sul;Colisão Traseira;2;1;;;;1;3
25/07/2020;18:59:00;200;sem vítima;293,2;BR-116/PR;Norte;Colisão Lateral;1;3;;;;;1
26/07/2020;00:33:00;9;sem vítima;514,5;BR-116/PR;Sul;Choque - Veiculo parado na pista;2;2;;;;;1
26/07/2020;09:18:00;74;sem vítima;358,9;BR-116/PR;Sul;Choque - Defensa, barreira ou "submarino";1;1;;;;;1
27/07/2020;00:53:00;12;com vítima;301,4;BR-116/PR;Norte;Colisão Traseira;2;2;1;;;;1
27/07/2020;10:17:00;118;sem vítima;358,3;BR-116/PR;Sul;Colisão Traseira;1;2;;;;;1
27/07/2020;15:43:00;188;sem vítima;542,9;BR-116/PR;Norte;Choque - Outros;1;2;;;;;1
28/07/2020;07:42:00;61;sem vítima;348;BR-116/PR;Sul;Colisão Traseira;1;2;;;;;1
28/07/2020;20:20:00;235;sem vítima;28,3;BR-116/PR;Norte;Choque - Defensa, barreira ou "submarino";2;3;;;;;1
28/07/2020;21:57:00;253;sem vítima;43,18;BR-116/PR;Norte;Saida de Pista;1;1;;;;;1
28/07/2020;23:26:00;270;com vítima;564,1;BR-116/PR;Sul;Choque - Defensa, barreira ou "submarino";1;0;1;;;;1
29/07/2020;02:11:00;19;sem vítima;560,15;BR-116/PR;Sul;Colisão Traseira;2;2;;;;;1
29/07/2020;04:08:00;31;sem vítima;561,6;BR-116/PR;Sul;Colisão Traseira;2;2;;;;;1
29/07/2020;06:23:00;42;com vítima;43,7;BR-116/PR;Sul;Saida de Pista;1;1;1;;;;1
29/07/2020;07:58:00;63;sem vítima;285,884;BR-116/PR;Norte;Choque - Defensa, barreira ou "submarino";1;1;;;;;1
29/07/2020;08:21:00;69;sem vítima;390,7;BR-116/PR;Sul;Saida de Pista;1;1;;;;;1
29/07/2020;08:58:00;79;sem vítima;555,2;BR-116/PR;Sul;Choque - Talude;1;1;;;;;1
29/07/2020;09:07:00;83;sem vítima;512;BR-116/PR;Norte;Choque - Defensa, barreira ou "submarino";1;1;;;;;1
29/07/2020;09:11:00;85;sem vítima;503;BR-116/PR;Sul;Choque - Talude;1;1;;;;;1
29/07/2020;09:52:00;98;sem vítima;451;BR-116/PR;Sul;Choque - Defensa, barreira ou "submarino";1;1;;;;;1
29/07/2020;13:18:00;130;sem vítima;548;BR-116/PR;Sul;Colisão Traseira;2;3;;;;;1
29/07/2020;14:02:00;137;com vítima;435;BR-116/PR;Sul;Capotamento;1;1;1;;;;1
29/07/2020;14:08:00;139;sem vítima;503,3;BR-116/PR;Sul;Colisão Traseira;1;2;;;;;1
29/07/2020;14:38:00;144;com vítima;375,2;BR-116/PR;Norte;Colisão Traseira;2;1;;;1;;2
29/07/2020;17:12:00;192;sem vítima;43,6;BR-116/PR;Norte;Tombamento;1;2;;;;;1
29/07/2020;21:45:00;239;sem vítima;22,05;BR-116/PR;Norte;Saida de Pista;1;1;;;;;1
29/07/2020;22:54:00;251;com vítima;442,8;BR-116/PR;Norte;Tombamento;1;0;2;;;;1
30/07/2020;00:50:00;8;sem vítima;548,3;BR-116/PR;Sul;Colisão Traseira;1;2;;;;;1
30/07/2020;08:29:00;81;sem vítima;564,1;BR-116/PR;Sul;Tombamento;1;1;;;;;1
30/07/2020;10:59:00;127;sem vítima;5,6;BR-116/PR;Norte;Choque - Poste;1;3;;;;;1
30/07/2020;12:26:00;145;sem vítima;563;BR-116/PR;Sul;Saida de Pista;1;1;;;;;1
30/07/2020;15:01:00;179;sem vítima;356,95;BR-116/PR;Sul;Colisão Lateral;2;2;;;;;1
30/07/2020;16:56:00;212;sem vítima;302,5;BR-116/PR;Sul;Saida de Pista;1;1;;;;;1
30/07/2020;21:47:00;273;sem vítima;363;BR-116/PR;Sul;Colisão Traseira;1;5;;;;;1
31/07/2020;06:07:00;36;sem vítima;347,3;BR-116/PR;Norte;Colisão Traseira;2;2;;;;;1
31/07/2020;07:06:00;41;sem vítima;550,3;BR-116/PR;Norte;Colisão Lateral;1;2;;;;;1
31/07/2020;07:18:00;43;sem vítima;503,5;BR-116/PR;Sul;Choque - Talude;1;1;;;;;1
31/07/2020;16:44:00;199;sem vítima;288,6;BR-116/PR;Sul;Colisão Lateral;1;2;;;;;1
31/07/2020;20:56:00;245;com vítima;471,2;BR-116/PR;Norte;Atropelamento - Ciclista;1;1;;;;1;3
31/07/2020;22:38:00;264;com vítima;396,1;BR-116/PR;Norte;Tombamento;1;2;2;;;;1
01/08/2020;04:51:00;45;3 - Acidente com Danos Materiais;524,7;BR-116/SP;Sul;Saida de Pista;1;1;;;;;1
01/08/2020;06:08:00;54;3 - Acidente com Danos Materiais;54,5;BR-116/PR;Sul;Colisão Traseira;2;2;;;;;1
02/08/2020;10:28:00;75;3 - Acidente com Danos Materiais;69,4;BR-116/PR;Norte;Choque - Defensa, barreira ou "submarino";1;1;;;;;1
02/08/2020;11:49:00;88;2 - Acidente com VITIMA;70,5;BR-116/PR;Norte;Colisão Traseira;1;3;1;;;;1
02/08/2020;17:38:00;155;2 - Acidente com VITIMA;283,2;BR-116/SP;Norte;Engavetamento;1;2;1;2;1;;2
02/08/2020;23:18:00;207;3 - Acidente com Danos Materiais;508,1;BR-116/SP;Norte;Choque - Elemento de Drenagem;1;1;;;;;1
03/08/2020;04:26:00;25;3 - Acidente com Danos Materiais;325,2;BR-116/SP;Norte;Choque - Veiculo parado no acostamento;2;2;;;;;1
03/08/2020;06:01:00;32;2 - Acidente com VITIMA;540,2;BR-116/SP;Sul;Tombamento;1;0;1;;;;1
03/08/2020;08:06:00;47;3 - Acidente com Danos Materiais;33,8;BR-116/PR;Norte;Saida de Pista;1;1;;;;;1
04/08/2020;03:29:00;26;3 - Acidente com Danos Materiais;377,001;BR-116/SP;Norte;Tombamento;2;2;;;;;1
04/08/2020;07:27:00;55;2 - Acidente com VITIMA;392,9;BR-116/SP;Norte;Saida de Pista;1;0;1;;;;1
04/08/2020;10:09:00;101;3 - Acidente com Danos Materiais;68,5;BR-116/PR;Norte;Colisão Traseira;2;2;;;;;1
04/08/2020;18:14:00;208;3 - Acidente com Danos Materiais;280,5;BR-116/SP;Sul;Colisão Traseira;1;2;;;;;1
05/08/2020;15:50:00;184;3 - Acidente com Danos Materiais;387,6;BR-116/SP;Sul;Colisão Traseira;3;3;;;;;1
05/08/2020;16:46:00;196;3 - Acidente com Danos Materiais;463,6;BR-116/SP;Sul;Choque - Defensa, barreira ou "submarino";1;4;;;;;1
05/08/2020;23:35:00;263;2 - Acidente com VITIMA;507,9;BR-116/SP;Norte;Tombamento;1;0;2;;;;1
07/08/2020;18:43:00;207;2 - Acidente com VITIMA;282,9;BR-116/SP;Norte;Colisão Traseira;1;1;1;;;;1
07/08/2020;22:25:00;230;3 - Acidente com Danos Materiais;342,3;BR-116/SP;Sul;Colisão Traseira;2;2;;;;;1
08/08/2020;21:08:00;264;2 - Acidente com VITIMA;419,8;BR-116/SP;Sul;Queda de Moto;1;2;1;;;;1
09/08/2020;17:40:00;161;3 - Acidente com Danos Materiais;283,95;BR-116/SP;Norte;Colisão Lateral;1;3;;;;;1
09/08/2020;18:57:00;182;3 - Acidente com Danos Materiais;291;BR-116/SP;Norte;Colisão Traseira;2;2;;;;;1
10/08/2020;07:38:00;48;2 - Acidente com VITIMA;545,2;BR-116/SP;Norte;Tombamento;1;0;1;;;;1
10/08/2020;09:19:00;73;2 - Acidente com VITIMA;359,25;BR-116/SP;Norte;Tombamento;1;0;1;;;;1
10/08/2020;21:53:00;245;3 - Acidente com Danos Materiais;339,5;BR-116/SP;Norte;Colisão Traseira;2;2;;;;;1
11/08/2020;12:22:00;154;3 - Acidente com Danos Materiais;350,5;BR-116/SP;Sul;Choque - Defensa, barreira ou "submarino";1;1;;;;;1
12/08/2020;06:16:00;57;3 - Acidente com Danos Materiais;533;BR-116/SP;Sul;Colisão Traseira;2;2;;;;;1
12/08/2020;14:20:00;196;3 - Acidente com Danos Materiais;511,1;BR-116/SP;Norte;Colisão Traseira;2;3;;;;;1
12/08/2020;17:22:00;244;3 - Acidente com Danos Materiais;283,5;BR-116/SP;Sul;Colisão Traseira;1;2;;;;;1
12/08/2020;20:09:00;279;2 - Acidente com VITIMA;341,5;BR-116/SP;Sul;Choque - Defensa, barreira ou "submarino";1;0;;1;;;2
12/08/2020;20:53:00;285;2 - Acidente com VITIMA;278,9;BR-116/SP;Sul;Colisão Traseira;1;1;2;;;;1
13/08/2020;05:21:00;58;3 - Acidente com Danos Materiais;353;BR-116/SP;Sul;Saida de Pista;1;1;;;;;1
13/08/2020;06:16:00;67;3 - Acidente com Danos Materiais;279,5;BR-116/SP;Norte;Engavetamento;1;4;;;;;1
13/08/2020;11:05:00;155;3 - Acidente com Danos Materiais;39;BR-116/PR;Sul;Colisão Traseira;1;2;;;;;1
13/08/2020;14:20:00;206;3 - Acidente com Danos Materiais;477,9;BR-116/SP;Sul;Choque - Defensa, barreira ou "submarino";1;1;;;;;1
13/08/2020;18:18:00;262;3 - Acidente com Danos Materiais;357,5;BR-116/SP;Norte;Colisão Lateral;1;3;;;;;1
13/08/2020;23:20:00;315;3 - Acidente com Danos Materiais;528,1;BR-116/SP;Sul;Saida de Pista;1;1;;;;;1
14/08/2020;00:09:00;6;2 - Acidente com VITIMA;564,2;BR-116/SP;Sul;Tombamento;1;0;1;;;;1
14/08/2020;05:16:00;41;2 - Acidente com VITIMA;504,9;BR-116/SP;Sul;Tombamento;1;0;1;;;;1
14/08/2020;06:55:00;57;3 - Acidente com Danos Materiais;545,7;BR-116/SP;Sul;Tombamento;1;1;;;;;1
14/08/2020;08:10:00;79;3 - Acidente com Danos Materiais;282,5;BR-116/SP;Norte;Colisão Traseira;1;2;;;;;1
14/08/2020;11:19:00;135;2 - Acidente com VITIMA;544,2;BR-116/SP;Sul;Tombamento;1;0;1;;;;1
15/08/2020;03:35:00;21;3 - Acidente com Danos Materiais;57,5;BR-116/PR;Sul;Saida de Pista;1;1;;;;;1
15/08/2020;05:23:00;38;2 - Acidente com VITIMA;557,401;BR-116/SP;Norte;Saida de Pista;1;0;1;;;;1
15/08/2020;07:42:00;53;3 - Acidente com Danos Materiais;426,601;BR-116/SP;Sul;Colisão Traseira;2;2;;;;;1
15/08/2020;08:54:00;72;2 - Acidente com VITIMA;16,9;BR-116/PR;Norte;Colisão Traseira;1;7;;1;1;;2
15/08/2020;09:50:00;87;3 - Acidente com Danos Materiais;40,7;BR-116/PR;Norte;Tombamento;1;1;;;;;1
15/08/2020;11:55:00;112;3 - Acidente com Danos Materiais;27,8;BR-116/PR;Norte;Colisão Traseira;2;5;;;;;1
15/08/2020;13:12:00;138;3 - Acidente com Danos Materiais;47;BR-116/PR;Norte;Colisão Traseira;1;2;;;;;1
15/08/2020;13:25:00;139;3 - Acidente com Danos Materiais;367,3;BR-116/SP;Norte;Tombamento;1;3;;;;;1
15/08/2020;14:30:00;156;3 - Acidente com Danos Materiais;301,3;BR-116/SP;Norte;Colisão Traseira;1;2;;;;;1
15/08/2020;15:51:00;176;3 - Acidente com Danos Materiais;426,6;BR-116/SP;Sul;Colisão Traseira;1;4;;;;;1
15/08/2020;18:37:00;209;1 - Acidente com Vitima Fatal;412,3;BR-116/SP;Norte;Colisão Lateral;1;2;;2;;1;3
15/08/2020;23:49:00;252;2 - Acidente com VITIMA;479,3;BR-116/SP;Norte;Colisão Traseira;2;1;1;;;;1
16/08/2020;10:02:00;81;2 - Acidente com VITIMA;510,7;BR-116/SP;Sul;Tombamento;1;0;4;;;;1
17/08/2020;01:29:00;12;3 - Acidente com Danos Materiais;32,1;BR-116/PR;Sul;Colisão Lateral;1;2;;;;;1
17/08/2020;10:22:00;88;2 - Acidente com VITIMA;360,1;BR-116/SP;Norte;Tombamento;1;0;1;;;;1
17/08/2020;11:08:00;95;3 - Acidente com Danos Materiais;540,2;BR-116/SP;Norte;Capotamento;1;1;;;;;1
17/08/2020;15:23:00;150;2 - Acidente com VITIMA;359,25;BR-116/SP;Norte;Tombamento;1;0;1;;;;1
17/08/2020;16:23:00;164;3 - Acidente com Danos Materiais;564;BR-116/SP;Sul;Saida de Pista;1;1;;;;;1
17/08/2020;17:54:00;190;3 - Acidente com Danos Materiais;561,5;BR-116/SP;Sul;Choque - Defensa, barreira ou "submarino";1;2;;;;;1
17/08/2020;17:59:00;192;3 - Acidente com Danos Materiais;511;BR-116/SP;Norte;Choque - Defensa, barreira ou "submarino";1;1;;;;;1
17/08/2020;19:23:00;210;2 - Acidente com VITIMA;541,9;BR-116/SP;Sul;Choque - Defensa, barreira ou "submarino";1;2;2;;;;1
18/08/2020;02:59:00;25;3 - Acidente com Danos Materiais;293,2;BR-116/SP;Sul;Colisão Traseira;1;2;;;;;1
18/08/2020;08:23:00;77;3 - Acidente com Danos Materiais;548,1;BR-116/SP;Norte;Tombamento;1;1;;;;;1
18/08/2020;09:41:00;105;3 - Acidente com Danos Materiais;57,2;BR-116/PR;Norte;Colisão Traseira;1;2;;;;;1
18/08/2020;13:35:00;159;3 - Acidente com Danos Materiais;26;BR-116/PR;Norte;Tombamento;1;3;;;;;1
18/08/2020;16:24:00;195;3 - Acidente com Danos Materiais;23;BR-116/PR;Norte;Colisão Traseira;2;2;;;;;1
18/08/2020;20:45:00;254;3 - Acidente com Danos Materiais;561,5;BR-116/SP;Sul;Choque - Talude;1;1;;;;;1
19/08/2020;06:47:00;53;3 - Acidente com Danos Materiais;503,3;BR-116/SP;Norte;Choque - Defensa, barreira ou "submarino";1;2;;;;;1
19/08/2020;07:44:00;63;3 - Acidente com Danos Materiais;557,4;BR-116/SP;Norte;Tombamento;1;2;;;;;1
19/08/2020;09:00:00;86;2 - Acidente com VITIMA;504,5;BR-116/SP;Norte;Choque - Talude;1;0;;1;;;2
19/08/2020;14:23:00;158;2 - Acidente com VITIMA;414,5;BR-116/SP;Norte;Tombamento;1;0;4;;;;1
19/08/2020;22:04:00;260;2 - Acidente com VITIMA;34,8;BR-116/PR;Sul;Atropelamento - Outros;1;1;;;1;;2
20/08/2020;00:00:00;1;2 - Acidente com VITIMA;506,3;BR-116/SP;Sul;Choque - Elemento de Drenagem;1;0;1;;;;1
20/08/2020;00:48:00;12;3 - Acidente com Danos Materiais;59,05;BR-116/PR;Sul;Choque - Defensa, barreira ou "submarino";1;2;;;;;1
20/08/2020;02:01:00;22;2 - Acidente com VITIMA;562,5;BR-116/SP;Norte;Colisão Traseira;1;1;2;1;;;2
20/08/2020;03:55:00;39;3 - Acidente com Danos Materiais;564,15;BR-116/SP;Sul;Choque - Defensa, barreira ou "submarino";1;1;;;;;1
20/08/2020;08:54:00;97;3 - Acidente com Danos Materiais;493,6;BR-116/SP;Norte;Saida de Pista;1;1;;;;;1
20/08/2020;10:49:00;131;3 - Acidente com Danos Materiais;443;BR-116/SP;Norte;Colisão Lateral;2;2;;;;;1
20/08/2020;14:13:00;183;3 - Acidente com Danos Materiais;58,3;BR-116/PR;Norte;Tombamento;1;1;;;;;1
20/08/2020;14:48:00;189;3 - Acidente com Danos Materiais;561,7;BR-116/SP;Sul;Tombamento;1;1;;;;;1
20/08/2020;15:01:00;193;3 - Acidente com Danos Materiais;523,5;BR-116/SP;Sul;Choque - Defensa, barreira ou "submarino";1;1;;;;;1
20/08/2020;16:13:00;210;3 - Acidente com Danos Materiais;561,9;BR-116/SP;Sul;Colisão Traseira;1;2;;;;;1
20/08/2020;16:41:00;217;3 - Acidente com Danos Materiais;567,5;BR-116/SP;Norte;Choque - Defensa, barreira ou "submarino";1;1;;;;;1
20/08/2020;18:48:00;244;3 - Acidente com Danos Materiais;447,7;BR-116/SP;Norte;Colisão Traseira;2;2;;;;;1
21/08/2020;11:31:00;132;2 - Acidente com VITIMA;3;BR-116/PR;Sul;Engavetamento;3;3;;1;;;2
21/08/2020;14:29:00;176;3 - Acidente com Danos Materiais;298,8;BR-116/SP;Norte;Colisão Traseira;1;2;;;;;1
21/08/2020;14:53:00;182;3 - Acidente com Danos Materiais;522,8;BR-116/SP;Sul;Choque - Talude;1;1;;;;;1
21/08/2020;20:30:00;275;3 - Acidente com Danos Materiais;280;BR-116/SP;Sul;Colisão Lateral;1;2;;;;;1
21/08/2020;20:49:00;281;2 - Acidente com VITIMA;353;BR-116/SP;Sul;Saida de Pista;1;0;;1;;;2
22/08/2020;06:49:00;48;3 - Acidente com Danos Materiais;387,7;BR-116/SP;Sul;Tombamento;1;1;;;;;1
22/08/2020;14:17:00;150;2 - Acidente com VITIMA;511;BR-116/SP;Sul;Tombamento;1;0;1;;;;1
23/08/2020;14:18:00;122;3 - Acidente com Danos Materiais;485,7;BR-116/SP;Norte;Colisão Lateral;1;3;;;;;1
23/08/2020;20:02:00;205;3 - Acidente com Danos Materiais;298,6;BR-116/SP;Norte;Colisão Lateral;1;3;;;;;1
24/08/2020;10:29:00;122;2 - Acidente com VITIMA;450,07;BR-116/SP;Norte;Tombamento;1;4;1;;;;1
24/08/2020;18:16:00;209;3 - Acidente com Danos Materiais;510,5;BR-116/SP;Norte;Choque - Poste;1;1;;;;;1
24/08/2020;23:21:00;259;3 - Acidente com Danos Materiais;362,05;BR-116/SP;Sul;Choque - Talude;1;1;;;;;1
25/08/2020;00:47:00;9;3 - Acidente com Danos Materiais;311,9;BR-116/SP;Sul;Colisão Lateral;1;3;;;;;1
25/08/2020;05:53:00;45;2 - Acidente com VITIMA;555,1;BR-116/SP;Sul;Saida de Pista;1;0;1;;;;1
25/08/2020;07:38:00;62;2 - Acidente com VITIMA;514,3;BR-116/SP;Norte;Tombamento;1;0;1;;;;1
25/08/2020;07:44:00;65;3 - Acidente com Danos Materiais;514,35;BR-116/SP;Norte;Engavetamento;3;3;;;;;1
25/08/2020;07:46:00;66;3 - Acidente com Danos Materiais;432;BR-116/SP;Norte;Colisão Traseira;1;2;;;;;1
25/08/2020;16:15:00;183;2 - Acidente com VITIMA;567,1;BR-116/SP;Norte;Tombamento;1;0;1;;;;1
25/08/2020;18:25:00;213;3 - Acidente com Danos Materiais;485,7;BR-116/SP;Norte;Colisão Traseira;1;2;;;;;1
26/08/2020;07:25:00;55;3 - Acidente com Danos Materiais;461,3;BR-116/SP;Norte;Colisão Lateral;1;3;;;;;1
26/08/2020;12:41:00;137;3 - Acidente com Danos Materiais;515,05;BR-116/SP;Norte;Saida de Pista;1;1;;;;;1
26/08/2020;14:42:00;160;3 - Acidente com Danos Materiais;397,5;BR-116/SP;Norte;Saida de Pista;1;1;;;;;1
26/08/2020;16:22:00;182;3 - Acidente com Danos Materiais;418;BR-116/SP;Norte;Colisão Traseira;1;6;;;;;1
26/08/2020;17:43:00;195;3 - Acidente com Danos Materiais;47,7;BR-116/PR;Norte;Colisão Traseira;1;6;;;;;1
27/08/2020;09:46:00;111;3 - Acidente com Danos Materiais;388,7;BR-116/SP;Norte;Colisão Traseira;2;2;;;;;1
27/08/2020;15:42:00;201;3 - Acidente com Danos Materiais;357,05;BR-116/SP;Sul;Colisão Traseira;1;2;;;;;1
28/08/2020;02:05:00;16;2 - Acidente com VITIMA;364,1;BR-116/SP;Sul;Choque - Defensa, barreira ou "submarino";1;0;1;;;;1
28/08/2020;11:15:00;165;3 - Acidente com Danos Materiais;353;BR-116/SP;Sul;Saida de Pista;1;1;;;;;1
28/08/2020;23:24:00;323;3 - Acidente com Danos Materiais;543;BR-116/SP;Sul;Colisão Traseira;2;2;;;;;1
29/08/2020;09:55:00;83;2 - Acidente com VITIMA;351;BR-116/SP;Norte;Colisão Traseira;1;1;2;;;;1
29/08/2020;11:18:00;104;2 - Acidente com VITIMA;331;BR-116/SP;Norte;Tombamento;1;1;1;;;;1
29/08/2020;18:20:00;212;3 - Acidente com Danos Materiais;41,6;BR-116/PR;Norte;Colisão Transversal;1;4;;;;;1
29/08/2020;19:25:00;231;3 - Acidente com Danos Materiais;339,7;BR-116/SP;Sul;Tombamento;1;1;;;;;1
29/08/2020;21:01:00;244;2 - Acidente com VITIMA;57,2;BR-116/PR;Sul;Tombamento;1;0;2;;;;1
30/08/2020;07:28:00;48;2 - Acidente com VITIMA;320,5;BR-116/SP;Norte;Colisão Traseira;1;1;1;;;;1
30/08/2020;11:18:00;102;3 - Acidente com Danos Materiais;293,2;BR-116/SP;Norte;Tombamento;1;1;;;;;1
30/08/2020;18:32:00;237;2 - Acidente com VITIMA;511,3;BR-116/SP;Norte;Colisão Traseira;1;3;1;;;;1
30/08/2020;18:46:00;241;3 - Acidente com Danos Materiais;347;BR-116/SP;Norte;Colisão Traseira;1;3;;;;;1
31/08/2020;05:55:00;37;3 - Acidente com Danos Materiais;280,9;BR-116/SP;Norte;Colisão Traseira;1;2;;;;;1
31/08/2020;06:30:00;44;3 - Acidente com Danos Materiais;544,9;BR-116/SP;Sul;Choque - Defensa, barreira ou "submarino";1;1;;;;;1
31/08/2020;10:53:00;105;3 - Acidente com Danos Materiais;269,4;BR-116/SP;Norte;Engavetamento;1;3;;;;;1
31/08/2020;15:53:00;159;2 - Acidente com VITIMA;24,1;BR-116/PR;Norte;Choque - Defensa, barreira ou "submarino";1;0;1;;;;1
31/08/2020;16:52:00;169;3 - Acidente com Danos Materiais;39,1;BR-116/PR;Sul;Colisão Lateral;1;2;;;;;1
31/08/2020;20:16:00;215;3 - Acidente com Danos Materiais;422,7;BR-116/SP;Sul;Choque - Elemento de Drenagem;1;1;;;;;1
01/09/2020;01:42:00;31;2 - Acidente com VITIMA;26;BR-116/PR;Norte;Saida de Pista;1;1;;1;;;2
01/09/2020;04:55:00;47;2 - Acidente com VITIMA;511,05;BR-116/SP;Sul;Tombamento;1;0;1;;;;1
01/09/2020;10:55:00;137;3 - Acidente com Danos Materiais;301,2;BR-116/SP;Norte;Colisão Lateral;2;2;;;;;1
01/09/2020;18:17:00;232;3 - Acidente com Danos Materiais;57;BR-116/PR;Norte;Colisão Traseira;1;2;;;;;1
01/09/2020;23:41:00;279;3 - Acidente com Danos Materiais;509,7;BR-116/SP;Norte;Choque - Elemento de Drenagem;1;1;;;;;1
02/09/2020;00:32:00;7;3 - Acidente com Danos Materiais;40,8;BR-116/PR;Sul;Colisão Lateral;1;2;;;;;1
02/09/2020;17:02:00;219;2 - Acidente com VITIMA;449,05;BR-116/SP;Norte;Tombamento;1;1;1;;;;1
02/09/2020;17:18:00;223;3 - Acidente com Danos Materiais;283,2;BR-116/SP;Sul;Colisão Lateral;1;2;;;;;1
03/09/2020;06:44:00;55;3 - Acidente com Danos Materiais;284,5;BR-116/SP;Sul;Colisão Traseira;3;6;;;;;1
03/09/2020;15:20:00;222;3 - Acidente com Danos Materiais;290,5;BR-116/SP;Norte;Colisão Traseira;1;4;;;;;1
03/09/2020;18:37:00;285;3 - Acidente com Danos Materiais;356,9;BR-116/SP;Sul;Colisão Traseira;2;2;;;;;1
04/09/2020;02:58:00;32;3 - Acidente com Danos Materiais;390,45;BR-116/SP;Norte;Saida de Pista;1;1;;;;;1
04/09/2020;03:35:00;38;2 - Acidente com VITIMA;515,5;BR-116/SP;Sul;Colisão Traseira;1;1;1;;;;1
04/09/2020;05:31:00;57;3 - Acidente com Danos Materiais;339,001;BR-116/SP;Norte;Saida de Pista;1;1;;;;;1
04/09/2020;16:01:00;226;2 - Acidente com VITIMA;287,7;BR-116/SP;Norte;Colisão Transversal;2;2;1;;;;1
04/09/2020;20:13:00;284;3 - Acidente com Danos Materiais;17,75;BR-116/PR;Norte;Engavetamento;1;1;;;;;1
04/09/2020;22:43:00;314;3 - Acidente com Danos Materiais;303;BR-116/SP;Sul;Tombamento;1;2;;;;;1
05/09/2020;01:22:00;22;3 - Acidente com Danos Materiais;19,2;BR-116/PR;Sul;Colisão Traseira;2;2;;;;;1
05/09/2020;04:33:00;47;3 - Acidente com Danos Materiais;567,05;BR-116/SP;Sul;Choque - Defensa, barreira ou "submarino";1;6;;;;;1
05/09/2020;11:44:00;146;3 - Acidente com Danos Materiais;348,8;BR-116/SP;Sul;Choque - Defensa, barreira ou "submarino";1;1;;;;;1
05/09/2020;15:29:00;212;2 - Acidente com VITIMA;275,4;BR-116/SP;Norte;Colisão Lateral;1;5;1;;;;1
06/09/2020;13:00:00;136;3 - Acidente com Danos Materiais;288,3;BR-116/SP;Sul;Choque - Defensa, barreira ou "submarino";1;2;;;;;1
06/09/2020;20:10:00;244;2 - Acidente com VITIMA;399,8;BR-116/SP;Sul;Choque - Defensa, barreira ou "submarino";1;0;1;;;;1
07/09/2020;08:33:00;49;2 - Acidente com VITIMA;562;BR-116/SP;Norte;Tombamento;1;0;;1;;;2
07/09/2020;09:59:00;72;3 - Acidente com Danos Materiais;564,9;BR-116/SP;Norte;Colisão Traseira;1;2;;;;;1
07/09/2020;18:09:00;229;3 - Acidente com Danos Materiais;26,15;BR-116/PR;Norte;Colisão Traseira;1;3;;;;;1
07/09/2020;18:54:00;244;3 - Acidente com Danos Materiais;490;BR-116/SP;Norte;Colisão Traseira;1;2;;;;;1
08/09/2020;07:06:00;61;3 - Acidente com Danos Materiais;288,1;BR-116/SP;Norte;Tombamento;1;1;;;;;1
08/09/2020;07:10:00;63;3 - Acidente com Danos Materiais;65,1;BR-116/PR;Sul;Colisão Lateral;1;2;;;;;1
09/09/2020;00:51:00;12;3 - Acidente com Danos Materiais;406,1;BR-116/SP;Norte;Colisão Traseira;2;2;;;;;1
09/09/2020;16:17:00;216;3 - Acidente com Danos Materiais;295,4;BR-116/SP;Sul;Colisão Lateral;1;2;;;;;1
09/09/2020;22:04:00;289;3 - Acidente com Danos Materiais;498,5;BR-116/SP;Norte;Engavetamento;3;4;;;;;1