data;horario;n_da_ocorrencia;tipo_de_ocorrencia;km;trecho;sentido;tipo_de_acidente;caminhao;ilesos;levemente_feridos;moderadamente_feridos;gravemente_feridos;mortos;3
09/09/2020;23:29:00;303;2 - Acidente com VITIMA;56;BR-116/PR;Norte;Colisão Traseira;1;2;1;;;;1
10/09/2020;08:10:00;72;3 - Acidente com Danos Materiais;33;BR-116/PR;Norte;Choque - Defensa, barreira ou "submarino";1;1;;;;;1
10/09/2020;11:18:00;145;3 - Acidente com Danos Materiais;443;BR-116/SP;Sul;Colisão Lateral;1;2;;;;;1
10/09/2020;14:08:00;177;3 - Acidente com Danos Materiais;13;BR-116/PR;Norte;Colisão Traseira;2;2;;;;;1
10/09/2020;16:16:00;221;2 - Acidente com VITIMA;544,1;BR-116/SP;Norte;Tombamento;1;0;1;;;;1
10/09/2020;19:00:00;265;2 - Acidente com VITIMA;327;BR-116/SP;Sul;Colisão Traseira;1;2;1;;;;1
10/09/2020;19:47:00;274;3 - Acidente com Danos Materiais;22;BR-116/PR;Norte;Choque - Defensa, barreira ou "submarino";1;1;;;;;1
11/09/2020;00:09:00;3;2 - Acidente com VITIMA;390,3;BR-116/SP;Sul;Colisão Traseira;1;1;1;;;;1
11/09/2020;04:08:00;32;2 - Acidente com VITIMA;339,9;BR-116/SP;Norte;Tombamento;1;1;1;;;;1
11/09/2020;07:33:00;58;3 - Acidente com Danos Materiais;7,9;BR-116/CW;Norte;Colisão Traseira;1;9;;;;;1
11/09/2020;11:24:00;124;2 - Acidente com VITIMA;16,85;BR-116/PR;Norte;Tombamento;1;0;1;;;;1
12/09/2020;05:53:00;46;3 - Acidente com Danos Materiais;353;BR-116/SP;Sul;Saida de Pista;1;1;;;;;1
12/09/2020;07:40:00;63;3 - Acidente com Danos Materiais;280,1;BR-116/SP;Norte;Colisão Traseira;1;1;;;;;1
12/09/2020;08:26:00;79;2 - Acidente com VITIMA;269,7;BR-116/SP;Norte;Colisão Traseira;1;1;1;;;;1
12/09/2020;14:22:00;163;3 - Acidente com Danos Materiais;285,6;BR-116/SP;Norte;Colisão Traseira;1;2;;;;;1
13/09/2020;00:18:00;6;3 - Acidente com Danos Materiais;459,7;BR-116/SP;Sul;Choque - Defensa, barreira ou "submarino";1;1;;;;;1
13/09/2020;03:35:00;26;3 - Acidente com Danos Materiais;282,7;BR-116/SP;Norte;Saida de Pista;1;2;;;;;1
13/09/2020;17:14:00;184;3 - Acidente com Danos Materiais;443,2;BR-116/SP;Norte;Colisão Lateral;1;2;;;;;1
14/09/2020;16:32:00;237;3 - Acidente com Danos Materiais;298,9;BR-116/SP;Sul;Colisão Traseira;1;48;;;;;1
14/09/2020;21:05:00;287;3 - Acidente com Danos Materiais;13,6;BR-116/PR;Norte;Colisão Traseira;1;3;;;;;1
15/09/2020;00:38:00;11;2 - Acidente com VITIMA;407,1;BR-116/SP;Sul;Colisão Traseira;2;1;1;;;;1
15/09/2020;02:15:00;27;2 - Acidente com VITIMA;404,48;BR-116/SP;Sul;Colisão Traseira;2;1;;1;1;;2
15/09/2020;02:23:00;29;1 - Acidente com Vitima Fatal;404,4;BR-116/SP;Sul;Colisão Traseira;2;1;;;;1;3
15/09/2020;10:14:00;103;2 - Acidente com VITIMA;274;BR-116/SP;Norte;Colisão Traseira;1;2;;1;;;2
15/09/2020;14:06:00;142;2 - Acidente com VITIMA;564,2;BR-116/SP;Sul;Tombamento;1;0;1;1;;;2
15/09/2020;18:18:00;194;3 - Acidente com Danos Materiais;286,4;BR-116/SP;Sul;Colisão Traseira;1;2;;;;;1
15/09/2020;19:32:00;215;3 - Acidente com Danos Materiais;284,1;BR-116/SP;Sul;Colisão Traseira;1;2;;;;;1
15/09/2020;20:38:00;224;3 - Acidente com Danos Materiais;298;BR-116/SP;Sul;Colisão Traseira;1;2;;;;;1
16/09/2020;00:46:00;10;2 - Acidente com VITIMA;361,2;BR-116/SP;Norte;Colisão Traseira;2;1;1;;;;1
16/09/2020;07:00:00;38;2 - Acidente com VITIMA;561,5;BR-116/SP;Sul;Tombamento;1;0;1;;;;1
16/09/2020;12:17:00;150;3 - Acidente com Danos Materiais;471,4;BR-116/SP;Sul;Saida de Pista;1;1;;;;;1
16/09/2020;14:46:00;180;2 - Acidente com VITIMA;313;BR-116/SP;Norte;Colisão Traseira;2;1;;1;;;2
16/09/2020;14:59:00;184;3 - Acidente com Danos Materiais;282,05;BR-116/SP;Norte;Tombamento;1;2;;;;;1
16/09/2020;16:56:00;210;3 - Acidente com Danos Materiais;298,9;BR-116/SP;Norte;Colisão Lateral;1;2;;;;;1
17/09/2020;08:21:00;84;3 - Acidente com Danos Materiais;287,8;BR-116/SP;Norte;Colisão Traseira;2;5;;;;;1
17/09/2020;09:27:00;110;3 - Acidente com Danos Materiais;1,8;BR-116/PR;Norte;Choque - Talude;1;1;;;;;1
17/09/2020;11:15:00;144;2 - Acidente com VITIMA;340;BR-116/SP;Norte;Tombamento;1;0;1;;;;1
17/09/2020;17:12:00;216;3 - Acidente com Danos Materiais;545,7;BR-116/SP;Norte;Choque - Defensa, barreira ou "submarino";1;1;;;;;1
18/09/2020;06:18:00;59;3 - Acidente com Danos Materiais;289,4;BR-116/SP;Norte;Saida de Pista;1;1;;;;;1
18/09/2020;11:34:00;158;2 - Acidente com VITIMA;504,6;BR-116/SP;Norte;Choque - Talude;1;2;1;;;;1
19/09/2020;00:23:00;7;3 - Acidente com Danos Materiais;417,95;BR-116/SP;Sul;Saida de Pista;1;1;;;;;1
19/09/2020;06:09:00;43;2 - Acidente com VITIMA;470,9;BR-116/SP;Sul;Outros;1;0;1;;;;1
19/09/2020;11:39:00;111;3 - Acidente com Danos Materiais;544,5;BR-116/SP;Sul;Tombamento;1;1;;;;;1
20/09/2020;11:58:00;103;3 - Acidente com Danos Materiais;328,9;BR-116/SP;Sul;Colisão Lateral;1;3;;;;;1
20/09/2020;17:56:00;196;2 - Acidente com VITIMA;15,5;BR-116/PR;Sul;Colisão Transversal;1;1;1;;;;1
20/09/2020;20:43:00;225;2 - Acidente com VITIMA;340,3;BR-116/SP;Sul;Colisão Frontal;1;0;1;;3;;2
20/09/2020;23:12:00;257;2 - Acidente com VITIMA;359,1;BR-116/SP;Norte;Tombamento;1;0;1;;;;1
21/09/2020;04:05:00;31;2 - Acidente com VITIMA;426,6;BR-116/SP;Norte;Colisão Traseira;2;2;1;;;;1
21/09/2020;09:26:00;100;3 - Acidente com Danos Materiais;509,9;BR-116/SP;Norte;Colisão Traseira;2;2;;;;;1
21/09/2020;17:56:00;215;3 - Acidente com Danos Materiais;278;BR-116/SP;Sul;Colisão Lateral;1;2;;;;;1
22/09/2020;03:38:00;32;1 - Acidente com Vitima Fatal;549,9;BR-116/SP;Sul;Colisão Traseira;2;1;;;;2;3
22/09/2020;07:02:00;62;3 - Acidente com Danos Materiais;384,3;BR-116/SP;Sul;Saida de Pista;1;2;;;;;1
22/09/2020;11:51:00;137;2 - Acidente com VITIMA;512;BR-116/SP;Norte;Colisão Traseira;2;1;2;;;;1
22/09/2020;18:47:00;231;3 - Acidente com Danos Materiais;5;BR-116/PR;Norte;Saida de Pista;1;1;;;;;1
23/09/2020;04:07:00;31;3 - Acidente com Danos Materiais;10,5;BR-116/PR;Sul;Choque - Defensa, barreira ou "submarino";1;1;;;;;1
23/09/2020;07:31:00;73;3 - Acidente com Danos Materiais;11;BR-116/PR;Sul;Colisão Traseira;2;4;;;;;1
23/09/2020;10:13:00;133;2 - Acidente com VITIMA;13,3;BR-116/CW;Sul;Colisão Traseira;1;2;;1;;;2
23/09/2020;14:06:00;193;3 - Acidente com Danos Materiais;499,7;BR-116/SP;Sul;Tombamento;1;1;;;;;1
23/09/2020;15:32:00;210;3 - Acidente com Danos Materiais;10,2;BR-116/CW;Norte;Colisão Lateral;1;2;;;;;1
23/09/2020;17:38:00;238;3 - Acidente com Danos Materiais;420,2;BR-116/SP;Sul;Saida de Pista;1;1;;;;;1
24/09/2020;03:20:00;35;3 - Acidente com Danos Materiais;399,8;BR-116/SP;Norte;Choque - Defensa, barreira ou "submarino";1;1;;;;;1
24/09/2020;08:44:00;93;3 - Acidente com Danos Materiais;68;BR-116/PR;Sul;Colisão Traseira;1;3;;;;;1
24/09/2020;16:02:00;212;2 - Acidente com VITIMA;8,575;BR-116/CW;Sul;Queda de Moto;1;1;1;;;;1
25/09/2020;01:59:00;22;3 - Acidente com Danos Materiais;500,4;BR-116/SP;Sul;Tombamento;1;1;;;;;1
25/09/2020;02:21:00;23;1 - Acidente com Vitima Fatal;498,799;BR-116/SP;Norte;Colisão Traseira;2;2;;;;1;3
25/09/2020;05:31:00;38;3 - Acidente com Danos Materiais;502,8;BR-116/SP;Norte;Colisão Traseira;1;2;;;;;1
25/09/2020;06:28:00;52;3 - Acidente com Danos Materiais;534,9;BR-116/SP;Norte;Colisão Lateral;1;3;;;;;1
25/09/2020;14:39:00;185;2 - Acidente com VITIMA;347,8;BR-116/SP;Sul;Colisão Traseira;2;1;1;;;;1
26/09/2020;02:36:00;27;3 - Acidente com Danos Materiais;338,95;BR-116/SP;Sul;Colisão Traseira;2;2;;;;;1
26/09/2020;13:00:00;147;3 - Acidente com Danos Materiais;28,1;BR-116/PR;Sul;Colisão Traseira;2;4;;;;;1
26/09/2020;16:49:00;223;3 - Acidente com Danos Materiais;345,5;BR-116/SP;Sul;Colisão Transversal;2;3;;;;;1
26/09/2020;19:00:00;251;2 - Acidente com VITIMA;292,8;BR-116/SP;Sul;Choque - Veiculo parado no acostamento;1;3;1;;;;1
27/09/2020;05:16:00;23;2 - Acidente com VITIMA;53,95;BR-116/PR;Norte;Tombamento;1;0;2;;;;1
27/09/2020;05:26:00;26;2 - Acidente com VITIMA;371,8;BR-116/SP;Sul;Choque - Objeto sobre a pista;1;0;;2;;;2
27/09/2020;12:20:00;112;3 - Acidente com Danos Materiais;71,1;BR-116/PR;Norte;Colisão Lateral;2;2;;;;;1
27/09/2020;17:08:00;186;3 - Acidente com Danos Materiais;325,2;BR-116/SP;Norte;Colisão Lateral;1;7;;;;;1
27/09/2020;17:28:00;195;3 - Acidente com Danos Materiais;26,9;BR-116/PR;Norte;Colisão Lateral;1;2;;;;;1
27/09/2020;18:52:00;221;3 - Acidente com Danos Materiais;474,984;BR-116/SP;Norte;Engavetamento;3;3;;;;;1
27/09/2020;18:54:00;222;3 - Acidente com Danos Materiais;43,1;BR-116/PR;Norte;Tombamento;1;1;;;;;1
27/09/2020;19:40:00;238;3 - Acidente com Danos Materiais;57;BR-116/PR;Norte;Colisão Traseira;2;2;;;;;1
28/09/2020;08:22:00;66;3 - Acidente com Danos Materiais;273,3;BR-116/SP;Norte;Engavetamento;1;3;;;;;1
28/09/2020;13:09:00;139;3 - Acidente com Danos Materiais;286,1;BR-116/SP;Norte;Choque - Defensa, barreira ou "submarino";1;1;;;;;1
28/09/2020;15:33:00;173;3 - Acidente com Danos Materiais;545,95;BR-116/SP;Sul;Choque - Defensa, barreira ou "submarino";1;1;;;;;1
28/09/2020;16:28:00;197;3 - Acidente com Danos Materiais;298,2;BR-116/SP;Sul;Colisão Lateral;1;5;;;;;1
28/09/2020;17:15:00;213;3 - Acidente com Danos Materiais;514,6;BR-116/SP;Norte;Colisão Traseira;2;2;;;;;1
28/09/2020;22:42:00;264;2 - Acidente com VITIMA;518,8;BR-116/SP;Sul;Tombamento;1;0;1;;;;1
29/09/2020;02:00:00;19;3 - Acidente com Danos Materiais;352,2;BR-116/SP;Norte;Colisão Traseira;2;2;;;;;1
29/09/2020;02:17:00;23;3 - Acidente com Danos Materiais;385,15;BR-116/SP;Norte;Colisão Traseira;1;4;;;;;1
29/09/2020;07:57:00;66;3 - Acidente com Danos Materiais;426,85;BR-116/SP;Sul;Colisão Lateral;1;3;;;;;1
29/09/2020;10:43:00;117;2 - Acidente com VITIMA;33,17;BR-116/PR;Norte;Tombamento;1;0;1;;;;1
29/09/2020;12:06:00;129;3 - Acidente com Danos Materiais;340;BR-116/SP;Norte;Saida de Pista;1;4;;;;;1
29/09/2020;12:45:00;137;3 - Acidente com Danos Materiais;407,9;BR-116/SP;Norte;Colisão Lateral;1;2;;;;;1
30/09/2020;03:08:00;34;3 - Acidente com Danos Materiais;334,9;BR-116/SP;Sul;Choque - Defensa, barreira ou "submarino";1;2;;;;;1
30/09/2020;15:04:00;237;3 - Acidente com Danos Materiais;361,9;BR-116/SP;Sul;Colisão Traseira;2;2;;;;;1
01/10/2020;05:25:00;38;3 - Acidente com Danos Materiais;517,3;BR-116/SP;Sul;Tombamento;1;1;;;;;1
01/10/2020;08:20:00;86;2 - Acidente com VITIMA;513,6;BR-116/SP;Norte;Tombamento;1;0;1;;;;1
01/10/2020;08:25:00;88;3 - Acidente com Danos Materiais;9,95;BR-116/PR;Sul;Tombamento;1;1;;;;;1
01/10/2020;09:35:00;116;2 - Acidente com VITIMA;557;BR-116/SP;Sul;Colisão Lateral;1;2;;1;;;2
01/10/2020;16:31:00;258;2 - Acidente com VITIMA;32,5;BR-116/PR;Norte;Tombamento;1;0;1;;;;1
01/10/2020;23:31:00;365;2 - Acidente com VITIMA;480,5;BR-116/SP;Norte;Colisão Traseira;1;1;;1;;;2
02/10/2020;04:35:00;56;3 - Acidente com Danos Materiais;483,5;BR-116/SP;Sul;Saida de Pista;1;1;;;;;1
02/10/2020;05:32:00;62;2 - Acidente com VITIMA;336,8;BR-116/SP;Norte;Colisão Traseira;2;2;1;;;;1
03/10/2020;06:21:00;44;3 - Acidente com Danos Materiais;29,5;BR-116/PR;Norte;Choque - Defensa, barreira ou "submarino";1;1;;;;;1
03/10/2020;14:45:00;157;3 - Acidente com Danos Materiais;28,253;BR-116/PR;Norte;Choque - Defensa, barreira ou "submarino";1;1;;;;;1
03/10/2020;17:02:00;196;3 - Acidente com Danos Materiais;55,4;BR-116/PR;Sul;Choque - Elemento de Drenagem;1;1;;;;;1
04/10/2020;10:33:00;85;3 - Acidente com Danos Materiais;541,5;BR-116/SP;Sul;Choque - Defensa, barreira ou "submarino";1;3;;;;;1
04/10/2020;11:09:00;91;3 - Acidente com Danos Materiais;523,1;BR-116/SP;Sul;Choque - Defensa, barreira ou "submarino";1;1;;;;;1
05/10/2020;01:58:00;16;2 - Acidente com VITIMA;486,7;BR-116/SP;Sul;Tombamento;1;0;1;;;;1
05/10/2020;05:09:00;35;2 - Acidente com VITIMA;483,1;BR-116/SP;Sul;Engavetamento;5;6;2;;1;;2
05/10/2020;06:25:00;44;3 - Acidente com Danos Materiais;511,9;BR-116/SP;Norte;Choque - Talude;1;1;;;;;1
05/10/2020;06:55:00;55;3 - Acidente com Danos Materiais;14,8;BR-116/PR;Norte;Colisão Lateral;2;2;;;;;1
05/10/2020;08:48:00;77;3 - Acidente com Danos Materiais;515,85;BR-116/SP;Sul;Saida de Pista;1;1;;;;;1
05/10/2020;16:18:00;189;3 - Acidente com Danos Materiais;513,9;BR-116/SP;Norte;Tombamento;1;1;;;;;1
05/10/2020;20:25:00;242;3 - Acidente com Danos Materiais;360,8;BR-116/SP;Sul;Colisão Lateral;2;3;;;;;1
06/10/2020;07:02:00;57;2 - Acidente com VITIMA;560,8;BR-116/SP;Sul;Tombamento;1;0;1;;;;1
06/10/2020;07:30:00;62;2 - Acidente com VITIMA;541,6;BR-116/SP;Sul;Colisão Lateral;1;1;1;;;;1
06/10/2020;11:45:00;134;3 - Acidente com Danos Materiais;419,1;BR-116/SP;Norte;Choque - Defensa, barreira ou "submarino";1;1;;;;;1
06/10/2020;17:12:00;211;3 - Acidente com Danos Materiais;70,9;BR-116/PR;Norte;Engavetamento;3;3;;;;;1
06/10/2020;17:43:00;218;3 - Acidente com Danos Materiais;286;BR-116/SP;Sul;Colisão Traseira;1;2;;;;;1
06/10/2020;18:22:00;225;3 - Acidente com Danos Materiais;514,1;BR-116/SP;Norte;Tombamento;1;2;;;;;1
06/10/2020;23:03:00;262;2 - Acidente com VITIMA;489,9;BR-116/SP;Norte;Colisão Traseira;1;2;1;;;;1
07/10/2020;00:13:00;6;2 - Acidente com VITIMA;487,3;BR-116/SP;Norte;Colisão Traseira;2;1;1;;;;1
07/10/2020;04:57:00;36;2 - Acidente com VITIMA;547,4;BR-116/SP;Sul;Tombamento;1;0;1;;;;1
07/10/2020;08:03:00;77;2 - Acidente com VITIMA;16;BR-116/PR;Sul;Colisão Lateral;1;3;;1;;;2
07/10/2020;08:31:00;90;2 - Acidente com VITIMA;364,6;BR-116/SP;Norte;Tombamento;1;1;1;;;;1
08/10/2020;00:01:00;1;3 - Acidente com Danos Materiais;48;BR-116/PR;Sul;Colisão Lateral;2;2;;;;;1
08/10/2020;05:32:00;39;3 - Acidente com Danos Materiais;327,5;BR-116/SP;Norte;Saida de Pista;1;1;;;;;1
08/10/2020;05:52:00;45;3 - Acidente com Danos Materiais;484,7;BR-116/SP;Sul;Choque - Defensa, barreira ou "submarino";1;1;;;;;1
08/10/2020;13:38:00;187;3 - Acidente com Danos Materiais;28,3;BR-116/PR;Norte;Colisão Transversal;1;2;;;;;1
08/10/2020;14:34:00;200;3 - Acidente com Danos Materiais;562;BR-116/SP;Norte;Saida de Pista;1;1;;;;;1
08/10/2020;18:00:00;250;3 - Acidente com Danos Materiais;290,6;BR-116/SP;Sul;Colisão Lateral;1;2;;;;;1
08/10/2020;21:17:00;300;3 - Acidente com Danos Materiais;370,4;BR-116/SP;Norte;Colisão Lateral;1;2;;;;;1
09/10/2020;00:15:00;8;1 - Acidente com Vitima Fatal;342,5;BR-116/SP;Sul;Colisão Traseira;2;1;;1;;1;3
09/10/2020;00:19:00;11;2 - Acidente com VITIMA;304,9;BR-116/SP;Sul;Colisão Lateral;1;2;1;;;;1
09/10/2020;02:17:00;34;3 - Acidente com Danos Materiais;360,2;BR-116/SP;Sul;Colisão Traseira;1;2;;;;;1
09/10/2020;04:15:00;46;3 - Acidente com Danos Materiais;359,25;BR-116/SP;Norte;Tombamento;1;1;;;;;1
09/10/2020;04:37:00;50;3 - Acidente com Danos Materiais;400,4;BR-116/SP;Norte;Saida de Pista;1;3;;;;;1
09/10/2020;06:48:00;76;3 - Acidente com Danos Materiais;402;BR-116/SP;Norte;Colisão Traseira;1;2;;;;;1
09/10/2020;06:50:00;79;3 - Acidente com Danos Materiais;476;BR-116/SP;Norte;Saida de Pista;1;1;;;;;1
09/10/2020;06:52:00;81;2 - Acidente com VITIMA;369;BR-116/SP;Norte;Choque - Defensa, barreira ou "submarino";1;2;1;;;;1
09/10/2020;07:29:00;92;3 - Acidente com Danos Materiais;477;BR-116/SP;Norte;Colisão Lateral;1;2;;;;;1
09/10/2020;08:29:00;123;3 - Acidente com Danos Materiais;547;BR-116/SP;Norte;Choque - Defensa, barreira ou "submarino";1;1;;;;;1
09/10/2020;09:12:00;141;2 - Acidente com VITIMA;503,4;BR-116/SP;Sul;Choque - Defensa, barreira ou "submarino";1;0;1;;;;1
09/10/2020;09:38:00;156;3 - Acidente com Danos Materiais;39;BR-116/PR;Sul;Colisão Traseira;1;2;;;;;1
09/10/2020;11:59:00;193;3 - Acidente com Danos Materiais;280,5;BR-116/SP;Sul;Colisão Lateral;1;2;;;;;1
09/10/2020;13:00:00;209;3 - Acidente com Danos Materiais;56,6;BR-116/PR;Sul;Colisão Traseira;2;3;;;;;1
09/10/2020;15:27:00;268;3 - Acidente com Danos Materiais;522;BR-116/SP;Sul;Colisão Lateral;2;2;;;;;1
09/10/2020;15:54:00;276;3 - Acidente com Danos Materiais;314,9;BR-116/SP;Sul;Choque - Defensa, barreira ou "submarino";1;1;;;;;1
09/10/2020;23:21:00;393;2 - Acidente com VITIMA;347,8;BR-116/SP;Sul;Choque - Defensa, barreira ou "submarino";1;0;1;;;;1
10/10/2020;01:32:00;32;3 - Acidente com Danos Materiais;435,1;BR-116/SP;Sul;Colisão Lateral;1;4;;;;;1
10/10/2020;10:15:00;136;3 - Acidente com Danos Materiais;528;BR-116/SP;Norte;Colisão Traseira;1;4;;;;;1
10/10/2020;17:30:00;263;2 - Acidente com VITIMA;29,444;BR-116/PR;Norte;Tombamento;1;0;1;;;;1
10/10/2020;21:30:00;309;3 - Acidente com Danos Materiais;347,9;BR-116/SP;Sul;Colisão Lateral;2;2;;;;;1
11/10/2020;21:24:00;225;1 - Acidente com Vitima Fatal;417,4;BR-116/SP;Norte;Atropelamento - Outros;1;1;;;;1;3
12/10/2020;00:11:00;4;2 - Acidente com VITIMA;59,2;BR-116/PR;Sul;Choque - Defensa, barreira ou "submarino";1;0;1;;;;1
12/10/2020;06:02:00;23;2 - Acidente com VITIMA;299,5;BR-116/SP;Norte;Tombamento;1;0;;1;;;2
13/10/2020;12:01:00;159;3 - Acidente com Danos Materiais;485,8;BR-116/SP;Norte;Colisão Traseira;1;2;;;;;1
13/10/2020;21:26:00;285;2 - Acidente com VITIMA;351,7;BR-116/SP;Sul;Colisão Traseira;2;2;1;;;;1
13/10/2020;22:32:00;295;3 - Acidente com Danos Materiais;547,6;BR-116/SP;Sul;Colisão Lateral;2;2;;;;;1
14/10/2020;03:56:00;41;3 - Acidente com Danos Materiais;370,4;BR-116/SP;Sul;Colisão Traseira;1;2;;;;;1
14/10/2020;14:19:00;188;3 - Acidente com Danos Materiais;513,8;BR-116/SP;Norte;Choque - Suporte de Sinalização;1;1;;;;;1
14/10/2020;21:40:00;298;3 - Acidente com Danos Materiais;322,4;BR-116/SP;Sul;Colisão Traseira;1;2;;;;;1
14/10/2020;23:29:00;312;2 - Acidente com VITIMA;565,8;BR-116/SP;Sul;Choque - Defensa, barreira ou "submarino";1;1;1;;;;1
14/10/2020;23:29:00;313;3 - Acidente com Danos Materiais;542,7;BR-116/SP;Sul;Choque - Defensa, barreira ou "submarino";1;2;;;;;1
15/10/2020;03:14:00;21;3 - Acidente com Danos Materiais;565,7;BR-116/SP;Sul;Colisão Traseira;2;2;;;;;1
15/10/2020;10:56:00;144;2 - Acidente com VITIMA;294,3;BR-116/SP;Norte;Colisão Traseira;1;1;;1;;;2
15/10/2020;12:35:00;167;3 - Acidente com Danos Materiais;326;BR-116/SP;Norte;Colisão Traseira;1;3;;;;;1
15/10/2020;14:18:00;195;2 - Acidente com VITIMA;567,7;BR-116/SP;Norte;Tombamento;1;0;;1;;;2
15/10/2020;17:40:00;248;3 - Acidente com Danos Materiais;270,8;BR-116/SP;Sul;Colisão Lateral;1;2;;;;;1
15/10/2020;18:08:00;256;3 - Acidente com Danos Materiais;23,5;BR-116/PR;Norte;Colisão Traseira;1;2;;;;;1
15/10/2020;18:34:00;262;2 - Acidente com VITIMA;5,4;BR-116/PR;Norte;Colisão Traseira;1;2;1;1;;;2
15/10/2020;20:04:00;283;2 - Acidente com VITIMA;284,6;BR-116/SP;Sul;Engavetamento;1;3;1;;;;1
15/10/2020;20:57:00;296;3 - Acidente com Danos Materiais;280;BR-116/SP;Sul;Colisão Traseira;1;2;;;;;1
16/10/2020;02:43:00;19;2 - Acidente com VITIMA;1,05;BR-116/PR;Sul;Saida de Pista;1;1;1;;;;1
16/10/2020;06:27:00;46;2 - Acidente com VITIMA;330,6;BR-116/SP;Norte;Tombamento;1;0;1;;;;1
16/10/2020;12:36:00;155;2 - Acidente com VITIMA;5;BR-116/PR;Norte;Colisão Lateral;1;2;1;;;;1
16/10/2020;14:52:00;180;3 - Acidente com Danos Materiais;562,1;BR-116/SP;Norte;Tombamento;1;1;;;;;1
16/10/2020;15:04:00;182;2 - Acidente com VITIMA;548,8;BR-116/SP;Sul;Colisão Traseira;1;3;1;;;;1
17/10/2020;06:46:00;50;3 - Acidente com Danos Materiais;515;BR-116/SP;Norte;Saida de Pista;1;1;;;;;1
17/10/2020;09:30:00;90;2 - Acidente com VITIMA;330,688;BR-116/SP;Sul;Colisão Traseira;1;1;1;;;;1
17/10/2020;10:54:00;111;2 - Acidente com VITIMA;358,8;BR-116/SP;Sul;Engavetamento;6;5;2;1;;;2
17/10/2020;12:02:00;119;3 - Acidente com Danos Materiais;358,8;BR-116/SP;Sul;Colisão Traseira;1;2;;;;;1
18/10/2020;06:32:00;38;2 - Acidente com VITIMA;360,4;BR-116/SP;Norte;Tombamento;1;0;1;;;;1
18/10/2020;20:45:00;210;2 - Acidente com VITIMA;441,1;BR-116/SP;Norte;Atropelamento - Outros;1;1;;;1;;2
19/10/2020;06:30:00;40;3 - Acidente com Danos Materiais;556;BR-116/SP;Sul;Choque - Defensa, barreira ou "submarino";1;1;;;;;1
19/10/2020;16:04:00;181;2 - Acidente com VITIMA;285,7;BR-116/SP;Sul;Colisão Traseira;1;1;1;;;;1
19/10/2020;19:40:00;225;2 - Acidente com VITIMA;283,9;BR-116/SP;Sul;Colisão Frontal;1;2;;1;;;2
20/10/2020;01:37:00;12;2 - Acidente com VITIMA;490,4;BR-116/SP;Sul;Colisão Traseira;1;1;1;;;;1
20/10/2020;11:53:00;140;3 - Acidente com Danos Materiais;279,5;BR-116/SP;Sul;Colisão Traseira;2;3;;;;;1
20/10/2020;12:43:00;151;3 - Acidente com Danos Materiais;312,4;BR-116/SP;Sul;Colisão Lateral;1;3;;;;;1
20/10/2020;15:10:00;183;2 - Acidente com VITIMA;421;BR-116/SP;Sul;Saida de Pista;1;0;1;;;;1
20/10/2020;20:09:00;251;3 - Acidente com Danos Materiais;280,9;BR-116/SP;Sul;Colisão Lateral;1;2;;;;;1
20/10/2020;23:06:00;281;3 - Acidente com Danos Materiais;359,6;BR-116/SP;Sul;Colisão Traseira;2;3;;;;;1
21/10/2020;05:32:00;34;3 - Acidente com Danos Materiais;0,5;BR-116/PR;Sul;Capotamento;1;1;;;;;1
21/10/2020;05:39:00;36;2 - Acidente com VITIMA;356,9;BR-116/SP;Sul;Colisão Traseira;1;2;1;;;;1
21/10/2020;13:14:00;136;3 - Acidente com Danos Materiais;463,7;BR-116/SP;Norte;Tombamento;1;2;;;;;1
21/10/2020;14:26:00;148;3 - Acidente com Danos Materiais;339,4;BR-116/SP;Norte;Tombamento;1;1;;;;;1
21/10/2020;18:03:00;217;3 - Acidente com Danos Materiais;282;BR-116/SP;Sul;Colisão Lateral;1;3;;;;;1
22/10/2020;00:03:00;5;3 - Acidente com Danos Materiais;347,3;BR-116/SP;Sul;Colisão Traseira;2;2;;;;;1
22/10/2020;06:23:00;53;2 - Acidente com VITIMA;426,7;BR-116/SP;Sul;Tombamento;1;0;1;;;;1