data;horario;n_da_ocorrencia;tipo_de_ocorrencia;km;trecho;sentido;tipo_de_acidente;caminhao;ilesos;levemente_feridos;moderadamente_feridos;gravemente_feridos;mortos;3
22/10/2020;06:47:00;62;2 - Acidente com VITIMA;514,2;BR-116/SP;Norte;Tombamento;1;0;1;;;;1
22/10/2020;08:01:00;71;3 - Acidente com Danos Materiais;284,1;BR-116/SP;Norte;Colisão Lateral;1;2;;;;;1
22/10/2020;11:36:00;132;3 - Acidente com Danos Materiais;291;BR-116/SP;Norte;Colisão Traseira;2;2;;;;;1
22/10/2020;15:13:00;193;3 - Acidente com Danos Materiais;329,9;BR-116/SP;Sul;Colisão Traseira;2;2;;;;;1
22/10/2020;16:25:00;209;3 - Acidente com Danos Materiais;388,9;BR-116/SP;Norte;Saida de Pista;1;1;;;;;1
22/10/2020;22:18:00;276;3 - Acidente com Danos Materiais;16,9;BR-116/PR;Norte;Colisão Transversal;1;2;;;;;1
23/10/2020;03:03:00;38;3 - Acidente com Danos Materiais;548,5;BR-116/SP;Sul;Choque - Elemento de Drenagem;1;1;;;;;1
23/10/2020;06:09:00;62;3 - Acidente com Danos Materiais;361;BR-116/SP;Norte;Tombamento;1;1;;;;;1
23/10/2020;06:47:00;75;3 - Acidente com Danos Materiais;499,3;BR-116/SP;Sul;Tombamento;1;2;;;;;1
23/10/2020;09:13:00;110;2 - Acidente com VITIMA;336,4;BR-116/SP;Norte;Tombamento;1;1;;1;;;2
23/10/2020;09:51:00;125;2 - Acidente com VITIMA;467,3;BR-116/SP;Norte;Colisão Traseira;1;2;1;;;;1
23/10/2020;12:34:00;177;3 - Acidente com Danos Materiais;35;BR-116/PR;Sul;Colisão Lateral;2;2;;;;;1
23/10/2020;12:45:00;178;3 - Acidente com Danos Materiais;511;BR-116/SP;Sul;Tombamento;1;2;;;;;1
23/10/2020;16:40:00;232;3 - Acidente com Danos Materiais;269;BR-116/SP;Sul;Colisão Lateral;1;2;;;;;1
23/10/2020;17:13:00;243;3 - Acidente com Danos Materiais;290;BR-116/SP;Sul;Colisão Traseira;2;2;;;;;1
24/10/2020;04:39:00;37;3 - Acidente com Danos Materiais;349,5;BR-116/SP;Norte;Choque - Defensa, barreira ou "submarino";1;1;;;;;1
24/10/2020;10:27:00;111;3 - Acidente com Danos Materiais;1,1;BR-116/PR;Sul;Saida de Pista;1;1;;;;;1
24/10/2020;11:09:00;119;3 - Acidente com Danos Materiais;279;BR-116/SP;Sul;Engavetamento;1;7;;;;;1
24/10/2020;15:13:00;173;3 - Acidente com Danos Materiais;443,1;BR-116/SP;Sul;Colisão Lateral;2;2;;;;;1
24/10/2020;18:09:00;214;3 - Acidente com Danos Materiais;65,2;BR-116/PR;Sul;Engavetamento;1;4;;;;;1
24/10/2020;20:00:00;234;3 - Acidente com Danos Materiais;366,5;BR-116/SP;Sul;Colisão Lateral;1;4;;;;;1
24/10/2020;23:50:00;260;2 - Acidente com VITIMA;567,5;BR-116/SP;Norte;Choque - Defensa, barreira ou "submarino";1;0;1;;;;1
25/10/2020;13:51:00;118;3 - Acidente com Danos Materiais;343,4;BR-116/SP;Norte;Colisão Traseira;1;2;;;;;1
25/10/2020;15:18:00;140;3 - Acidente com Danos Materiais;18,6;BR-116/PR;Norte;Choque - Talude;1;2;;;;;1
26/10/2020;02:04:00;18;3 - Acidente com Danos Materiais;348,2;BR-116/SP;Norte;Colisão Traseira;1;2;;;;;1
26/10/2020;20:25:00;232;3 - Acidente com Danos Materiais;349,2;BR-116/SP;Sul;Colisão Traseira;1;2;;;;;1
27/10/2020;02:52:00;25;3 - Acidente com Danos Materiais;392,8;BR-116/SP;Norte;Colisão Traseira;2;2;;;;;1
27/10/2020;07:17:00;51;2 - Acidente com VITIMA;367,4;BR-116/SP;Norte;Tombamento;1;0;1;;;;1
27/10/2020;10:26:00;110;3 - Acidente com Danos Materiais;361;BR-116/SP;Sul;Colisão Traseira;2;2;;;;;1
27/10/2020;17:15:00;220;2 - Acidente com VITIMA;62,5;BR-116/PR;Sul;Colisão Lateral;2;3;1;;;;1
28/10/2020;00:13:00;5;2 - Acidente com VITIMA;470,7;BR-116/SP;Sul;Tombamento;1;0;1;;;;1
28/10/2020;02:38:00;23;2 - Acidente com VITIMA;517,8;BR-116/SP;Sul;Engavetamento;3;4;;1;;;2
28/10/2020;02:45:00;24;3 - Acidente com Danos Materiais;402,45;BR-116/SP;Norte;Saida de Pista;1;1;;;;;1
28/10/2020;11:15:00;143;3 - Acidente com Danos Materiais;307,4;BR-116/SP;Sul;Colisão Lateral;1;3;;;;;1
29/10/2020;03:23:00;37;3 - Acidente com Danos Materiais;477;BR-116/SP;Sul;Atropelamento de Animal;1;1;;;;;1
29/10/2020;03:38:00;40;3 - Acidente com Danos Materiais;477;BR-116/SP;Sul;Atropelamento de Animal;1;1;;;;;1
29/10/2020;03:50:00;43;3 - Acidente com Danos Materiais;426,2;BR-116/SP;Norte;Colisão Traseira;1;2;;;;;1
29/10/2020;03:55:00;44;3 - Acidente com Danos Materiais;505,35;BR-116/SP;Norte;Tombamento;1;1;;;;;1
29/10/2020;13:28:00;176;3 - Acidente com Danos Materiais;64,1;BR-116/PR;Sul;Colisão Lateral;1;2;;;;;1
29/10/2020;17:55:00;259;3 - Acidente com Danos Materiais;548;BR-116/SP;Sul;Saida de Pista;1;1;;;;;1
29/10/2020;20:02:00;289;3 - Acidente com Danos Materiais;282;BR-116/SP;Sul;Colisão Lateral;1;2;;;;;1
29/10/2020;23:07:00;331;3 - Acidente com Danos Materiais;27,6;BR-116/PR;Norte;Tombamento;1;1;;;;;1
30/10/2020;00:15:00;5;3 - Acidente com Danos Materiais;480,1;BR-116/SP;Sul;Saida de Pista;1;1;;;;;1
30/10/2020;01:32:00;18;3 - Acidente com Danos Materiais;406,5;BR-116/SP;Sul;Tombamento;2;2;;;;;1
30/10/2020;01:39:00;21;3 - Acidente com Danos Materiais;509,6;BR-116/SP;Norte;Tombamento;1;1;;;;;1
30/10/2020;04:30:00;46;2 - Acidente com VITIMA;389,8;BR-116/SP;Sul;Capotamento;1;4;1;;;;1
30/10/2020;04:47:00;53;3 - Acidente com Danos Materiais;545,4;BR-116/SP;Norte;Colisão Traseira;1;2;;;;;1
30/10/2020;05:53:00;64;3 - Acidente com Danos Materiais;545;BR-116/SP;Norte;Colisão Traseira;1;2;;;;;1
30/10/2020;06:44:00;74;3 - Acidente com Danos Materiais;327,7;BR-116/SP;Norte;Tombamento;1;1;;;;;1
30/10/2020;08:42:00;114;1 - Acidente com Vitima Fatal;330,6;BR-116/SP;Norte;Engavetamento;4;22;1;;;4;3
30/10/2020;08:48:00;119;3 - Acidente com Danos Materiais;51;BR-116/PR;Norte;Colisão Traseira;1;2;;;;;1
30/10/2020;09:40:00;136;3 - Acidente com Danos Materiais;548,6;BR-116/SP;Sul;Engavetamento;3;10;;;;;1
30/10/2020;10:23:00;150;3 - Acidente com Danos Materiais;565;BR-116/SP;Sul;Colisão Lateral;1;2;;;;;1
30/10/2020;10:39:00;159;2 - Acidente com VITIMA;561,5;BR-116/SP;Sul;Engavetamento;3;3;1;;;;1
30/10/2020;16:58:00;261;3 - Acidente com Danos Materiais;5,6;BR-116/PR;Norte;Choque - Defensa, barreira ou "submarino";1;1;;;;;1
30/10/2020;21:23:00;338;2 - Acidente com VITIMA;521,1;BR-116/SP;Norte;Tombamento;1;1;1;;;;1
30/10/2020;23:50:00;380;3 - Acidente com Danos Materiais;543,5;BR-116/SP;Norte;Saida de Pista;1;1;;;;;1
31/10/2020;01:14:00;18;3 - Acidente com Danos Materiais;353;BR-116/SP;Sul;Saida de Pista;1;1;;;;;1
31/10/2020;01:28:00;24;3 - Acidente com Danos Materiais;451,1;BR-116/SP;Sul;Saida de Pista;1;1;;;;;1
31/10/2020;02:42:00;39;3 - Acidente com Danos Materiais;384,8;BR-116/SP;Sul;Saida de Pista;1;2;;;;;1
31/10/2020;04:14:00;50;2 - Acidente com VITIMA;533,3;BR-116/SP;Sul;Colisão Traseira;2;1;;1;;;2
31/10/2020;05:30:00;59;3 - Acidente com Danos Materiais;527,9;BR-116/SP;Sul;Colisão Traseira;2;2;;;;;1
31/10/2020;05:58:00;66;3 - Acidente com Danos Materiais;5;BR-116/PR;Norte;Tombamento;1;1;;;;;1
31/10/2020;08:57:00;126;2 - Acidente com VITIMA;511,5;BR-116/SP;Sul;Tombamento;1;0;1;;;;1
31/10/2020;13:04:00;202;3 - Acidente com Danos Materiais;548;BR-116/SP;Sul;Colisão Traseira;2;2;;;;;1
31/10/2020;17:07:00;269;3 - Acidente com Danos Materiais;549,1;BR-116/SP;Sul;Choque - Defensa, barreira ou "submarino";1;1;;;;;1
31/10/2020;22:57:00;337;3 - Acidente com Danos Materiais;20,1;BR-116/PR;Sul;Colisão Traseira;1;2;;;;;1
01/11/2020;02:32:00;23;3 - Acidente com Danos Materiais;509,7;BR-116/SP;Norte;Outros;1;1;;;;;1
01/11/2020;12:58:00;125;3 - Acidente com Danos Materiais;548;BR-116/SP;Sul;Outros;1;1;;;;;1
02/11/2020;09:25:00;59;3 - Acidente com Danos Materiais;513,8;BR-116/SP;Sul;Tombamento;1;1;;;;;1
02/11/2020;21:00:00;252;3 - Acidente com Danos Materiais;305;BR-116/SP;Norte;Colisão Lateral;1;2;;;;;1
02/11/2020;01:27:00;15;3 - Acidente com Danos Materiais;25,36;BR-116/PR;Sul;Choque - Defensa, barreira ou "submarino";1;1;;;;;1
03/11/2020;02:17:00;15;3 - Acidente com Danos Materiais;28,15;BR-116/PR;Norte;Tombamento;1;1;;;;;1
03/11/2020;18:15:00;211;3 - Acidente com Danos Materiais;369,048;BR-116/SP;Norte;Choque - Talude;1;1;;;;;1
03/11/2020;06:16:00;41;2 - Acidente com VITIMA;277,2;BR-116/SP;Norte;Engavetamento;1;4;;;1;;2
04/11/2020;15:17:00;190;3 - Acidente com Danos Materiais;59,872;BR-116/PR;Norte;Engavetamento;3;4;;;;;1
04/11/2020;17:17:00;214;3 - Acidente com Danos Materiais;362,5;BR-116/SP;Norte;Choque - Defensa, barreira ou "submarino";1;3;;;;;1
05/11/2020;02:42:00;26;3 - Acidente com Danos Materiais;420;BR-116/SP;Norte;Saida de Pista;1;1;;;;;1
05/11/2020;10:41:00;128;3 - Acidente com Danos Materiais;557,1;BR-116/SP;Norte;Colisão Lateral;1;5;;;;;1
05/11/2020;17:11:00;247;3 - Acidente com Danos Materiais;286;BR-116/SP;Norte;Colisão Traseira;1;2;;;;;1
05/11/2020;17:17:00;250;1 - Acidente com Vitima Fatal;270,7;BR-116/SP;Sul;Colisão Lateral;1;1;;;;1;3
05/11/2020;05:54:00;45;2 - Acidente com VITIMA;290,5;BR-116/SP;Norte;Tombamento;1;1;;1;;;2
05/11/2020;15:12:00;201;3 - Acidente com Danos Materiais;414;BR-116/SP;Norte;Colisão Traseira;1;5;;;;;1
07/11/2020;09:13:00;97;2 - Acidente com VITIMA;499,4;BR-116/SP;Sul;Colisão Traseira;1;1;;1;;;2
07/11/2020;07:47:00;71;3 - Acidente com Danos Materiais;508,95;BR-116/SP;Sul;Tombamento;1;1;;;;;1
07/11/2020;05:58:00;46;2 - Acidente com VITIMA;567,5;BR-116/SP;Norte;Tombamento;1;0;1;;;;1
08/11/2020;07:53:00;53;3 - Acidente com Danos Materiais;70,5;BR-116/PR;Sul;Colisão Traseira;1;2;;;;;1
08/11/2020;11:25:00;102;2 - Acidente com VITIMA;490;BR-116/SP;Sul;Colisão Traseira;1;1;;1;;;2
08/11/2020;12:45:00;122;3 - Acidente com Danos Materiais;467;BR-116/SP;Norte;Colisão Traseira;1;2;;;;;1
08/11/2020;19:38:00;224;3 - Acidente com Danos Materiais;298,8;BR-116/SP;Norte;Engavetamento;2;6;;;;;1
09/11/2020;05:33:00;34;3 - Acidente com Danos Materiais;388,8;BR-116/SP;Norte;Colisão Traseira;1;6;;;;;1
09/11/2020;11:30:00;137;3 - Acidente com Danos Materiais;504,5;BR-116/SP;Norte;Tombamento;1;1;;;;;1
09/11/2020;15:02:00;181;3 - Acidente com Danos Materiais;280;BR-116/SP;Sul;Colisão Lateral;1;2;;;;;1
09/11/2020;19:02:00;242;3 - Acidente com Danos Materiais;44;BR-116/PR;Sul;Capotamento;1;1;;;;;1
09/11/2020;20:22:00;260;3 - Acidente com Danos Materiais;547,8;BR-116/SP;Norte;Choque - Defensa, barreira ou "submarino";1;1;;;;;1
10/11/2020;03:43:00;26;2 - Acidente com VITIMA;12,3;BR-116/PR;Sul;Colisão Traseira;2;3;1;;;;1
10/11/2020;04:57:00;30;2 - Acidente com VITIMA;392,9;BR-116/SP;Norte;Colisão Traseira;2;3;1;;;;1
10/11/2020;15:42:00;206;3 - Acidente com Danos Materiais;62,2;BR-116/PR;Sul;Engavetamento;5;5;;;;;1
10/11/2020;02:56:00;19;3 - Acidente com Danos Materiais;350,6;BR-116/SP;Sul;Choque - Defensa, barreira ou "submarino";1;1;;;;;1
10/11/2020;09:53:00;110;3 - Acidente com Danos Materiais;63;BR-116/PR;Sul;Colisão Traseira;1;4;;;;;1
10/11/2020;11:17:00;141;3 - Acidente com Danos Materiais;398;BR-116/SP;Norte;Colisão Traseira;2;2;;;;;1
10/11/2020;01:46:00;11;2 - Acidente com VITIMA;503,4;BR-116/SP;Sul;Tombamento;1;0;1;;;;1
10/11/2020;15:04:00;187;3 - Acidente com Danos Materiais;306,1;BR-116/SP;Norte;Tombamento;1;1;;;;;1
11/11/2020;20:36:00;286;2 - Acidente com VITIMA;24,8;BR-116/PR;Norte;Tombamento;1;0;1;;;;1
11/11/2020;00:22:00;9;3 - Acidente com Danos Materiais;446,7;BR-116/SP;Norte;Tombamento;1;1;;;;;1
11/11/2020;17:13:00;239;3 - Acidente com Danos Materiais;347,2;BR-116/SP;Sul;Engavetamento;3;3;;;;;1
11/11/2020;06:35:00;70;2 - Acidente com VITIMA;513,3;BR-116/SP;Norte;Tombamento;1;0;;1;;;2
11/11/2020;10:30:00;151;3 - Acidente com Danos Materiais;461;BR-116/SP;Norte;Colisão Traseira;1;4;;;;;1
11/11/2020;03:00:00;27;2 - Acidente com VITIMA;461,05;BR-116/SP;Norte;Tombamento;1;0;1;;;;1
11/11/2020;23:58:00;318;3 - Acidente com Danos Materiais;10,2;BR-116/PR;Sul;Colisão Traseira;3;3;;;;;1
12/11/2020;04:18:00;31;2 - Acidente com VITIMA;24,6;BR-116/PR;Sul;Colisão Traseira;2;1;;1;;;2
12/11/2020;13:28:00;188;3 - Acidente com Danos Materiais;396;BR-116/SP;Norte;Colisão Traseira;2;2;;;;;1
12/11/2020;22:14:00;302;2 - Acidente com VITIMA;512,4;BR-116/SP;Sul;Colisão Traseira;2;1;1;;;;1
12/11/2020;06:09:00;44;2 - Acidente com VITIMA;441,7;BR-116/SP;Norte;Tombamento;1;1;;;1;;2
12/11/2020;17:20:00;260;3 - Acidente com Danos Materiais;426,6;BR-116/SP;Sul;Engavetamento;3;3;;;;;1
13/11/2020;08:36:00;102;3 - Acidente com Danos Materiais;311,1;BR-116/SP;Sul;Colisão Lateral;1;2;;;;;1
13/11/2020;20:13:00;289;3 - Acidente com Danos Materiais;279;BR-116/SP;Sul;Colisão Lateral;1;2;;;;;1
13/11/2020;14:56:00;206;3 - Acidente com Danos Materiais;6,9;BR-116/PR;Sul;Colisão Lateral;1;3;;;;;1
13/11/2020;10:33:00;135;3 - Acidente com Danos Materiais;57;BR-116/PR;Sul;Colisão Lateral;2;2;;;;;1
14/11/2020;18:28:00;210;2 - Acidente com VITIMA;487,1;BR-116/SP;Norte;Choque - Talude;2;1;;1;;;2
14/11/2020;01:36:00;20;2 - Acidente com VITIMA;486;BR-116/SP;Sul;Colisão Traseira;1;1;1;;;;1
14/11/2020;22:51:00;252;2 - Acidente com VITIMA;17;BR-116/PR;Sul;Colisão Traseira;2;1;;1;;;2
14/11/2020;03:15:00;28;2 - Acidente com VITIMA;23,1;BR-116/PR;Sul;Engavetamento;3;2;;;1;;2
14/11/2020;08:00:00;73;3 - Acidente com Danos Materiais;6,8;BR-116/PR;Sul;Colisão Lateral;2;2;;;;;1
14/11/2020;00:28:00;9;3 - Acidente com Danos Materiais;350,9;BR-116/SP;Sul;Colisão Traseira;1;2;;;;;1
14/11/2020;04:32:00;43;3 - Acidente com Danos Materiais;528,5;BR-116/SP;Sul;Saida de Pista;1;1;;;;;1
14/11/2020;16:49:00;200;3 - Acidente com Danos Materiais;565,05;BR-116/SP;Sul;Saida de Pista;1;1;;;;;1
15/11/2020;17:35:00;196;3 - Acidente com Danos Materiais;544,3;BR-116/SP;Norte;Tombamento;1;1;;;;;1
15/11/2020;23:46:00;284;2 - Acidente com VITIMA;39,3;BR-116/PR;Sul;Tombamento;1;0;2;;;;1
15/11/2020;23:18:00;278;3 - Acidente com Danos Materiais;39,9;BR-116/PR;Norte;Colisão Traseira;1;4;;;;;1
15/11/2020;17:29:00;193;3 - Acidente com Danos Materiais;281;BR-116/SP;Sul;Colisão Traseira;1;2;;;;;1
15/11/2020;21:15:00;258;3 - Acidente com Danos Materiais;512;BR-116/SP;Norte;Choque - Talude;1;1;;;;;1
15/11/2020;16:23:00;174;2 - Acidente com VITIMA;361;BR-116/SP;Sul;Tombamento;2;2;;;1;;2
16/11/2020;09:13:00;94;3 - Acidente com Danos Materiais;292,5;BR-116/SP;Norte;Colisão Traseira;1;5;;;;;1
16/11/2020;21:18:00;280;2 - Acidente com VITIMA;389,9;BR-116/SP;Norte;Colisão Lateral;1;2;1;;;;1
16/11/2020;22:10:00;283;2 - Acidente com VITIMA;511,1;BR-116/SP;Sul;Tombamento;1;0;1;;;;1
17/11/2020;02:59:00;34;2 - Acidente com VITIMA;289;BR-116/SP;Sul;Colisão Lateral;2;1;1;;;;1
17/11/2020;02:58:00;33;3 - Acidente com Danos Materiais;341,1;BR-116/SP;Sul;Colisão Traseira;2;2;;;;;1
17/11/2020;22:32:00;270;3 - Acidente com Danos Materiais;302,2;BR-116/SP;Sul;Colisão Traseira;2;2;;;;;1
17/11/2020;04:53:00;47;2 - Acidente com VITIMA;281,05;BR-116/SP;Norte;Colisão Lateral;2;1;2;;;;1
17/11/2020;06:21:00;54;2 - Acidente com VITIMA;425,9;BR-116/SP;Norte;Tombamento;1;0;;1;;;2
17/11/2020;16:33:00;213;2 - Acidente com VITIMA;562,4;BR-116/SP;Sul;Tombamento;1;0;2;;;;1
18/11/2020;21:24:00;297;3 - Acidente com Danos Materiais;447,45;BR-116/SP;Norte;Choque - Elemento de Drenagem;1;2;;;;;1
18/11/2020;13:59:00;176;3 - Acidente com Danos Materiais;38;BR-116/PR;Norte;Colisão Traseira;2;2;;;;;1
18/11/2020;04:51:00;35;3 - Acidente com Danos Materiais;343,2;BR-116/SP;Sul;Choque - Objeto sobre a pista;1;3;;;;;1
18/11/2020;15:45:00;207;3 - Acidente com Danos Materiais;57,2;BR-116/PR;Norte;Engavetamento;2;5;;;;;1
18/11/2020;12:59:00;164;3 - Acidente com Danos Materiais;14;BR-116/PR;Norte;Colisão Lateral;1;3;;;;;1
18/11/2020;19:01:00;267;3 - Acidente com Danos Materiais;548,7;BR-116/SP;Sul;Choque - Talude;1;1;;;;;1
18/11/2020;09:01:00;97;2 - Acidente com VITIMA;513,3;BR-116/SP;Norte;Tombamento;1;0;1;;;;1
19/11/2020;08:59:00;104;3 - Acidente com Danos Materiais;436,7;BR-116/SP;Sul;Colisão Lateral;1;3;;;;;1
19/11/2020;10:04:00;132;3 - Acidente com Danos Materiais;523,86;BR-116/SP;Sul;Colisão Traseira;1;3;;;;;1
19/11/2020;06:36:00;60;2 - Acidente com VITIMA;5,5;BR-116/PR;Norte;Tombamento;1;0;1;;;;1
19/11/2020;01:11:00;16;2 - Acidente com VITIMA;548,2;BR-116/SP;Norte;Engavetamento;3;2;1;;;;1
19/11/2020;02:54:00;35;3 - Acidente com Danos Materiais;514,2;BR-116/SP;Norte;Choque - Talude;1;1;;;;;1
19/11/2020;04:13:00;42;3 - Acidente com Danos Materiais;545,8;BR-116/SP;Sul;Saida de Pista;1;1;;;;;1
19/11/2020;06:43:00;62;3 - Acidente com Danos Materiais;464;BR-116/SP;Norte;Saida de Pista;1;1;;;;;1
19/11/2020;06:40:00;61;3 - Acidente com Danos Materiais;499,5;BR-116/SP;Sul;Tombamento;1;1;;;;;1
19/11/2020;06:55:00;66;3 - Acidente com Danos Materiais;548,7;BR-116/SP;Sul;Tombamento;1;1;;;;;1
19/11/2020;13:50:00;202;3 - Acidente com Danos Materiais;362,6;BR-116/SP;Sul;Choque - Defensa, barreira ou "submarino";1;1;;;;;1
19/11/2020;19:16:00;291;2 - Acidente com VITIMA;567;BR-116/SP;Norte;Choque - Defensa, barreira ou "submarino";1;1;;1;;;2
19/11/2020;19:26:00;293;3 - Acidente com Danos Materiais;548,7;BR-116/SP;Sul;Choque - Talude;1;1;;;;;1
19/11/2020;19:51:00;303;3 - Acidente com Danos Materiais;16,6;BR-116/PR;Norte;Choque - Defensa, barreira ou "submarino";1;1;;;;;1
19/11/2020;09:18:00;113;3 - Acidente com Danos Materiais;531;BR-116/SP;Sul;Engavetamento;4;4;;;;;1
19/11/2020;01:35:00;21;3 - Acidente com Danos Materiais;486,9;BR-116/SP;Norte;Colisão Lateral;2;2;;;;;1
20/11/2020;02:09:00;19;2 - Acidente com VITIMA;514,4;BR-116/SP;Sul;Colisão Traseira;2;1;1;;;;1
20/11/2020;01:34:00;13;3 - Acidente com Danos Materiais;514,9;BR-116/SP;Norte;Colisão Traseira;2;2;;;;;1
20/11/2020;07:06:00;77;3 - Acidente com Danos Materiais;2;BR-116/PR;Norte;Colisão Traseira;1;2;;;;;1
20/11/2020;11:41:00;171;3 - Acidente com Danos Materiais;567;BR-116/SP;Sul;Choque - Elemento de Drenagem;1;1;;;;;1
20/11/2020;23:44:00;352;2 - Acidente com VITIMA;6;BR-116/PR;Sul;Capotamento;1;3;1;;;;1
20/11/2020;19:08:00;304;2 - Acidente com VITIMA;512,1;BR-116/SP;Norte;Tombamento;1;0;;1;;;2
21/11/2020;20:47:00;288;3 - Acidente com Danos Materiais;386,2;BR-116/SP;Norte;Tombamento;1;1;;;;;1
21/11/2020;04:23:00;35;3 - Acidente com Danos Materiais;509;BR-116/SP;Norte;Choque - Defensa, barreira ou "submarino";1;1;;;;;1
21/11/2020;02:16:00;22;3 - Acidente com Danos Materiais;508,4;BR-116/SP;Norte;Choque - Defensa, barreira ou "submarino";2;2;;;;;1
22/11/2020;11:34:00;91;2 - Acidente com VITIMA;504,5;BR-116/SP;Norte;Tombamento;1;0;;1;;;2
22/11/2020;23:41:00;279;3 - Acidente com Danos Materiais;504,6;BR-116/SP;Norte;Colisão Traseira;2;2;;;;;1
22/11/2020;06:50:00;29;2 - Acidente com VITIMA;347,6;BR-116/SP;Norte;Colisão Lateral;1;1;;1;;;2
22/11/2020;06:36:00;27;3 - Acidente com Danos Materiais;309,7;BR-116/SP;Sul;Colisão Lateral;1;9;;;;;1
22/11/2020;17:34:00;188;3 - Acidente com Danos Materiais;325,5;BR-116/SP;Norte;Colisão Lateral;1;5;;;;;1
22/11/2020;19:57:00;242;2 - Acidente com VITIMA;347,4;BR-116/SP;Norte;Choque - Defensa, barreira ou "submarino";1;0;1;;;;1
22/11/2020;16:07:00;165;2 - Acidente com VITIMA;411;BR-116/SP;Sul;Tombamento;1;0;1;;;;1
23/11/2020;15:06:00;183;3 - Acidente com Danos Materiais;360,1;BR-116/SP;Norte;Tombamento;1;2;;;;;1
23/11/2020;09:02:00;84;3 - Acidente com Danos Materiais;285;BR-116/SP;Norte;Colisão Lateral;1;2;;;;;1
23/11/2020;04:47:00;36;3 - Acidente com Danos Materiais;283,1;BR-116/SP;Norte;Colisão Lateral;2;3;;;;;1
24/11/2020;06:57:00;51;3 - Acidente com Danos Materiais;358,1;BR-116/SP;Norte;Colisão Traseira;1;2;;;;;1
24/11/2020;14:42:00;210;3 - Acidente com Danos Materiais;298,3;BR-116/SP;Sul;Colisão Traseira;2;2;;;;;1
24/11/2020;18:04:00;261;3 - Acidente com Danos Materiais;438,1;BR-116/SP;Sul;Colisão Traseira;2;2;;;;;1
24/11/2020;19:15:00;279;3 - Acidente com Danos Materiais;286;BR-116/SP;Norte;Colisão Traseira;1;2;;;;;1
24/11/2020;03:54:00;25;3 - Acidente com Danos Materiais;323,4;BR-116/SP;Norte;Tombamento;1;1;;;;;1
24/11/2020;08:30:00;82;3 - Acidente com Danos Materiais;512,9;BR-116/SP;Norte;Saida de Pista;1;1;;;;;1
25/11/2020;09:45:00;129;3 - Acidente com Danos Materiais;504;BR-116/SP;Sul;Choque - Defensa, barreira ou "submarino";1;1;;;;;1
25/11/2020;08:05:00;87;3 - Acidente com Danos Materiais;318;BR-116/SP;Sul;Capotamento;1;2;;;;;1
26/11/2020;15:48:00;229;3 - Acidente com Danos Materiais;442,2;BR-116/SP;Sul;Colisão Traseira;2;2;;;;;1
26/11/2020;13:47:00;192;2 - Acidente com VITIMA;351,2;BR-116/SP;Sul;Colisão Traseira;3;1;2;;;;1
26/11/2020;07:19:00;61;3 - Acidente com Danos Materiais;359,25;BR-116/SP;Norte;Tombamento;1;1;;;;;1
26/11/2020;00:57:00;13;3 - Acidente com Danos Materiais;461;BR-116/SP;Norte;Choque - Defensa, barreira ou "submarino";1;1;;;;;1
26/11/2020;05:16:00;42;2 - Acidente com VITIMA;557;BR-116/SP;Sul;Colisão Lateral;2;1;;1;;;2
26/11/2020;06:27:00;52;2 - Acidente com VITIMA;370,4;BR-116/SP;Norte;Colisão Traseira;2;1;1;;;;1
26/11/2020;22:32:00;344;3 - Acidente com Danos Materiais;352,5;BR-116/SP;Sul;Colisão Traseira;2;2;;;;;1
26/11/2020;17:08:00;260;3 - Acidente com Danos Materiais;2,5;BR-116/CW;Norte;Colisão Lateral;1;5;;;;;1
26/11/2020;22:35:00;346;3 - Acidente com Danos Materiais;365;BR-116/SP;Sul;Colisão Lateral;2;2;;;;;1
27/11/2020;11:18:00;164;3 - Acidente com Danos Materiais;310,5;BR-116/SP;Norte;Tombamento;1;1;;;;;1
27/11/2020;17:32:00;262;3 - Acidente com Danos Materiais;503,3;BR-116/SP;Sul;Colisão Traseira;1;5;;;;;1
27/11/2020;17:22:00;259;3 - Acidente com Danos Materiais;281;BR-116/SP;Sul;Colisão Lateral;1;2;;;;;1