data;horario;n_da_ocorrencia;tipo_de_ocorrencia;km;trecho;sentido;tipo_de_acidente;caminhao;ilesos;levemente_feridos;moderadamente_feridos;gravemente_feridos;mortos;3
27/11/2020;05:13:00;47;3 - Acidente com Danos Materiais;544;BR-116/SP;Sul;Saida de Pista;1;1;;;;;1
27/11/2020;00:37:00;13;3 - Acidente com Danos Materiais;45,7;BR-116/PR;Sul;Colisão Traseira;1;22;;;;;1
27/11/2020;16:11:00;235;3 - Acidente com Danos Materiais;18,6;BR-116/PR;Norte;Choque - Talude;1;1;;;;;1
27/11/2020;15:18:00;221;3 - Acidente com Danos Materiais;508,1;BR-116/SP;Norte;Tombamento;1;1;;;;;1
27/11/2020;00:25:00;10;3 - Acidente com Danos Materiais;548,7;BR-116/SP;Sul;Saida de Pista;1;1;;;;;1
28/11/2020;00:32:00;13;1 - Acidente com Vitima Fatal;533,2;BR-116/SP;Sul;Colisão Traseira;1;0;;1;;1;3
28/11/2020;02:12:00;30;3 - Acidente com Danos Materiais;350,9;BR-116/SP;Norte;Colisão Lateral;1;2;;;;;1
28/11/2020;07:16:00;72;3 - Acidente com Danos Materiais;359;BR-116/SP;Sul;Colisão Traseira;2;2;;;;;1
28/11/2020;01:27:00;24;3 - Acidente com Danos Materiais;460,5;BR-116/SP;Sul;Colisão Traseira;1;4;;;;;1
28/11/2020;08:02:00;90;2 - Acidente com VITIMA;279,9;BR-116/SP;Sul;Colisão Traseira;1;1;;;2;;2
28/11/2020;16:33:00;218;3 - Acidente com Danos Materiais;391,5;BR-116/SP;Sul;Tombamento;1;1;;;;;1
28/11/2020;03:06:00;38;3 - Acidente com Danos Materiais;63,8;BR-116/PR;Norte;Saida de Pista;1;1;;;;;1
29/11/2020;15:25:00;181;3 - Acidente com Danos Materiais;544;BR-116/SP;Norte;Colisão Traseira;2;2;;;;;1
29/11/2020;11:49:00;123;2 - Acidente com VITIMA;509,7;BR-116/SP;Norte;Tombamento;1;0;;1;;;2
30/11/2020;06:53:00;56;2 - Acidente com VITIMA;289,1;BR-116/SP;Norte;Choque - Veiculo parado no acostamento;1;2;1;;;;1
01/12/2020;06:29:00;47;3 - Acidente com Danos Materiais;517,7;BR-116/SP;Sul;Tombamento;1;1;;;;;1
01/12/2020;00:10:00;2;3 - Acidente com Danos Materiais;24,2;BR-116/PR;Sul;Colisão Traseira;1;2;;;;;1
01/12/2020;04:36:00;28;2 - Acidente com VITIMA;462,3;BR-116/SP;Norte;Tombamento;1;1;1;;;;1
02/12/2020;06:01:00;48;3 - Acidente com Danos Materiais;503,4;BR-116/SP;Sul;Choque - Talude;1;1;;;;;1
02/12/2020;09:16:00;121;3 - Acidente com Danos Materiais;22;BR-116/PR;Norte;Choque - Defensa, barreira ou "submarino";1;1;;;;;1
02/12/2020;16:13:00;256;2 - Acidente com VITIMA;431,8;BR-116/SP;Norte;Colisão Traseira;1;1;1;;;;1
02/12/2020;11:03:00;155;3 - Acidente com Danos Materiais;546;BR-116/SP;Sul;Saida de Pista;1;1;;;;;1
02/12/2020;08:02:00;87;3 - Acidente com Danos Materiais;507,6;BR-116/SP;Norte;Saida de Pista;1;1;;;;;1
02/12/2020;05:51:00;47;3 - Acidente com Danos Materiais;503;BR-116/SP;Sul;Choque - Talude;1;1;;;;;1
03/12/2020;19:33:00;324;3 - Acidente com Danos Materiais;485,8;BR-116/SP;Norte;Colisão Traseira;2;2;;;;;1
03/12/2020;08:36:00;120;3 - Acidente com Danos Materiais;503,4;BR-116/SP;Sul;Choque - Talude;1;1;;;;;1
03/12/2020;07:21:00;74;3 - Acidente com Danos Materiais;481;BR-116/SP;Norte;Colisão Traseira;1;2;;;;;1
03/12/2020;07:17:00;71;3 - Acidente com Danos Materiais;407,7;BR-116/SP;Sul;Saida de Pista;1;1;;;;;1
04/12/2020;10:26:00;123;3 - Acidente com Danos Materiais;503;BR-116/SP;Sul;Colisão Lateral;1;6;;;;;1
04/12/2020;11:10:00;143;3 - Acidente com Danos Materiais;449;BR-116/SP;Sul;Colisão Lateral;2;2;;;;;1
04/12/2020;12:27:00;170;3 - Acidente com Danos Materiais;486,2;BR-116/SP;Norte;Saida de Pista;1;1;;;;;1
04/12/2020;23:53:00;335;3 - Acidente com Danos Materiais;456;BR-116/SP;Sul;Saida de Pista;1;1;;;;;1
04/12/2020;21:33:00;309;3 - Acidente com Danos Materiais;359,8;BR-116/SP;Sul;Colisão Traseira;2;3;;;;;1
04/12/2020;23:25:00;329;2 - Acidente com VITIMA;355,5;BR-116/SP;Sul;Colisão Traseira;2;5;1;;;;1
04/12/2020;23:53:00;336;3 - Acidente com Danos Materiais;355,65;BR-116/SP;Sul;Colisão Traseira;1;4;;;;;1
04/12/2020;07:46:00;63;3 - Acidente com Danos Materiais;541;BR-116/SP;Sul;Colisão Lateral;1;4;;;;;1
04/12/2020;11:32:00;154;3 - Acidente com Danos Materiais;466,5;BR-116/SP;Norte;Choque - Elemento de Drenagem;1;1;;;;;1
05/12/2020;13:31:00;157;3 - Acidente com Danos Materiais;545;BR-116/SP;Sul;Choque - Talude;1;1;;;;;1
05/12/2020;16:58:00;215;2 - Acidente com VITIMA;485,7;BR-116/SP;Norte;Choque - Defensa, barreira ou "submarino";1;0;1;;;;1
05/12/2020;09:38:00;90;3 - Acidente com Danos Materiais;57;BR-116/PR;Sul;Colisão Traseira;2;2;;;;;1
05/12/2020;20:34:00;266;3 - Acidente com Danos Materiais;48,8;BR-116/PR;Sul;Colisão Lateral;1;3;;;;;1
05/12/2020;01:29:00;7;3 - Acidente com Danos Materiais;355,7;BR-116/SP;Sul;Outros - Sequência;2;3;;;;;1
05/12/2020;19:48:00;256;3 - Acidente com Danos Materiais;361,1;BR-116/SP;Norte;Colisão Traseira;2;2;;;;;1
05/12/2020;15:19:00;186;3 - Acidente com Danos Materiais;51;BR-116/PR;Sul;Choque - Defensa, barreira ou "submarino";1;1;;;;;1
05/12/2020;15:59:00;200;2 - Acidente com VITIMA;527;BR-116/SP;Norte;Colisão Lateral;1;2;1;;;;1
05/12/2020;16:02:00;202;3 - Acidente com Danos Materiais;43,25;BR-116/PR;Sul;Colisão Traseira;1;2;;;;;1
06/12/2020;16:08:00;184;2 - Acidente com VITIMA;567;BR-116/SP;Norte;Colisão Traseira;1;2;3;;;;1
06/12/2020;10:02:00;89;3 - Acidente com Danos Materiais;565,1;BR-116/SP;Sul;Colisão Traseira;1;5;;;;;1
06/12/2020;13:08:00;139;2 - Acidente com VITIMA;507;BR-116/SP;Norte;Colisão Lateral;1;4;1;;;;1
06/12/2020;10:43:00;97;2 - Acidente com VITIMA;285,3;BR-116/SP;Sul;Engavetamento;2;4;1;1;;;2
06/12/2020;15:52:00;182;3 - Acidente com Danos Materiais;47,3;BR-116/PR;Norte;Colisão Traseira;2;2;;;;;1
06/12/2020;17:41:00;216;3 - Acidente com Danos Materiais;541,1;BR-116/SP;Sul;Colisão Lateral;1;2;;;;;1
06/12/2020;19:28:00;237;3 - Acidente com Danos Materiais;289,9;BR-116/SP;Norte;Colisão Traseira;1;2;;;;;1
06/12/2020;07:04:00;38;3 - Acidente com Danos Materiais;516,6;BR-116/SP;Sul;Choque - Elemento de Drenagem;1;1;;;;;1
06/12/2020;05:37:00;24;3 - Acidente com Danos Materiais;424;BR-116/SP;Sul;Choque - Talude;1;2;;;;;1
06/12/2020;00:35:00;7;2 - Acidente com VITIMA;503,5;BR-116/SP;Sul;Tombamento;1;1;1;;;;1
06/12/2020;09:21:00;76;3 - Acidente com Danos Materiais;522,9;BR-116/SP;Sul;Capotamento;1;1;;;;;1
06/12/2020;17:10:00;204;3 - Acidente com Danos Materiais;310,4;BR-116/SP;Norte;Colisão Traseira;1;2;;;;;1
07/12/2020;18:21:00;270;3 - Acidente com Danos Materiais;316,9;BR-116/SP;Sul;Tombamento;1;1;;;;;1
07/12/2020;00:56:00;6;3 - Acidente com Danos Materiais;556,2;BR-116/SP;Norte;Saida de Pista;1;1;;;;;1
07/12/2020;22:38:00;319;3 - Acidente com Danos Materiais;532;BR-116/SP;Norte;Colisão Traseira;1;2;;;;;1
07/12/2020;23:24:00;326;2 - Acidente com VITIMA;565,1;BR-116/SP;Sul;Colisão Traseira;1;4;1;;;;1
07/12/2020;22:18:00;314;3 - Acidente com Danos Materiais;452,7;BR-116/SP;Norte;Saida de Pista;1;1;;;;;1
07/12/2020;06:12:00;49;3 - Acidente com Danos Materiais;489;BR-116/SP;Sul;Choque - Defensa, barreira ou "submarino";1;1;;;;;1
07/12/2020;06:50:00;58;3 - Acidente com Danos Materiais;512;BR-116/SP;Norte;Saida de Pista;1;1;;;;;1
07/12/2020;07:22:00;66;2 - Acidente com VITIMA;561,8;BR-116/SP;Sul;Choque - Defensa, barreira ou "submarino";1;0;1;;;;1
07/12/2020;13:32:00;197;3 - Acidente com Danos Materiais;362;BR-116/SP;Sul;Choque - Defensa, barreira ou "submarino";1;1;;;;;1
07/12/2020;16:29:00;241;3 - Acidente com Danos Materiais;9,4;BR-116/PR;Sul;Choque - Defensa, barreira ou "submarino";1;1;;;;;1
08/12/2020;16:39:00;216;3 - Acidente com Danos Materiais;509,6;BR-116/SP;Norte;Tombamento;1;2;;;;;1
08/12/2020;08:09:00;77;3 - Acidente com Danos Materiais;554,4;BR-116/SP;Sul;Colisão Traseira;1;2;;;;;1
08/12/2020;09:30:00;107;2 - Acidente com VITIMA;275,1;BR-116/SP;Norte;Engavetamento;2;3;1;;;;1
08/12/2020;17:10:00;227;2 - Acidente com VITIMA;282,7;BR-116/SP;Sul;Colisão Lateral;1;2;;1;;;2
08/12/2020;03:54:00;33;3 - Acidente com Danos Materiais;339,5;BR-116/SP;Sul;Tombamento;1;2;;;;;1
08/12/2020;16:42:00;218;3 - Acidente com Danos Materiais;301,5;BR-116/SP;Norte;Colisão Lateral;2;2;;;;;1
08/12/2020;21:43:00;289;3 - Acidente com Danos Materiais;24,9;BR-116/PR;Sul;Colisão Traseira;1;2;;;;;1
08/12/2020;12:34:00;162;2 - Acidente com VITIMA;499,9;BR-116/SP;Sul;Saida de Pista;1;0;1;;;;1
08/12/2020;22:39:00;294;3 - Acidente com Danos Materiais;397,05;BR-116/SP;Sul;Choque - Defensa, barreira ou "submarino";1;1;;;;;1
08/12/2020;00:44:00;9;3 - Acidente com Danos Materiais;26;BR-116/PR;Norte;Engavetamento;1;40;;;;;1
09/12/2020;09:40:00;109;3 - Acidente com Danos Materiais;289,8;BR-116/SP;Sul;Colisão Traseira;2;2;;;;;1
09/12/2020;13:18:00;172;3 - Acidente com Danos Materiais;308;BR-116/SP;Sul;Colisão Traseira;2;2;;;;;1
09/12/2020;19:29:00;281;3 - Acidente com Danos Materiais;284,6;BR-116/SP;Norte;Colisão Lateral;1;2;;;;;1
09/12/2020;21:56:00;317;3 - Acidente com Danos Materiais;485,7;BR-116/SP;Norte;Colisão Traseira;2;2;;;;;1
09/12/2020;22:55:00;327;3 - Acidente com Danos Materiais;334;BR-116/SP;Norte;Colisão Traseira;1;4;;;;;1
09/12/2020;16:37:00;226;3 - Acidente com Danos Materiais;283,4;BR-116/SP;Norte;Colisão Traseira;1;2;;;;;1
09/12/2020;19:23:00;277;3 - Acidente com Danos Materiais;290,5;BR-116/SP;Norte;Colisão Lateral;1;2;;;;;1
09/12/2020;19:43:00;287;1 - Acidente com Vitima Fatal;329,1;BR-116/SP;Norte;Atropelamento - Ambulante;1;1;;;;1;3
10/12/2020;01:41:00;13;3 - Acidente com Danos Materiais;16;BR-116/PR;Sul;Colisão Traseira;2;2;;;;;1
10/12/2020;01:34:00;12;3 - Acidente com Danos Materiais;16,1;BR-116/PR;Sul;Colisão Traseira;2;3;;;;;1
10/12/2020;06:37:00;50;3 - Acidente com Danos Materiais;563;BR-116/SP;Sul;Saida de Pista;1;1;;;;;1
10/12/2020;12:30:00;185;3 - Acidente com Danos Materiais;278,9;BR-116/SP;Sul;Colisão Lateral;1;2;;;;;1
10/12/2020;15:50:00;246;3 - Acidente com Danos Materiais;19,4;BR-116/PR;Norte;Colisão Traseira;2;2;;;;;1
10/12/2020;04:01:00;29;3 - Acidente com Danos Materiais;4,3;BR-116/PR;Sul;Tombamento;1;1;;;;;1
10/12/2020;01:13:00;7;3 - Acidente com Danos Materiais;409,1;BR-116/SP;Sul;Choque - Defensa, barreira ou "submarino";1;1;;;;;1
10/12/2020;05:43:00;38;2 - Acidente com VITIMA;511,8;BR-116/SP;Norte;Tombamento;1;0;1;;;;1
10/12/2020;11:44:00;175;3 - Acidente com Danos Materiais;400;BR-116/SP;Sul;Saida de Pista;1;1;;;;;1
11/12/2020;07:54:00;86;3 - Acidente com Danos Materiais;68,5;BR-116/PR;Norte;Colisão Lateral;1;2;;;;;1
11/12/2020;10:34:00;148;3 - Acidente com Danos Materiais;290;BR-116/SP;Norte;Colisão Traseira;2;2;;;;;1
11/12/2020;18:07:00;300;3 - Acidente com Danos Materiais;298;BR-116/SP;Norte;Colisão Lateral;1;2;;;;;1
11/12/2020;18:10:00;302;3 - Acidente com Danos Materiais;323;BR-116/SP;Norte;Colisão Lateral;1;2;;;;;1
11/12/2020;19:04:00;319;3 - Acidente com Danos Materiais;284;BR-116/SP;Norte;Colisão Traseira;1;2;;;;;1
11/12/2020;15:54:00;255;3 - Acidente com Danos Materiais;363;BR-116/SP;Norte;Choque - Defensa, barreira ou "submarino";1;1;;;;;1
11/12/2020;17:04:00;280;3 - Acidente com Danos Materiais;327;BR-116/SP;Norte;Saida de Pista;1;1;;;;;1
11/12/2020;18:31:00;309;2 - Acidente com VITIMA;549;BR-116/SP;Norte;Choque - Defensa, barreira ou "submarino";1;1;1;;;;1
12/12/2020;09:56:00;96;3 - Acidente com Danos Materiais;36;BR-116/PR;Norte;Engavetamento;3;3;;;;;1
12/12/2020;14:58:00;181;3 - Acidente com Danos Materiais;279,3;BR-116/SP;Sul;Colisão Lateral;1;2;;;;;1
12/12/2020;22:24:00;302;3 - Acidente com Danos Materiais;337,9;BR-116/SP;Sul;Tombamento;1;1;;;;;1
12/12/2020;17:28:00;233;2 - Acidente com VITIMA;296,3;BR-116/SP;Sul;Colisão Lateral;1;1;1;;;;1
12/12/2020;00:26:00;2;3 - Acidente com Danos Materiais;345,3;BR-116/SP;Sul;Tombamento;1;3;;;;;1
12/12/2020;16:10:00;211;3 - Acidente com Danos Materiais;426,6;BR-116/SP;Sul;Colisão Traseira;2;2;;;;;1
12/12/2020;20:20:00;277;2 - Acidente com VITIMA;49;BR-116/PR;Norte;Colisão Lateral;1;1;1;1;;;2
12/12/2020;23:30:00;308;3 - Acidente com Danos Materiais;18,9;BR-116/PR;Sul;Colisão Traseira;2;2;;;;;1
12/12/2020;05:05:00;36;3 - Acidente com Danos Materiais;32,5;BR-116/PR;Norte;Tombamento;1;1;;;;;1
13/12/2020;09:51:00;98;2 - Acidente com VITIMA;359,201;BR-116/SP;Norte;Tombamento;1;0;;1;;;2
13/12/2020;18:00:00;255;3 - Acidente com Danos Materiais;304,3;BR-116/SP;Norte;Colisão Traseira;2;2;;;;;1
13/12/2020;18:11:00;261;3 - Acidente com Danos Materiais;48,1;BR-116/PR;Sul;Colisão Traseira;1;2;;;;;1
13/12/2020;04:18:00;26;3 - Acidente com Danos Materiais;54,1;BR-116/PR;Sul;Colisão Traseira;2;2;;;;;1
13/12/2020;05:22:00;34;2 - Acidente com VITIMA;0,4;BR-116/PR;Sul;Tombamento;1;0;2;;;;1
13/12/2020;06:57:00;49;1 - Acidente com Vitima Fatal;544,4;BR-116/SP;Norte;Tombamento;1;0;1;;;1;3
13/12/2020;14:42:00;179;3 - Acidente com Danos Materiais;426,5;BR-116/SP;Sul;Choque - Defensa, barreira ou "submarino";1;3;;;;;1
13/12/2020;14:30:00;173;3 - Acidente com Danos Materiais;28;BR-116/PR;Norte;Choque - Defensa, barreira ou "submarino";1;1;;;;;1
13/12/2020;16:11:00;217;3 - Acidente com Danos Materiais;42,1;BR-116/PR;Sul;Choque - Defensa, barreira ou "submarino";1;1;;;;;1
13/12/2020;05:01:00;30;2 - Acidente com VITIMA;515,4;BR-116/SP;Norte;Tombamento;1;0;1;;;;1
14/12/2020;17:30:00;244;3 - Acidente com Danos Materiais;16,2;BR-116/PR;Sul;Choque - Defensa, barreira ou "submarino";1;2;;;;;1
14/12/2020;20:14:00;285;3 - Acidente com Danos Materiais;46,9;BR-116/PR;Norte;Choque - Defensa, barreira ou "submarino";1;1;;;;;1
14/12/2020;18:09:00;257;3 - Acidente com Danos Materiais;19;BR-116/PR;Norte;Saida de Pista;1;1;;;;;1
14/12/2020;13:44:00;180;3 - Acidente com Danos Materiais;544,7;BR-116/SP;Norte;Tombamento;1;1;;;;;1
14/12/2020;17:08:00;237;3 - Acidente com Danos Materiais;29,6;BR-116/PR;Norte;Choque - Defensa, barreira ou "submarino";1;1;;;;;1
14/12/2020;17:34:00;247;3 - Acidente com Danos Materiais;565,4;BR-116/SP;Sul;Saida de Pista;1;1;;;;;1
14/12/2020;21:54:00;302;3 - Acidente com Danos Materiais;349,5;BR-116/SP;Sul;Choque - Talude;1;1;;;;;1
14/12/2020;16:31:00;224;2 - Acidente com VITIMA;273,7;BR-116/SP;Sul;Engavetamento;1;3;1;;;;1
15/12/2020;19:13:00;311;3 - Acidente com Danos Materiais;342;BR-116/SP;Sul;Colisão Traseira;2;2;;;;;1
15/12/2020;23:26:00;364;3 - Acidente com Danos Materiais;354,7;BR-116/SP;Sul;Choque - Defensa, barreira ou "submarino";1;1;;;;;1
15/12/2020;22:19:00;353;3 - Acidente com Danos Materiais;545,9;BR-116/SP;Norte;Colisão Lateral;1;5;;;;;1
15/12/2020;14:20:00;215;3 - Acidente com Danos Materiais;507,55;BR-116/SP;Sul;Tombamento;1;1;;;;;1
15/12/2020;16:19:00;244;3 - Acidente com Danos Materiais;16,9;BR-116/PR;Norte;Tombamento;1;2;;;;;1
15/12/2020;21:55:00;345;3 - Acidente com Danos Materiais;457;BR-116/SP;Sul;Saida de Pista;1;3;;;;;1
16/12/2020;10:44:00;137;3 - Acidente com Danos Materiais;363,4;BR-116/SP;Sul;Colisão Traseira;1;2;;;;;1
16/12/2020;11:00:00;141;3 - Acidente com Danos Materiais;57,35;BR-116/PR;Norte;Colisão Traseira;1;3;;;;;1
17/12/2020;12:59:00;146;3 - Acidente com Danos Materiais;359,2;BR-116/SP;Norte;Tombamento;1;1;;;;;1
17/12/2020;01:42:00;10;3 - Acidente com Danos Materiais;353,5;BR-116/SP;Norte;Colisão Traseira;2;2;;;;;1
17/12/2020;14:03:00;166;1 - Acidente com Vitima Fatal;548;BR-116/SP;Sul;Choque - Defensa, barreira ou "submarino";1;0;;;;1;3
17/12/2020;14:13:00;167;3 - Acidente com Danos Materiais;42;BR-116/PR;Sul;Colisão Transversal;1;3;;;;;1
17/12/2020;08:08:00;61;2 - Acidente com VITIMA;433,2;BR-116/SP;Norte;Colisão Traseira;1;0;2;;;;1
18/12/2020;21:23:00;309;1 - Acidente com Vitima Fatal;9,3;BR-116/CW;Norte;Atropelamento - Outros;1;3;;;;1;3
18/12/2020;11:28:00;137;3 - Acidente com Danos Materiais;535;BR-116/SP;Norte;Colisão Traseira;2;2;;;;;1
18/12/2020;22:06:00;319;3 - Acidente com Danos Materiais;10;BR-116/CW;Norte;Colisão Lateral;1;2;;;;;1
18/12/2020;02:21:00;17;3 - Acidente com Danos Materiais;314,9;BR-116/SP;Sul;Tombamento;1;1;;;;;1
18/12/2020;10:38:00;125;3 - Acidente com Danos Materiais;447;BR-116/SP;Norte;Saida de Pista;1;2;;;;;1
18/12/2020;15:40:00;211;2 - Acidente com VITIMA;503,3;BR-116/SP;Sul;Choque - Talude;1;1;;1;;;2
18/12/2020;23:11:00;332;2 - Acidente com VITIMA;352,1;BR-116/SP;Norte;Colisão Traseira;2;1;;1;;;2
18/12/2020;14:46:00;193;3 - Acidente com Danos Materiais;394,2;BR-116/SP;Sul;Choque - Defensa, barreira ou "submarino";1;1;;;;;1
18/12/2020;13:34:00;173;3 - Acidente com Danos Materiais;515,6;BR-116/SP;Sul;Saida de Pista;1;2;;;;;1
18/12/2020;06:18:00;42;2 - Acidente com VITIMA;362,5;BR-116/SP;Sul;Tombamento;2;1;2;;;;1
18/12/2020;17:33:00;250;3 - Acidente com Danos Materiais;472,1;BR-116/SP;Sul;Saida de Pista;1;1;;;;;1
19/12/2020;17:38:00;254;3 - Acidente com Danos Materiais;565,03;BR-116/SP;Sul;Saida de Pista;1;1;;;;;1
19/12/2020;17:23:00;246;3 - Acidente com Danos Materiais;504;BR-116/SP;Sul;Choque - Defensa, barreira ou "submarino";1;1;;;;;1
19/12/2020;17:51:00;267;3 - Acidente com Danos Materiais;565;BR-116/SP;Sul;Tombamento;1;1;;;;;1
19/12/2020;18:31:00;285;3 - Acidente com Danos Materiais;504,6;BR-116/SP;Norte;Choque - Defensa, barreira ou "submarino";1;2;;;;;1
19/12/2020;00:24:00;2;2 - Acidente com VITIMA;346,5;BR-116/SP;Norte;Colisão Traseira;1;1;1;;;;1
20/12/2020;18:11:00;316;3 - Acidente com Danos Materiais;281;BR-116/SP;Norte;Colisão Lateral;1;2;;;;;1
20/12/2020;21:16:00;395;2 - Acidente com VITIMA;321;BR-116/SP;Norte;Colisão Traseira;2;1;1;;;;1
20/12/2020;16:53:00;273;3 - Acidente com Danos Materiais;40,1;BR-116/PR;Norte;Engavetamento;1;4;;;;;1
20/12/2020;03:03:00;23;2 - Acidente com VITIMA;499,4;BR-116/SP;Sul;Choque - Defensa, barreira ou "submarino";1;1;1;;;;1
20/12/2020;08:44:00;101;2 - Acidente com VITIMA;55;BR-116/PR;Sul;Colisão Lateral;1;1;1;;;;1
20/12/2020;18:37:00;326;3 - Acidente com Danos Materiais;51;BR-116/PR;Sul;Colisão Lateral;2;2;;;;;1
20/12/2020;23:22:00;419;3 - Acidente com Danos Materiais;9;BR-116/PR;Norte;Choque - Objeto sobre a pista;2;2;;;;;1
20/12/2020;05:58:00;43;2 - Acidente com VITIMA;307,7;BR-116/SP;Norte;Saida de Pista;1;0;1;;;;1
20/12/2020;12:18:00;162;3 - Acidente com Danos Materiais;370;BR-116/SP;Sul;Colisão Traseira;2;2;;;;;1
20/12/2020;17:59:00;311;3 - Acidente com Danos Materiais;42,1;BR-116/PR;Sul;Colisão Lateral;1;2;;;;;1
20/12/2020;09:27:00;112;3 - Acidente com Danos Materiais;353;BR-116/SP;Sul;Outros;1;1;;;;;1
21/12/2020;20:33:00;318;3 - Acidente com Danos Materiais;466;BR-116/SP;Sul;Colisão Traseira;1;2;;;;;1
21/12/2020;06:17:00;59;3 - Acidente com Danos Materiais;472,95;BR-116/SP;Norte;Tombamento;1;1;;;;;1
21/12/2020;06:31:00;63;2 - Acidente com VITIMA;499,9;BR-116/SP;Sul;Tombamento;1;0;1;;;;1
21/12/2020;14:33:00;210;3 - Acidente com Danos Materiais;504,5;BR-116/SP;Norte;Choque - Talude;1;2;;;;;1
21/12/2020;17:25:00;260;3 - Acidente com Danos Materiais;39,95;BR-116/PR;Sul;Saida de Pista;1;1;;;;;1
22/12/2020;16:54:00;278;2 - Acidente com VITIMA;310,5;BR-116/SP;Norte;Colisão Lateral;1;3;1;;;;1
22/12/2020;13:29:00;227;3 - Acidente com Danos Materiais;541;BR-116/SP;Sul;Colisão Traseira;1;6;;;;;1
22/12/2020;12:21:00;203;3 - Acidente com Danos Materiais;280;BR-116/SP;Norte;Colisão Traseira;1;2;;;;;1
22/12/2020;14:31:00;241;3 - Acidente com Danos Materiais;65,95;BR-116/PR;Sul;Colisão Traseira;1;4;;;;;1
22/12/2020;04:03:00;45;3 - Acidente com Danos Materiais;532,8;BR-116/SP;Norte;Saida de Pista;1;1;;;;;1
22/12/2020;15:14:00;254;3 - Acidente com Danos Materiais;57,2;BR-116/PR;Sul;Choque - Defensa, barreira ou "submarino";1;1;;;;;1
22/12/2020;17:29:00;288;3 - Acidente com Danos Materiais;463,01;BR-116/SP;Sul;Colisão Lateral;1;3;;;;;1
22/12/2020;06:49:00;71;3 - Acidente com Danos Materiais;507,5;BR-116/SP;Norte;Choque - Talude;1;1;;;;;1
23/12/2020;04:21:00;45;3 - Acidente com Danos Materiais;492,7;BR-116/SP;Norte;Saida de Pista;1;1;;;;;1
23/12/2020;02:07:00;27;3 - Acidente com Danos Materiais;513,95;BR-116/SP;Sul;Colisão Traseira;2;2;;;;;1
23/12/2020;11:49:00;162;3 - Acidente com Danos Materiais;357;BR-116/SP;Sul;Colisão Traseira;1;2;;;;;1
23/12/2020;18:52:00;302;3 - Acidente com Danos Materiais;15,5;BR-116/PR;Sul;Choque - Defensa, barreira ou "submarino";1;1;;;;;1
23/12/2020;14:05:00;202;3 - Acidente com Danos Materiais;485,7;BR-116/SP;Norte;Colisão Traseira;1;4;;;;;1
24/12/2020;00:52:00;9;3 - Acidente com Danos Materiais;294;BR-116/SP;Sul;Colisão Lateral;1;2;;;;;1
24/12/2020;10:20:00;121;3 - Acidente com Danos Materiais;282;BR-116/SP;Norte;Colisão Traseira;1;5;;;;;1
24/12/2020;05:08:00;51;3 - Acidente com Danos Materiais;346,7;BR-116/SP;Sul;Colisão Traseira;2;3;;;;;1
26/12/2020;17:41:00;139;3 - Acidente com Danos Materiais;485,8;BR-116/SP;Sul;Colisão Traseira;1;7;;;;;1
27/12/2020;12:43:00;118;3 - Acidente com Danos Materiais;320,4;BR-116/SP;Norte;Colisão Traseira;1;5;;;;;1
27/12/2020;13:18:00;129;2 - Acidente com VITIMA;297;BR-116/SP;Norte;Colisão Lateral;1;1;2;;;;1
27/12/2020;15:43:00;163;3 - Acidente com Danos Materiais;339,5;BR-116/SP;Sul;Choque - Defensa, barreira ou "submarino";1;1;;;;;1
28/12/2020;13:31:00;153;3 - Acidente com Danos Materiais;370,4;BR-116/SP;Norte;Colisão Traseira;1;2;;;;;1
28/12/2020;17:28:00;226;3 - Acidente com Danos Materiais;314;BR-116/SP;Norte;Colisão Traseira;1;7;;;;;1
28/12/2020;17:41:00;230;3 - Acidente com Danos Materiais;34,9;BR-116/PR;Sul;Choque - Defensa, barreira ou "submarino";1;1;;;;;1