data;horario;n_da_ocorrencia;tipo_de_ocorrencia;km;trecho;sentido;tipo_de_acidente;caminhao;ilesos;levemente_feridos;moderadamente_feridos;gravemente_feridos;mortos;3
28/12/2020;15:51:00;195;3 - Acidente com Danos Materiais;541,5;BR-116/SP;Norte;Choque - Defensa, barreira ou "submarino";1;3;;;;;1
28/12/2020;03:29:00;21;2 - Acidente com VITIMA;506,9;BR-116/SP;Norte;Tombamento;1;0;;;1;;2
28/12/2020;07:56:00;55;3 - Acidente com Danos Materiais;508;BR-116/SP;Sul;Colisão Traseira;1;3;;;;;1
28/12/2020;14:00:00;163;3 - Acidente com Danos Materiais;566;BR-116/SP;Sul;Colisão Lateral;1;2;;;;;1
28/12/2020;16:51:00;214;3 - Acidente com Danos Materiais;541,5;BR-116/SP;Sul;Choque - Defensa, barreira ou "submarino";1;3;;;;;1
29/12/2020;14:01:00;184;3 - Acidente com Danos Materiais;298,6;BR-116/SP;Sul;Colisão Lateral;1;6;;;;;1
29/12/2020;21:59:00;302;2 - Acidente com VITIMA;7,8;BR-116/PR;Sul;Outros - Sequência;1;7;1;;;;1
29/12/2020;18:22:00;249;3 - Acidente com Danos Materiais;387;BR-116/SP;Sul;Tombamento;1;1;;;;;1
29/12/2020;23:54:00;323;3 - Acidente com Danos Materiais;326,5;BR-116/SP;Sul;Saida de Pista;1;1;;;;;1
29/12/2020;09:47:00;98;3 - Acidente com Danos Materiais;353;BR-116/SP;Sul;Saida de Pista;1;3;;;;;1
30/12/2020;09:03:00;100;2 - Acidente com VITIMA;362,5;BR-116/SP;Sul;Queda de Moto;1;1;1;1;;;2
30/12/2020;11:54:00;148;2 - Acidente com VITIMA;463,3;BR-116/SP;Norte;Colisão Lateral;1;1;1;1;;;2
30/12/2020;01:43:00;25;2 - Acidente com VITIMA;283,25;BR-116/SP;Norte;Engavetamento;1;2;1;;;;1
30/12/2020;06:09:00;60;3 - Acidente com Danos Materiais;357,5;BR-116/SP;Norte;Tombamento;1;3;;;;;1
31/12/2020;10:10:00;122;2 - Acidente com VITIMA;269,5;BR-116/SP;Norte;Colisão Traseira;1;1;3;3;1;;2
31/12/2020;13:59:00;187;3 - Acidente com Danos Materiais;28;BR-116/PR;Norte;Choque - Defensa, barreira ou "submarino";1;1;;;;;1
01/01/2021;04:31:00;21;2 - Acidente com VITIMA;453,9;BR-116/SP;Sul;Tombamento;1;2;3;;;;1
01/01/2021;15:01:00;115;3 - Acidente com Danos Materiais;7,5;BR-116/PR;Norte;Colisão Lateral;1;2;;;;;1
01/01/2021;20:51:00;192;1 - Acidente com Vitima Fatal;58,7;BR-116/PR;Sul;Atropelamento - Andarilho;1;1;;;;1;3
02/01/2021;10:29:00;98;2 - Acidente com VITIMA;362,6;BR-116/SP;Sul;Tombamento;1;1;1;;;;1
02/01/2021;13:39:00;149;3 - Acidente com Danos Materiais;428,5;BR-116/SP;Norte;Tombamento;1;2;;;;;1
04/01/2021;12:20:00;137;3 - Acidente com Danos Materiais;426,6;BR-116/SP;Norte;Colisão Lateral;1;2;;;;;1
04/01/2021;15:13:00;180;2 - Acidente com VITIMA;550,4;BR-116/SP;Norte;Tombamento;1;;1;;;;1
04/01/2021;19:31:00;243;2 - Acidente com VITIMA;7,9;BR-116/CW;Norte;Engavetamento;1;2;1;;;;1
05/01/2021;10:33:00;125;3 - Acidente com Danos Materiais;57;BR-116/PR;Sul;Colisão Traseira;1;3;;;;;1
05/01/2021;13:52:00;178;3 - Acidente com Danos Materiais;521;BR-116/SP;Sul;Saida de Pista;1;1;;;;;1
05/01/2021;16:46:00;237;3 - Acidente com Danos Materiais;503,9;BR-116/SP;Norte;Saida de Pista;1;1;;;;;1
05/01/2021;18:37:00;259;3 - Acidente com Danos Materiais;566,8;BR-116/SP;Sul;Saida de Pista;1;1;;;;;1
05/01/2021;20:34:00;289;3 - Acidente com Danos Materiais;555,3;BR-116/SP;Sul;Colisão Lateral;2;2;;;;;1
06/01/2021;03:04:00;28;3 - Acidente com Danos Materiais;467;BR-116/SP;Norte;Saida de Pista;1;2;;;;;1
06/01/2021;03:31:00;32;2 - Acidente com VITIMA;16,9;BR-116/PR;Norte;Saida de Pista;1;;;;1;;2
06/01/2021;05:43:00;45;3 - Acidente com Danos Materiais;61,3;BR-116/PR;Sul;Colisão Lateral;1;2;;;;;1
07/01/2021;12:07:00;174;3 - Acidente com Danos Materiais;280;BR-116/SP;Sul;Colisão Traseira;1;3;;;;;1
07/01/2021;13:56:00;205;3 - Acidente com Danos Materiais;545,5;BR-116/SP;Sul;Tombamento;1;1;;;;;1
07/01/2021;16:34:00;259;3 - Acidente com Danos Materiais;516;BR-116/SP;Norte;Colisão Traseira;2;2;;;;;1
07/01/2021;20:30:00;303;3 - Acidente com Danos Materiais;54,2;BR-116/PR;Norte;Colisão Traseira;1;3;;;;;1
07/01/2021;22:17:00;326;3 - Acidente com Danos Materiais;311,4;BR-116/SP;Norte;Colisão Lateral;1;2;;;;;1
08/01/2021;09:42:00;115;3 - Acidente com Danos Materiais;434,2;BR-116/SP;Sul;Saida de Pista;1;1;;;;;1
08/01/2021;09:53:00;117;3 - Acidente com Danos Materiais;283;BR-116/SP;Norte;Engavetamento;1;3;;;;;1
08/01/2021;11:18:00;144;3 - Acidente com Danos Materiais;515;BR-116/SP;Norte;Colisão Lateral;1;5;;;;;1
08/01/2021;11:57:00;155;1 - Acidente com Vitima Fatal;289,2;BR-116/SP;Sul;Colisão Traseira;1;1;;;;1;3
08/01/2021;15:13:00;198;3 - Acidente com Danos Materiais;14;BR-116/PR;Norte;Choque - Defensa, barreira ou "submarino";1;2;;;;;1
08/01/2021;16:27:00;223;2 - Acidente com VITIMA;565,4;BR-116/SP;Sul;Colisão Traseira;2;1;;1;;;2
08/01/2021;16:44:00;229;3 - Acidente com Danos Materiais;504,8;BR-116/SP;Sul;Colisão Traseira;1;3;;;;;1
09/01/2021;13:48:00;175;3 - Acidente com Danos Materiais;481,5;BR-116/SP;Norte;Saida de Pista;1;1;;;;;1
09/01/2021;13:47:00;177;3 - Acidente com Danos Materiais;543;BR-116/SP;Sul;Colisão Traseira;2;3;;;;;1
09/01/2021;19:43:00;263;3 - Acidente com Danos Materiais;359;BR-116/SP;Sul;Colisão Lateral;2;2;;;;;1
10/01/2021;20:21:00;259;2 - Acidente com VITIMA;384,7;BR-116/SP;Norte;Colisão Transversal;1;3;1;;;;1
11/01/2021;06:49:00;60;3 - Acidente com Danos Materiais;6;BR-116/CW;Norte;Colisão Traseira;1;2;;;;;1
11/01/2021;08:07:00;90;3 - Acidente com Danos Materiais;300;BR-116/SP;Norte;Colisão Traseira;1;2;;;;;1
11/01/2021;08:31:00;98;3 - Acidente com Danos Materiais;42;BR-116/PR;Sul;Choque - Defensa, barreira ou "submarino";1;1;;;;;1
11/01/2021;16:35:00;250;3 - Acidente com Danos Materiais;387,3;BR-116/SP;Norte;Colisão Traseira;2;2;;;;;1
11/01/2021;17:15:00;258;3 - Acidente com Danos Materiais;542,9;BR-116/SP;Sul;Choque - Defensa, barreira ou "submarino";1;1;;;;;1
11/01/2021;17:27:00;262;3 - Acidente com Danos Materiais;332,5;BR-116/SP;Sul;Choque - Defensa, barreira ou "submarino";1;1;;;;;1
12/01/2021;03:49:00;21;2 - Acidente com VITIMA;547;BR-116/SP;Sul;Tombamento;1;;1;;;;1
12/01/2021;10:07:00;108;3 - Acidente com Danos Materiais;361,4;BR-116/SP;Norte;Colisão Lateral;1;6;;;;;1
12/01/2021;10:15:00;110;3 - Acidente com Danos Materiais;278,8;BR-116/SP;Sul;Colisão Traseira;1;2;;;;;1
12/01/2021;11:24:00;138;3 - Acidente com Danos Materiais;444;BR-116/SP;Sul;Colisão Lateral;1;3;;;;;1
13/01/2021;01:35:00;11;3 - Acidente com Danos Materiais;501,4;BR-116/SP;Sul;Colisão Traseira;1;2;;;;;1
13/01/2021;06:43:00;34;3 - Acidente com Danos Materiais;349,5;BR-116/SP;Sul;Colisão Traseira;1;6;;;;;1
13/01/2021;07:10:00;42;3 - Acidente com Danos Materiais;353;BR-116/SP;Sul;Saida de Pista;1;3;;;;;1
13/01/2021;09:58:00;111;3 - Acidente com Danos Materiais;551,5;BR-116/SP;Norte;Choque - Defensa, barreira ou "submarino";1;1;;;;;1
13/01/2021;12:42:00;174;3 - Acidente com Danos Materiais;276,3;BR-116/SP;Norte;Capotamento;1;5;;;;;1
13/01/2021;13:04:00;181;3 - Acidente com Danos Materiais;565,05;BR-116/SP;Sul;Saida de Pista;1;1;;;;;1
13/01/2021;13:17:00;186;3 - Acidente com Danos Materiais;66,2;BR-116/PR;Sul;Choque - Defensa, barreira ou "submarino";1;1;;;;;1
13/01/2021;14:16:00;196;3 - Acidente com Danos Materiais;566,7;BR-116/SP;Sul;Tombamento;1;1;;;;;1
13/01/2021;14:21:00;199;3 - Acidente com Danos Materiais;7;BR-116/PR;Sul;Choque - Elemento de Drenagem;1;1;;;;;1
13/01/2021;14:39:00;205;3 - Acidente com Danos Materiais;28;BR-116/PR;Norte;Choque - Defensa, barreira ou "submarino";1;1;;;;;1
13/01/2021;15:23:00;221;3 - Acidente com Danos Materiais;566,6;BR-116/SP;Norte;Tombamento;1;1;;;;;1
13/01/2021;16:45:00;238;3 - Acidente com Danos Materiais;55,4;BR-116/PR;Norte;Choque - Elemento de Drenagem;1;1;;;;;1
13/01/2021;16:52:00;240;3 - Acidente com Danos Materiais;395,1;BR-116/SP;Sul;Tombamento;1;1;;;;;1
13/01/2021;17:14:00;247;3 - Acidente com Danos Materiais;2;BR-116/PR;Norte;Tombamento;1;2;;;;;1
13/01/2021;17:26:00;249;3 - Acidente com Danos Materiais;515,3;BR-116/SP;Norte;Tombamento;1;1;;;;;1
13/01/2021;18:09:00;263;3 - Acidente com Danos Materiais;279,7;BR-116/SP;Sul;Colisão Traseira;1;2;;;;;1
14/01/2021;00:03:00;3;3 - Acidente com Danos Materiais;398,9;BR-116/SP;Sul;Colisão Traseira;2;2;;;;;1
14/01/2021;01:13:00;19;3 - Acidente com Danos Materiais;337,76;BR-116/SP;Norte;Colisão Traseira;2;2;;;;;1
14/01/2021;06:56:00;77;3 - Acidente com Danos Materiais;370;BR-116/SP;Sul;Colisão Traseira;2;2;;;;;1
14/01/2021;15:28:00;247;2 - Acidente com VITIMA;313,2;BR-116/SP;Norte;Tombamento;2;3;2;;;;1
14/01/2021;15:37:00;252;3 - Acidente com Danos Materiais;567,1;BR-116/SP;Norte;Choque - Defensa, barreira ou "submarino";1;1;;;;;1
14/01/2021;15:40:00;253;3 - Acidente com Danos Materiais;0,5;BR-116/PR;Sul;Choque - Defensa, barreira ou "submarino";1;2;;;;;1
14/01/2021;16:37:00;267;3 - Acidente com Danos Materiais;63,3;BR-116/PR;Norte;Colisão Lateral;1;3;;;;;1
14/01/2021;18:18:00;284;3 - Acidente com Danos Materiais;18,7;BR-116/PR;Sul;Choque - Defensa, barreira ou "submarino";1;5;;;;;1
14/01/2021;18:21:00;285;3 - Acidente com Danos Materiais;567,8;BR-116/SP;Norte;Tombamento;1;1;;;;;1
15/01/2021;01:42:00;17;3 - Acidente com Danos Materiais;344,7;BR-116/SP;Sul;Colisão Traseira;2;3;;;;;1
15/01/2021;03:58:00;42;2 - Acidente com VITIMA;315,5;BR-116/SP;Norte;Colisão Traseira;2;1;1;;;;1
15/01/2021;08:37:00;119;3 - Acidente com Danos Materiais;389,5;BR-116/SP;Sul;Colisão Traseira;2;2;;;;;1
15/01/2021;13:50:00;230;3 - Acidente com Danos Materiais;300,3;BR-116/SP;Sul;Choque - Defensa, barreira ou "submarino";1;1;;;;;1
15/01/2021;15:57:00;263;3 - Acidente com Danos Materiais;541,3;BR-116/SP;Norte;Saida de Pista;1;8;;;;;1
15/01/2021;17:10:00;283;3 - Acidente com Danos Materiais;548,7;BR-116/SP;Sul;Colisão Traseira;2;2;;;;;1
15/01/2021;23:35:00;358;2 - Acidente com VITIMA;462,9;BR-116/SP;Sul;Colisão Traseira;2;1;;1;;;2
16/01/2021;02:17:00;14;3 - Acidente com Danos Materiais;50,95;BR-116/PR;Sul;Tombamento;1;1;;;;;1
16/01/2021;10:25:00;137;3 - Acidente com Danos Materiais;504,6;BR-116/SP;Norte;Tombamento;1;2;;;;;1
17/01/2021;00:21:00;1;3 - Acidente com Danos Materiais;6,9;BR-116/PR;Sul;Tombamento;1;1;;;;;1
18/01/2021;06:21:00;38;3 - Acidente com Danos Materiais;281,8;BR-116/SP;Norte;Colisão Lateral;1;3;;;;;1
18/01/2021;11:21:00;134;2 - Acidente com VITIMA;548,6;BR-116/SP;Sul;Colisão Transversal;1;3;1;;;;1
18/01/2021;13:00:00;161;3 - Acidente com Danos Materiais;364;BR-116/SP;Sul;Tombamento;1;1;;;;;1
18/01/2021;13:15:00;167;3 - Acidente com Danos Materiais;541,5;BR-116/SP;Sul;Choque - Defensa, barreira ou "submarino";1;2;;;;;1
18/01/2021;14:20:00;187;3 - Acidente com Danos Materiais;348;BR-116/SP;Sul;Tombamento;1;1;;;;;1
18/01/2021;14:50:00;192;3 - Acidente com Danos Materiais;565,2;BR-116/SP;Sul;Tombamento;1;2;;;;;1
18/01/2021;19:50:00;281;3 - Acidente com Danos Materiais;416,3;BR-116/SP;Sul;Saida de Pista;1;2;;;;;1
18/01/2021;22:21:00;306;2 - Acidente com VITIMA;43,2;BR-116/PR;Sul;Choque - Defensa, barreira ou "submarino";1;;1;;;;1
19/01/2021;00:25:00;9;3 - Acidente com Danos Materiais;450,5;BR-116/SP;Norte;Saida de Pista;1;1;;;;;1
19/01/2021;05:59:00;84;3 - Acidente com Danos Materiais;386;BR-116/SP;Norte;Tombamento;1;1;;;;;1
19/01/2021;09:48:00;183;3 - Acidente com Danos Materiais;29;BR-116/PR;Norte;Colisão Traseira;1;2;;;;;1
19/01/2021;10:30:00;201;3 - Acidente com Danos Materiais;348,8;BR-116/SP;Sul;Colisão Traseira;1;4;;;;;1
19/01/2021;13:42:00;258;3 - Acidente com Danos Materiais;422,1;BR-116/SP;Sul;Colisão Traseira;2;3;;;;;1
19/01/2021;17:28:00;330;2 - Acidente com VITIMA;40;BR-116/PR;Sul;Tombamento;1;;2;;;;1
19/01/2021;20:08:00;372;3 - Acidente com Danos Materiais;332;BR-116/SP;Norte;Saida de Pista;1;1;;;;;1
19/01/2021;21:10:00;392;3 - Acidente com Danos Materiais;529;BR-116/SP;Norte;Choque - Outros;1;1;;;;;1
19/01/2021;22:09:00;406;3 - Acidente com Danos Materiais;56,3;BR-116/PR;Norte;Choque - Outros;1;1;;;;;1
20/01/2021;02:11:00;44;3 - Acidente com Danos Materiais;322,5;BR-116/SP;Norte;Saida de Pista;1;1;;;;;1
20/01/2021;03:19:00;56;3 - Acidente com Danos Materiais;60,8;BR-116/PR;Norte;Choque - Defensa, barreira ou "submarino";1;1;;;;;1
20/01/2021;14:20:00;245;2 - Acidente com VITIMA;460,8;BR-116/SP;Norte;Colisão Traseira;2;2;;;1;;2
20/01/2021;16:18:00;277;3 - Acidente com Danos Materiais;6,9;BR-116/PR;Sul;Saida de Pista;1;3;;;;;1
20/01/2021;17:27:00;298;3 - Acidente com Danos Materiais;30,95;BR-116/PR;Sul;Choque - Defensa, barreira ou "submarino";1;1;;;;;1
20/01/2021;17:36:00;301;3 - Acidente com Danos Materiais;20,2;BR-116/PR;Sul;Saida de Pista;1;1;;;;;1
20/01/2021;20:28:00;351;2 - Acidente com VITIMA;47,5;BR-116/PR;Sul;Colisão Transversal;1;4;1;;;;1
20/01/2021;23:46:00;395;3 - Acidente com Danos Materiais;362;BR-116/SP;Sul;Colisão Traseira;1;5;;;;;1
21/01/2021;03:55:00;50;3 - Acidente com Danos Materiais;532,2;BR-116/SP;Sul;Engavetamento;2;3;;;;;1
21/01/2021;06:18:00;71;3 - Acidente com Danos Materiais;67,6;BR-116/PR;Sul;Choque - Defensa, barreira ou "submarino";1;1;;;;;1
21/01/2021;12:28:00;216;3 - Acidente com Danos Materiais;442;BR-116/SP;Sul;Saida de Pista;1;1;;;;;1
21/01/2021;13:57:00;249;3 - Acidente com Danos Materiais;341;BR-116/SP;Sul;Colisão Traseira;2;2;;;;;1
21/01/2021;14:35:00;262;3 - Acidente com Danos Materiais;485,7;BR-116/SP;Sul;Colisão Traseira;2;3;;;;;1
21/01/2021;15:56:00;291;3 - Acidente com Danos Materiais;314,45;BR-116/SP;Norte;Choque - Defensa, barreira ou "submarino";1;1;;;;;1
21/01/2021;19:20:00;341;3 - Acidente com Danos Materiais;440;BR-116/SP;Norte;Colisão Lateral;1;2;;;;;1
21/01/2021;19:47:00;351;2 - Acidente com VITIMA;498,4;BR-116/SP;Norte;Colisão Traseira;2;1;2;;;;1
21/01/2021;22:56:00;384;2 - Acidente com VITIMA;280,6;BR-116/SP;Sul;Colisão Traseira;1;1;2;;;;1
22/01/2021;08:24:00;120;2 - Acidente com VITIMA;495,2;BR-116/SP;Sul;Capotamento;1;;1;;;;1
23/01/2021;08:41:00;104;3 - Acidente com Danos Materiais;477,4;BR-116/SP;Sul;Saida de Pista;1;1;;;;;1
23/01/2021;09:03:00;113;3 - Acidente com Danos Materiais;287,5;BR-116/SP;Sul;Colisão Traseira;1;7;;;;;1
23/01/2021;10:46:00;143;2 - Acidente com VITIMA;366;BR-116/SP;Sul;Colisão Traseira;2;1;1;;;;1
23/01/2021;11:12:00;154;3 - Acidente com Danos Materiais;548,1;BR-116/SP;Norte;Colisão Traseira;2;2;;;;;1
23/01/2021;15:04:00;214;3 - Acidente com Danos Materiais;59;BR-116/PR;Sul;Colisão Traseira;2;3;;;;;1
23/01/2021;15:26:00;217;3 - Acidente com Danos Materiais;447,5;BR-116/SP;Norte;Saida de Pista;1;1;;;;;1
24/01/2021;08:16:00;57;2 - Acidente com VITIMA;39;BR-116/PR;Norte;Choque - Defensa, barreira ou "submarino";1;;;;1;;2
24/01/2021;09:10:00;65;3 - Acidente com Danos Materiais;50,4;BR-116/PR;Norte;Saida de Pista;1;1;;;;;1
24/01/2021;12:46:00;129;3 - Acidente com Danos Materiais;503,3;BR-116/SP;Sul;Choque - Talude;1;1;;;;;1
24/01/2021;15:22:00;168;3 - Acidente com Danos Materiais;46,8;BR-116/PR;Norte;Colisão Lateral;1;4;;;;;1
24/01/2021;18:21:00;221;3 - Acidente com Danos Materiais;448;BR-116/SP;Norte;Saida de Pista;1;1;;;;;1
25/01/2021;03:03:00;19;3 - Acidente com Danos Materiais;43,6;BR-116/PR;Sul;Saida de Pista;1;2;;;;;1
25/01/2021;17:18:00;225;3 - Acidente com Danos Materiais;476,8;BR-116/SP;Norte;Colisão Traseira;1;2;;;;;1
25/01/2021;18:18:00;238;3 - Acidente com Danos Materiais;512,9;BR-116/SP;Norte;Tombamento;1;1;;;;;1
25/01/2021;18:22:00;240;3 - Acidente com Danos Materiais;545,8;BR-116/SP;Sul;Choque - Defensa, barreira ou "submarino";1;3;;;;;1
26/01/2021;08:28:00;85;2 - Acidente com VITIMA;314,4;BR-116/SP;Norte;Tombamento;3;1;3;;;;1
26/01/2021;14:32:00;200;3 - Acidente com Danos Materiais;360,6;BR-116/SP;Sul;Colisão Traseira;1;2;;;;;1
26/01/2021;14:47:00;204;3 - Acidente com Danos Materiais;508;BR-116/SP;Sul;Tombamento;1;1;;;;;1
26/01/2021;15:55:00;222;3 - Acidente com Danos Materiais;66,5;BR-116/PR;Norte;Colisão Traseira;2;2;;;;;1
26/01/2021;17:15:00;251;2 - Acidente com VITIMA;322,4;BR-116/SP;Sul;Colisão Traseira;1;1;;;1;;2
26/01/2021;22:32:00;330;3 - Acidente com Danos Materiais;400;BR-116/SP;Norte;Colisão Traseira;1;2;;;;;1
27/01/2021;02:15:00;18;3 - Acidente com Danos Materiais;386,45;BR-116/SP;Sul;Colisão Traseira;2;2;;;;;1
27/01/2021;02:25:00;19;3 - Acidente com Danos Materiais;484,8;BR-116/SP;Sul;Choque - Defensa, barreira ou "submarino";1;3;;;;;1
27/01/2021;11:46:00;183;2 - Acidente com VITIMA;546,7;BR-116/SP;Sul;Colisão Lateral;1;1;1;;;;1
27/01/2021;16:42:00;283;3 - Acidente com Danos Materiais;51,94;BR-116/PR;Sul;Saida de Pista;1;1;;;;;1
27/01/2021;19:16:00;322;3 - Acidente com Danos Materiais;347,8;BR-116/SP;Sul;Colisão Traseira;1;2;;;;;1
27/01/2021;19:54:00;332;3 - Acidente com Danos Materiais;30,601;BR-116/PR;Sul;Saida de Pista;1;2;;;;;1
28/01/2021;17:29:00;240;3 - Acidente com Danos Materiais;327,8;BR-116/SP;Norte;Saida de Pista;1;3;;;;;1
29/01/2021;13:54:00;221;2 - Acidente com VITIMA;431,9;BR-116/SP;Sul;Colisão Lateral;1;3;3;;;;1
29/01/2021;15:52:00;259;3 - Acidente com Danos Materiais;45;BR-116/PR;Sul;Colisão Lateral;1;2;;;;;1
29/01/2021;16:53:00;277;3 - Acidente com Danos Materiais;553;BR-116/SP;Norte;Saida de Pista;1;1;;;;;1
29/01/2021;17:45:00;291;3 - Acidente com Danos Materiais;289,9;BR-116/SP;Sul;Choque - Defensa, barreira ou "submarino";1;1;;;;;1
29/01/2021;18:24:00;301;3 - Acidente com Danos Materiais;8,42;BR-116/PR;Norte;Colisão Traseira;1;2;;;;;1
30/01/2021;06:24:00;45;3 - Acidente com Danos Materiais;549,1;BR-116/SP;Sul;Tombamento;1;1;;;;;1
30/01/2021;08:12:00;91;3 - Acidente com Danos Materiais;544,5;BR-116/SP;Norte;Choque - Defensa, barreira ou "submarino";1;1;;;;;1
30/01/2021;12:16:00;168;3 - Acidente com Danos Materiais;325;BR-116/SP;Sul;Saida de Pista;1;3;;;;;1
30/01/2021;15:35:00;222;3 - Acidente com Danos Materiais;56,5;BR-116/PR;Sul;Choque - Defensa, barreira ou "submarino";1;2;;;;;1
30/01/2021;15:57:00;231;3 - Acidente com Danos Materiais;564,1;BR-116/SP;Sul;Choque - Defensa, barreira ou "submarino";1;1;;;;;1
30/01/2021;16:47:00;251;3 - Acidente com Danos Materiais;326,05;BR-116/SP;Norte;Colisão Traseira;1;4;;;;;1
30/01/2021;18:56:00;287;3 - Acidente com Danos Materiais;324;BR-116/SP;Sul;Colisão Traseira;1;2;;;;;1
31/01/2021;13:00:00;152;2 - Acidente com VITIMA;359,3;BR-116/SP;Norte;Tombamento;1;;1;;;;1
31/01/2021;17:01:00;229;3 - Acidente com Danos Materiais;540,2;BR-116/SP;Norte;Colisão Lateral;2;2;;;;;1
01/02/2021;12:08:00;149;2 - Acidente com VITIMA;412;BR-116/SP;Norte;Colisão Traseira;1;1;1;;;;1
01/02/2021;18:13:00;221;2 - Acidente com VITIMA;28,8;BR-116/PR;Norte;Tombamento;1;0;1;;;;1
01/02/2021;13:44:00;165;3 - Acidente com Danos Materiais;507;BR-116/SP;Norte;Choque - Defensa, barreira ou "submarino";1;1;;;;;1
01/02/2021;14:30:00;172;3 - Acidente com Danos Materiais;23,9;BR-116/PR;Norte;Colisão Traseira;1;5;;;;;1
01/02/2021;05:05:00;37;3 - Acidente com Danos Materiais;348,8;BR-116/SP;Sul;Choque - Defensa, barreira ou "submarino";1;2;;;;;1
01/02/2021;22:38:00;278;2 - Acidente com VITIMA;50,6;BR-116/PR;Norte;Tombamento;1;0;1;;;;1
02/02/2021;21:49:00;333;3 - Acidente com Danos Materiais;19;BR-116/PR;Norte;Colisão Traseira;2;2;;;;;1
02/02/2021;16:21:00;248;2 - Acidente com VITIMA;38;BR-116/PR;Norte;Colisão Lateral;1;2;2;;;;1
02/02/2021;14:17:00;206;3 - Acidente com Danos Materiais;545,7;BR-116/SP;Sul;Choque - Veiculo parado na pista;1;3;;;;;1
02/02/2021;13:06:00;192;3 - Acidente com Danos Materiais;57,2;BR-116/PR;Norte;Colisão Lateral;1;2;;;;;1
02/02/2021;20:24:00;313;3 - Acidente com Danos Materiais;46,5;BR-116/PR;Norte;Colisão Traseira;2;2;;;;;1
02/02/2021;10:42:00;156;3 - Acidente com Danos Materiais;298,8;BR-116/SP;Sul;Colisão Traseira;1;5;;;;;1
02/02/2021;22:29:00;342;3 - Acidente com Danos Materiais;390,8;BR-116/SP;Sul;Colisão Lateral;1;2;;;;;1
02/02/2021;22:45:00;345;3 - Acidente com Danos Materiais;23;BR-116/PR;Norte;Colisão Traseira;2;2;;;;;1
02/02/2021;13:41:00;198;3 - Acidente com Danos Materiais;292,4;BR-116/SP;Sul;Colisão Lateral;2;2;;;;;1
02/02/2021;16:03:00;242;2 - Acidente com VITIMA;541,5;BR-116/SP;Sul;Colisão Traseira;2;2;2;;;;1
02/02/2021;05:39:00;51;3 - Acidente com Danos Materiais;310,9;BR-116/SP;Sul;Choque - Suporte de Sinalização;1;1;;;;;1
02/02/2021;04:35:00;40;3 - Acidente com Danos Materiais;358,3;BR-116/SP;Sul;Colisão Traseira;2;2;;;;;1
02/02/2021;14:25:00;207;3 - Acidente com Danos Materiais;291,3;BR-116/SP;Sul;Choque - Defensa, barreira ou "submarino";1;1;;;;;1
03/02/2021;15:02:00;232;3 - Acidente com Danos Materiais;411,1;BR-116/SP;Sul;Colisão Traseira;2;2;;;;;1
03/02/2021;18:59:00;294;3 - Acidente com Danos Materiais;403,6;BR-116/SP;Sul;Colisão Lateral;2;2;;;;;1
03/02/2021;09:02:00;124;3 - Acidente com Danos Materiais;270,8;BR-116/SP;Sul;Engavetamento;2;3;;;;;1
03/02/2021;09:15:00;131;2 - Acidente com VITIMA;287;BR-116/SP;Norte;Colisão Traseira;1;1;;3;;;2
03/02/2021;07:55:00;87;3 - Acidente com Danos Materiais;410,8;BR-116/SP;Norte;Choque - Defensa, barreira ou "submarino";1;1;;;;;1
03/02/2021;11:49:00;168;2 - Acidente com VITIMA;13,3;BR-116/CW;Norte;Saida de Pista;1;4;1;;;;1
03/02/2021;05:40:00;49;3 - Acidente com Danos Materiais;491,4;BR-116/SP;Norte;Colisão Lateral;2;2;;;;;1