data;horario;n_da_ocorrencia;tipo_de_ocorrencia;km;trecho;sentido;tipo_de_acidente;caminhao;ilesos;levemente_feridos;moderadamente_feridos;gravemente_feridos;mortos;3
03/02/2021;06:57:00;68;3 - Acidente com Danos Materiais;283,5;BR-116/SP;Norte;Engavetamento;3;3;;;;;1
04/02/2021;03:53:00;22;3 - Acidente com Danos Materiais;356,7;BR-116/SP;Norte;Choque - Defensa, barreira ou "submarino";1;1;;;;;1
04/02/2021;20:21:00;287;2 - Acidente com VITIMA;282,9;BR-116/SP;Sul;Colisão Traseira;1;2;;;1;;2
04/02/2021;18:19:00;261;2 - Acidente com VITIMA;500,4;BR-116/SP;Norte;Saida de Pista;1;1;1;;;;1
05/02/2021;00:25:00;3;3 - Acidente com Danos Materiais;449,8;BR-116/SP;Norte;Saida de Pista;1;1;;;;;1
05/02/2021;20:44:00;307;3 - Acidente com Danos Materiais;353;BR-116/SP;Sul;Saida de Pista;1;1;;;;;1
05/02/2021;14:49:00;218;3 - Acidente com Danos Materiais;287;BR-116/SP;Norte;Colisão Lateral;1;2;;;;;1
06/02/2021;22:05:00;242;3 - Acidente com Danos Materiais;411,4;BR-116/SP;Norte;Saida de Pista;1;1;;;;;1
06/02/2021;20:14:00;227;3 - Acidente com Danos Materiais;362;BR-116/SP;Sul;Choque - Defensa, barreira ou "submarino";1;1;;;;;1
07/02/2021;14:18:00;167;3 - Acidente com Danos Materiais;491;BR-116/SP;Norte;Colisão Lateral;1;5;;;;;1
07/02/2021;17:23:00;212;3 - Acidente com Danos Materiais;71;BR-116/PR;Norte;Colisão Transversal;1;2;;;;;1
07/02/2021;17:35:00;218;3 - Acidente com Danos Materiais;513,8;BR-116/SP;Norte;Saida de Pista;1;1;;;;;1
08/02/2021;08:19:00;80;3 - Acidente com Danos Materiais;280,6;BR-116/SP;Norte;Colisão Lateral;1;3;;;;;1
08/02/2021;06:54:00;50;3 - Acidente com Danos Materiais;395,5;BR-116/SP;Norte;Saida de Pista;1;3;;;;;1
09/02/2021;16:08:00;221;3 - Acidente com Danos Materiais;468;BR-116/SP;Sul;Colisão Traseira;1;2;;;;;1
09/02/2021;11:02:00;136;3 - Acidente com Danos Materiais;286,7;BR-116/SP;Norte;Colisão Traseira;1;2;;;;;1
09/02/2021;04:58:00;34;3 - Acidente com Danos Materiais;362,2;BR-116/SP;Sul;Tombamento;1;1;;;;;1
10/02/2021;20:12:00;239;2 - Acidente com VITIMA;295;BR-116/SP;Sul;Capotamento;1;2;1;;;;1
10/02/2021;16:27:00;195;3 - Acidente com Danos Materiais;323;BR-116/SP;Sul;Colisão Lateral;1;3;;;;;1
10/02/2021;17:34:00;210;3 - Acidente com Danos Materiais;355;BR-116/SP;Sul;Choque - Defensa, barreira ou "submarino";1;1;;;;;1
10/02/2021;23:38:00;287;3 - Acidente com Danos Materiais;14;BR-116/PR;Norte;Colisão Lateral;3;3;;;;;1
11/02/2021;16:43:00;223;3 - Acidente com Danos Materiais;314,1;BR-116/SP;Sul;Colisão Lateral;1;4;;;;;1
11/02/2021;17:03:00;233;3 - Acidente com Danos Materiais;39,5;BR-116/PR;Sul;Colisão Lateral;1;2;;;;;1
11/02/2021;17:09:00;236;3 - Acidente com Danos Materiais;507,3;BR-116/SP;Norte;Tombamento;1;1;;;;;1
11/02/2021;18:27:00;249;3 - Acidente com Danos Materiais;44;BR-116/PR;Sul;Colisão Lateral;1;3;;;;;1
11/02/2021;07:23:00;55;3 - Acidente com Danos Materiais;509,7;BR-116/SP;Norte;Colisão Traseira;2;2;;;;;1
11/02/2021;19:31:00;265;2 - Acidente com VITIMA;491,2;BR-116/SP;Norte;Tombamento;1;1;1;;;;1
11/02/2021;14:26:00;178;3 - Acidente com Danos Materiais;548;BR-116/SP;Sul;Colisão Transversal;2;2;;;;;1
11/02/2021;09:23:00;100;3 - Acidente com Danos Materiais;47,1;BR-116/PR;Sul;Tombamento;1;1;;;;;1
12/02/2021;21:57:00;327;3 - Acidente com Danos Materiais;371,8;BR-116/SP;Sul;Tombamento;1;1;;;;;1
12/02/2021;21:11:00;319;2 - Acidente com VITIMA;285,4;BR-116/SP;Norte;Colisão Lateral;1;3;1;;;;1
12/02/2021;08:50:00;115;3 - Acidente com Danos Materiais;491;BR-116/SP;Sul;Colisão Traseira;1;6;;;;;1
12/02/2021;17:53:00;267;3 - Acidente com Danos Materiais;563,7;BR-116/SP;Sul;Saida de Pista;1;1;;;;;1
12/02/2021;12:06:00;173;3 - Acidente com Danos Materiais;280,5;BR-116/SP;Sul;Colisão Lateral;1;3;;;;;1
13/02/2021;03:06:00;28;2 - Acidente com VITIMA;532;BR-116/SP;Sul;Colisão Traseira;1;1;1;;;;1
13/02/2021;15:21:00;234;3 - Acidente com Danos Materiais;16,9;BR-116/PR;Norte;Colisão Traseira;1;3;;;;;1
13/02/2021;23:20:00;354;2 - Acidente com VITIMA;443,5;BR-116/SP;Norte;Atropelamento - Outros;1;1;2;;;;1
13/02/2021;13:53:00;197;3 - Acidente com Danos Materiais;35,9;BR-116/PR;Norte;Choque - Objeto sobre a pista;1;4;;;;;1
13/02/2021;14:45:00;218;3 - Acidente com Danos Materiais;6,9;BR-116/PR;Sul;Choque - Defensa, barreira ou "submarino";1;2;;;;;1
13/02/2021;16:16:00;254;3 - Acidente com Danos Materiais;5;BR-116/PR;Norte;Choque - Elemento de Drenagem;1;2;;;;;1
13/02/2021;10:23:00;122;3 - Acidente com Danos Materiais;279;BR-116/SP;Sul;Colisão Lateral;1;2;;;;;1
14/02/2021;02:45:00;12;3 - Acidente com Danos Materiais;520,2;BR-116/SP;Norte;Choque - Elemento de Drenagem;1;1;;;;;1
14/02/2021;18:24:00;194;3 - Acidente com Danos Materiais;484;BR-116/SP;Norte;Colisão Lateral;2;3;;;;;1
15/02/2021;20:17:00;237;3 - Acidente com Danos Materiais;362,8;BR-116/SP;Sul;Choque - Defensa, barreira ou "submarino";1;2;;;;;1
15/02/2021;15:33:00;173;3 - Acidente com Danos Materiais;561,5;BR-116/SP;Sul;Choque - Elemento de Drenagem;1;1;;;;;1
16/02/2021;10:33:00;102;2 - Acidente com VITIMA;298;BR-116/SP;Norte;Colisão Lateral;1;5;1;;;;1
16/02/2021;09:21:00;80;3 - Acidente com Danos Materiais;283;BR-116/SP;Norte;Colisão Transversal;1;2;;;;;1
16/02/2021;13:30:00;147;3 - Acidente com Danos Materiais;280;BR-116/SP;Norte;Colisão Traseira;1;5;;;;;1
16/02/2021;14:35:00;170;3 - Acidente com Danos Materiais;280,2;BR-116/SP;Sul;Colisão Lateral;1;3;;;;;1
17/02/2021;16:50:00;213;3 - Acidente com Danos Materiais;311,1;BR-116/SP;Sul;Choque - Defensa, barreira ou "submarino";1;1;;;;;1
17/02/2021;18:34:00;248;3 - Acidente com Danos Materiais;305,3;BR-116/SP;Norte;Choque - Defensa, barreira ou "submarino";1;2;;;;;1
17/02/2021;17:43:00;233;3 - Acidente com Danos Materiais;509,7;BR-116/SP;Norte;Capotamento;1;1;;;;;1
17/02/2021;17:08:00;220;2 - Acidente com VITIMA;339,4;BR-116/SP;Norte;Colisão Traseira;1;2;2;;;;1
17/02/2021;16:54:00;215;3 - Acidente com Danos Materiais;305,6;BR-116/SP;Norte;Colisão Traseira;1;3;;;;;1
17/02/2021;21:44:00;285;3 - Acidente com Danos Materiais;293,1;BR-116/SP;Norte;Colisão Traseira;1;9;;;;;1
17/02/2021;17:30:00;228;3 - Acidente com Danos Materiais;541,1;BR-116/SP;Norte;Choque - Elemento de Drenagem;1;2;;;;;1
18/02/2021;15:11:00;223;2 - Acidente com VITIMA;485,9;BR-116/SP;Norte;Tombamento;1;0;1;;;;1
18/02/2021;15:49:00;241;2 - Acidente com VITIMA;345,3;BR-116/SP;Sul;Choque - Talude;1;0;1;;;;1
18/02/2021;15:25:00;228;2 - Acidente com VITIMA;505,5;BR-116/SP;Sul;Colisão Traseira;2;1;1;;;;1
18/02/2021;11:59:00;167;3 - Acidente com Danos Materiais;426,5;BR-116/SP;Sul;Colisão Lateral;1;3;;;;;1
18/02/2021;06:31:00;59;3 - Acidente com Danos Materiais;280,8;BR-116/SP;Norte;Colisão Lateral;1;2;;;;;1
19/02/2021;02:38:00;17;3 - Acidente com Danos Materiais;521;BR-116/SP;Sul;Colisão Traseira;1;6;;;;;1
19/02/2021;07:30:00;68;3 - Acidente com Danos Materiais;291,8;BR-116/SP;Norte;Colisão Traseira;1;2;;;;;1
19/02/2021;11:34:00;151;2 - Acidente com VITIMA;484,101;BR-116/SP;Norte;Atropelamento - Ciclista;1;2;1;;;;1
19/02/2021;01:09:00;8;2 - Acidente com VITIMA;353;BR-116/SP;Sul;Saida de Pista;1;0;1;2;;;2
19/02/2021;12:43:00;173;3 - Acidente com Danos Materiais;24,4;BR-116/PR;Sul;Tombamento;1;1;;;;;1
19/02/2021;08:18:00;90;3 - Acidente com Danos Materiais;290;BR-116/SP;Sul;Colisão Traseira;1;2;;;;;1
19/02/2021;07:22:00;63;2 - Acidente com VITIMA;565,9;BR-116/SP;Norte;Colisão Traseira;1;2;3;;;;1
19/02/2021;15:23:00;218;3 - Acidente com Danos Materiais;14,6;BR-116/PR;Norte;Tombamento;1;2;;;;;1
20/02/2021;10:02:00;110;3 - Acidente com Danos Materiais;57,2;BR-116/PR;Norte;Colisão Lateral;1;2;;;;;1
20/02/2021;17:41:00;237;3 - Acidente com Danos Materiais;282;BR-116/SP;Norte;Colisão Traseira;1;5;;;;;1
20/02/2021;01:03:00;9;3 - Acidente com Danos Materiais;392,8;BR-116/SP;Norte;Colisão Traseira;1;2;;;;;1
20/02/2021;09:52:00;105;3 - Acidente com Danos Materiais;314;BR-116/SP;Norte;Colisão Lateral;1;5;;;;;1
20/02/2021;11:52:00;143;3 - Acidente com Danos Materiais;291,5;BR-116/SP;Norte;Colisão Transversal;1;5;;;;;1
20/02/2021;06:46:00;47;3 - Acidente com Danos Materiais;353;BR-116/SP;Sul;Saida de Pista;1;1;;;;;1
21/02/2021;05:21:00;29;3 - Acidente com Danos Materiais;17,1;BR-116/PR;Sul;Saida de Pista;1;1;;;;;1
21/02/2021;17:15:00;184;3 - Acidente com Danos Materiais;497,9;BR-116/SP;Norte;Colisão Traseira;1;2;;;;;1
21/02/2021;06:58:00;37;2 - Acidente com VITIMA;555,4;BR-116/SP;Sul;Tombamento;1;0;1;;;;1
21/02/2021;09:28:00;60;2 - Acidente com VITIMA;561,4;BR-116/SP;Norte;Tombamento;1;0;1;;;;1
22/02/2021;22:57:00;298;2 - Acidente com VITIMA;23,6;BR-116/PR;Sul;Colisão Traseira;1;2;;1;;;2
22/02/2021;00:12:00;3;2 - Acidente com VITIMA;18,02;BR-116/PR;Sul;Colisão Traseira;2;1;1;;;;1
22/02/2021;14:43:00;192;3 - Acidente com Danos Materiais;345;BR-116/SP;Sul;Colisão Traseira;1;2;;;;;1
23/02/2021;00:46:00;9;3 - Acidente com Danos Materiais;359;BR-116/SP;Sul;Engavetamento;2;3;;;;;1
23/02/2021;20:32:00;328;3 - Acidente com Danos Materiais;43,5;BR-116/PR;Sul;Saida de Pista;1;1;;;;;1
23/02/2021;06:57:00;56;2 - Acidente com VITIMA;277,8;BR-116/SP;Sul;Engavetamento;1;2;2;;;;1
23/02/2021;22:24:00;341;2 - Acidente com VITIMA;362,7;BR-116/SP;Sul;Tombamento;1;3;2;1;;;2
23/02/2021;08:46:00;101;3 - Acidente com Danos Materiais;347,6;BR-116/SP;Norte;Tombamento;1;1;;;;;1
23/02/2021;22:34:00;344;2 - Acidente com VITIMA;360,4;BR-116/SP;Norte;Tombamento;1;0;1;;;;1
24/02/2021;16:06:00;255;3 - Acidente com Danos Materiais;331,3;BR-116/SP;Norte;Choque - Defensa, barreira ou "submarino";1;1;;;;;1
24/02/2021;15:55:00;249;3 - Acidente com Danos Materiais;43,1;BR-116/PR;Norte;Choque - Defensa, barreira ou "submarino";1;1;;;;;1
24/02/2021;16:24:00;259;3 - Acidente com Danos Materiais;542,9;BR-116/SP;Sul;Choque - Defensa, barreira ou "submarino";1;1;;;;;1
24/02/2021;23:06:00;338;2 - Acidente com VITIMA;513,6;BR-116/SP;Norte;Colisão Traseira;2;2;1;;;;1
24/02/2021;09:52:00;139;3 - Acidente com Danos Materiais;68,886;BR-116/PR;Sul;Colisão Traseira;2;2;;;;;1
24/02/2021;13:12:00;209;2 - Acidente com VITIMA;554,4;BR-116/SP;Norte;Colisão Traseira;2;1;;1;;;2
24/02/2021;16:51:00;264;2 - Acidente com VITIMA;46,9;BR-116/PR;Norte;Tombamento;1;1;2;;;;1
25/02/2021;08:58:00;113;3 - Acidente com Danos Materiais;40,1;BR-116/PR;Norte;Choque - Defensa, barreira ou "submarino";1;1;;;;;1
25/02/2021;18:00:00;280;3 - Acidente com Danos Materiais;545;BR-116/SP;Sul;Engavetamento;3;5;;;;;1
25/02/2021;15:23:00;237;2 - Acidente com VITIMA;512;BR-116/SP;Norte;Tombamento;1;0;;1;;;2
25/02/2021;17:48:00;277;3 - Acidente com Danos Materiais;28,4;BR-116/PR;Norte;Engavetamento;4;4;;;;;1
25/02/2021;13:55:00;213;2 - Acidente com VITIMA;542;BR-116/SP;Norte;Tombamento;1;0;1;;;;1
25/02/2021;13:03:00;197;3 - Acidente com Danos Materiais;29;BR-116/PR;Norte;Choque - Defensa, barreira ou "submarino";1;1;;;;;1
25/02/2021;10:04:00;140;2 - Acidente com VITIMA;551;BR-116/SP;Norte;Colisão Traseira;1;2;1;;;;1
26/02/2021;01:52:00;35;3 - Acidente com Danos Materiais;388,9;BR-116/SP;Sul;Atropelamento de Animal;1;1;;;;;1
26/02/2021;16:23:00;241;3 - Acidente com Danos Materiais;384,2;BR-116/SP;Sul;Choque - Defensa, barreira ou "submarino";1;1;;;;;1
26/02/2021;10:34:00;140;3 - Acidente com Danos Materiais;47,7;BR-116/PR;Norte;Saida de Pista;1;1;;;;;1
26/02/2021;04:55:00;55;3 - Acidente com Danos Materiais;43,35;BR-116/PR;Sul;Saida de Pista;1;2;;;;;1
26/02/2021;17:42:00;263;3 - Acidente com Danos Materiais;279;BR-116/SP;Sul;Choque - Defensa, barreira ou "submarino";1;1;;;;;1
26/02/2021;16:36:00;244;3 - Acidente com Danos Materiais;511,8;BR-116/SP;Norte;Tombamento;1;1;;;;;1
27/02/2021;13:02:00;167;3 - Acidente com Danos Materiais;60,7;BR-116/PR;Norte;Saida de Pista;1;1;;;;;1
27/02/2021;17:12:00;237;3 - Acidente com Danos Materiais;44,4;BR-116/PR;Norte;Choque - Talude;1;4;;;;;1
27/02/2021;14:12:00;189;3 - Acidente com Danos Materiais;357;BR-116/SP;Sul;Colisão Lateral;1;7;;;;;1
27/02/2021;01:23:00;19;1 - Acidente com Vitima Fatal;476,3;BR-116/SP;Sul;Atropelamento - Sem Informação;1;1;;;;1;3
27/02/2021;14:47:00;202;2 - Acidente com VITIMA;398,5;BR-116/SP;Sul;Choque - Outros;1;0;2;;;;1
28/02/2021;00:11:00;2;3 - Acidente com Danos Materiais;566,93;BR-116/SP;Sul;Saida de Pista;1;1;;;;;1
28/02/2021;10:34:00;125;3 - Acidente com Danos Materiais;544,5;BR-116/SP;Norte;Engavetamento;3;4;;;;;1
28/02/2021;08:36:00;81;2 - Acidente com VITIMA;356,9;BR-116/SP;Sul;Colisão Traseira;1;4;1;1;;;2
28/02/2021;12:54:00;151;3 - Acidente com Danos Materiais;395,3;BR-116/SP;Norte;Saida de Pista;1;1;;;;;1
28/02/2021;10:11:00;118;2 - Acidente com VITIMA;543,3;BR-116/SP;Norte;Saida de Pista;1;0;1;;;;1
28/02/2021;12:09:00;139;3 - Acidente com Danos Materiais;40,15;BR-116/PR;Norte;Colisão Traseira;2;3;;;;;1
01/03/2021;17:44:00;284;3 - Acidente com Danos Materiais;545,85;BR-116/SP;Sul;Choque - Defensa, barreira ou "submarino";1;1;;;;;1
01/03/2021;18:52:00;304;3 - Acidente com Danos Materiais;565,9;BR-116/SP;Norte;Colisão Traseira;2;4;;;;;1
01/03/2021;21:40:00;344;3 - Acidente com Danos Materiais;5,5;BR-116/PR;Norte;Engavetamento;1;3;;;;;1
01/03/2021;18:29:00;298;3 - Acidente com Danos Materiais;282,2;BR-116/SP;Sul;Colisão Traseira;1;6;;;;;1
01/03/2021;20:08:00;326;3 - Acidente com Danos Materiais;280,7;BR-116/SP;Sul;Saida de Pista;1;3;;;;;1
01/03/2021;11:30:00;166;3 - Acidente com Danos Materiais;485,7;BR-116/SP;Sul;Colisão Lateral;1;3;;;;;1
01/03/2021;14:59:00;226;3 - Acidente com Danos Materiais;562,2;BR-116/SP;Norte;Tombamento;1;1;;;;;1
01/03/2021;15:59:00;246;3 - Acidente com Danos Materiais;40,1;BR-116/PR;Norte;Engavetamento;3;4;;;;;1
01/03/2021;17:18:00;274;3 - Acidente com Danos Materiais;546,8;BR-116/SP;Sul;Colisão Transversal;1;3;;;;;1
02/03/2021;22:59:00;401;3 - Acidente com Danos Materiais;22;BR-116/PR;Norte;Saida de Pista;1;1;;;;;1
02/03/2021;12:51:00;218;3 - Acidente com Danos Materiais;4,5;BR-116/CW;Norte;Colisão Traseira;1;4;;;;;1
02/03/2021;02:26:00;23;3 - Acidente com Danos Materiais;372,7;BR-116/SP;Norte;Colisão Traseira;1;2;;;;;1
02/03/2021;20:03:00;364;3 - Acidente com Danos Materiais;324,3;BR-116/SP;Norte;Colisão Lateral;1;2;;;;;1
02/03/2021;05:20:00;48;3 - Acidente com Danos Materiais;557;BR-116/SP;Sul;Choque - Elemento de Drenagem;1;1;;;;;1
02/03/2021;10:45:00;161;2 - Acidente com VITIMA;502,8;BR-116/SP;Sul;Colisão Lateral;1;1;1;1;;;2
02/03/2021;11:51:00;197;2 - Acidente com VITIMA;509,5;BR-116/SP;Sul;Tombamento;1;1;2;;;;1
02/03/2021;17:46:00;320;3 - Acidente com Danos Materiais;548,6;BR-116/SP;Sul;Tombamento;1;1;;;;;1
03/03/2021;15:00:00;241;3 - Acidente com Danos Materiais;565,2;BR-116/SP;Sul;Colisão Lateral;2;2;;;;;1
03/03/2021;23:18:00;377;3 - Acidente com Danos Materiais;279,8;BR-116/SP;Sul;Engavetamento;1;3;;;;;1
03/03/2021;21:50:00;357;2 - Acidente com VITIMA;48;BR-116/PR;Sul;Colisão Transversal;1;2;1;;;;1
03/03/2021;05:37:00;49;3 - Acidente com Danos Materiais;338,8;BR-116/SP;Norte;Tombamento;1;2;;;;;1
03/03/2021;00:47:00;8;3 - Acidente com Danos Materiais;61,7;BR-116/PR;Norte;Saida de Pista;1;1;;;;;1
03/03/2021;14:34:00;229;3 - Acidente com Danos Materiais;567;BR-116/SP;Sul;Choque - Defensa, barreira ou "submarino";1;3;;;;;1
03/03/2021;17:38:00;289;3 - Acidente com Danos Materiais;353;BR-116/SP;Sul;Saida de Pista;1;1;;;;;1
04/03/2021;16:07:00;256;3 - Acidente com Danos Materiais;314;BR-116/SP;Norte;Capotamento;1;3;;;;;1
04/03/2021;17:29:00;275;3 - Acidente com Danos Materiais;21,9;BR-116/PR;Norte;Colisão Traseira;1;2;;;;;1
04/03/2021;20:14:00;308;3 - Acidente com Danos Materiais;33,9;BR-116/PR;Norte;Colisão Lateral;1;3;;;;;1
04/03/2021;15:02:00;240;3 - Acidente com Danos Materiais;516,4;BR-116/SP;Norte;Capotamento;1;1;;;;;1
04/03/2021;16:01:00;254;3 - Acidente com Danos Materiais;292,5;BR-116/SP;Sul;Choque - Poste;1;1;;;;;1
04/03/2021;15:43:00;247;2 - Acidente com VITIMA;443;BR-116/SP;Norte;Colisão Lateral;2;3;;1;;;2
04/03/2021;23:04:00;356;3 - Acidente com Danos Materiais;353;BR-116/SP;Sul;Saida de Pista;1;3;;;;;1
05/03/2021;18:13:00;282;2 - Acidente com VITIMA;548,8;BR-116/SP;Sul;Colisão Traseira;1;1;;1;;;2
05/03/2021;17:28:00;271;3 - Acidente com Danos Materiais;548,8;BR-116/SP;Sul;Colisão Transversal;1;2;;;;;1
05/03/2021;06:19:00;58;1 - Acidente com Vitima Fatal;54,45;BR-116/PR;Sul;Colisão Traseira;2;1;1;;;1;3
05/03/2021;22:12:00;341;3 - Acidente com Danos Materiais;311,7;BR-116/SP;Sul;Choque - Defensa, barreira ou "submarino";1;1;;;;;1
05/03/2021;12:34:00;189;3 - Acidente com Danos Materiais;318;BR-116/SP;Sul;Tombamento;1;1;;;;;1
05/03/2021;17:50:00;277;3 - Acidente com Danos Materiais;438;BR-116/SP;Sul;Colisão Traseira;2;2;;;;;1
05/03/2021;21:37:00;335;3 - Acidente com Danos Materiais;324,1;BR-116/SP;Norte;Choque - Defensa, barreira ou "submarino";1;2;;;;;1
05/03/2021;21:22:00;328;3 - Acidente com Danos Materiais;302;BR-116/SP;Sul;Colisão Lateral;1;2;;;;;1
05/03/2021;04:41:00;48;3 - Acidente com Danos Materiais;564,1;BR-116/SP;Sul;Saida de Pista;1;3;;;;;1
05/03/2021;16:43:00;259;3 - Acidente com Danos Materiais;545,8;BR-116/SP;Sul;Choque - Defensa, barreira ou "submarino";1;1;;;;;1
05/03/2021;17:48:00;276;3 - Acidente com Danos Materiais;26,3;BR-116/PR;Norte;Choque - Defensa, barreira ou "submarino";1;2;;;;;1
06/03/2021;01:06:00;13;3 - Acidente com Danos Materiais;307,1;BR-116/SP;Sul;Colisão Traseira;1;2;;;;;1
06/03/2021;16:38:00;218;2 - Acidente com VITIMA;541,6;BR-116/SP;Sul;Colisão Transversal;1;1;1;;;;1
06/03/2021;21:47:00;299;2 - Acidente com VITIMA;516;BR-116/SP;Norte;Colisão Traseira;1;1;1;;;;1
06/03/2021;07:45:00;81;2 - Acidente com VITIMA;546;BR-116/SP;Sul;Colisão Lateral;2;0;2;;;;1
06/03/2021;10:26:00;115;3 - Acidente com Danos Materiais;331,2;BR-116/SP;Norte;Capotamento;1;1;;;;;1
06/03/2021;15:41:00;196;3 - Acidente com Danos Materiais;550,3;BR-116/SP;Norte;Choque - Talude;1;1;;;;;1
06/03/2021;16:16:00;211;2 - Acidente com VITIMA;436,4;BR-116/SP;Norte;Colisão Lateral;1;2;;2;;;2
06/03/2021;17:31:00;238;2 - Acidente com VITIMA;513,5;BR-116/SP;Norte;Colisão Traseira;2;1;1;;;;1
07/03/2021;17:11:00;185;2 - Acidente com VITIMA;389,4;BR-116/SP;Norte;Colisão Lateral;2;1;1;;;;1
07/03/2021;11:43:00;95;2 - Acidente com VITIMA;514,2;BR-116/SP;Norte;Tombamento;1;0;1;;;;1
07/03/2021;15:37:00;162;3 - Acidente com Danos Materiais;358,8;BR-116/SP;Sul;Choque - Defensa, barreira ou "submarino";1;1;;;;;1
08/03/2021;21:33:00;273;3 - Acidente com Danos Materiais;484,9;BR-116/SP;Sul;Colisão Lateral;1;2;;;;;1
08/03/2021;16:59:00;211;3 - Acidente com Danos Materiais;451,7;BR-116/SP;Sul;Saida de Pista;1;1;;;;;1
08/03/2021;01:09:00;6;3 - Acidente com Danos Materiais;377,1;BR-116/SP;Norte;Saida de Pista;1;2;;;;;1
08/03/2021;17:38:00;223;3 - Acidente com Danos Materiais;280,1;BR-116/SP;Sul;Colisão Lateral;1;2;;;;;1
08/03/2021;01:50:00;14;2 - Acidente com VITIMA;359,1;BR-116/SP;Norte;Tombamento;1;0;1;;;;1
08/03/2021;21:57:00;278;3 - Acidente com Danos Materiais;512;BR-116/SP;Sul;Colisão Traseira;2;3;;;;;1
09/03/2021;22:36:00;287;2 - Acidente com VITIMA;32,6;BR-116/PR;Norte;Choque - Suporte de Sinalização;1;0;1;;;;1
09/03/2021;21:14:00;278;2 - Acidente com VITIMA;562;BR-116/SP;Norte;Tombamento;1;0;1;;;;1
09/03/2021;17:40:00;239;3 - Acidente com Danos Materiais;310,7;BR-116/SP;Sul;Saida de Pista;1;1;;;;;1
09/03/2021;09:21:00;113;3 - Acidente com Danos Materiais;411;BR-116/SP;Sul;Colisão Lateral;2;3;;;;;1
09/03/2021;21:18:00;279;2 - Acidente com VITIMA;346,2;BR-116/SP;Sul;Colisão Traseira;2;1;1;;;;1
10/03/2021;11:04:00;156;3 - Acidente com Danos Materiais;66,874;BR-116/PR;Sul;Colisão Lateral;1;4;;;;;1
11/03/2021;15:30:00;235;3 - Acidente com Danos Materiais;272,8;BR-116/SP;Sul;Colisão Traseira;1;2;;;;;1
11/03/2021;08:39:00;117;3 - Acidente com Danos Materiais;301,2;BR-116/SP;Norte;Colisão Lateral;2;3;;;;;1
11/03/2021;09:29:00;139;3 - Acidente com Danos Materiais;542,5;BR-116/SP;Norte;Colisão Lateral;2;2;;;;;1
11/03/2021;22:10:00;331;3 - Acidente com Danos Materiais;542,9;BR-116/SP;Sul;Colisão Traseira;2;3;;;;;1
11/03/2021;19:59:00;305;2 - Acidente com VITIMA;442;BR-116/SP;Sul;Atropelamento - Morador;1;1;;1;;;2
11/03/2021;19:54:00;304;3 - Acidente com Danos Materiais;338;BR-116/SP;Sul;Colisão Traseira;2;2;;;;;1
11/03/2021;09:39:00;145;3 - Acidente com Danos Materiais;513,8;BR-116/SP;Norte;Colisão Traseira;1;3;;;;;1
12/03/2021;23:36:00;294;3 - Acidente com Danos Materiais;362,1;BR-116/SP;Sul;Tombamento;1;1;;;;;1
12/03/2021;01:03:00;14;3 - Acidente com Danos Materiais;514,9;BR-116/SP;Norte;Choque - Defensa, barreira ou "submarino";1;2;;;;;1
12/03/2021;08:14:00;93;3 - Acidente com Danos Materiais;30,5;BR-116/PR;Sul;Colisão Lateral;1;2;;;;;1
12/03/2021;01:15:00;15;3 - Acidente com Danos Materiais;471,6;BR-116/SP;Norte;Tombamento;1;1;;;;;1
12/03/2021;06:50:00;51;3 - Acidente com Danos Materiais;413,8;BR-116/SP;Sul;Saida de Pista;1;1;;;;;1
12/03/2021;15:22:00;204;2 - Acidente com VITIMA;359,2;BR-116/SP;Norte;Tombamento;1;0;;1;;;2
12/03/2021;09:08:00;115;3 - Acidente com Danos Materiais;450,87;BR-116/SP;Sul;Capotamento;1;2;;;;;1
12/03/2021;15:32:00;207;3 - Acidente com Danos Materiais;352,3;BR-116/SP;Sul;Colisão Traseira;2;2;;;;;1