data;horario;n_da_ocorrencia;tipo_de_ocorrencia;km;trecho;sentido;tipo_de_acidente;caminhao;ilesos;levemente_feridos;moderadamente_feridos;gravemente_feridos;mortos;3
13/03/2021;11:40:00;125;3 - Acidente com Danos Materiais;508,85;BR-116/SP;Sul;Tombamento;1;1;;;;;1
13/03/2021;03:20:00;27;3 - Acidente com Danos Materiais;310,5;BR-116/SP;Norte;Tombamento;1;1;;;;;1
13/03/2021;09:12:00;82;3 - Acidente com Danos Materiais;403;BR-116/SP;Sul;Colisão Traseira;1;2;;;;;1
13/03/2021;22:56:00;291;2 - Acidente com VITIMA;66;BR-116/PR;Sul;Colisão Traseira;1;1;2;;;;1
13/03/2021;10:47:00;110;2 - Acidente com VITIMA;300,1;BR-116/SP;Norte;Colisão Lateral;2;2;;;1;;2
14/03/2021;20:56:00;252;1 - Acidente com Vitima Fatal;479,298;BR-116/SP;Sul;Atropelamento - Ciclista;1;1;;;;1;3
14/03/2021;19:23:00;233;3 - Acidente com Danos Materiais;330,3;BR-116/SP;Sul;Colisão Lateral;1;2;;;;;1
14/03/2021;16:03:00;173;2 - Acidente com VITIMA;512,3;BR-116/SP;Norte;Colisão Traseira;2;1;;1;;;2
15/03/2021;03:44:00;23;2 - Acidente com VITIMA;5,15;BR-116/PR;Norte;Tombamento;1;0;1;;;;1
15/03/2021;23:48:00;318;3 - Acidente com Danos Materiais;454,3;BR-116/SP;Norte;Colisão Lateral;2;2;;;;;1
15/03/2021;09:48:00;109;3 - Acidente com Danos Materiais;0,5;BR-116/CW;Norte;Choque - Outros;1;3;;;;;1
15/03/2021;21:30:00;299;2 - Acidente com VITIMA;545,9;BR-116/SP;Sul;Choque - Defensa, barreira ou "submarino";1;0;;;1;;2
16/03/2021;00:49:00;8;2 - Acidente com VITIMA;495,3;BR-116/SP;Norte;Colisão Lateral;2;1;2;;;;1
16/03/2021;08:36:00;99;3 - Acidente com Danos Materiais;32;BR-116/PR;Sul;Colisão Lateral;1;2;;;;;1
16/03/2021;00:23:00;5;2 - Acidente com VITIMA;339,9;BR-116/SP;Sul;Choque - Objeto sobre a pista;1;0;1;;;;1
16/03/2021;21:36:00;282;3 - Acidente com Danos Materiais;357,3;BR-116/SP;Norte;Choque - Defensa, barreira ou "submarino";1;1;;;;;1
17/03/2021;17:22:00;271;2 - Acidente com VITIMA;14,1;BR-116/PR;Norte;Saida de Pista;1;1;1;;;;1
17/03/2021;14:43:00;228;3 - Acidente com Danos Materiais;502,8;BR-116/SP;Sul;Colisão Lateral;1;2;;;;;1
17/03/2021;16:17:00;252;3 - Acidente com Danos Materiais;345,3;BR-116/SP;Sul;Colisão Traseira;2;2;;;;;1
17/03/2021;14:02:00;215;3 - Acidente com Danos Materiais;292,4;BR-116/SP;Norte;Colisão Transversal;1;2;;;;;1
17/03/2021;10:20:00;148;3 - Acidente com Danos Materiais;3,5;BR-116/CW;Norte;Choque - Defensa, barreira ou "submarino";1;1;;;;;1
18/03/2021;23:48:00;313;3 - Acidente com Danos Materiais;35,2;BR-116/PR;Norte;Atropelamento de Animal;1;1;;;;;1
18/03/2021;14:44:00;199;2 - Acidente com VITIMA;328;BR-116/SP;Norte;Choque - Defensa, barreira ou "submarino";1;1;1;;;;1
18/03/2021;21:29:00;293;3 - Acidente com Danos Materiais;1,9;BR-116/PR;Norte;Saida de Pista;1;1;;;;;1
18/03/2021;22:05:00;299;2 - Acidente com VITIMA;334,9;BR-116/SP;Sul;Colisão Traseira;2;2;;1;;;2
19/03/2021;22:56:00;341;2 - Acidente com VITIMA;541,3;BR-116/SP;Norte;Colisão Lateral;1;1;1;;;;1
19/03/2021;21:19:00;319;3 - Acidente com Danos Materiais;322,8;BR-116/SP;Sul;Colisão Traseira;1;23;;;;;1
19/03/2021;01:34:00;23;3 - Acidente com Danos Materiais;528,5;BR-116/SP;Sul;Saida de Pista;1;1;;;;;1
19/03/2021;05:01:00;57;3 - Acidente com Danos Materiais;443,05;BR-116/SP;Sul;Saida de Pista;1;2;;;;;1
19/03/2021;22:11:00;332;3 - Acidente com Danos Materiais;477;BR-116/SP;Sul;Choque - Elemento de Drenagem;1;1;;;;;1
19/03/2021;16:50:00;250;3 - Acidente com Danos Materiais;298,6;BR-116/SP;Sul;Colisão Traseira;1;2;;;;;1
19/03/2021;10:09:00;151;3 - Acidente com Danos Materiais;0,5;BR-116/PR;Sul;Colisão Lateral;1;2;;;;;1
19/03/2021;21:29:00;321;3 - Acidente com Danos Materiais;567,5;BR-116/SP;Norte;Choque - Defensa, barreira ou "submarino";1;1;;;;;1
19/03/2021;07:10:00;83;3 - Acidente com Danos Materiais;548,8;BR-116/SP;Sul;Colisão Traseira;1;4;;;;;1
19/03/2021;07:34:00;94;2 - Acidente com VITIMA;544,7;BR-116/SP;Sul;Capotamento;1;0;1;;;;1
19/03/2021;07:05:00;80;2 - Acidente com VITIMA;419;BR-116/SP;Sul;Colisão Lateral;1;1;3;;;;1
19/03/2021;17:38:00;264;2 - Acidente com VITIMA;538,1;BR-116/SP;Sul;Choque - Defensa, barreira ou "submarino";1;4;1;;;;1
19/03/2021;20:24:00;303;3 - Acidente com Danos Materiais;364;BR-116/SP;Norte;Choque - Defensa, barreira ou "submarino";1;1;;;;;1
19/03/2021;01:07:00;9;2 - Acidente com VITIMA;359,99;BR-116/SP;Sul;Engavetamento;2;2;1;;;;1
20/03/2021;10:58:00;141;2 - Acidente com VITIMA;504,3;BR-116/SP;Sul;Tombamento;1;0;1;;;;1
20/03/2021;02:16:00;32;3 - Acidente com Danos Materiais;437,4;BR-116/SP;Sul;Saida de Pista;1;1;;;;;1
20/03/2021;16:44:00;231;3 - Acidente com Danos Materiais;403,2;BR-116/SP;Norte;Tombamento;1;1;;;;;1
20/03/2021;05:38:00;59;3 - Acidente com Danos Materiais;500,6;BR-116/SP;Sul;Tombamento;1;1;;;;;1
20/03/2021;15:48:00;216;3 - Acidente com Danos Materiais;516;BR-116/SP;Sul;Tombamento;1;2;;;;;1
21/03/2021;16:57:00;171;3 - Acidente com Danos Materiais;416;BR-116/SP;Norte;Saida de Pista;1;2;;;;;1
21/03/2021;15:14:00;140;3 - Acidente com Danos Materiais;514,9;BR-116/SP;Norte;Colisão Traseira;2;2;;;;;1
22/03/2021;11:48:00;163;3 - Acidente com Danos Materiais;517,3;BR-116/SP;Sul;Tombamento;1;1;;;;;1
22/03/2021;02:39:00;22;3 - Acidente com Danos Materiais;1,5;BR-116/PR;Sul;Choque - Defensa, barreira ou "submarino";1;1;;;;;1
22/03/2021;09:51:00;112;3 - Acidente com Danos Materiais;47,2;BR-116/PR;Norte;Capotamento;1;5;;;;;1
22/03/2021;22:54:00;272;3 - Acidente com Danos Materiais;516;BR-116/SP;Norte;Tombamento;1;2;;;;;1
22/03/2021;10:25:00;129;3 - Acidente com Danos Materiais;12;BR-116/PR;Sul;Choque - Defensa, barreira ou "submarino";1;2;;;;;1
22/03/2021;22:02:00;263;3 - Acidente com Danos Materiais;523,3;BR-116/SP;Sul;Tombamento;1;1;;;;;1
23/03/2021;04:06:00;24;2 - Acidente com VITIMA;360,3;BR-116/SP;Norte;Tombamento;1;0;2;;;;1
24/03/2021;15:11:00;209;3 - Acidente com Danos Materiais;22,1;BR-116/PR;Norte;Colisão Traseira;2;2;;;;;1
24/03/2021;11:18:00;154;2 - Acidente com VITIMA;307,5;BR-116/SP;Sul;Tombamento;1;0;1;;;;1
24/03/2021;19:26:00;258;3 - Acidente com Danos Materiais;4,5;BR-116/PR;Sul;Saida de Pista;1;1;;;;;1
24/03/2021;06:43:00;51;3 - Acidente com Danos Materiais;470;BR-116/SP;Norte;Saida de Pista;1;2;;;;;1
25/03/2021;11:36:00;165;3 - Acidente com Danos Materiais;504,5;BR-116/SP;Sul;Tombamento;1;1;;;;;1
25/03/2021;23:41:00;314;3 - Acidente com Danos Materiais;441;BR-116/SP;Norte;Colisão Traseira;1;1;;;;;1
25/03/2021;10:40:00;147;3 - Acidente com Danos Materiais;359;BR-116/SP;Norte;Tombamento;1;1;;;;;1
26/03/2021;14:06:00;213;2 - Acidente com VITIMA;461;BR-116/SP;Norte;Tombamento;1;0;1;;;;1
26/03/2021;21:49:00;307;3 - Acidente com Danos Materiais;513,6;BR-116/SP;Norte;Colisão Lateral;2;2;;;;;1
26/03/2021;19:24:00;281;3 - Acidente com Danos Materiais;299,3;BR-116/SP;Sul;Colisão Lateral;1;2;;;;;1
26/03/2021;19:54:00;289;3 - Acidente com Danos Materiais;447,9;BR-116/SP;Norte;Colisão Lateral;1;2;;;;;1
26/03/2021;10:02:00;131;2 - Acidente com VITIMA;561,6;BR-116/SP;Norte;Atropelamento - Outros;1;1;1;;;;1
27/03/2021;02:26:00;15;2 - Acidente com VITIMA;435,277;BR-116/SP;Sul;Atropelamento de Animal;1;1;1;;;;1
27/03/2021;02:59:00;21;3 - Acidente com Danos Materiais;435,277;BR-116/SP;Norte;Atropelamento de Animal;1;1;;;;;1
27/03/2021;17:14:00;200;3 - Acidente com Danos Materiais;547,8;BR-116/SP;Norte;Saida de Pista;1;1;;;;;1
27/03/2021;19:40:00;228;3 - Acidente com Danos Materiais;51,04;BR-116/PR;Sul;Choque - Talude;1;1;;;;;1
27/03/2021;07:38:00;52;3 - Acidente com Danos Materiais;338,9;BR-116/SP;Norte;Colisão Traseira;2;2;;;;;1
27/03/2021;05:34:00;31;2 - Acidente com VITIMA;359,25;BR-116/SP;Norte;Tombamento;1;0;2;;;;1
27/03/2021;20:30:00;235;3 - Acidente com Danos Materiais;5,5;BR-116/CW;Norte;Colisão Traseira;1;6;;;;;1
27/03/2021;08:30:00;73;2 - Acidente com VITIMA;441,8;BR-116/SP;Sul;Atropelamento - Funcionário;1;1;;;1;;2
28/03/2021;00:28:00;6;2 - Acidente com VITIMA;4,5;BR-116/PR;Sul;Colisão Traseira;1;1;1;;;;1
28/03/2021;19:41:00;213;2 - Acidente com VITIMA;359,25;BR-116/SP;Norte;Tombamento;1;0;1;;;;1
28/03/2021;12:38:00;92;2 - Acidente com VITIMA;507;BR-116/SP;Norte;Engavetamento;3;2;1;;;;1
29/03/2021;21:56:00;285;3 - Acidente com Danos Materiais;26;BR-116/PR;Norte;Colisão Lateral;2;2;;;;;1
29/03/2021;20:27:00;275;3 - Acidente com Danos Materiais;363;BR-116/SP;Norte;Colisão Lateral;2;2;;;;;1
29/03/2021;20:04:00;272;3 - Acidente com Danos Materiais;361,2;BR-116/SP;Norte;Tombamento;1;1;;;;;1
29/03/2021;19:00:00;258;3 - Acidente com Danos Materiais;335,9;BR-116/SP;Norte;Choque - Talude;1;2;;;;;1
29/03/2021;14:25:00;188;3 - Acidente com Danos Materiais;346,2;BR-116/SP;Sul;Choque - Defensa, barreira ou "submarino";1;1;;;;;1
29/03/2021;18:30:00;247;3 - Acidente com Danos Materiais;482;BR-116/SP;Norte;Saida de Pista;1;2;;;;;1
29/03/2021;19:07:00;259;3 - Acidente com Danos Materiais;22,7;BR-116/PR;Norte;Choque - Defensa, barreira ou "submarino";1;1;;;;;1
29/03/2021;18:49:00;253;2 - Acidente com VITIMA;497,7;BR-116/SP;Norte;Colisão Traseira;1;1;;;1;;2
30/03/2021;19:20:00;247;3 - Acidente com Danos Materiais;385;BR-116/SP;Norte;Colisão Lateral;1;2;;;;;1
30/03/2021;02:17:00;15;3 - Acidente com Danos Materiais;517,9;BR-116/SP;Sul;Tombamento;1;1;;;;;1
30/03/2021;01:14:00;10;2 - Acidente com VITIMA;421,7;BR-116/SP;Sul;Tombamento;1;0;1;;;;1
30/03/2021;15:33:00;195;3 - Acidente com Danos Materiais;57,2;BR-116/PR;Norte;Choque - Defensa, barreira ou "submarino";1;1;;;;;1
30/03/2021;04:42:00;24;3 - Acidente com Danos Materiais;359,25;BR-116/SP;Norte;Tombamento;1;1;;;;;1
30/03/2021;15:34:00;197;3 - Acidente com Danos Materiais;287,9;BR-116/SP;Sul;Colisão Lateral;1;2;;;;;1
31/03/2021;18:14:00;238;3 - Acidente com Danos Materiais;280,5;BR-116/SP;Sul;Colisão Traseira;1;2;;;;;1
31/03/2021;15:49:00;204;3 - Acidente com Danos Materiais;417,7;BR-116/SP;Norte;Saida de Pista;1;2;;;;;1
01/04/2021;13:28:00;175;2 - Acidente com VITIMA;549,2;BR-116/SP;Norte;Colisão Traseira;1;2;1;1;;;2
01/04/2021;15:14:00;197;2 - Acidente com VITIMA;28,25;BR-116/PR;Norte;Tombamento;1;0;1;;;;1
01/04/2021;09:15:00;108;2 - Acidente com VITIMA;511;BR-116/SP;Sul;Colisão Traseira;2;1;1;;;;1
01/04/2021;19:28:00;255;3 - Acidente com Danos Materiais;551;BR-116/SP;Sul;Colisão Lateral;2;3;;;;;1
01/04/2021;22:18:00;283;3 - Acidente com Danos Materiais;547,3;BR-116/SP;Sul;Tombamento;1;1;;;;;1
01/04/2021;18:57:00;246;3 - Acidente com Danos Materiais;370,4;BR-116/SP;Sul;Colisão Traseira;1;2;;;;;1
01/04/2021;18:58:00;247;3 - Acidente com Danos Materiais;450,1;BR-116/SP;Sul;Choque - Suporte de Sinalização;1;1;;;;;1
01/04/2021;11:09:00;145;2 - Acidente com VITIMA;287,3;BR-116/SP;Norte;Colisão Lateral;1;2;1;;;;1
02/04/2021;01:16:00;14;3 - Acidente com Danos Materiais;369,5;BR-116/SP;Sul;Choque - Defensa, barreira ou "submarino";1;1;;;;;1
02/04/2021;21:05:00;234;2 - Acidente com VITIMA;508,95;BR-116/SP;Sul;Tombamento;1;0;1;;;;1
02/04/2021;08:20:00;69;3 - Acidente com Danos Materiais;44;BR-116/PR;Norte;Colisão Traseira;2;2;;;;;1
02/04/2021;01:23:00;15;3 - Acidente com Danos Materiais;410,6;BR-116/SP;Sul;Tombamento;1;2;;;;;1
02/04/2021;15:34:00;169;2 - Acidente com VITIMA;411,06;BR-116/SP;Norte;Colisão Traseira;1;1;2;;;;1
03/04/2021;18:49:00;154;3 - Acidente com Danos Materiais;563,8;BR-116/SP;Norte;Atropelamento de Animal;1;1;;;;;1
03/04/2021;19:01:00;156;3 - Acidente com Danos Materiais;563,8;BR-116/SP;Sul;Atropelamento de Animal;1;1;;;;;1
03/04/2021;19:33:00;161;3 - Acidente com Danos Materiais;563,8;BR-116/SP;Norte;Colisão Traseira;1;2;;;;;1
03/04/2021;10:56:00;76;3 - Acidente com Danos Materiais;549;BR-116/SP;Sul;Colisão Frontal;1;6;;;;;1
04/04/2021;22:33:00;193;2 - Acidente com VITIMA;11,8;BR-116/CW;Norte;Colisão Traseira;1;2;1;;;;1
04/04/2021;01:10:00;10;3 - Acidente com Danos Materiais;334,8;BR-116/SP;Sul;Choque - Defensa, barreira ou "submarino";1;1;;;;;1
04/04/2021;16:21:00;116;2 - Acidente com VITIMA;339;BR-116/SP;Norte;Colisão Lateral;2;4;1;;;;1
04/04/2021;10:33:00;49;3 - Acidente com Danos Materiais;389;BR-116/SP;Sul;Colisão Lateral;2;2;;;;;1
04/04/2021;12:50:00;72;3 - Acidente com Danos Materiais;386,6;BR-116/SP;Norte;Colisão Traseira;1;2;;;;;1
04/04/2021;13:23:00;82;2 - Acidente com VITIMA;347,5;BR-116/SP;Norte;Tombamento;1;0;1;;;;1
04/04/2021;10:20:00;45;3 - Acidente com Danos Materiais;281;BR-116/SP;Norte;Colisão Traseira;1;2;;;;;1
04/04/2021;18:36:00;143;3 - Acidente com Danos Materiais;57,2;BR-116/PR;Norte;Choque - Defensa, barreira ou "submarino";1;1;;;;;1
05/04/2021;01:56:00;12;3 - Acidente com Danos Materiais;279,49;BR-116/SP;Norte;Colisão Traseira;1;2;;;;;1
05/04/2021;08:35:00;77;3 - Acidente com Danos Materiais;282,8;BR-116/SP;Norte;Colisão Lateral;1;4;;;;;1
05/04/2021;21:38:00;243;3 - Acidente com Danos Materiais;503,3;BR-116/SP;Sul;Choque - Defensa, barreira ou "submarino";1;1;;;;;1
06/04/2021;08:37:00;95;3 - Acidente com Danos Materiais;489,9;BR-116/SP;Sul;Colisão Lateral;1;2;;;;;1
06/04/2021;11:45:00;144;2 - Acidente com VITIMA;479,3;BR-116/SP;Sul;Choque - Defensa, barreira ou "submarino";1;0;1;;;;1
06/04/2021;18:27:00;245;3 - Acidente com Danos Materiais;1,97;BR-116/PR;Norte;Tombamento;1;1;;;;;1
06/04/2021;07:12:00;54;3 - Acidente com Danos Materiais;358,1;BR-116/SP;Sul;Colisão Traseira;1;2;;;;;1
07/04/2021;07:33:00;59;3 - Acidente com Danos Materiais;485,8;BR-116/SP;Sul;Colisão Traseira;2;2;;;;;1
07/04/2021;03:42:00;29;2 - Acidente com VITIMA;509,7;BR-116/SP;Norte;Choque - Talude;1;1;1;;;;1
07/04/2021;09:51:00;109;3 - Acidente com Danos Materiais;370,001;BR-116/SP;Norte;Colisão Traseira;1;2;;;;;1
07/04/2021;12:27:00;149;3 - Acidente com Danos Materiais;541,6;BR-116/SP;Sul;Choque - Defensa, barreira ou "submarino";1;1;;;;;1
07/04/2021;14:16:00;177;3 - Acidente com Danos Materiais;3,7;BR-116/PR;Norte;Choque - Defensa, barreira ou "submarino";1;1;;;;;1
08/04/2021;17:41:00;233;2 - Acidente com VITIMA;63,5;BR-116/PR;Norte;Colisão Traseira;1;1;1;;;;1
08/04/2021;13:30:00;176;3 - Acidente com Danos Materiais;298,6;BR-116/SP;Sul;Colisão Traseira;2;2;;;;;1
08/04/2021;16:20:00;208;2 - Acidente com VITIMA;426,6;BR-116/SP;Sul;Colisão Traseira;2;1;1;;;;1
08/04/2021;02:47:00;17;2 - Acidente com VITIMA;47,6;BR-116/PR;Sul;Colisão Transversal;2;2;1;;;;1
08/04/2021;12:17:00;160;2 - Acidente com VITIMA;514,5;BR-116/SP;Norte;Tombamento;1;0;;1;;;2
08/04/2021;16:05:00;207;2 - Acidente com VITIMA;514,95;BR-116/SP;Norte;Choque - Talude;1;4;2;;;;1
09/04/2021;11:46:00;169;2 - Acidente com VITIMA;398;BR-116/SP;Sul;Tombamento;1;0;1;;;;1
09/04/2021;23:05:00;311;2 - Acidente com VITIMA;561,5;BR-116/SP;Norte;Tombamento;1;0;1;;;;1
09/04/2021;17:37:00;265;2 - Acidente com VITIMA;422,5;BR-116/SP;Sul;Choque - Defensa, barreira ou "submarino";2;1;1;;;;1
10/04/2021;00:33:00;4;3 - Acidente com Danos Materiais;54,5;BR-116/PR;Sul;Tombamento;1;1;;;;;1
11/04/2021;23:04:00;265;2 - Acidente com VITIMA;516;BR-116/SP;Norte;Colisão Traseira;2;2;1;;;;1
11/04/2021;17:59:00;216;3 - Acidente com Danos Materiais;409,355;BR-116/SP;Norte;Colisão Traseira;1;2;;;;;1
11/04/2021;16:27:00;191;3 - Acidente com Danos Materiais;305,8;BR-116/SP;Norte;Colisão Traseira;2;3;;;;;1
12/04/2021;21:33:00;288;3 - Acidente com Danos Materiais;563,9;BR-116/SP;Sul;Saida de Pista;1;1;;;;;1
12/04/2021;04:25:00;35;2 - Acidente com VITIMA;328,9;BR-116/SP;Norte;Colisão Traseira;1;1;1;;;;1
13/04/2021;22:05:00;290;3 - Acidente com Danos Materiais;299,5;BR-116/SP;Sul;Choque - Talude;1;1;;;;;1
13/04/2021;05:11:00;39;2 - Acidente com VITIMA;273,15;BR-116/SP;Norte;Colisão Traseira;1;2;1;;;;1
13/04/2021;15:23:00;211;3 - Acidente com Danos Materiais;397;BR-116/SP;Sul;Colisão Lateral;1;2;;;;;1
14/04/2021;01:05:00;13;3 - Acidente com Danos Materiais;65,3;BR-116/PR;Norte;Tombamento;1;1;;;;;1
14/04/2021;19:23:00;260;3 - Acidente com Danos Materiais;517;BR-116/SP;Norte;Atropelamento de Animal;1;1;;;;;1
14/04/2021;03:02:00;24;3 - Acidente com Danos Materiais;487,9;BR-116/SP;Norte;Colisão Traseira;2;2;;;;;1
14/04/2021;07:29:00;72;3 - Acidente com Danos Materiais;57;BR-116/PR;Sul;Colisão Traseira;1;2;;;;;1
14/04/2021;23:31:00;304;3 - Acidente com Danos Materiais;514,5;BR-116/SP;Sul;Colisão Traseira;2;2;;;;;1
14/04/2021;21:41:00;285;1 - Acidente com Vitima Fatal;9,2;BR-116/PR;Sul;Choque - Talude;2;1;;;;1;3
14/04/2021;15:12:00;208;3 - Acidente com Danos Materiais;379,328;BR-116/SP;Norte;Objeto lançado contra veículo;1;1;;;;;1
14/04/2021;12:06:00;164;3 - Acidente com Danos Materiais;29,4;BR-116/PR;Sul;Colisão Lateral;2;2;;;;;1
14/04/2021;10:03:00;129;3 - Acidente com Danos Materiais;351,4;BR-116/SP;Sul;Choque - Defensa, barreira ou "submarino";1;1;;;;;1
15/04/2021;14:51:00;194;3 - Acidente com Danos Materiais;399,6;BR-116/SP;Sul;Colisão Traseira;2;2;;;;;1
15/04/2021;19:35:00;265;3 - Acidente com Danos Materiais;463;BR-116/SP;Sul;Colisão Lateral;1;2;;;;;1
15/04/2021;05:00:00;31;2 - Acidente com VITIMA;26,4;BR-116/PR;Norte;Tombamento;1;0;1;;;;1
15/04/2021;19:08:00;261;3 - Acidente com Danos Materiais;8;BR-116/PR;Norte;Choque - Defensa, barreira ou "submarino";1;1;;;;;1
16/04/2021;04:50:00;35;2 - Acidente com VITIMA;405;BR-116/SP;Norte;Colisão Traseira;2;1;1;;;;1
16/04/2021;12:10:00;159;3 - Acidente com Danos Materiais;293,95;BR-116/SP;Sul;Colisão Lateral;1;2;;;;;1
16/04/2021;05:46:00;48;3 - Acidente com Danos Materiais;44,3;BR-116/PR;Sul;Capotamento;1;2;;;;;1
17/04/2021;09:56:00;135;3 - Acidente com Danos Materiais;408,6;BR-116/SP;Sul;Colisão Lateral;1;2;;;;;1
17/04/2021;12:41:00;177;3 - Acidente com Danos Materiais;52,3;BR-116/PR;Norte;Colisão Lateral;1;2;;;;;1
17/04/2021;11:16:00;152;3 - Acidente com Danos Materiais;548,8;BR-116/SP;Sul;Choque - Defensa, barreira ou "submarino";1;1;;;;;1
17/04/2021;13:47:00;195;2 - Acidente com VITIMA;511,9;BR-116/SP;Norte;Choque - Defensa, barreira ou "submarino";1;0;1;;;;1
17/04/2021;15:14:00;222;2 - Acidente com VITIMA;509,8;BR-116/SP;Norte;Choque - Defensa, barreira ou "submarino";1;0;1;;;;1
17/04/2021;13:26:00;186;3 - Acidente com Danos Materiais;560,4;BR-116/SP;Sul;Choque - Defensa, barreira ou "submarino";1;1;;;;;1
17/04/2021;21:11:00;294;2 - Acidente com VITIMA;68,9;BR-116/PR;Sul;Colisão Frontal;1;1;;;1;;2
18/04/2021;22:12:00;220;2 - Acidente com VITIMA;359,15;BR-116/SP;Norte;Tombamento;1;0;1;;;;1
18/04/2021;11:04:00;74;3 - Acidente com Danos Materiais;565,2;BR-116/SP;Sul;Colisão Traseira;1;2;;;;;1
18/04/2021;17:50:00;174;3 - Acidente com Danos Materiais;42,3;BR-116/PR;Norte;Tombamento;1;1;;;;;1
18/04/2021;16:31:00;156;3 - Acidente com Danos Materiais;57,2;BR-116/PR;Norte;Colisão Traseira;1;4;;;;;1
18/04/2021;08:49:00;50;1 - Acidente com Vitima Fatal;298,8;BR-116/SP;Sul;Atropelamento - Funcionário;1;1;;;;1;3
18/04/2021;07:04:00;26;3 - Acidente com Danos Materiais;1,9;BR-116/PR;Norte;Tombamento;1;2;;;;;1
18/04/2021;17:36:00;169;3 - Acidente com Danos Materiais;301,9;BR-116/SP;Norte;Colisão Traseira;1;2;;;;;1
19/04/2021;20:41:00;240;3 - Acidente com Danos Materiais;548,1;BR-116/SP;Sul;Engavetamento;1;5;;;;;1
19/04/2021;22:19:00;255;3 - Acidente com Danos Materiais;336,9;BR-116/SP;Sul;Colisão Traseira;2;2;;;;;1
19/04/2021;05:10:00;34;3 - Acidente com Danos Materiais;548,8;BR-116/SP;Sul;Tombamento;1;1;;;;;1
19/04/2021;11:53:00;139;2 - Acidente com VITIMA;564,15;BR-116/SP;Sul;Choque - Defensa, barreira ou "submarino";1;1;1;;;;1
19/04/2021;05:07:00;33;2 - Acidente com VITIMA;566,9;BR-116/SP;Norte;Choque - Defensa, barreira ou "submarino";1;0;1;;;;1
20/04/2021;05:13:00;26;3 - Acidente com Danos Materiais;46,8;BR-116/PR;Sul;Engavetamento;3;3;;;;;1
20/04/2021;09:19:00;95;3 - Acidente com Danos Materiais;279,7;BR-116/SP;Norte;Colisão Traseira;1;2;;;;;1
20/04/2021;11:58:00;151;2 - Acidente com VITIMA;296,2;BR-116/SP;Norte;Colisão Traseira;1;1;2;;;;1
20/04/2021;04:24:00;24;2 - Acidente com VITIMA;48,95;BR-116/PR;Sul;Choque - Defensa, barreira ou "submarino";1;1;1;;;;1
20/04/2021;18:56:00;255;3 - Acidente com Danos Materiais;386,2;BR-116/SP;Sul;Tombamento;1;2;;;;;1
20/04/2021;00:07:00;1;3 - Acidente com Danos Materiais;567,3;BR-116/SP;Norte;Choque - Defensa, barreira ou "submarino";1;1;;;;;1
20/04/2021;11:41:00;145;3 - Acidente com Danos Materiais;362;BR-116/SP;Sul;Outros;1;1;;;;;1
20/04/2021;14:25:00;192;3 - Acidente com Danos Materiais;362,5;BR-116/SP;Sul;Choque - Defensa, barreira ou "submarino";1;1;;;;;1
20/04/2021;23:00:00;296;2 - Acidente com VITIMA;441,5;BR-116/SP;Norte;Engavetamento;1;1;5;1;;;2
20/04/2021;19:30:00;261;3 - Acidente com Danos Materiais;546,85;BR-116/SP;Sul;Choque - Defensa, barreira ou "submarino";1;1;;;;;1
21/04/2021;18:36:00;216;3 - Acidente com Danos Materiais;42,1;BR-116/PR;Sul;Choque - Defensa, barreira ou "submarino";1;1;;;;;1
21/04/2021;14:37:00;167;2 - Acidente com VITIMA;561,5;BR-116/SP;Sul;Engavetamento;5;9;3;;;;1
21/04/2021;23:45:00;261;3 - Acidente com Danos Materiais;360;BR-116/SP;Norte;Choque - Defensa, barreira ou "submarino";1;1;;;;;1
21/04/2021;00:35:00;10;3 - Acidente com Danos Materiais;444,3;BR-116/SP;Norte;Tombamento;1;1;;;;;1
21/04/2021;07:47:00;61;3 - Acidente com Danos Materiais;561,5;BR-116/SP;Sul;Choque - Elemento de Drenagem;1;1;;;;;1