data;horario;n_da_ocorrencia;tipo_de_ocorrencia;km;trecho;sentido;tipo_de_acidente;caminhao;ilesos;levemente_feridos;moderadamente_feridos;gravemente_feridos;mortos;3
22/04/2021;02:54:00;21;2 - Acidente com VITIMA;37;BR-116/PR;Sul;Colisão Traseira;2;1;;1;;;2
22/04/2021;05:08:00;29;3 - Acidente com Danos Materiais;380,258;BR-116/SP;Norte;Choque - Defensa, barreira ou "submarino";1;1;;;;;1
22/04/2021;00:53:00;11;3 - Acidente com Danos Materiais;297,392;BR-116/SP;Norte;Capotamento;1;2;;;;;1
22/04/2021;11:21:00;136;2 - Acidente com VITIMA;545,1;BR-116/SP;Norte;Tombamento;1;2;1;;;;1
23/04/2021;06:31:00;57;3 - Acidente com Danos Materiais;465,2;BR-116/SP;Norte;Colisão Traseira;2;3;;;;;1
23/04/2021;14:21:00;206;3 - Acidente com Danos Materiais;371,7;BR-116/SP;Sul;Colisão Traseira;1;2;;;;;1
23/04/2021;17:27:00;250;2 - Acidente com VITIMA;16,4;BR-116/CW;Norte;Colisão Lateral;1;1;1;;;;1
23/04/2021;08:51:00;112;2 - Acidente com VITIMA;511,7;BR-116/SP;Norte;Travessia Canteiro Central;1;0;;1;;;2
24/04/2021;22:50:00;270;2 - Acidente com VITIMA;316,3;BR-116/SP;Norte;Choque - Defensa, barreira ou "submarino";1;0;1;;;;1
25/04/2021;22:14:00;213;2 - Acidente com VITIMA;480,25;BR-116/SP;Norte;Capotamento;1;0;;1;;;2
25/04/2021;02:23:00;18;3 - Acidente com Danos Materiais;272,15;BR-116/SP;Norte;Colisão Traseira;1;4;;;;;1
25/04/2021;17:09:00;162;3 - Acidente com Danos Materiais;67,6;BR-116/PR;Sul;Colisão Lateral;1;3;;;;;1
25/04/2021;09:43:00;85;2 - Acidente com VITIMA;31,5;BR-116/PR;Norte;Choque - Defensa, barreira ou "submarino";1;1;1;;;;1
26/04/2021;13:00:00;171;3 - Acidente com Danos Materiais;271,4;BR-116/SP;Norte;Colisão Traseira;1;2;;;;;1
26/04/2021;20:09:00;248;2 - Acidente com VITIMA;546,7;BR-116/SP;Sul;Choque - Defensa, barreira ou "submarino";1;1;1;;;;1
27/04/2021;23:16:00;330;2 - Acidente com VITIMA;484,5;BR-116/SP;Norte;Colisão Traseira;1;1;;1;;;2
27/04/2021;22:26:00;319;3 - Acidente com Danos Materiais;512,5;BR-116/SP;Norte;Colisão Traseira;2;4;;;;;1
28/04/2021;05:55:00;46;2 - Acidente com VITIMA;360,1;BR-116/SP;Norte;Choque - Defensa, barreira ou "submarino";1;0;1;;;;1
28/04/2021;03:14:00;23;3 - Acidente com Danos Materiais;312,8;BR-116/SP;Sul;Capotamento;1;1;;;;;1
28/04/2021;08:20:00;108;3 - Acidente com Danos Materiais;279;BR-116/SP;Norte;Colisão Traseira;2;2;;;;;1
28/04/2021;21:36:00;310;3 - Acidente com Danos Materiais;57,2;BR-116/PR;Norte;Colisão Traseira;2;2;;;;;1
28/04/2021;11:44:00;178;3 - Acidente com Danos Materiais;479,1;BR-116/SP;Norte;Tombamento;1;1;;;;;1
28/04/2021;16:22:00;246;2 - Acidente com VITIMA;362;BR-116/SP;Sul;Engavetamento;3;2;1;;;;1
29/04/2021;14:49:00;237;2 - Acidente com VITIMA;511,2;BR-116/SP;Sul;Tombamento;1;0;1;;;;1
29/04/2021;10:59:00;168;2 - Acidente com VITIMA;347;BR-116/SP;Norte;Tombamento;1;0;1;;;;1
29/04/2021;10:57:00;167;3 - Acidente com Danos Materiais;3;BR-116/PR;Norte;Colisão Lateral;1;4;;;;;1
29/04/2021;18:34:00;303;2 - Acidente com VITIMA;31,1;BR-116/PR;Sul;Colisão Lateral;1;3;1;;;;1
29/04/2021;14:12:00;222;2 - Acidente com VITIMA;515,8;BR-116/SP;Sul;Tombamento;1;0;1;;;;1
29/04/2021;10:12:00;156;3 - Acidente com Danos Materiais;301,8;BR-116/SP;Sul;Choque - Talude;1;2;;;;;1
29/04/2021;17:39:00;291;3 - Acidente com Danos Materiais;35,8;BR-116/PR;Norte;Colisão Lateral;1;3;;;;;1
29/04/2021;08:51:00;129;3 - Acidente com Danos Materiais;515,1;BR-116/SP;Norte;Choque - Elemento de Drenagem;1;1;;;;;1
29/04/2021;11:43:00;180;3 - Acidente com Danos Materiais;346;BR-116/SP;Sul;Choque - Defensa, barreira ou "submarino";1;1;;;;;1
29/04/2021;02:07:00;21;2 - Acidente com VITIMA;362,1;BR-116/SP;Sul;Tombamento;1;1;1;;;;1
29/04/2021;02:14:00;23;3 - Acidente com Danos Materiais;299;BR-116/SP;Norte;Colisão Traseira;2;2;;;;;1
30/04/2021;06:42:00;70;3 - Acidente com Danos Materiais;333;BR-116/SP;Sul;Saida de Pista;1;1;;;;;1
30/04/2021;07:43:00;92;2 - Acidente com VITIMA;356,2;BR-116/SP;Sul;Colisão Lateral;1;4;1;;;;1
30/04/2021;20:55:00;336;2 - Acidente com VITIMA;308;BR-116/SP;Sul;Choque - Outros;1;1;;1;;;2
30/04/2021;11:35:00;207;2 - Acidente com VITIMA;358,4;BR-116/SP;Sul;Colisão Traseira;3;1;1;;1;;2
01/05/2021;01:39:00;21;3 - Acidente com Danos Materiais;545,3;BR-116/SP;Sul;Choque - Objeto sobre a pista;2;2;;;;;1
01/05/2021;03:27:00;37;3 - Acidente com Danos Materiais;33,327;BR-116/PR;Norte;Tombamento;1;2;;;;;1
01/05/2021;07:22:00;68;3 - Acidente com Danos Materiais;284;BR-116/SP;Sul;Saida de Pista;1;2;;;;;1
01/05/2021;15:04:00;189;2 - Acidente com VITIMA;43,5;BR-116/PR;Sul;Colisão Lateral;1;1;4;;;;1
02/05/2021;13:32:00;118;3 - Acidente com Danos Materiais;446,7;BR-116/SP;Norte;Colisão Traseira;2;2;;;;;1
02/05/2021;19:41:00;203;3 - Acidente com Danos Materiais;290,1;BR-116/SP;Norte;Colisão Traseira;1;2;;;;;1
03/05/2021;08:19:00;106;2 - Acidente com VITIMA;393,75;BR-116/SP;Sul;Tombamento;1;3;1;;;;1
04/05/2021;13:33:00;191;3 - Acidente com Danos Materiais;331,3;BR-116/SP;Norte;Saida de Pista;1;1;;;;;1
04/05/2021;17:56:00;262;2 - Acidente com VITIMA;544,6;BR-116/SP;Sul;Tombamento;1;1;;1;;;2
04/05/2021;06:52:00;76;2 - Acidente com VITIMA;359;BR-116/SP;Sul;Tombamento;3;5;1;;;;1
05/05/2021;18:36:00;284;2 - Acidente com VITIMA;47,8;BR-116/PR;Sul;Colisão Transversal;1;1;2;1;;;2
06/05/2021;21:27:00;356;2 - Acidente com VITIMA;362,7;BR-116/SP;Sul;Choque - Talude;1;0;1;;;;1
06/05/2021;13:59:00;237;2 - Acidente com VITIMA;346,5;BR-116/SP;Sul;Engavetamento;4;3;1;;;;1
06/05/2021;09:45:00;164;2 - Acidente com VITIMA;286,8;BR-116/SP;Norte;Colisão Lateral;1;2;1;;;;1
06/05/2021;21:48:00;359;3 - Acidente com Danos Materiais;43,1;BR-116/PR;Norte;Choque - Defensa, barreira ou "submarino";1;2;;;;;1
06/05/2021;20:16:00;337;3 - Acidente com Danos Materiais;51,08;BR-116/PR;Norte;Choque - Elemento de Drenagem;1;1;;;;;1
07/05/2021;10:59:00;183;3 - Acidente com Danos Materiais;410,3;BR-116/SP;Sul;Choque - Talude;1;1;;;;;1
07/05/2021;23:16:00;331;3 - Acidente com Danos Materiais;362,1;BR-116/SP;Sul;Choque - Defensa, barreira ou "submarino";1;2;;;;;1
07/05/2021;05:23:00;59;3 - Acidente com Danos Materiais;545,6;BR-116/SP;Sul;Colisão Traseira;4;7;;;;;1
07/05/2021;22:44:00;326;3 - Acidente com Danos Materiais;408,4;BR-116/SP;Sul;Colisão Lateral;1;2;;;;;1
07/05/2021;00:50:00;10;3 - Acidente com Danos Materiais;394,8;BR-116/SP;Sul;Choque - Outros;1;2;;;;;1
07/05/2021;19:48:00;307;3 - Acidente com Danos Materiais;428,25;BR-116/SP;Norte;Tombamento;1;1;;;;;1
07/05/2021;16:20:00;264;3 - Acidente com Danos Materiais;389,8;BR-116/SP;Sul;Tombamento;1;2;;;;;1
07/05/2021;02:51:00;30;3 - Acidente com Danos Materiais;515,1;BR-116/SP;Norte;Tombamento;1;1;;;;;1
08/05/2021;05:31:00;44;3 - Acidente com Danos Materiais;395,6;BR-116/SP;Norte;Saida de Pista;1;1;;;;;1
08/05/2021;11:26:00;152;2 - Acidente com VITIMA;283,2;BR-116/SP;Sul;Colisão Transversal;1;1;2;;;;1
08/05/2021;02:48:00;25;3 - Acidente com Danos Materiais;394,3;BR-116/SP;Norte;Colisão Traseira;2;2;;;;;1
08/05/2021;06:27:00;52;3 - Acidente com Danos Materiais;545,8;BR-116/SP;Sul;Saida de Pista;1;1;;;;;1
08/05/2021;02:30:00;22;3 - Acidente com Danos Materiais;564,15;BR-116/SP;Sul;Saida de Pista;1;1;;;;;1
08/05/2021;07:11:00;69;3 - Acidente com Danos Materiais;565,05;BR-116/SP;Sul;Colisão Traseira;1;3;;;;;1
08/05/2021;07:36:00;77;3 - Acidente com Danos Materiais;28;BR-116/PR;Norte;Saida de Pista;1;3;;;;;1
09/05/2021;12:06:00;109;3 - Acidente com Danos Materiais;57,1;BR-116/PR;Norte;Colisão Traseira;1;4;;;;;1
09/05/2021;15:11:00;151;3 - Acidente com Danos Materiais;295,665;BR-116/SP;Norte;Colisão Lateral;1;3;;;;;1
09/05/2021;11:45:00;103;3 - Acidente com Danos Materiais;532,8;BR-116/SP;Sul;Colisão Traseira;1;4;;;;;1
09/05/2021;15:02:00;148;3 - Acidente com Danos Materiais;469,9;BR-116/SP;Sul;Colisão Lateral;1;3;;;;;1
09/05/2021;16:34:00;169;3 - Acidente com Danos Materiais;425,8;BR-116/SP;Norte;Colisão Traseira;1;5;;;;;1
09/05/2021;16:45:00;174;3 - Acidente com Danos Materiais;514,7;BR-116/SP;Norte;Tombamento;1;1;;;;;1
10/05/2021;22:43:00;340;3 - Acidente com Danos Materiais;347,3;BR-116/SP;Sul;Colisão Traseira;2;2;;;;;1
10/05/2021;04:39:00;37;3 - Acidente com Danos Materiais;545,7;BR-116/SP;Sul;Colisão Traseira;2;3;;;;;1
10/05/2021;22:39:00;339;3 - Acidente com Danos Materiais;347,3;BR-116/SP;Sul;Colisão Lateral;1;2;;;;;1
10/05/2021;18:10:00;276;3 - Acidente com Danos Materiais;282,7;BR-116/SP;Sul;Colisão Traseira;2;2;;;;;1
10/05/2021;10:56:00;157;2 - Acidente com VITIMA;284,5;BR-116/SP;Sul;Tombamento;1;1;2;;;;1
10/05/2021;12:04:00;175;2 - Acidente com VITIMA;545,1;BR-116/SP;Sul;Tombamento;1;0;1;;;;1
10/05/2021;21:59:00;332;1 - Acidente com Vitima Fatal;5,276;BR-116/PR;Sul;Atropelamento - Usuário;1;2;;;;2;3
10/05/2021;21:49:00;329;2 - Acidente com VITIMA;347,6;BR-116/SP;Sul;Tombamento;1;0;1;;;;1
11/05/2021;01:06:00;8;3 - Acidente com Danos Materiais;8,752;BR-116/PR;Norte;Saida de Pista;1;1;;;;;1
11/05/2021;17:27:00;267;3 - Acidente com Danos Materiais;348;BR-116/SP;Sul;Colisão Lateral;2;3;;;;;1
11/05/2021;08:43:00;120;2 - Acidente com VITIMA;280,2;BR-116/SP;Norte;Colisão Traseira;1;2;1;1;;;2
11/05/2021;10:45:00;168;3 - Acidente com Danos Materiais;352,9;BR-116/SP;Sul;Saida de Pista;1;1;;;;;1
11/05/2021;11:01:00;171;3 - Acidente com Danos Materiais;295,5;BR-116/SP;Norte;Colisão Lateral;1;3;;;;;1
11/05/2021;21:12:00;306;2 - Acidente com VITIMA;511,6;BR-116/SP;Norte;Tombamento;1;0;1;;;;1
11/05/2021;04:28:00;28;3 - Acidente com Danos Materiais;511,05;BR-116/SP;Norte;Colisão Lateral;2;2;;;;;1
12/05/2021;05:31:00;51;3 - Acidente com Danos Materiais;505,24;BR-116/SP;Sul;Tombamento;1;1;;;;;1
12/05/2021;19:07:00;282;3 - Acidente com Danos Materiais;565,1;BR-116/SP;Sul;Colisão Traseira;2;2;;;;;1
12/05/2021;03:12:00;30;3 - Acidente com Danos Materiais;338,01;BR-116/SP;Norte;Colisão Traseira;1;2;;;;;1
12/05/2021;04:08:00;39;3 - Acidente com Danos Materiais;555,1;BR-116/SP;Norte;Capotamento;1;2;;;;;1
12/05/2021;19:31:00;291;3 - Acidente com Danos Materiais;541,6;BR-116/SP;Sul;Choque - Defensa, barreira ou "submarino";1;2;;;;;1
12/05/2021;13:42:00;220;3 - Acidente com Danos Materiais;57;BR-116/PR;Norte;Colisão Traseira;2;2;;;;;1
12/05/2021;18:53:00;279;3 - Acidente com Danos Materiais;399,4;BR-116/SP;Sul;Colisão Frontal;1;4;;;;;1
13/05/2021;09:04:00;140;3 - Acidente com Danos Materiais;565;BR-116/SP;Sul;Engavetamento;4;6;;;;;1
13/05/2021;20:12:00;312;2 - Acidente com VITIMA;322,5;BR-116/SP;Norte;Choque - Talude;1;1;1;;;;1
13/05/2021;08:58:00;137;3 - Acidente com Danos Materiais;362,5;BR-116/SP;Sul;Tombamento;1;4;;;;;1
14/05/2021;21:03:00;263;3 - Acidente com Danos Materiais;565;BR-116/SP;Sul;Choque - Objeto sobre a pista;2;2;;;;;1
14/05/2021;18:08:00;230;2 - Acidente com VITIMA;387,2;BR-116/SP;Sul;Engavetamento;1;6;1;;;;1
14/05/2021;10:06:00;133;2 - Acidente com VITIMA;347,4;BR-116/SP;Sul;Colisão Lateral;1;2;1;;;;1
15/05/2021;09:00:00;94;2 - Acidente com VITIMA;392;BR-116/SP;Norte;Colisão Traseira;2;1;1;;;;1
16/05/2021;10:54:00;104;3 - Acidente com Danos Materiais;504,5;BR-116/SP;Norte;Tombamento;1;1;;;;;1
16/05/2021;11:23:00;109;2 - Acidente com VITIMA;289,7;BR-116/SP;Sul;Atropelamento - Outros;1;2;;1;;;2
16/05/2021;20:35:00;244;3 - Acidente com Danos Materiais;564,05;BR-116/SP;Sul;Choque - Defensa, barreira ou "submarino";1;1;;;;;1
17/05/2021;14:35:00;182;3 - Acidente com Danos Materiais;527,9;BR-116/SP;Norte;Colisão Lateral;2;2;;;;;1
17/05/2021;23:19:00;285;3 - Acidente com Danos Materiais;278,5;BR-116/SP;Norte;Colisão Lateral;1;3;;;;;1
18/05/2021;21:32:00;314;3 - Acidente com Danos Materiais;487,4;BR-116/SP;Norte;Colisão Traseira;2;2;;;;;1
18/05/2021;06:58:00;64;3 - Acidente com Danos Materiais;281,1;BR-116/SP;Norte;Engavetamento;1;3;;;;;1
18/05/2021;12:12:00;179;2 - Acidente com VITIMA;59,5;BR-116/PR;Norte;Colisão Traseira;1;1;1;;;;1
18/05/2021;05:37:00;50;3 - Acidente com Danos Materiais;332,9;BR-116/SP;Norte;Colisão Traseira;2;2;;;;;1
19/05/2021;05:56:00;44;2 - Acidente com VITIMA;454,5;BR-116/SP;Norte;Colisão Lateral;1;1;1;;;;1
19/05/2021;20:53:00;294;1 - Acidente com Vitima Fatal;514,6;BR-116/SP;Norte;Colisão Traseira;2;0;;1;;1;3
19/05/2021;00:24:00;3;3 - Acidente com Danos Materiais;449,2;BR-116/SP;Sul;Choque - Outros;1;2;;;;;1
20/05/2021;07:26:00;87;3 - Acidente com Danos Materiais;12,2;BR-116/PR;Sul;Saida de Pista;1;1;;;;;1
20/05/2021;18:25:00;314;3 - Acidente com Danos Materiais;527;BR-116/SP;Norte;Colisão Traseira;1;2;;;;;1
20/05/2021;08:40:00;125;2 - Acidente com VITIMA;296,15;BR-116/SP;Norte;Colisão Traseira;1;1;;2;;;2
20/05/2021;10:31:00;180;3 - Acidente com Danos Materiais;296,2;BR-116/SP;Norte;Colisão Traseira;1;2;;;;;1
20/05/2021;12:24:00;223;2 - Acidente com VITIMA;509,9;BR-116/SP;Sul;Tombamento;1;0;1;;;;1
20/05/2021;09:10:00;136;3 - Acidente com Danos Materiais;409,85;BR-116/SP;Sul;Choque - Defensa, barreira ou "submarino";1;1;;;;;1
21/05/2021;22:54:00;352;2 - Acidente com VITIMA;345,1;BR-116/SP;Sul;Colisão Traseira;2;3;1;;;;1
21/05/2021;17:22:00;293;2 - Acidente com VITIMA;47,5;BR-116/PR;Sul;Colisão Transversal;2;1;1;;;;1
21/05/2021;11:04:00;181;2 - Acidente com VITIMA;348,2;BR-116/SP;Sul;Tombamento;1;0;1;;;;1
22/05/2021;13:29:00;157;3 - Acidente com Danos Materiais;370,4;BR-116/SP;Sul;Colisão Traseira;2;2;;;;;1
22/05/2021;05:01:00;35;3 - Acidente com Danos Materiais;564,15;BR-116/SP;Sul;Engavetamento;2;5;;;;;1
22/05/2021;12:19:00;140;3 - Acidente com Danos Materiais;511,101;BR-116/SP;Sul;Colisão Traseira;1;3;;;;;1
22/05/2021;09:02:00;100;3 - Acidente com Danos Materiais;508,8;BR-116/SP;Sul;Tombamento;1;1;;;;;1
22/05/2021;11:39:00;129;3 - Acidente com Danos Materiais;348;BR-116/SP;Sul;Engavetamento;1;4;;;;;1
22/05/2021;09:25:00;104;3 - Acidente com Danos Materiais;434,15;BR-116/SP;Sul;Tombamento;1;1;;;;;1
23/05/2021;08:51:00;82;3 - Acidente com Danos Materiais;465,9;BR-116/SP;Norte;Colisão Lateral;1;3;;;;;1
24/05/2021;23:18:00;318;3 - Acidente com Danos Materiais;34,8;BR-116/PR;Norte;Colisão Traseira;1;2;;;;;1
24/05/2021;04:39:00;45;2 - Acidente com VITIMA;359,25;BR-116/SP;Norte;Tombamento;1;0;1;;;;1
24/05/2021;11:56:00;170;2 - Acidente com VITIMA;42,1;BR-116/PR;Sul;Tombamento;1;0;1;;;;1
24/05/2021;22:42:00;316;3 - Acidente com Danos Materiais;353;BR-116/SP;Sul;Saida de Pista;1;1;;;;;1
25/05/2021;02:55:00;30;2 - Acidente com VITIMA;505,9;BR-116/SP;Sul;Tombamento;2;1;1;;;;1
25/05/2021;07:39:00;115;3 - Acidente com Danos Materiais;282,3;BR-116/SP;Norte;Engavetamento;1;3;;;;;1
25/05/2021;09:01:00;147;3 - Acidente com Danos Materiais;279,8;BR-116/SP;Norte;Colisão Traseira;2;2;;;;;1
26/05/2021;07:49:00;103;3 - Acidente com Danos Materiais;347,6;BR-116/SP;Norte;Tombamento;2;2;;;;;1
26/05/2021;23:29:00;336;2 - Acidente com VITIMA;385,7;BR-116/SP;Sul;Colisão Traseira;2;1;1;;;;1
26/05/2021;22:25:00;324;3 - Acidente com Danos Materiais;544,5;BR-116/SP;Norte;Tombamento;1;1;;;;;1
27/05/2021;12:57:00;234;3 - Acidente com Danos Materiais;32,2;BR-116/PR;Sul;Tombamento;1;1;;;;;1
28/05/2021;02:08:00;21;2 - Acidente com VITIMA;345,5;BR-116/SP;Sul;Colisão Traseira;2;2;1;;;;1
28/05/2021;05:05:00;40;3 - Acidente com Danos Materiais;23,2;BR-116/PR;Sul;Colisão Traseira;2;2;;;;;1
28/05/2021;14:01:00;205;2 - Acidente com VITIMA;485,75;BR-116/SP;Sul;Colisão Traseira;1;1;1;;;;1
29/05/2021;15:56:00;181;3 - Acidente com Danos Materiais;388,8;BR-116/SP;Norte;Colisão Traseira;2;2;;;;;1
29/05/2021;06:48:00;63;3 - Acidente com Danos Materiais;290,4;BR-116/SP;Norte;Colisão Transversal;1;3;;;;;1
30/05/2021;05:53:00;31;3 - Acidente com Danos Materiais;366,2;BR-116/SP;Sul;Tombamento;1;1;;;;;1
30/05/2021;22:45:00;252;3 - Acidente com Danos Materiais;3,2;BR-116/PR;Sul;Tombamento;1;1;;;;;1
30/05/2021;21:12:00;228;3 - Acidente com Danos Materiais;373,9;BR-116/SP;Norte;Engavetamento;1;7;;;;;1
30/05/2021;07:07:00;38;3 - Acidente com Danos Materiais;5,4;BR-116/PR;Norte;Saida de Pista;1;1;;;;;1
30/05/2021;07:24:00;40;3 - Acidente com Danos Materiais;541,7;BR-116/SP;Sul;Choque - Defensa, barreira ou "submarino";1;1;;;;;1
30/05/2021;08:37:00;59;3 - Acidente com Danos Materiais;513;BR-116/SP;Norte;Choque - Defensa, barreira ou "submarino";1;1;;;;;1
30/05/2021;08:13:00;50;3 - Acidente com Danos Materiais;504,6;BR-116/SP;Norte;Colisão Lateral;2;2;;;;;1
30/05/2021;09:11:00;70;2 - Acidente com VITIMA;508,8;BR-116/SP;Norte;Colisão Traseira;2;2;1;;;;1
31/05/2021;06:55:00;57;2 - Acidente com VITIMA;15,5;BR-116/PR;Sul;Choque - Defensa, barreira ou "submarino";1;0;1;;;;1
31/05/2021;08:35:00;110;3 - Acidente com Danos Materiais;522,2;BR-116/SP;Sul;Capotamento;1;2;;;;;1
31/05/2021;01:16:00;12;3 - Acidente com Danos Materiais;26,5;BR-116/PR;Norte;Capotamento;1;2;;;;;1
01/06/2021;07:37:00;103;3 - Acidente com Danos Materiais;515,8;BR-116/SP;Sul;Colisão Traseira;1;2;;;;;1
01/06/2021;13:42:00;220;3 - Acidente com Danos Materiais;54;BR-116/PR;Norte;Colisão Lateral;1;2;;;;;1
01/06/2021;05:20:00;47;2 - Acidente com VITIMA;388,7;BR-116/SP;Sul;Tombamento;2;1;;;1;;2
01/06/2021;13:12:00;215;3 - Acidente com Danos Materiais;504,3;BR-116/SP;Sul;Tombamento;1;1;;;;;1
01/06/2021;00:25:00;8;3 - Acidente com Danos Materiais;38,1;BR-116/PR;Norte;Saida de Pista;1;1;;;;;1
01/06/2021;14:47:00;229;3 - Acidente com Danos Materiais;281,5;BR-116/SP;Sul;Colisão Lateral;1;3;;;;;1
02/06/2021;09:36:00;147;3 - Acidente com Danos Materiais;290,2;BR-116/SP;Norte;Engavetamento;3;11;;;;;1
02/06/2021;22:43:00;339;3 - Acidente com Danos Materiais;343,1;BR-116/SP;Sul;Colisão Lateral;1;2;;;;;1
02/06/2021;05:26:00;56;3 - Acidente com Danos Materiais;30,4;BR-116/PR;Norte;Choque - Talude;1;1;;;;;1
02/06/2021;09:06:00;142;2 - Acidente com VITIMA;541,5;BR-116/SP;Sul;Colisão Traseira;1;2;1;;;;1
03/06/2021;06:37:00;67;3 - Acidente com Danos Materiais;277,1;BR-116/SP;Norte;Colisão Traseira;1;2;;;;;1
03/06/2021;07:50:00;88;3 - Acidente com Danos Materiais;57;BR-116/PR;Norte;Colisão Lateral;1;3;;;;;1
03/06/2021;16:15:00;242;3 - Acidente com Danos Materiais;385,01;BR-116/SP;Sul;Colisão Traseira;1;3;;;;;1
03/06/2021;23:45:00;327;3 - Acidente com Danos Materiais;485,8;BR-116/SP;Sul;Colisão Traseira;1;3;;;;;1
04/06/2021;21:55:00;232;3 - Acidente com Danos Materiais;281,8;BR-116/SP;Sul;Colisão Traseira;1;3;;;;;1
05/06/2021;14:27:00;144;3 - Acidente com Danos Materiais;279,2;BR-116/SP;Sul;Colisão Lateral;1;2;;;;;1
06/06/2021;21:22:00;254;3 - Acidente com Danos Materiais;26,351;BR-116/PR;Norte;Colisão Traseira;1;3;;;;;1
06/06/2021;09:15:00;65;3 - Acidente com Danos Materiais;544,6;BR-116/SP;Norte;Tombamento;1;1;;;;;1
06/06/2021;01:45:00;16;3 - Acidente com Danos Materiais;307,2;BR-116/SP;Sul;Colisão Lateral;1;2;;;;;1
07/06/2021;11:57:00;184;2 - Acidente com VITIMA;339,8;BR-116/SP;Sul;Choque - Defensa, barreira ou "submarino";1;0;1;;;;1
07/06/2021;13:16:00;218;3 - Acidente com Danos Materiais;317,8;BR-116/SP;Sul;Capotamento;1;2;;;;;1
07/06/2021;23:20:00;361;3 - Acidente com Danos Materiais;28,1;BR-116/PR;Norte;Choque - Defensa, barreira ou "submarino";1;1;;;;;1
07/06/2021;09:37:00;137;3 - Acidente com Danos Materiais;319,95;BR-116/SP;Norte;Saida de Pista;1;1;;;;;1
07/06/2021;02:21:00;31;2 - Acidente com VITIMA;389,2;BR-116/SP;Sul;Capotamento;1;1;2;;;;1
07/06/2021;19:33:00;319;2 - Acidente com VITIMA;541,6;BR-116/SP;Sul;Choque - Defensa, barreira ou "submarino";1;2;1;;;;1
07/06/2021;20:48:00;333;3 - Acidente com Danos Materiais;560,1;BR-116/SP;Sul;Colisão Lateral;1;2;;;;;1
07/06/2021;07:40:00;93;3 - Acidente com Danos Materiais;513,4;BR-116/SP;Norte;Saida de Pista;1;1;;;;;1
07/06/2021;09:06:00;127;3 - Acidente com Danos Materiais;512,6;BR-116/SP;Norte;Choque - Talude;1;1;;;;;1
07/06/2021;09:06:00;126;3 - Acidente com Danos Materiais;28;BR-116/PR;Norte;Colisão Lateral;1;9;;;;;1
08/06/2021;16:34:00;240;3 - Acidente com Danos Materiais;486,1;BR-116/SP;Norte;Tombamento;1;1;;;;;1
08/06/2021;18:17:00;265;2 - Acidente com VITIMA;362,764;BR-116/SP;Sul;Colisão Traseira;1;1;;4;;;2
08/06/2021;21:16:00;301;2 - Acidente com VITIMA;321,537;BR-116/SP;Sul;Colisão Traseira;2;1;1;;;;1
08/06/2021;09:40:00;149;3 - Acidente com Danos Materiais;67,1;BR-116/PR;Sul;Colisão Lateral;1;2;;;;;1
08/06/2021;07:05:00;82;2 - Acidente com VITIMA;483,2;BR-116/SP;Norte;Colisão Traseira;2;2;1;;;;1
08/06/2021;12:10:00;182;3 - Acidente com Danos Materiais;549,3;BR-116/SP;Norte;Colisão Lateral;1;4;;;;;1
08/06/2021;13:25:00;197;3 - Acidente com Danos Materiais;511,4;BR-116/SP;Norte;Choque - Defensa, barreira ou "submarino";1;2;;;;;1
08/06/2021;13:37:00;201;3 - Acidente com Danos Materiais;548,8;BR-116/SP;Sul;Choque - Defensa, barreira ou "submarino";1;1;;;;;1
09/06/2021;17:36:00;277;3 - Acidente com Danos Materiais;10,3;BR-116/CW;Sul;Colisão Traseira;1;2;;;;;1
09/06/2021;17:48:00;280;3 - Acidente com Danos Materiais;388,1;BR-116/SP;Norte;Colisão Traseira;2;2;;;;;1
10/06/2021;18:06:00;292;3 - Acidente com Danos Materiais;402,3;BR-116/SP;Norte;Tombamento;1;1;;;;;1
10/06/2021;13:40:00;225;3 - Acidente com Danos Materiais;293;BR-116/SP;Norte;Colisão Lateral;1;3;;;;;1