data;horario;n_da_ocorrencia;tipo_de_ocorrencia;km;trecho;sentido;tipo_de_acidente;caminhao;ilesos;levemente_feridos;moderadamente_feridos;gravemente_feridos;mortos;3
10/06/2021;22:00:00;334;3 - Acidente com Danos Materiais;348,01;BR-116/SP;Sul;Colisão Traseira;2;2;;;;;1
10/06/2021;10:02:00;180;2 - Acidente com VITIMA;503,4;BR-116/SP;Sul;Choque - Talude;1;0;1;;;;1
10/06/2021;17:39:00;286;3 - Acidente com Danos Materiais;318,5;BR-116/SP;Norte;Choque - Defensa, barreira ou "submarino";1;2;;;;;1
10/06/2021;02:44:00;28;3 - Acidente com Danos Materiais;514,7;BR-116/SP;Norte;Choque - Defensa, barreira ou "submarino";1;1;;;;;1
11/06/2021;21:22:00;304;3 - Acidente com Danos Materiais;556,4;BR-116/SP;Norte;Tombamento;1;1;;;;;1
11/06/2021;15:34:00;239;2 - Acidente com VITIMA;550,4;BR-116/SP;Norte;Tombamento;1;0;1;;;;1
11/06/2021;13:57:00;214;3 - Acidente com Danos Materiais;326,153;BR-116/SP;Sul;Capotamento;1;1;;;;;1
11/06/2021;02:58:00;28;3 - Acidente com Danos Materiais;547,9;BR-116/SP;Sul;Choque - Defensa, barreira ou "submarino";1;1;;;;;1
11/06/2021;06:34:00;73;3 - Acidente com Danos Materiais;552,3;BR-116/SP;Sul;Colisão Traseira;2;2;;;;;1
11/06/2021;19:40:00;282;2 - Acidente com VITIMA;48;BR-116/PR;Norte;Colisão Lateral;1;1;1;;;;1
12/06/2021;14:04:00;168;3 - Acidente com Danos Materiais;275,8;BR-116/SP;Sul;Colisão Traseira;1;3;;;;;1
13/06/2021;19:42:00;248;3 - Acidente com Danos Materiais;286,3;BR-116/SP;Norte;Colisão Traseira;1;3;;;;;1
13/06/2021;02:47:00;26;3 - Acidente com Danos Materiais;517,9;BR-116/SP;Sul;Saida de Pista;1;1;;;;;1
13/06/2021;15:13:00;181;2 - Acidente com VITIMA;550,2;BR-116/SP;Norte;Tombamento;1;0;1;;;;1
13/06/2021;18:02:00;224;2 - Acidente com VITIMA;321,9;BR-116/SP;Norte;Colisão Traseira;1;1;1;;;;1
14/06/2021;08:16:00;107;2 - Acidente com VITIMA;10,1;BR-116/PR;Sul;Choque - Defensa, barreira ou "submarino";1;0;1;;;;1
14/06/2021;06:40:00;69;2 - Acidente com VITIMA;499,7;BR-116/SP;Sul;Tombamento;1;0;1;;;;1
14/06/2021;15:15:00;200;3 - Acidente com Danos Materiais;269,618;BR-116/SP;Norte;Colisão Traseira;1;2;;;;;1
14/06/2021;20:33:00;267;3 - Acidente com Danos Materiais;286,8;BR-116/SP;Sul;Colisão Lateral;1;2;;;;;1
14/06/2021;14:19:00;180;3 - Acidente com Danos Materiais;528;BR-116/SP;Sul;Saida de Pista;1;2;;;;;1
14/06/2021;17:24:00;238;2 - Acidente com VITIMA;0,6;BR-116/PR;Norte;Choque - Outros;1;0;1;;;;1
14/06/2021;09:05:00;121;3 - Acidente com Danos Materiais;294,5;BR-116/SP;Norte;Colisão Lateral;1;2;;;;;1
15/06/2021;19:27:00;299;2 - Acidente com VITIMA;472,14;BR-116/SP;Norte;Tombamento;1;0;1;;;;1
15/06/2021;23:18:00;336;2 - Acidente com VITIMA;10,4;BR-116/CW;Sul;Colisão Traseira;1;1;1;;;;1
15/06/2021;20:18:00;306;3 - Acidente com Danos Materiais;451,8;BR-116/SP;Sul;Atropelamento de Animal;1;2;;;;;1
15/06/2021;23:58:00;341;3 - Acidente com Danos Materiais;399,405;BR-116/SP;Norte;Tombamento;1;1;;;;;1
15/06/2021;00:36:00;10;2 - Acidente com VITIMA;496,456;BR-116/SP;Norte;Choque - Defensa, barreira ou "submarino";1;0;1;;;;1
15/06/2021;11:26:00;164;3 - Acidente com Danos Materiais;399,3;BR-116/SP;Norte;Tombamento;1;1;;;;;1
16/06/2021;02:12:00;18;2 - Acidente com VITIMA;414,075;BR-116/SP;Norte;Colisão Traseira;2;2;1;;;;1
16/06/2021;16:30:00;301;3 - Acidente com Danos Materiais;485,7;BR-116/SP;Norte;Colisão Traseira;1;2;;;;;1
16/06/2021;06:49:00;77;3 - Acidente com Danos Materiais;519,2;BR-116/SP;Sul;Tombamento;1;1;;;;;1
16/06/2021;11:44:00;207;3 - Acidente com Danos Materiais;38;BR-116/PR;Norte;Choque - Talude;1;2;;;;;1
16/06/2021;15:42:00;285;3 - Acidente com Danos Materiais;30,6;BR-116/PR;Sul;Colisão Lateral;1;4;;;;;1
17/06/2021;06:38:00;82;3 - Acidente com Danos Materiais;514,3;BR-116/SP;Sul;Saida de Pista;1;1;;;;;1
17/06/2021;22:27:00;352;3 - Acidente com Danos Materiais;399,5;BR-116/SP;Norte;Colisão Lateral;1;2;;;;;1
17/06/2021;15:55:00;262;3 - Acidente com Danos Materiais;281,812;BR-116/SP;Norte;Colisão Lateral;1;2;;;;;1
17/06/2021;15:46:00;256;3 - Acidente com Danos Materiais;555,3;BR-116/SP;Sul;Tombamento;1;1;;;;;1
18/06/2021;02:15:00;22;3 - Acidente com Danos Materiais;539;BR-116/SP;Norte;Choque - Veiculo parado no acostamento;2;4;;;;;1
18/06/2021;07:55:00;109;3 - Acidente com Danos Materiais;361,5;BR-116/SP;Norte;Tombamento;1;2;;;;;1
18/06/2021;07:24:00;94;3 - Acidente com Danos Materiais;402;BR-116/SP;Sul;Saida de Pista;1;1;;;;;1
18/06/2021;04:39:00;39;3 - Acidente com Danos Materiais;418,2;BR-116/SP;Sul;Saida de Pista;1;2;;;;;1
18/06/2021;05:40:00;55;3 - Acidente com Danos Materiais;399,5;BR-116/SP;Norte;Tombamento;1;1;;;;;1
18/06/2021;11:19:00;168;3 - Acidente com Danos Materiais;428,7;BR-116/SP;Norte;Choque - Talude;1;1;;;;;1
18/06/2021;09:24:00;139;3 - Acidente com Danos Materiais;565,3;BR-116/SP;Sul;Colisão Traseira;2;3;;;;;1
19/06/2021;15:10:00;189;2 - Acidente com VITIMA;23,9;BR-116/PR;Norte;Colisão Lateral;1;4;1;;;;1
19/06/2021;10:30:00;111;3 - Acidente com Danos Materiais;280,5;BR-116/SP;Sul;Colisão Lateral;1;3;;;;;1
19/06/2021;17:44:00;235;3 - Acidente com Danos Materiais;485;BR-116/SP;Norte;Choque - Defensa, barreira ou "submarino";1;1;;;;;1
19/06/2021;10:52:00;117;3 - Acidente com Danos Materiais;564;BR-116/SP;Sul;Saida de Pista;1;1;;;;;1
19/06/2021;06:51:00;47;3 - Acidente com Danos Materiais;566,9;BR-116/SP;Sul;Choque - Elemento de Drenagem;1;3;;;;;1
19/06/2021;11:48:00;133;3 - Acidente com Danos Materiais;41,2;BR-116/PR;Norte;Colisão Traseira;2;3;;;;;1
19/06/2021;12:39:00;149;3 - Acidente com Danos Materiais;546;BR-116/SP;Sul;Colisão Traseira;2;2;;;;;1
19/06/2021;19:50:00;257;3 - Acidente com Danos Materiais;59;BR-116/PR;Sul;Colisão Traseira;1;3;;;;;1
19/06/2021;07:24:00;56;3 - Acidente com Danos Materiais;22,6;BR-116/PR;Sul;Saida de Pista;1;1;;;;;1
19/06/2021;00:11:00;3;3 - Acidente com Danos Materiais;13,9;BR-116/CW;Norte;Colisão Traseira;1;39;;;;;1
20/06/2021;16:01:00;187;2 - Acidente com VITIMA;488,015;BR-116/SP;Norte;Atropelamento - Morador;1;1;;;1;;2
20/06/2021;21:02:00;255;1 - Acidente com Vitima Fatal;474,07;BR-116/SP;Norte;Atropelamento - Ciclista;1;1;;;;1;3
20/06/2021;03:01:00;25;3 - Acidente com Danos Materiais;5,6;BR-116/PR;Norte;Tombamento;1;2;;;;;1
20/06/2021;06:43:00;50;3 - Acidente com Danos Materiais;399,5;BR-116/SP;Norte;Tombamento;1;1;;;;;1
20/06/2021;16:17:00;190;3 - Acidente com Danos Materiais;488,4;BR-116/SP;Norte;Colisão Lateral;1;2;;;;;1
20/06/2021;14:58:00;171;3 - Acidente com Danos Materiais;543,1;BR-116/SP;Sul;Choque - Veiculo parado na pista;2;2;;;;;1
21/06/2021;22:03:00;311;3 - Acidente com Danos Materiais;481,4;BR-116/SP;Norte;Saida de Pista;1;1;;;;;1
21/06/2021;08:32:00;121;3 - Acidente com Danos Materiais;28,2;BR-116/PR;Norte;Colisão Traseira;1;3;;;;;1
21/06/2021;23:13:00;323;3 - Acidente com Danos Materiais;362,3;BR-116/SP;Sul;Colisão Lateral;2;3;;;;;1
21/06/2021;20:40:00;296;3 - Acidente com Danos Materiais;485;BR-116/SP;Norte;Saida de Pista;1;1;;;;;1
21/06/2021;22:54:00;319;3 - Acidente com Danos Materiais;536,1;BR-116/SP;Sul;Saida de Pista;1;1;;;;;1
21/06/2021;01:58:00;27;3 - Acidente com Danos Materiais;516,3;BR-116/SP;Sul;Tombamento;1;1;;;;;1
22/06/2021;05:25:00;36;3 - Acidente com Danos Materiais;10,4;BR-116/PR;Sul;Saida de Pista;1;1;;;;;1
22/06/2021;21:48:00;321;3 - Acidente com Danos Materiais;550,2;BR-116/SP;Norte;Choque - Defensa, barreira ou "submarino";1;1;;;;;1
22/06/2021;22:18:00;324;3 - Acidente com Danos Materiais;549,35;BR-116/SP;Norte;Choque - Defensa, barreira ou "submarino";1;1;;;;;1
22/06/2021;15:22:00;229;2 - Acidente com VITIMA;9,9;BR-116/CW;Norte;Engavetamento;2;8;1;;;;1
22/06/2021;13:05:00;191;2 - Acidente com VITIMA;527,3;BR-116/SP;Sul;Colisão Traseira;2;1;;1;;;2
22/06/2021;18:11:00;274;3 - Acidente com Danos Materiais;47,6;BR-116/PR;Sul;Colisão Lateral;1;3;;;;;1
22/06/2021;08:08:00;96;3 - Acidente com Danos Materiais;444,5;BR-116/SP;Norte;Colisão Traseira;2;2;;;;;1
22/06/2021;14:49:00;218;3 - Acidente com Danos Materiais;347,5;BR-116/SP;Norte;Colisão Traseira;1;3;;;;;1
22/06/2021;19:47:00;300;2 - Acidente com VITIMA;514,001;BR-116/SP;Norte;Colisão Traseira;2;4;;1;;;2
23/06/2021;13:44:00;224;3 - Acidente com Danos Materiais;498,6;BR-116/SP;Sul;Tombamento;1;1;;;;;1
23/06/2021;14:02:00;226;3 - Acidente com Danos Materiais;34,85;BR-116/PR;Norte;Colisão Traseira;2;2;;;;;1
23/06/2021;14:33:00;230;3 - Acidente com Danos Materiais;34,8;BR-116/PR;Norte;Colisão Traseira;2;2;;;;;1
23/06/2021;09:15:00;124;3 - Acidente com Danos Materiais;499,6;BR-116/SP;Sul;Choque - Elemento de Drenagem;1;3;;;;;1
23/06/2021;18:49:00;299;3 - Acidente com Danos Materiais;288,2;BR-116/SP;Sul;Colisão Lateral;1;2;;;;;1
23/06/2021;10:05:00;156;3 - Acidente com Danos Materiais;513,7;BR-116/SP;Norte;Choque - Defensa, barreira ou "submarino";1;1;;;;;1
23/06/2021;13:13:00;214;2 - Acidente com VITIMA;32,5;BR-116/PR;Norte;Tombamento;1;0;1;;;;1
23/06/2021;20:04:00;306;2 - Acidente com VITIMA;364,01;BR-116/SP;Sul;Choque - Talude;1;0;1;;;;1
24/06/2021;09:14:00;155;2 - Acidente com VITIMA;402,3;BR-116/SP;Norte;Engavetamento;1;2;2;;;;1
24/06/2021;09:19:00;157;3 - Acidente com Danos Materiais;443,3;BR-116/SP;Sul;Colisão Lateral;1;2;;;;;1
24/06/2021;19:27:00;319;3 - Acidente com Danos Materiais;370,4;BR-116/SP;Sul;Colisão Lateral;2;2;;;;;1
24/06/2021;04:06:00;45;3 - Acidente com Danos Materiais;28,6;BR-116/PR;Norte;Tombamento;1;1;;;;;1
24/06/2021;10:35:00;184;3 - Acidente com Danos Materiais;555,4;BR-116/SP;Sul;Tombamento;1;1;;;;;1
24/06/2021;09:01:00;148;3 - Acidente com Danos Materiais;52,6;BR-116/PR;Sul;Choque - Elemento de Drenagem;1;1;;;;;1
25/06/2021;05:12:00;53;3 - Acidente com Danos Materiais;473,8;BR-116/SP;Norte;Saida de Pista;1;1;;;;;1
25/06/2021;05:22:00;54;3 - Acidente com Danos Materiais;66,3;BR-116/PR;Norte;Choque - Defensa, barreira ou "submarino";1;1;;;;;1
25/06/2021;03:46:00;41;2 - Acidente com VITIMA;313,8;BR-116/SP;Norte;Colisão Traseira;2;1;1;;;;1
25/06/2021;08:10:00;134;3 - Acidente com Danos Materiais;400,3;BR-116/SP;Norte;Colisão Traseira;1;3;;;;;1
25/06/2021;03:50:00;43;3 - Acidente com Danos Materiais;352,8;BR-116/SP;Sul;Colisão Traseira;2;2;;;;;1
25/06/2021;16:30:00;291;2 - Acidente com VITIMA;320,9;BR-116/SP;Norte;Colisão Traseira;1;1;;1;;;2
25/06/2021;05:01:00;51;3 - Acidente com Danos Materiais;455,6;BR-116/SP;Norte;Colisão Traseira;2;2;;;;;1
25/06/2021;06:27:00;81;3 - Acidente com Danos Materiais;279,8;BR-116/SP;Sul;Colisão Traseira;1;4;;;;;1
25/06/2021;08:12:00;138;3 - Acidente com Danos Materiais;279;BR-116/SP;Sul;Colisão Traseira;1;3;;;;;1
26/06/2021;08:32:00;116;3 - Acidente com Danos Materiais;52,7;BR-116/PR;Sul;Choque - Elemento de Drenagem;1;1;;;;;1
26/06/2021;22:42:00;289;3 - Acidente com Danos Materiais;40,1;BR-116/PR;Sul;Colisão Lateral;1;2;;;;;1
27/06/2021;09:31:00;85;3 - Acidente com Danos Materiais;30,7;BR-116/PR;Sul;Tombamento;1;2;;;;;1
27/06/2021;17:36:00;209;3 - Acidente com Danos Materiais;289,3;BR-116/SP;Norte;Choque - Elemento de Drenagem;1;3;;;;;1
27/06/2021;09:09:00;80;3 - Acidente com Danos Materiais;346,6;BR-116/SP;Sul;Choque - Defensa, barreira ou "submarino";1;1;;;;;1
28/06/2021;18:56:00;248;3 - Acidente com Danos Materiais;278,9;BR-116/SP;Sul;Colisão Traseira;1;3;;;;;1
28/06/2021;09:27:00;139;3 - Acidente com Danos Materiais;16,01;BR-116/PR;Sul;Colisão Lateral;1;3;;;;;1
28/06/2021;22:38:00;284;3 - Acidente com Danos Materiais;280,5;BR-116/SP;Sul;Colisão Traseira;1;3;;;;;1
29/06/2021;11:44:00;171;3 - Acidente com Danos Materiais;307,5;BR-116/SP;Norte;Colisão Traseira;1;2;;;;;1
29/06/2021;14:33:00;205;3 - Acidente com Danos Materiais;370,8;BR-116/SP;Norte;Choque - Veiculo parado na pista;2;3;;;;;1
29/06/2021;05:57:00;58;3 - Acidente com Danos Materiais;274,7;BR-116/SP;Norte;Colisão Traseira;2;3;;;;;1
29/06/2021;08:19:00;104;3 - Acidente com Danos Materiais;387;BR-116/SP;Norte;Choque - Arvore;1;1;;;;;1
29/06/2021;04:39:00;33;3 - Acidente com Danos Materiais;5,5;BR-116/PR;Norte;Saida de Pista;1;1;;;;;1
29/06/2021;17:45:00;251;3 - Acidente com Danos Materiais;337,027;BR-116/SP;Norte;Choque - Poste;1;1;;;;;1
30/06/2021;06:24:00;70;3 - Acidente com Danos Materiais;461,301;BR-116/SP;Norte;Tombamento;1;1;;;;;1
30/06/2021;06:08:00;65;3 - Acidente com Danos Materiais;6,478;BR-116/PR;Norte;Colisão Lateral;2;3;;;;;1
30/06/2021;11:46:00;206;2 - Acidente com VITIMA;32,713;BR-116/PR;Norte;Tombamento;1;0;1;;;;1
30/06/2021;09:20:00;159;3 - Acidente com Danos Materiais;461,001;BR-116/SP;Norte;Colisão Traseira;2;2;;;;;1
30/06/2021;10:00:00;176;3 - Acidente com Danos Materiais;52,9;BR-116/PR;Sul;Saida de Pista;1;1;;;;;1
30/06/2021;18:10:00;279;3 - Acidente com Danos Materiais;461,8;BR-116/SP;Norte;Saida de Pista;1;1;;;;;1
30/06/2021;05:11:00;45;3 - Acidente com Danos Materiais;319,5;BR-116/SP;Norte;Engavetamento;2;5;;;;;1
30/06/2021;17:25:00;272;3 - Acidente com Danos Materiais;477,5;BR-116/SP;Sul;Colisão Lateral;1;2;;;;;1
01/07/2021;11:05:00;169;3 - Acidente com Danos Materiais;67,499;BR-116/PR;Sul;Colisão Traseira;2;2;;;;;1
01/07/2021;11:50:00;179;2 - Acidente com VITIMA;404;BR-116/SP;Norte;Colisão Traseira;1;2;1;;;;1
01/07/2021;16:12:00;238;3 - Acidente com Danos Materiais;46,8;BR-116/PR;Sul;Engavetamento;2;8;;;;;1
01/07/2021;16:24:00;246;3 - Acidente com Danos Materiais;542,9;BR-116/SP;Sul;Colisão Lateral;1;4;;;;;1
02/07/2021;00:27:00;7;3 - Acidente com Danos Materiais;465,5;BR-116/SP;Sul;Saida de Pista;1;1;;;;;1
02/07/2021;08:30:00;112;3 - Acidente com Danos Materiais;51,322;BR-116/PR;Norte;Colisão Traseira;2;2;;;;;1
02/07/2021;09:38:00;140;3 - Acidente com Danos Materiais;52,279;BR-116/PR;Sul;Saida de Pista;1;1;;;;;1
02/07/2021;13:18:00;197;2 - Acidente com VITIMA;303,8;BR-116/SP;Norte;Capotamento;1;3;1;;;;1
02/07/2021;19:13:00;280;3 - Acidente com Danos Materiais;62,05;BR-116/PR;Norte;Engavetamento;1;7;;;;;1
03/07/2021;06:17:00;58;3 - Acidente com Danos Materiais;289,7;BR-116/SP;Sul;Colisão Traseira;2;2;;;;;1
03/07/2021;09:48:00;109;3 - Acidente com Danos Materiais;353,9;BR-116/SP;Sul;Colisão Traseira;2;9;;;;;1
03/07/2021;16:40:00;193;2 - Acidente com VITIMA;301,6;BR-116/SP;Sul;Tombamento;1;0;4;;;;1
03/07/2021;23:17:00;254;3 - Acidente com Danos Materiais;348,4;BR-116/SP;Sul;Choque - Defensa, barreira ou "submarino";1;1;;;;;1
04/07/2021;14:54:00;175;2 - Acidente com VITIMA;6,8;BR-116/PR;Sul;Tombamento;1;0;1;;;;1
05/07/2021;18:54:00;275;3 - Acidente com Danos Materiais;9;BR-116/PR;Sul;Colisão Lateral;1;2;;;;;1
06/07/2021;10:17:00;150;3 - Acidente com Danos Materiais;18,55;BR-116/PR;Norte;Choque - Talude;1;1;;;;;1
06/07/2021;11:06:00;163;3 - Acidente com Danos Materiais;504,6;BR-116/SP;Norte;Tombamento;1;1;;;;;1
06/07/2021;17:41:00;270;3 - Acidente com Danos Materiais;511,079;BR-116/SP;Sul;Saida de Pista;1;1;;;;;1
06/07/2021;19:34:00;286;1 - Acidente com Vitima Fatal;324,6;BR-116/SP;Norte;Atropelamento - Outros;1;1;;;;1;3
07/07/2021;03:00:00;29;2 - Acidente com VITIMA;530,5;BR-116/SP;Norte;Colisão Traseira;2;1;1;;;;1
07/07/2021;15:35:00;249;3 - Acidente com Danos Materiais;328,011;BR-116/SP;Sul;Capotamento;1;3;;;;;1
07/07/2021;19:03:00;290;3 - Acidente com Danos Materiais;47,5;BR-116/PR;Sul;Colisão Lateral;1;5;;;;;1
07/07/2021;19:24:00;292;2 - Acidente com VITIMA;306,5;BR-116/SP;Sul;Tombamento;1;0;;1;;;2
08/07/2021;06:41:00;83;2 - Acidente com VITIMA;294,125;BR-116/SP;Sul;Queda de Moto;1;0;;3;;;2
08/07/2021;08:24:00;128;2 - Acidente com VITIMA;316,364;BR-116/SP;Norte;Tombamento;1;0;1;;;;1
08/07/2021;11:35:00;179;3 - Acidente com Danos Materiais;380,767;BR-116/SP;Norte;Saida de Pista;1;1;;;;;1
08/07/2021;12:44:00;189;3 - Acidente com Danos Materiais;286,991;BR-116/SP;Sul;Colisão Transversal;1;4;;;;;1
08/07/2021;14:43:00;216;2 - Acidente com VITIMA;286,95;BR-116/SP;Norte;Colisão Traseira;1;2;1;;;;1
08/07/2021;22:51:00;317;3 - Acidente com Danos Materiais;353,001;BR-116/SP;Sul;Saida de Pista;1;1;;;;;1
09/07/2021;15:43:00;188;3 - Acidente com Danos Materiais;298,8;BR-116/SP;Sul;Colisão Traseira;1;2;;;;;1
10/07/2021;08:12:00;74;3 - Acidente com Danos Materiais;346,44;BR-116/SP;Sul;Choque - Defensa, barreira ou "submarino";1;2;;;;;1
10/07/2021;10:31:00;97;3 - Acidente com Danos Materiais;282,12;BR-116/SP;Sul;Colisão Traseira;1;4;;;;;1
10/07/2021;15:05:00;147;2 - Acidente com VITIMA;504,1;BR-116/SP;Sul;Tombamento;1;1;1;;;;1
10/07/2021;20:41:00;218;2 - Acidente com VITIMA;280,2;BR-116/SP;Sul;Colisão Traseira;1;2;3;;;;1
11/07/2021;12:06:00;105;3 - Acidente com Danos Materiais;28,1;BR-116/PR;Norte;Tombamento;1;1;;;;;1
12/07/2021;02:39:00;22;3 - Acidente com Danos Materiais;535,5;BR-116/SP;Norte;Tombamento;1;1;;;;;1
12/07/2021;12:15:00;156;3 - Acidente com Danos Materiais;485,1;BR-116/SP;Sul;Choque - Veiculo parado na pista;1;3;;;;;1
12/07/2021;19:41:00;260;2 - Acidente com VITIMA;512;BR-116/SP;Norte;Colisão Traseira;2;2;;1;;;2
13/07/2021;03:03:00;34;3 - Acidente com Danos Materiais;353,1;BR-116/SP;Sul;Saida de Pista;1;2;;;;;1
14/07/2021;00:30:00;11;3 - Acidente com Danos Materiais;511,9;BR-116/SP;Norte;Colisão Traseira;2;2;;;;;1
14/07/2021;05:58:00;56;3 - Acidente com Danos Materiais;310,783;BR-116/SP;Norte;Tombamento;1;1;;;;;1
14/07/2021;14:24:00;231;2 - Acidente com VITIMA;362,5;BR-116/SP;Sul;Tombamento;1;0;;1;;;2
14/07/2021;14:51:00;243;3 - Acidente com Danos Materiais;567,1;BR-116/SP;Sul;Engavetamento;3;3;;;;;1
14/07/2021;21:03:00;350;3 - Acidente com Danos Materiais;370,4;BR-116/SP;Norte;Colisão Traseira;2;2;;;;;1
15/07/2021;01:32:00;18;3 - Acidente com Danos Materiais;515;BR-116/SP;Norte;Colisão Traseira;2;3;;;;;1
15/07/2021;01:46:00;24;2 - Acidente com VITIMA;26,4;BR-116/PR;Norte;Tombamento;1;0;1;;;;1
15/07/2021;03:56:00;37;3 - Acidente com Danos Materiais;393,1;BR-116/SP;Norte;Colisão Traseira;2;2;;;;;1
15/07/2021;05:58:00;71;3 - Acidente com Danos Materiais;281,7;BR-116/SP;Norte;Colisão Traseira;1;2;;;;;1
15/07/2021;07:35:00;109;3 - Acidente com Danos Materiais;563,8;BR-116/SP;Sul;Choque - Elemento de Drenagem;1;1;;;;;1
15/07/2021;08:40:00;137;3 - Acidente com Danos Materiais;301,1;BR-116/SP;Norte;Colisão Traseira;2;7;;;;;1
15/07/2021;10:02:00;164;3 - Acidente com Danos Materiais;55,5;BR-116/PR;Sul;Colisão Lateral;1;2;;;;;1
15/07/2021;14:02:00;242;3 - Acidente com Danos Materiais;62,3;BR-116/PR;Sul;Colisão Lateral;1;3;;;;;1
15/07/2021;18:15:00;317;2 - Acidente com VITIMA;306,501;BR-116/SP;Sul;Choque - Defensa, barreira ou "submarino";1;0;;1;;;2
15/07/2021;23:35:00;390;3 - Acidente com Danos Materiais;281,1;BR-116/SP;Sul;Colisão Lateral;1;2;;;;;1
16/07/2021;02:18:00;18;3 - Acidente com Danos Materiais;28,7;BR-116/PR;Norte;Outros;1;1;;;;;1
16/07/2021;06:19:00;58;1 - Acidente com Vitima Fatal;479,1;BR-116/SP;Sul;Queda de Moto;1;5;;;;1;3
16/07/2021;09:42:00;150;3 - Acidente com Danos Materiais;15,8;BR-116/PR;Norte;Choque - Defensa, barreira ou "submarino";1;3;;;;;1
16/07/2021;09:59:00;156;3 - Acidente com Danos Materiais;17;BR-116/PR;Norte;Colisão Lateral;2;2;;;;;1
16/07/2021;10:07:00;160;3 - Acidente com Danos Materiais;541;BR-116/SP;Sul;Colisão Lateral;1;3;;;;;1
16/07/2021;11:53:00;195;3 - Acidente com Danos Materiais;522,2;BR-116/SP;Norte;Colisão Traseira;2;3;;;;;1
16/07/2021;12:05:00;198;3 - Acidente com Danos Materiais;47,001;BR-116/PR;Norte;Capotamento;1;1;;;;;1
16/07/2021;13:56:00;232;3 - Acidente com Danos Materiais;553,8;BR-116/SP;Norte;Saida de Pista;1;1;;;;;1
16/07/2021;14:18:00;241;3 - Acidente com Danos Materiais;43,35;BR-116/PR;Sul;Choque - Defensa, barreira ou "submarino";1;1;;;;;1
16/07/2021;17:16:00;298;3 - Acidente com Danos Materiais;46,9;BR-116/PR;Norte;Choque - Elemento de Drenagem;1;2;;;;;1
16/07/2021;19:38:00;329;3 - Acidente com Danos Materiais;45,3;BR-116/PR;Sul;Choque - Talude;1;1;;;;;1
16/07/2021;21:02:00;351;3 - Acidente com Danos Materiais;324,05;BR-116/SP;Sul;Colisão Traseira;1;2;;;;;1
17/07/2021;01:06:00;13;3 - Acidente com Danos Materiais;536,9;BR-116/SP;Sul;Saida de Pista;1;1;;;;;1
17/07/2021;01:34:00;18;3 - Acidente com Danos Materiais;563,3;BR-116/SP;Sul;Choque - Elemento de Drenagem;1;2;;;;;1
17/07/2021;01:56:00;23;3 - Acidente com Danos Materiais;494,192;BR-116/SP;Sul;Choque - Elemento de Drenagem;1;1;;;;;1
17/07/2021;05:30:00;47;3 - Acidente com Danos Materiais;356,8;BR-116/SP;Sul;Choque - Defensa, barreira ou "submarino";1;1;;;;;1
17/07/2021;07:10:00;63;3 - Acidente com Danos Materiais;513,25;BR-116/SP;Norte;Choque - Talude;1;1;;;;;1
18/07/2021;00:24:00;7;2 - Acidente com VITIMA;461,3;BR-116/SP;Sul;Colisão Traseira;1;1;;1;;;2
18/07/2021;10:45:00;115;2 - Acidente com VITIMA;347,6;BR-116/SP;Norte;Tombamento;2;1;1;;;;1
18/07/2021;18:08:00;241;3 - Acidente com Danos Materiais;303,653;BR-116/SP;Norte;Colisão Lateral;1;2;;;;;1
18/07/2021;21:31:00;298;3 - Acidente com Danos Materiais;514,3;BR-116/SP;Norte;Tombamento;1;1;;;;;1
19/07/2021;04:45:00;33;3 - Acidente com Danos Materiais;450,5;BR-116/SP;Norte;Colisão Lateral;2;2;;;;;1
19/07/2021;07:32:00;93;3 - Acidente com Danos Materiais;498,6;BR-116/SP;Sul;Tombamento;1;1;;;;;1
19/07/2021;16:04:00;254;3 - Acidente com Danos Materiais;426,6;BR-116/SP;Norte;Colisão Lateral;1;4;;;;;1