data;horario;n_da_ocorrencia;tipo_de_ocorrencia;km;trecho;sentido;tipo_de_acidente;caminhao;ilesos;levemente_feridos;moderadamente_feridos;gravemente_feridos;mortos;3
19/07/2021;21:13:00;302;2 - Acidente com VITIMA;491,33;BR-116/SP;Norte;Colisão Traseira;1;1;2;2;1;;2
19/07/2021;23:25:00;311;3 - Acidente com Danos Materiais;491,3;BR-116/SP;Norte;Choque - Suporte de Sinalização;1;1;;;;;1
20/07/2021;00:50:00;14;2 - Acidente com VITIMA;47,3;BR-116/PR;Norte;Tombamento;1;0;;1;;;2
20/07/2021;19:24:00;322;3 - Acidente com Danos Materiais;282,3;BR-116/SP;Sul;Colisão Traseira;2;2;;;;;1
21/07/2021;01:28:00;15;2 - Acidente com VITIMA;564,499;BR-116/SP;Sul;Tombamento;1;0;1;;;;1
21/07/2021;05:44:00;56;2 - Acidente com VITIMA;509,9;BR-116/SP;Norte;Tombamento;1;0;1;;;;1
21/07/2021;19:12:00;379;1 - Acidente com Vitima Fatal;536,8;BR-116/SP;Norte;Colisão Traseira;2;1;;;;1;3
21/07/2021;20:13:00;395;3 - Acidente com Danos Materiais;305,05;BR-116/SP;Sul;Engavetamento;2;5;;;;;1
22/07/2021;00:04:00;2;3 - Acidente com Danos Materiais;332,8;BR-116/SP;Norte;Tombamento;1;2;;;;;1
22/07/2021;09:16:00;157;3 - Acidente com Danos Materiais;296,4;BR-116/SP;Norte;Colisão Traseira;2;2;;;;;1
22/07/2021;10:54:00;192;3 - Acidente com Danos Materiais;306,118;BR-116/SP;Norte;Colisão Lateral;2;2;;;;;1
22/07/2021;13:11:00;229;2 - Acidente com VITIMA;347,523;BR-116/SP;Sul;Tombamento;1;0;1;;;;1
22/07/2021;18:44:00;328;3 - Acidente com Danos Materiais;359,001;BR-116/SP;Sul;Colisão Traseira;1;2;;;;;1
23/07/2021;01:39:00;23;2 - Acidente com VITIMA;520,067;BR-116/SP;Sul;Colisão Traseira;2;1;1;;;;1
23/07/2021;05:01:00;46;2 - Acidente com VITIMA;392,9;BR-116/SP;Norte;Colisão Traseira;2;1;1;;;;1
23/07/2021;07:36:00;97;3 - Acidente com Danos Materiais;46,53;BR-116/PR;Sul;Choque - Defensa, barreira ou "submarino";1;2;;;;;1
23/07/2021;09:28:00;145;3 - Acidente com Danos Materiais;353,1;BR-116/SP;Sul;Colisão Traseira;1;2;;;;;1
23/07/2021;19:32:00;301;3 - Acidente com Danos Materiais;11,5;BR-116/PR;Sul;Objeto lançado contra veículo;1;3;;;;;1
23/07/2021;20:34:00;310;3 - Acidente com Danos Materiais;310,1;BR-116/SP;Sul;Choque - Objeto sobre a pista;1;2;;;;;1
24/07/2021;15:34:00;205;3 - Acidente com Danos Materiais;14,2;BR-116/PR;Sul;Colisão Traseira;1;3;;;;;1
24/07/2021;16:23:00;225;3 - Acidente com Danos Materiais;314,5;BR-116/SP;Norte;Colisão Lateral;1;2;;;;;1
24/07/2021;20:06:00;272;3 - Acidente com Danos Materiais;393,8;BR-116/SP;Sul;Tombamento;1;1;;;;;1
25/07/2021;09:14:00;98;2 - Acidente com VITIMA;45,25;BR-116/PR;Norte;Colisão Traseira;1;1;;1;;;2
26/07/2021;09:07:00;122;2 - Acidente com VITIMA;439,1;BR-116/SP;Norte;Tombamento;1;2;1;;;;1
26/07/2021;18:56:00;276;3 - Acidente com Danos Materiais;299,1;BR-116/SP;Sul;Colisão Lateral;1;2;;;;;1
27/07/2021;00:09:00;3;3 - Acidente com Danos Materiais;12,6;BR-116/PR;Sul;Tombamento;1;3;;;;;1
27/07/2021;05:57:00;71;3 - Acidente com Danos Materiais;285,3;BR-116/SP;Norte;Colisão Lateral;1;3;;;;;1
27/07/2021;11:59:00;191;3 - Acidente com Danos Materiais;429,5;BR-116/SP;Norte;Colisão Traseira;1;2;;;;;1
27/07/2021;12:16:00;196;2 - Acidente com VITIMA;536,9;BR-116/SP;Norte;Colisão Lateral;1;3;1;;;;1
27/07/2021;13:47:00;219;3 - Acidente com Danos Materiais;45,09;BR-116/PR;Norte;Choque - Elemento de Drenagem;1;1;;;;;1
27/07/2021;16:06:00;267;2 - Acidente com VITIMA;71,05;BR-116/PR;Norte;Tombamento;1;0;1;;;;1
27/07/2021;17:55:00;294;3 - Acidente com Danos Materiais;70,9;BR-116/PR;Sul;Colisão Traseira;2;5;;;;;1
27/07/2021;19:22:00;316;1 - Acidente com Vitima Fatal;68,3;BR-116/PR;Norte;Atropelamento - Usuário;1;2;;;;1;3
27/07/2021;22:31:00;353;3 - Acidente com Danos Materiais;516,5;BR-116/SP;Norte;Saida de Pista;1;1;;;;;1
27/07/2021;23:47:00;366;3 - Acidente com Danos Materiais;363,6;BR-116/SP;Sul;Engavetamento;3;3;;;;;1
28/07/2021;00:18:00;6;3 - Acidente com Danos Materiais;567,3;BR-116/SP;Norte;Outros;1;1;;;;;1
28/07/2021;01:44:00;22;3 - Acidente com Danos Materiais;518,6;BR-116/SP;Sul;Tombamento;1;2;;;;;1
28/07/2021;13:26:00;200;3 - Acidente com Danos Materiais;410,8;BR-116/SP;Norte;Colisão Lateral;1;3;;;;;1
28/07/2021;15:34:00;232;3 - Acidente com Danos Materiais;295,01;BR-116/SP;Norte;Colisão Traseira;2;8;;;;;1
28/07/2021;17:46:00;265;3 - Acidente com Danos Materiais;296,2;BR-116/SP;Sul;Colisão Traseira;1;6;;;;;1
28/07/2021;18:13:00;270;3 - Acidente com Danos Materiais;280,4;BR-116/SP;Sul;Colisão Traseira;2;9;;;;;1
28/07/2021;20:05:00;294;3 - Acidente com Danos Materiais;559,6;BR-116/SP;Sul;Colisão Traseira;1;2;;;;;1
28/07/2021;22:27:00;325;3 - Acidente com Danos Materiais;31,015;BR-116/PR;Norte;Colisão Traseira;2;2;;;;;1
29/07/2021;17:26:00;250;2 - Acidente com VITIMA;280,64;BR-116/SP;Sul;Colisão Lateral;1;4;1;;;;1
29/07/2021;20:57:00;290;3 - Acidente com Danos Materiais;377,5;BR-116/SP;Norte;Colisão Traseira;2;10;;;;;1
30/07/2021;09:44:00;170;3 - Acidente com Danos Materiais;361,52;BR-116/SP;Sul;Colisão Lateral;2;3;;;;;1
31/07/2021;03:28:00;32;2 - Acidente com VITIMA;364,74;BR-116/SP;Sul;Tombamento;1;0;1;;;;1
31/07/2021;10:09:00;135;3 - Acidente com Danos Materiais;57,01;BR-116/PR;Norte;Colisão Traseira;2;2;;;;;1
31/07/2021;19:09:00;258;2 - Acidente com VITIMA;292,021;BR-116/SP;Sul;Tombamento;1;1;1;;;;1
01/08/2021;09:20:00;88;3 - Acidente com Danos Materiais;4,3;BR-116/CW;Norte;Colisão Lateral;1;2;;;;;1
01/08/2021;10:12:00;96;3 - Acidente com Danos Materiais;1,483;BR-116/PR;Sul;Colisão Lateral;1;4;;;;;1
01/08/2021;16:25:00;169;3 - Acidente com Danos Materiais;508,65;BR-116/SP;Norte;Colisão Traseira;2;2;;;;;1
02/08/2021;10:09:00;128;3 - Acidente com Danos Materiais;305,779;BR-116/SP;Norte;Colisão Traseira;2;5;;;;;1
02/08/2021;12:09:00;152;2 - Acidente com VITIMA;6,13;BR-116/CW;Sul;Colisão Traseira;1;1;1;;;;1
02/08/2021;23:50:00;270;2 - Acidente com VITIMA;512,5;BR-116/SP;Sul;Tombamento;1;1;;;;;1
03/08/2021;02:34:00;23;2 - Acidente com VITIMA;284,133;BR-116/SP;Sul;Atropelamento - Andarilho;1;1;;1;;;2
03/08/2021;13:53:00;181;3 - Acidente com Danos Materiais;293,335;BR-116/SP;Sul;Atropelamento de Animal;1;1;;;;;1
03/08/2021;14:40:00;190;3 - Acidente com Danos Materiais;498,2;BR-116/SP;Sul;Colisão Transversal;2;3;;;;;1
03/08/2021;16:04:00;215;2 - Acidente com VITIMA;513,5;BR-116/SP;Norte;Colisão Traseira;3;2;1;;;;1
03/08/2021;18:20:00;245;2 - Acidente com VITIMA;272,537;BR-116/SP;Sul;Engavetamento;1;2;1;;;;1
04/08/2021;01:09:00;17;2 - Acidente com VITIMA;508,95;BR-116/SP;Sul;Tombamento;1;0;1;;;;1
04/08/2021;07:19:00;95;3 - Acidente com Danos Materiais;292,026;BR-116/SP;Norte;Choque - Defensa, barreira ou "submarino";1;1;;;;;1
04/08/2021;10:09:00;136;3 - Acidente com Danos Materiais;284,12;BR-116/SP;Sul;Colisão Lateral;1;2;;;;;1
04/08/2021;18:19:00;234;2 - Acidente com VITIMA;495,05;BR-116/SP;Sul;Colisão Traseira;1;1;;1;;;2
04/08/2021;20:37:00;259;3 - Acidente com Danos Materiais;512,4;BR-116/SP;Norte;Choque - Defensa, barreira ou "submarino";1;1;;;;;1
04/08/2021;23:29:00;291;2 - Acidente com VITIMA;1,8;BR-116/PR;Norte;Tombamento;1;0;1;;;;1
04/08/2021;23:53:00;293;3 - Acidente com Danos Materiais;512,4;BR-116/SP;Norte;Choque - Defensa, barreira ou "submarino";1;1;;;;;1
05/08/2021;01:21:00;16;3 - Acidente com Danos Materiais;543,5;BR-116/SP;Norte;Colisão Traseira;2;2;;;;;1
05/08/2021;06:54:00;80;3 - Acidente com Danos Materiais;54,608;BR-116/PR;Sul;Saida de Pista;1;1;;;;;1
05/08/2021;10:18:00;153;3 - Acidente com Danos Materiais;310,7;BR-116/SP;Norte;Colisão Lateral;2;2;;;;;1
05/08/2021;18:11:00;238;2 - Acidente com VITIMA;358,8;BR-116/SP;Sul;Engavetamento;3;2;2;;;;1
05/08/2021;19:44:00;259;2 - Acidente com VITIMA;511,5;BR-116/SP;Norte;Tombamento;1;0;1;;;;1
05/08/2021;20:26:00;263;3 - Acidente com Danos Materiais;280,4;BR-116/SP;Sul;Colisão Traseira;2;2;;;;;1
06/08/2021;00:50:00;19;3 - Acidente com Danos Materiais;325,046;BR-116/SP;Norte;Colisão Lateral;1;2;;;;;1
06/08/2021;03:49:00;44;3 - Acidente com Danos Materiais;516,4;BR-116/SP;Norte;Choque - Defensa, barreira ou "submarino";1;1;;;;;1
06/08/2021;05:22:00;58;2 - Acidente com VITIMA;486,8;BR-116/SP;Norte;Tombamento;1;0;;1;;;2
06/08/2021;09:22:00;143;3 - Acidente com Danos Materiais;541,6;BR-116/SP;Sul;Colisão Lateral;1;3;;;;;1
06/08/2021;10:25:00;166;3 - Acidente com Danos Materiais;28,2;BR-116/PR;Sul;Saida de Pista;1;2;;;;;1
06/08/2021;13:22:00;211;2 - Acidente com VITIMA;274,7;BR-116/SP;Norte;Engavetamento;1;4;1;;;;1
06/08/2021;16:28:00;267;3 - Acidente com Danos Materiais;485,8;BR-116/SP;Sul;Colisão Lateral;1;2;;;;;1
06/08/2021;19:50:00;324;3 - Acidente com Danos Materiais;280,1;BR-116/SP;Sul;Colisão Lateral;1;5;;;;;1
06/08/2021;20:57:00;338;3 - Acidente com Danos Materiais;279,2;BR-116/SP;Sul;Colisão Traseira;1;2;;;;;1
07/08/2021;00:52:00;13;3 - Acidente com Danos Materiais;353,05;BR-116/SP;Sul;Saida de Pista;1;2;;;;;1
07/08/2021;05:53:00;48;2 - Acidente com VITIMA;328,842;BR-116/SP;Sul;Choque - Defensa, barreira ou "submarino";2;1;1;;;;1
07/08/2021;08:06:00;89;2 - Acidente com VITIMA;513,12;BR-116/SP;Norte;Colisão Traseira;1;3;1;;;;1
08/08/2021;07:04:00;42;3 - Acidente com Danos Materiais;28,124;BR-116/PR;Norte;Tombamento;1;1;;;;;1
08/08/2021;13:08:00;108;2 - Acidente com VITIMA;550,3;BR-116/SP;Norte;Tombamento;1;0;1;;;;1
09/08/2021;07:33:00;74;3 - Acidente com Danos Materiais;280,3;BR-116/SP;Norte;Engavetamento;1;3;;;;;1
09/08/2021;08:50:00;97;3 - Acidente com Danos Materiais;288,6;BR-116/SP;Norte;Engavetamento;3;5;;;;;1
10/08/2021;00:02:00;2;2 - Acidente com VITIMA;24,887;BR-116/PR;Norte;Tombamento;1;0;1;;;;1
10/08/2021;01:35:00;20;3 - Acidente com Danos Materiais;433,1;BR-116/SP;Sul;Saida de Pista;1;1;;;;;1
10/08/2021;06:58:00;74;2 - Acidente com VITIMA;485,764;BR-116/SP;Norte;Colisão Traseira;1;1;1;;;;1
10/08/2021;08:37:00;106;2 - Acidente com VITIMA;390,75;BR-116/SP;Sul;Colisão Traseira;1;1;1;;;;1
10/08/2021;12:54:00;179;3 - Acidente com Danos Materiais;62,947;BR-116/PR;Norte;Colisão Lateral;1;1;;1;;;2
10/08/2021;22:29:00;336;3 - Acidente com Danos Materiais;45,088;BR-116/PR;Norte;Colisão Traseira;1;4;;;;;1
11/08/2021;04:57:00;44;2 - Acidente com VITIMA;508,9;BR-116/SP;Sul;Tombamento;1;0;1;;;;1
11/08/2021;05:04:00;45;3 - Acidente com Danos Materiais;371,8;BR-116/SP;Norte;Choque - Defensa, barreira ou "submarino";1;1;;;;;1
11/08/2021;08:29:00;100;3 - Acidente com Danos Materiais;51,005;BR-116/PR;Norte;Choque - Defensa, barreira ou "submarino";1;1;;;;;1
11/08/2021;09:19:00;121;3 - Acidente com Danos Materiais;403,2;BR-116/SP;Norte;Saida de Pista;1;1;;;;;1
11/08/2021;12:44:00;175;3 - Acidente com Danos Materiais;458,186;BR-116/SP;Sul;Colisão Traseira;1;2;;;;;1
11/08/2021;13:57:00;192;2 - Acidente com VITIMA;459,75;BR-116/SP;Sul;Colisão Traseira;1;1;;1;;;2
11/08/2021;15:39:00;215;3 - Acidente com Danos Materiais;460,9;BR-116/SP;Sul;Colisão Traseira;1;2;;;;;1
11/08/2021;16:04:00;223;3 - Acidente com Danos Materiais;281,3;BR-116/SP;Sul;Colisão Traseira;1;2;;;;;1
11/08/2021;19:00:00;273;2 - Acidente com VITIMA;529,9;BR-116/SP;Sul;Colisão Transversal;1;2;1;;;;1
11/08/2021;22:57:00;306;3 - Acidente com Danos Materiais;348,8;BR-116/SP;Sul;Colisão Traseira;2;2;;;;;1
11/08/2021;22:59:00;307;3 - Acidente com Danos Materiais;504,96;BR-116/SP;Sul;Tombamento;1;1;;;;;1
12/08/2021;08:13:00;101;3 - Acidente com Danos Materiais;362,7;BR-116/SP;Norte;Colisão Lateral;1;5;;;;;1
12/08/2021;09:16:00;124;3 - Acidente com Danos Materiais;336,15;BR-116/SP;Norte;Colisão Lateral;1;2;;;;;1
12/08/2021;13:32:00;173;3 - Acidente com Danos Materiais;18,12;BR-116/PR;Norte;Choque - Defensa, barreira ou "submarino";1;1;;;;;1
12/08/2021;16:27:00;213;3 - Acidente com Danos Materiais;542,9;BR-116/SP;Sul;Engavetamento;2;3;;;;;1
12/08/2021;20:07:00;258;3 - Acidente com Danos Materiais;345,65;BR-116/SP;Sul;Choque - Defensa, barreira ou "submarino";1;1;;;;;1
12/08/2021;20:53:00;264;3 - Acidente com Danos Materiais;565,4;BR-116/SP;Sul;Choque - Veiculo parado na pista;1;2;;;;;1
12/08/2021;22:46:00;283;2 - Acidente com VITIMA;550,1;BR-116/SP;Norte;Choque - Defensa, barreira ou "submarino";1;0;1;;;;1
12/08/2021;23:28:00;293;3 - Acidente com Danos Materiais;280,7;BR-116/SP;Sul;Colisão Traseira;1;3;;;;;1
13/08/2021;00:39:00;6;2 - Acidente com VITIMA;517,1;BR-116/SP;Norte;Colisão Lateral;1;0;1;;;;1
13/08/2021;05:23:00;40;2 - Acidente com VITIMA;473,949;BR-116/SP;Sul;Colisão Traseira;2;1;1;;;;1
13/08/2021;07:56:00;81;3 - Acidente com Danos Materiais;27,833;BR-116/PR;Norte;Colisão Traseira;1;2;;;;;1
13/08/2021;12:31:00;159;3 - Acidente com Danos Materiais;511,4;BR-116/SP;Norte;Colisão Traseira;1;4;;;;;1
13/08/2021;12:37:00;161;2 - Acidente com VITIMA;550,2;BR-116/SP;Norte;Choque - Talude;1;0;1;;;;1
13/08/2021;13:14:00;172;3 - Acidente com Danos Materiais;289,8;BR-116/SP;Norte;Colisão Lateral;1;2;;;;;1
13/08/2021;13:23:00;175;2 - Acidente com VITIMA;282,2;BR-116/SP;Norte;Colisão Traseira;1;2;1;;;;1
13/08/2021;14:57:00;202;3 - Acidente com Danos Materiais;463,75;BR-116/SP;Sul;Capotamento;1;1;;;;;1
13/08/2021;15:04:00;205;3 - Acidente com Danos Materiais;362,1;BR-116/SP;Sul;Saida de Pista;1;3;;;;;1
13/08/2021;15:23:00;208;3 - Acidente com Danos Materiais;567,5;BR-116/SP;Norte;Tombamento;1;1;;;;;1
13/08/2021;15:24:00;209;3 - Acidente com Danos Materiais;509,7;BR-116/SP;Norte;Choque - Talude;1;2;;;;;1
13/08/2021;16:46:00;232;3 - Acidente com Danos Materiais;513,6;BR-116/SP;Norte;Choque - Defensa, barreira ou "submarino";1;1;;;;;1
13/08/2021;18:51:00;272;3 - Acidente com Danos Materiais;377,01;BR-116/SP;Norte;Choque - Defensa, barreira ou "submarino";1;2;;;;;1
14/08/2021;00:27:00;6;3 - Acidente com Danos Materiais;416,478;BR-116/SP;Sul;Colisão Traseira;2;3;;;;;1
14/08/2021;07:35:00;64;1 - Acidente com Vitima Fatal;514,8;BR-116/SP;Norte;Tombamento;1;0;;;;1;3
14/08/2021;11:05:00;122;3 - Acidente com Danos Materiais;280,274;BR-116/SP;Sul;Colisão Traseira;1;2;;;;;1
14/08/2021;14:14:00;166;3 - Acidente com Danos Materiais;45,6;BR-116/PR;Sul;Colisão Lateral;1;5;;;;;1
15/08/2021;04:00:00;36;2 - Acidente com VITIMA;319,295;BR-116/SP;Norte;Colisão Traseira;2;1;1;;;;1
15/08/2021;09:17:00;73;2 - Acidente com VITIMA;359,744;BR-116/SP;Norte;Tombamento;1;0;1;;;;1
16/08/2021;05:52:00;56;3 - Acidente com Danos Materiais;283,2;BR-116/SP;Norte;Colisão Traseira;1;2;;1;;;2
16/08/2021;07:04:00;81;3 - Acidente com Danos Materiais;43,3;BR-116/PR;Sul;Choque - Elemento de Drenagem;1;1;;;;;1
16/08/2021;07:08:00;83;2 - Acidente com VITIMA;541,5;BR-116/SP;Sul;Choque - Defensa, barreira ou "submarino";1;0;1;;;;1
16/08/2021;12:59:00;184;3 - Acidente com Danos Materiais;290,12;BR-116/SP;Sul;Choque - Poste;1;1;;;;;1
16/08/2021;13:04:00;187;3 - Acidente com Danos Materiais;568,2;BR-116/SP;Sul;Saida de Pista;1;1;;;;;1
16/08/2021;14:15:00;201;2 - Acidente com VITIMA;301,45;BR-116/SP;Sul;Tombamento;1;0;1;;;;1
16/08/2021;14:51:00;210;3 - Acidente com Danos Materiais;566,15;BR-116/SP;Sul;Engavetamento;2;3;;;;;1
16/08/2021;15:33:00;220;3 - Acidente com Danos Materiais;426,8;BR-116/SP;Norte;Colisão Traseira;2;2;;;;;1
16/08/2021;15:50:00;225;3 - Acidente com Danos Materiais;567,5;BR-116/SP;Norte;Saida de Pista;1;1;;;;;1
16/08/2021;16:10:00;232;3 - Acidente com Danos Materiais;508,5;BR-116/SP;Sul;Tombamento;1;1;;;;;1
16/08/2021;21:29:00;269;2 - Acidente com VITIMA;443,9;BR-116/SP;Norte;Atropelamento - Outros;1;1;1;;;;1
17/08/2021;08:07:00;102;2 - Acidente com VITIMA;16,5;BR-116/CW;Sul;Colisão Traseira;1;1;1;;;;1
17/08/2021;08:18:00;105;2 - Acidente com VITIMA;517,9;BR-116/SP;Norte;Capotamento;1;0;1;;;;1
17/08/2021;08:31:00;110;3 - Acidente com Danos Materiais;282,12;BR-116/SP;Sul;Saida de Pista;1;1;;;;;1
17/08/2021;17:17:00;276;3 - Acidente com Danos Materiais;17,15;BR-116/PR;Norte;Colisão Traseira;1;3;;;;;1
18/08/2021;09:33:00;153;3 - Acidente com Danos Materiais;397,448;BR-116/SP;Norte;Colisão Traseira;1;2;;;;;1
18/08/2021;12:14:00;192;3 - Acidente com Danos Materiais;404,705;BR-116/SP;Norte;Colisão Traseira;2;2;;;;;1
18/08/2021;12:32:00;199;3 - Acidente com Danos Materiais;405,562;BR-116/SP;Norte;Saida de Pista;1;1;;;;;1
18/08/2021;22:54:00;360;1 - Acidente com Vitima Fatal;499,6;BR-116/SP;Sul;Tombamento;1;0;;;;1;3
19/08/2021;00:01:00;2;3 - Acidente com Danos Materiais;282,785;BR-116/SP;Norte;Choque - Veiculo parado na pista;1;2;;;;;1
19/08/2021;03:21:00;34;3 - Acidente com Danos Materiais;392,752;BR-116/SP;Norte;Colisão Lateral;2;2;;;;;1
19/08/2021;10:26:00;169;3 - Acidente com Danos Materiais;57,01;BR-116/PR;Sul;Colisão Lateral;1;2;;;;;1
19/08/2021;12:19:00;202;2 - Acidente com VITIMA;512,7;BR-116/SP;Norte;Colisão Traseira;2;3;2;1;;;2
19/08/2021;15:33:00;266;2 - Acidente com VITIMA;273,3;BR-116/SP;Norte;Atropelamento - Outros;1;1;;1;;;2
19/08/2021;22:41:00;359;3 - Acidente com Danos Materiais;530,43;BR-116/SP;Sul;Saida de Pista;1;2;;;;;1
20/08/2021;22:09:00;373;1 - Acidente com Vitima Fatal;45,35;BR-116/PR;Sul;Tombamento;1;0;;;;1;3
21/08/2021;08:02:00;96;3 - Acidente com Danos Materiais;465,3;BR-116/SP;Norte;Choque - Elemento de Drenagem;1;1;;;;;1
22/08/2021;01:24:00;22;3 - Acidente com Danos Materiais;465,3;BR-116/SP;Norte;Saida de Pista;1;4;;;;;1
22/08/2021;16:17:00;192;2 - Acidente com VITIMA;347,8;BR-116/SP;Sul;Tombamento;1;0;1;1;;;2
22/08/2021;19:55:00;243;3 - Acidente com Danos Materiais;298,6;BR-116/SP;Norte;Colisão Traseira;1;2;;;;;1
24/08/2021;02:27:00;27;3 - Acidente com Danos Materiais;447,8;BR-116/SP;Sul;Atropelamento de Animal;2;2;;;;;1
24/08/2021;05:05:00;38;2 - Acidente com VITIMA;29,564;BR-116/PR;Norte;Tombamento;1;1;;1;;;2
24/08/2021;17:08:00;247;3 - Acidente com Danos Materiais;295,7;BR-116/SP;Sul;Colisão Traseira;2;2;;;;;1
25/08/2021;09:23:00;139;3 - Acidente com Danos Materiais;277,3;BR-116/SP;Norte;Choque - Defensa, barreira ou "submarino";1;6;;;;;1
25/08/2021;15:22:00;252;3 - Acidente com Danos Materiais;349,1;BR-116/SP;Norte;Colisão Traseira;2;2;;;;;1
26/08/2021;04:24:00;36;2 - Acidente com VITIMA;320,9;BR-116/SP;Norte;Colisão Traseira;2;1;1;;;;1
26/08/2021;12:44:00;192;3 - Acidente com Danos Materiais;545,4;BR-116/SP;Norte;Tombamento;1;1;;;;;1
26/08/2021;17:46:00;277;3 - Acidente com Danos Materiais;28,6;BR-116/PR;Norte;Choque - Defensa, barreira ou "submarino";1;1;;;;;1
26/08/2021;21:24:00;321;3 - Acidente com Danos Materiais;513,6;BR-116/SP;Norte;Choque - Defensa, barreira ou "submarino";1;1;;;;;1
27/08/2021;02:21:00;27;3 - Acidente com Danos Materiais;362,5;BR-116/SP;Sul;Choque - Talude;1;1;;;;;1
27/08/2021;05:34:00;49;3 - Acidente com Danos Materiais;423,93;BR-116/SP;Norte;Choque - Objeto sobre a pista;1;2;;1;;;2
27/08/2021;06:18:00;72;3 - Acidente com Danos Materiais;356,9;BR-116/SP;Sul;Colisão Traseira;2;2;;;;;1
27/08/2021;10:14:00;131;3 - Acidente com Danos Materiais;15,5;BR-116/PR;Norte;Colisão Traseira;2;3;;;;;1
27/08/2021;13:30:00;169;3 - Acidente com Danos Materiais;370,2;BR-116/SP;Sul;Colisão Traseira;1;2;;;;;1
27/08/2021;14:40:00;184;3 - Acidente com Danos Materiais;515,8;BR-116/SP;Norte;Colisão Traseira;2;3;;;;;1
27/08/2021;14:54:00;189;3 - Acidente com Danos Materiais;533,2;BR-116/SP;Norte;Colisão Traseira;2;2;;;;;1
27/08/2021;16:25:00;212;3 - Acidente com Danos Materiais;567,05;BR-116/SP;Sul;Choque - Defensa, barreira ou "submarino";1;1;;;;;1
27/08/2021;17:17:00;231;3 - Acidente com Danos Materiais;46,9;BR-116/PR;Sul;Tombamento;1;1;;;;;1
27/08/2021;19:28:00;264;3 - Acidente com Danos Materiais;550,3;BR-116/SP;Norte;Choque - Talude;1;1;;;;;1
27/08/2021;22:16:00;305;2 - Acidente com VITIMA;504,4;BR-116/SP;Norte;Engavetamento;4;7;1;1;;;2
27/08/2021;22:16:00;306;2 - Acidente com VITIMA;54,3;BR-116/PR;Sul;Colisão Traseira;1;2;1;;;;1
28/08/2021;01:38:00;20;3 - Acidente com Danos Materiais;554,7;BR-116/SP;Sul;Colisão Traseira;2;2;;;;;1
28/08/2021;02:34:00;31;2 - Acidente com VITIMA;554,5;BR-116/SP;Sul;Choque - Veiculo parado na pista;3;2;;1;;;2
28/08/2021;07:30:00;62;3 - Acidente com Danos Materiais;375,6;BR-116/SP;Norte;Saida de Pista;1;5;;;;;1
28/08/2021;08:20:00;74;3 - Acidente com Danos Materiais;485,7;BR-116/SP;Sul;Colisão Traseira;2;2;;;;;1
28/08/2021;08:54:00;79;2 - Acidente com VITIMA;367,25;BR-116/SP;Norte;Choque - Poste;1;1;1;;;;1
28/08/2021;10:07:00;93;3 - Acidente com Danos Materiais;485,7;BR-116/SP;Sul;Colisão Traseira;2;10;;;;;1
28/08/2021;11:00:00;102;2 - Acidente com VITIMA;498,436;BR-116/SP;Sul;Choque - Talude;1;0;1;;;;1
28/08/2021;12:11:00;113;3 - Acidente com Danos Materiais;567,1;BR-116/SP;Norte;Tombamento;1;1;;;;;1
28/08/2021;15:24:00;164;3 - Acidente com Danos Materiais;548,862;BR-116/SP;Sul;Choque - Defensa, barreira ou "submarino";1;1;;;;;1
29/08/2021;12:37:00;102;3 - Acidente com Danos Materiais;0,2;BR-116/PR;Norte;Tombamento;1;1;;;;;1
29/08/2021;13:59:00;123;3 - Acidente com Danos Materiais;32,8;BR-116/PR;Norte;Choque - Defensa, barreira ou "submarino";1;1;;;;;1
29/08/2021;21:01:00;226;3 - Acidente com Danos Materiais;340,01;BR-116/SP;Sul;Colisão Lateral;1;1;;1;;;2
30/08/2021;07:33:00;70;2 - Acidente com VITIMA;511,7;BR-116/SP;Norte;Tombamento;1;0;;1;;;2
30/08/2021;11:07:00;142;3 - Acidente com Danos Materiais;498,95;BR-116/SP;Sul;Tombamento;1;1;;;;;1