data;horario;n_da_ocorrencia;tipo_de_ocorrencia;km;trecho;sentido;tipo_de_acidente;caminhao;ilesos;levemente_feridos;moderadamente_feridos;gravemente_feridos;mortos;3
30/08/2021;11:49:00;152;3 - Acidente com Danos Materiais;447,5;BR-116/SP;Norte;Tombamento;1;1;;;;;1
30/08/2021;13:55:00;188;3 - Acidente com Danos Materiais;550,1;BR-116/SP;Norte;Choque - Defensa, barreira ou "submarino";1;1;;;;;1
30/08/2021;18:02:00;247;3 - Acidente com Danos Materiais;541,6;BR-116/SP;Sul;Choque - Defensa, barreira ou "submarino";1;3;;;;;1
31/08/2021;04:28:00;32;3 - Acidente com Danos Materiais;285,5;BR-116/SP;Sul;Colisão Traseira;1;2;;;;;1
31/08/2021;06:01:00;51;2 - Acidente com VITIMA;282,05;BR-116/SP;Norte;Colisão Traseira;1;3;2;;;;1
31/08/2021;06:05:00;60;2 - Acidente com VITIMA;392,85;BR-116/SP;Norte;Colisão Traseira;2;1;1;;;;1
31/08/2021;09:31:00;127;2 - Acidente com VITIMA;550,5;BR-116/SP;Norte;Tombamento;1;0;1;;;;1
31/08/2021;11:00:00;153;3 - Acidente com Danos Materiais;296,3;BR-116/SP;Norte;Choque - Defensa, barreira ou "submarino";1;3;;;;;1
31/08/2021;17:32:00;231;3 - Acidente com Danos Materiais;383,601;BR-116/SP;Norte;Colisão Lateral;1;3;;;;;1
01/09/2021;06:20:00;80;2 - Acidente com VITIMA;567,55;BR-116/SP;Norte;Choque - Defensa, barreira ou "submarino";1;0;1;;;;1
01/09/2021;11:36:00;169;3 - Acidente com Danos Materiais;353,001;BR-116/SP;Sul;Saida de Pista;1;1;;;;;1
01/09/2021;15:59:00;235;3 - Acidente com Danos Materiais;5,399;BR-116/CW;Norte;Tombamento;1;1;;;;;1
01/09/2021;16:45:00;244;2 - Acidente com VITIMA;312,675;BR-116/SP;Norte;Engavetamento;1;4;2;;;;1
02/09/2021;00:01:00;1;3 - Acidente com Danos Materiais;427,6;BR-116/SP;Norte;Tombamento;1;1;;;;;1
02/09/2021;01:00:00;15;3 - Acidente com Danos Materiais;283,3;BR-116/SP;Norte;Capotamento;1;4;;;;;1
02/09/2021;02:01:00;31;3 - Acidente com Danos Materiais;353,001;BR-116/SP;Sul;Saida de Pista;1;1;;;;;1
02/09/2021;02:12:00;35;3 - Acidente com Danos Materiais;48,5;BR-116/PR;Sul;Colisão Traseira;1;2;;;;;1
02/09/2021;03:41:00;49;3 - Acidente com Danos Materiais;443,7;BR-116/SP;Sul;Saida de Pista;1;1;;;;;1
02/09/2021;10:13:00;179;3 - Acidente com Danos Materiais;513,8;BR-116/SP;Norte;Colisão Traseira;1;4;;;;;1
02/09/2021;16:08:00;286;2 - Acidente com VITIMA;470,05;BR-116/SP;Norte;Tombamento;1;0;1;1;;;2
02/09/2021;17:09:00;299;2 - Acidente com VITIMA;538,3;BR-116/SP;Sul;Colisão Traseira;2;1;1;;;;1
03/09/2021;05:33:00;59;2 - Acidente com VITIMA;285,116;BR-116/SP;Norte;Engavetamento;2;3;1;;;;1
03/09/2021;07:01:00;88;3 - Acidente com Danos Materiais;57,2;BR-116/PR;Sul;Colisão Lateral;1;2;;;;;1
03/09/2021;07:48:00;104;2 - Acidente com VITIMA;281,121;BR-116/SP;Norte;Colisão Traseira;1;1;2;1;;;2
03/09/2021;16:11:00;264;3 - Acidente com Danos Materiais;283,7;BR-116/SP;Sul;Engavetamento;2;3;;;;;1
03/09/2021;21:08:00;341;2 - Acidente com VITIMA;269,2;BR-116/SP;Sul;Colisão Lateral;1;4;1;;;;1
03/09/2021;21:44:00;347;3 - Acidente com Danos Materiais;497,9;BR-116/SP;Norte;Choque - Defensa, barreira ou "submarino";1;1;;;;;1
04/09/2021;00:08:00;2;3 - Acidente com Danos Materiais;484,6;BR-116/SP;Sul;Colisão Traseira;1;2;;;;;1
04/09/2021;01:05:00;15;2 - Acidente com VITIMA;507,4;BR-116/SP;Norte;Tombamento;1;0;;;1;;2
04/09/2021;03:25:00;39;3 - Acidente com Danos Materiais;564,4;BR-116/SP;Sul;Colisão Traseira;2;2;;;;;1
04/09/2021;09:48:00;126;3 - Acidente com Danos Materiais;328,029;BR-116/SP;Sul;Tombamento;1;2;;;;;1
04/09/2021;10:08:00;131;2 - Acidente com VITIMA;488,2;BR-116/SP;Sul;Colisão Lateral;1;1;1;;;;1
04/09/2021;20:24:00;290;3 - Acidente com Danos Materiais;503,2;BR-116/SP;Sul;Tombamento;1;3;;;;;1
04/09/2021;21:10:00;298;2 - Acidente com VITIMA;326,8;BR-116/SP;Sul;Colisão Lateral;1;3;1;;;;1
05/09/2021;07:56:00;74;2 - Acidente com VITIMA;18,058;BR-116/PR;Sul;Choque - Elemento de Drenagem;1;0;1;;;;1
05/09/2021;18:07:00;239;2 - Acidente com VITIMA;332,3;BR-116/SP;Sul;Choque - Outros;1;1;1;;;;1
06/09/2021;06:04:00;54;1 - Acidente com Vitima Fatal;438,8;BR-116/SP;Norte;Queda de Moto;1;4;;;;1;3
06/09/2021;15:24:00;167;2 - Acidente com VITIMA;499,52;BR-116/SP;Sul;Tombamento;1;0;2;;;;1
06/09/2021;15:43:00;171;3 - Acidente com Danos Materiais;61,767;BR-116/PR;Norte;Colisão Traseira;1;3;;;;;1
06/09/2021;17:50:00;210;2 - Acidente com VITIMA;544,4;BR-116/SP;Norte;Tombamento;1;0;;1;;;2
06/09/2021;23:10:00;253;3 - Acidente com Danos Materiais;275,9;BR-116/SP;Sul;Engavetamento;2;4;;;;;1
08/09/2021;09:54:00;123;3 - Acidente com Danos Materiais;32,633;BR-116/PR;Norte;Tombamento;1;1;;;;;1
08/09/2021;13:54:00;183;2 - Acidente com VITIMA;362,501;BR-116/SP;Sul;Capotamento;1;0;1;;;;1
08/09/2021;15:13:00;198;3 - Acidente com Danos Materiais;446,9;BR-116/SP;Sul;Colisão Lateral;1;3;;;;;1
08/09/2021;18:28:00;235;3 - Acidente com Danos Materiais;281,01;BR-116/SP;Sul;Engavetamento;1;12;;;;;1
08/09/2021;20:03:00;248;3 - Acidente com Danos Materiais;45,196;BR-116/PR;Sul;Saida de Pista;1;2;;;;;1
08/09/2021;22:24:00;263;1 - Acidente com Vitima Fatal;371,95;BR-116/SP;Norte;Atropelamento - Andarilho;1;1;;;;1;3
09/09/2021;07:30:00;69;3 - Acidente com Danos Materiais;353,001;BR-116/SP;Sul;Saida de Pista;1;1;;;;;1
09/09/2021;22:53:00;252;2 - Acidente com VITIMA;23,1;BR-116/PR;Sul;Colisão Traseira;2;3;;1;;;2
10/09/2021;05:28:00;44;3 - Acidente com Danos Materiais;513,6;BR-116/SP;Norte;Saida de Pista;1;1;;;;;1
10/09/2021;22:42:00;291;3 - Acidente com Danos Materiais;281,2;BR-116/SP;Norte;Colisão Lateral;1;3;;;;;1
11/09/2021;05:09:00;29;2 - Acidente com VITIMA;23,908;BR-116/PR;Sul;Colisão Traseira;2;1;1;;;;1
11/09/2021;11:44:00;118;3 - Acidente com Danos Materiais;488,5;BR-116/SP;Sul;Capotamento;1;2;;;;;1
11/09/2021;13:10:00;139;3 - Acidente com Danos Materiais;281,6;BR-116/SP;Norte;Engavetamento;1;5;;;;;1
11/09/2021;13:53:00;151;3 - Acidente com Danos Materiais;280,5;BR-116/SP;Sul;Colisão Lateral;1;2;;;;;1
12/09/2021;11:59:00;122;2 - Acidente com VITIMA;12,538;BR-116/PR;Sul;Tombamento;1;0;1;;;;1
12/09/2021;21:15:00;273;3 - Acidente com Danos Materiais;5,05;BR-116/PR;Norte;Engavetamento;2;4;;;;;1
13/09/2021;01:19:00;24;1 - Acidente com Vitima Fatal;280,1;BR-116/SP;Norte;Queda de Moto;1;2;;;;2;3
13/09/2021;03:00:00;36;3 - Acidente com Danos Materiais;52,66;BR-116/PR;Sul;Saida de Pista;1;1;;;;;1
13/09/2021;05:47:00;57;3 - Acidente com Danos Materiais;283,857;BR-116/SP;Norte;Colisão Transversal;1;2;;;;;1
13/09/2021;08:08:00;108;3 - Acidente com Danos Materiais;284,551;BR-116/SP;Norte;Colisão Transversal;1;2;;;;;1
13/09/2021;10:49:00;155;3 - Acidente com Danos Materiais;310,8;BR-116/SP;Norte;Colisão Lateral;1;2;;;;;1
14/09/2021;01:45:00;23;3 - Acidente com Danos Materiais;353,05;BR-116/SP;Sul;Colisão Traseira;2;2;;;;;1
14/09/2021;05:28:00;66;3 - Acidente com Danos Materiais;285,9;BR-116/SP;Norte;Colisão Traseira;1;2;;;;;1
14/09/2021;05:40:00;74;2 - Acidente com VITIMA;528,1;BR-116/SP;Sul;Tombamento;1;0;1;;;;1
14/09/2021;05:55:00;84;2 - Acidente com VITIMA;477,1;BR-116/SP;Norte;Colisão Traseira;2;1;1;;;;1
14/09/2021;06:14:00;92;3 - Acidente com Danos Materiais;28,59;BR-116/PR;Norte;Choque - Talude;1;1;;;;;1
14/09/2021;06:23:00;97;2 - Acidente com VITIMA;359,25;BR-116/SP;Norte;Tombamento;1;0;1;;;;1
14/09/2021;08:10:00;140;3 - Acidente com Danos Materiais;286,5;BR-116/SP;Norte;Colisão Traseira;2;2;;;;;1
14/09/2021;11:25:00;220;3 - Acidente com Danos Materiais;546,6;BR-116/SP;Norte;Tombamento;1;1;;;;;1
14/09/2021;14:22:00;260;3 - Acidente com Danos Materiais;22,7;BR-116/PR;Norte;Choque - Defensa, barreira ou "submarino";1;6;;;;;1
14/09/2021;17:49:00;320;3 - Acidente com Danos Materiais;516,05;BR-116/SP;Norte;Saida de Pista;1;1;;;;;1
14/09/2021;18:58:00;332;2 - Acidente com VITIMA;511,5;BR-116/SP;Norte;Choque - Defensa, barreira ou "submarino";1;1;1;;;;1
14/09/2021;19:05:00;337;3 - Acidente com Danos Materiais;511,55;BR-116/SP;Norte;Colisão Traseira;2;3;;;;;1
14/09/2021;19:36:00;344;3 - Acidente com Danos Materiais;360,01;BR-116/SP;Sul;Colisão Traseira;1;1;;1;;;2
15/09/2021;06:35:00;92;2 - Acidente com VITIMA;47,2;BR-116/PR;Sul;Choque - Defensa, barreira ou "submarino";1;1;1;;;;1
15/09/2021;07:36:00;124;2 - Acidente com VITIMA;42,1;BR-116/PR;Sul;Choque - Defensa, barreira ou "submarino";1;0;1;;;;1
15/09/2021;09:01:00;154;3 - Acidente com Danos Materiais;564,1;BR-116/SP;Norte;Saida de Pista;1;1;;;;;1
15/09/2021;09:22:00;160;3 - Acidente com Danos Materiais;550,4;BR-116/SP;Norte;Saida de Pista;1;1;;;;;1
15/09/2021;09:22:00;161;2 - Acidente com VITIMA;417,849;BR-116/SP;Sul;Tombamento;2;1;1;;;;1
15/09/2021;10:19:00;183;3 - Acidente com Danos Materiais;25,2;BR-116/PR;Norte;Choque - Veiculo parado no acostamento;2;3;;;;;1
15/09/2021;10:48:00;190;3 - Acidente com Danos Materiais;20,6;BR-116/PR;Norte;Colisão Lateral;1;3;;;;;1
15/09/2021;11:35:00;201;3 - Acidente com Danos Materiais;22,5;BR-116/PR;Sul;Tombamento;1;1;;;;;1
15/09/2021;11:39:00;202;3 - Acidente com Danos Materiais;21,8;BR-116/PR;Sul;Engavetamento;2;3;;;;;1
15/09/2021;11:47:00;204;3 - Acidente com Danos Materiais;20,1;BR-116/PR;Sul;Saida de Pista;1;0;;1;;;2
15/09/2021;12:32:00;214;3 - Acidente com Danos Materiais;22,1;BR-116/PR;Sul;Colisão Traseira;1;2;;;;;1
15/09/2021;13:25:00;225;3 - Acidente com Danos Materiais;362,6;BR-116/SP;Sul;Choque - Talude;1;1;;;;;1
15/09/2021;16:38:00;297;2 - Acidente com VITIMA;438,5;BR-116/SP;Sul;Colisão Traseira;2;1;1;;;;1
16/09/2021;03:54:00;41;3 - Acidente com Danos Materiais;505,5;BR-116/SP;Norte;Saida de Pista;1;1;;;;;1
16/09/2021;08:00:00;118;3 - Acidente com Danos Materiais;269,167;BR-116/SP;Sul;Colisão Lateral;1;2;;;;;1
16/09/2021;08:34:00;131;3 - Acidente com Danos Materiais;16,001;BR-116/PR;Norte;Choque - Defensa, barreira ou "submarino";1;2;;;;;1
16/09/2021;09:22:00;150;3 - Acidente com Danos Materiais;5,5;BR-116/PR;Norte;Colisão Lateral;1;3;;;;;1
16/09/2021;09:45:00;157;3 - Acidente com Danos Materiais;430,95;BR-116/SP;Norte;Saida de Pista;1;1;;;;;1
16/09/2021;10:19:00;169;3 - Acidente com Danos Materiais;504,15;BR-116/SP;Sul;Tombamento;1;2;;;;;1
16/09/2021;13:43:00;233;2 - Acidente com VITIMA;447,8;BR-116/SP;Sul;Capotamento;1;0;1;;;;1
16/09/2021;15:18:00;257;3 - Acidente com Danos Materiais;426,05;BR-116/SP;Norte;Colisão Traseira;1;2;;;;;1
16/09/2021;17:38:00;290;3 - Acidente com Danos Materiais;566,97;BR-116/SP;Sul;Colisão Traseira;2;2;;;;;1
16/09/2021;18:24:00;302;2 - Acidente com VITIMA;550,305;BR-116/SP;Norte;Choque - Defensa, barreira ou "submarino";1;0;1;;;;1
16/09/2021;22:43:00;353;3 - Acidente com Danos Materiais;352,1;BR-116/SP;Sul;Colisão Traseira;2;2;;;;;1
16/09/2021;23:31:00;365;2 - Acidente com VITIMA;562,1;BR-116/SP;Sul;Tombamento;1;0;1;;;;1
17/09/2021;08:07:00;115;2 - Acidente com VITIMA;28,329;BR-116/PR;Norte;Tombamento;1;0;1;;;;1
17/09/2021;10:55:00;173;3 - Acidente com Danos Materiais;561,7;BR-116/SP;Sul;Colisão Traseira;2;2;;;;;1
17/09/2021;11:08:00;178;3 - Acidente com Danos Materiais;515,1;BR-116/SP;Norte;Choque - Defensa, barreira ou "submarino";1;1;;;;;1
17/09/2021;12:15:00;196;3 - Acidente com Danos Materiais;511,001;BR-116/SP;Norte;Choque - Talude;1;1;;;;;1
17/09/2021;15:11:00;251;2 - Acidente com VITIMA;47,6;BR-116/PR;Norte;Colisão Lateral;1;2;2;;;;1
17/09/2021;18:06:00;283;2 - Acidente com VITIMA;279,6;BR-116/SP;Norte;Colisão Traseira;1;1;1;;;;1
17/09/2021;23:07:00;338;3 - Acidente com Danos Materiais;437,7;BR-116/SP;Sul;Choque - Veiculo parado no acostamento;2;2;;;;;1
18/09/2021;02:10:00;28;2 - Acidente com VITIMA;298,101;BR-116/SP;Sul;Colisão Traseira;1;2;;2;;;2
18/09/2021;09:18:00;130;3 - Acidente com Danos Materiais;284,6;BR-116/SP;Norte;Colisão Lateral;1;2;;;;;1
18/09/2021;15:38:00;222;3 - Acidente com Danos Materiais;284,3;BR-116/SP;Sul;Choque - Defensa, barreira ou "submarino";1;4;;;;;1
19/09/2021;02:50:03;19;3 - Acidente com Danos Materiais;449,5;BR-116/SP;Sul;Colisão Traseira;3;3;;;;;1
19/09/2021;23:21:00;261;3 - Acidente com Danos Materiais;302,78;BR-116/SP;Norte;Colisão Traseira;1;2;;;;;1
20/09/2021;06:49:00;61;3 - Acidente com Danos Materiais;364,5;BR-116/SP;Norte;Tombamento;1;1;;;;;1
20/09/2021;11:03:00;155;3 - Acidente com Danos Materiais;503,023;BR-116/SP;Sul;Colisão Traseira;1;5;;;;;1
20/09/2021;18:23:00;264;3 - Acidente com Danos Materiais;284,2;BR-116/SP;Sul;Colisão Lateral;1;2;;;;;1
20/09/2021;22:26:00;300;3 - Acidente com Danos Materiais;448,1;BR-116/SP;Sul;Colisão Lateral;1;2;;;;;1
21/09/2021;05:19:00;57;3 - Acidente com Danos Materiais;465,5;BR-116/SP;Sul;Colisão Lateral;2;2;;;;;1
21/09/2021;08:11:00;128;3 - Acidente com Danos Materiais;303,03;BR-116/SP;Sul;Colisão Lateral;1;2;;;;;1
21/09/2021;09:53:00;166;2 - Acidente com VITIMA;460,864;BR-116/SP;Sul;Colisão Lateral;1;1;1;;;;1
21/09/2021;14:57:00;245;3 - Acidente com Danos Materiais;362,2;BR-116/SP;Sul;Tombamento;1;1;;;;;1
21/09/2021;15:13:00;255;3 - Acidente com Danos Materiais;319,2;BR-116/SP;Sul;Colisão Lateral;1;2;;;;;1
21/09/2021;17:45:00;276;3 - Acidente com Danos Materiais;512,1;BR-116/SP;Sul;Colisão Lateral;1;3;;;;;1
21/09/2021;20:19:00;307;3 - Acidente com Danos Materiais;39,8;BR-116/PR;Norte;Choque - Talude;1;1;;;;;1
21/09/2021;20:55:00;314;3 - Acidente com Danos Materiais;511,1;BR-116/SP;Sul;Tombamento;1;2;;;;;1
22/09/2021;00:52:00;18;3 - Acidente com Danos Materiais;440,9;BR-116/SP;Norte;Colisão Traseira;2;2;;;;;1
22/09/2021;02:03:00;36;3 - Acidente com Danos Materiais;518,1;BR-116/SP;Sul;Incêndio;1;1;;;;;1
22/09/2021;04:37:00;52;3 - Acidente com Danos Materiais;307,9;BR-116/SP;Sul;Choque - Talude;1;1;;;;;1
22/09/2021;04:42:00;53;2 - Acidente com VITIMA;422,2;BR-116/SP;Sul;Colisão Lateral;2;1;1;;;;1
22/09/2021;11:30:00;189;2 - Acidente com VITIMA;47,1;BR-116/PR;Norte;Tombamento;1;0;1;;;;1
22/09/2021;12:40:00;210;3 - Acidente com Danos Materiais;286,544;BR-116/SP;Norte;Choque - Outros;1;1;;;;;1
22/09/2021;19:03:00;305;2 - Acidente com VITIMA;470,5;BR-116/SP;Sul;Engavetamento;2;3;5;2;;;2
22/09/2021;19:19:00;308;3 - Acidente com Danos Materiais;362,5;BR-116/SP;Sul;Tombamento;1;1;;;;;1
22/09/2021;19:36:00;312;3 - Acidente com Danos Materiais;32,3;BR-116/PR;Sul;Colisão Lateral;1;2;;;;;1
22/09/2021;21:53:00;339;3 - Acidente com Danos Materiais;342,3;BR-116/SP;Sul;Colisão Traseira;2;2;;;;;1
23/09/2021;03:24:00;36;3 - Acidente com Danos Materiais;559,12;BR-116/SP;Norte;Colisão Traseira;2;2;;;;;1
23/09/2021;08:05:00;108;3 - Acidente com Danos Materiais;509,1;BR-116/SP;Norte;Capotamento;1;3;;;;;1
23/09/2021;22:00:00;309;2 - Acidente com VITIMA;359,2;BR-116/SP;Norte;Tombamento;1;0;;1;;;2
24/09/2021;02:40:00;28;3 - Acidente com Danos Materiais;470,9;BR-116/SP;Norte;Tombamento;1;1;;;;;1
24/09/2021;13:36:00;207;3 - Acidente com Danos Materiais;318,3;BR-116/SP;Norte;Choque - Defensa, barreira ou "submarino";1;2;;;;;1
24/09/2021;21:27:00;313;3 - Acidente com Danos Materiais;546,6;BR-116/SP;Sul;Choque - Defensa, barreira ou "submarino";1;1;;;;;1
25/09/2021;01:58:00;19;2 - Acidente com VITIMA;11,01;BR-116/PR;Sul;Choque - Suporte de Sinalização;1;0;1;;;;1
25/09/2021;03:07:00;27;3 - Acidente com Danos Materiais;517,2;BR-116/SP;Sul;Colisão Traseira;1;2;;;;;1
25/09/2021;09:00:00;117;3 - Acidente com Danos Materiais;380,996;BR-116/SP;Sul;Choque - Defensa, barreira ou "submarino";1;1;;;;;1
25/09/2021;19:08:00;258;3 - Acidente com Danos Materiais;51,265;BR-116/PR;Sul;Colisão Lateral;1;4;;;;;1
26/09/2021;13:26:00;151;3 - Acidente com Danos Materiais;60,2;BR-116/PR;Sul;Tombamento;1;1;;;;;1
26/09/2021;19:55:00;256;3 - Acidente com Danos Materiais;395,1;BR-116/SP;Norte;Colisão Lateral;1;3;;;;;1
27/09/2021;06:18:00;55;2 - Acidente com VITIMA;347,5;BR-116/SP;Norte;Tombamento;1;0;;1;;;2
27/09/2021;12:00:00;164;2 - Acidente com VITIMA;281,3;BR-116/SP;Norte;Colisão Traseira;1;4;;1;;;2
27/09/2021;23:43:00;321;2 - Acidente com VITIMA;2,3;BR-116/PR;Sul;Choque - Defensa, barreira ou "submarino";1;0;1;;;;1
28/09/2021;01:38:00;22;2 - Acidente com VITIMA;61,9;BR-116/PR;Sul;Choque - Suporte de Sinalização;1;1;1;;;;1
28/09/2021;15:13:00;248;3 - Acidente com Danos Materiais;47,5;BR-116/PR;Norte;Colisão Lateral;1;3;;;;;1
28/09/2021;18:05:00;314;2 - Acidente com VITIMA;4,2;BR-116/CW;Sul;Colisão Traseira;1;1;1;;;;1
28/09/2021;23:57:00;381;2 - Acidente com VITIMA;405,2;BR-116/SP;Norte;Colisão Traseira;2;1;1;;;;1
29/09/2021;02:00:00;27;3 - Acidente com Danos Materiais;561,65;BR-116/SP;Sul;Choque - Talude;1;1;;;;;1
29/09/2021;21:08:00;319;3 - Acidente com Danos Materiais;278,1;BR-116/SP;Sul;Colisão Lateral;1;3;;;;;1
30/09/2021;00:28:00;9;3 - Acidente com Danos Materiais;516;BR-116/SP;Norte;Choque - Talude;1;2;;;;;1
30/09/2021;02:56:00;25;1 - Acidente com Vitima Fatal;507,6;BR-116/SP;Norte;Tombamento;1;0;;;;1;3
30/09/2021;06:27:00;59;2 - Acidente com VITIMA;548,2;BR-116/SP;Sul;Choque - Defensa, barreira ou "submarino";1;0;1;;;;1
30/09/2021;07:01:00;66;3 - Acidente com Danos Materiais;282,3;BR-116/SP;Norte;Colisão Lateral;1;2;;;;;1
30/09/2021;07:18:00;78;3 - Acidente com Danos Materiais;548,2;BR-116/SP;Sul;Choque - Defensa, barreira ou "submarino";1;0;;1;;;2
30/09/2021;14:02:00;193;2 - Acidente com VITIMA;316,5;BR-116/SP;Sul;Tombamento;1;0;1;;;;1
01/10/2021;06:49:00;89;3 - Acidente com Danos Materiais;59,2;BR-116/PR;Sul;Saida de Pista;1;2;;;;;1
01/10/2021;09:03:00;147;3 - Acidente com Danos Materiais;282,1;BR-116/SP;Norte;Colisão Traseira;1;5;;;;;1
01/10/2021;09:15:00;149;2 - Acidente com VITIMA;504,5;BR-116/SP;Sul;Tombamento;1;1;1;;;;1
01/10/2021;09:21:00;150;3 - Acidente com Danos Materiais;359,6;BR-116/SP;Sul;Colisão Traseira;2;2;;;;;1
01/10/2021;09:41:00;156;3 - Acidente com Danos Materiais;504,6;BR-116/SP;Sul;Choque - Talude;1;1;;;;;1
01/10/2021;11:41:00;201;3 - Acidente com Danos Materiais;415,1;BR-116/SP;Norte;Choque - Suporte de Sinalização;1;1;;;;;1
01/10/2021;12:19:00;221;3 - Acidente com Danos Materiais;45,7;BR-116/PR;Norte;Capotamento;1;2;;;;;1
01/10/2021;15:07:00;276;3 - Acidente com Danos Materiais;348,4;BR-116/SP;Sul;Choque - Talude;1;2;;;;;1
01/10/2021;15:10:00;279;3 - Acidente com Danos Materiais;18,6;BR-116/PR;Norte;Choque - Talude;1;1;;;;;1
01/10/2021;15:21:00;281;3 - Acidente com Danos Materiais;565,05;BR-116/SP;Sul;Colisão Traseira;1;2;;;;;1
01/10/2021;17:10:00;310;3 - Acidente com Danos Materiais;485,5;BR-116/SP;Norte;Colisão Traseira;1;2;;;;;1
01/10/2021;22:43:00;375;3 - Acidente com Danos Materiais;342,1;BR-116/SP;Sul;Colisão Traseira;2;2;;;;;1
02/10/2021;07:36:00;77;3 - Acidente com Danos Materiais;286,6;BR-116/SP;Sul;Colisão Traseira;1;2;;;;;1
02/10/2021;13:12:00;164;3 - Acidente com Danos Materiais;492,767;BR-116/SP;Norte;Saida de Pista;1;1;;;;;1
02/10/2021;14:00:00;173;3 - Acidente com Danos Materiais;68,5;BR-116/PR;Norte;Colisão Lateral;2;2;;;;;1
02/10/2021;17:05:00;223;1 - Acidente com Vitima Fatal;0,111;BR-116/PR;Sul;Engavetamento;3;3;2;;1;1;3
02/10/2021;17:27:00;230;3 - Acidente com Danos Materiais;567,1;BR-116/SP;Sul;Colisão Traseira;3;3;;;;;1
03/10/2021;06:24:00;60;3 - Acidente com Danos Materiais;565,2;BR-116/SP;Sul;Colisão Lateral;1;2;;;;;1
03/10/2021;09:24:00;103;3 - Acidente com Danos Materiais;504,7;BR-116/SP;Sul;Choque - Talude;1;1;;;;;1
03/10/2021;09:38:00;108;2 - Acidente com VITIMA;550,2;BR-116/SP;Norte;Choque - Talude;1;0;1;;;;1
03/10/2021;09:40:00;111;3 - Acidente com Danos Materiais;33,825;BR-116/PR;Norte;Saida de Pista;1;2;;;;;1
03/10/2021;09:42:00;113;3 - Acidente com Danos Materiais;18,5;BR-116/PR;Norte;Choque - Elemento de Drenagem;1;1;;;;;1
03/10/2021;16:13:00;215;3 - Acidente com Danos Materiais;362,5;BR-116/SP;Sul;Choque - Defensa, barreira ou "submarino";1;1;;;;;1
03/10/2021;16:56:00;222;2 - Acidente com VITIMA;471,269;BR-116/SP;Norte;Colisão Traseira;1;3;3;;;;1
03/10/2021;17:13:00;227;3 - Acidente com Danos Materiais;515,6;BR-116/SP;Norte;Tombamento;1;1;;;;;1
03/10/2021;19:40:00;270;3 - Acidente com Danos Materiais;19,817;BR-116/PR;Sul;Tombamento;1;1;;;;;1
03/10/2021;22:37:00;307;2 - Acidente com VITIMA;316,02;BR-116/SP;Sul;Saida de Pista;1;0;1;;;;1
04/10/2021;00:03:00;3;3 - Acidente com Danos Materiais;33,9;BR-116/PR;Norte;Tombamento;1;3;;;;;1
04/10/2021;03:44:00;37;3 - Acidente com Danos Materiais;356,87;BR-116/SP;Norte;Choque - Defensa, barreira ou "submarino";1;1;;;;;1
04/10/2021;07:28:00;67;3 - Acidente com Danos Materiais;298,961;BR-116/SP;Norte;Colisão Traseira;1;2;;;;;1
04/10/2021;08:48:00;93;3 - Acidente com Danos Materiais;493,001;BR-116/SP;Sul;Saida de Pista;1;1;;;;;1
04/10/2021;09:48:00;118;2 - Acidente com VITIMA;38,1;BR-116/PR;Norte;Choque - Talude;1;2;2;;;;1
04/10/2021;11:24:00;156;3 - Acidente com Danos Materiais;511,2;BR-116/SP;Sul;Saida de Pista;1;1;;;;;1
04/10/2021;15:34:00;216;2 - Acidente com VITIMA;422,8;BR-116/SP;Sul;Saida de Pista;1;1;2;;;;1
04/10/2021;17:19:00;240;2 - Acidente com VITIMA;394,1;BR-116/SP;Sul;Colisão Traseira;2;1;;;1;;2
04/10/2021;17:20:00;242;3 - Acidente com Danos Materiais;513,6;BR-116/SP;Sul;Colisão Traseira;2;2;;;;;1
04/10/2021;17:51:00;249;3 - Acidente com Danos Materiais;1,1;BR-116/PR;Sul;Saida de Pista;1;1;;;;;1
04/10/2021;18:59:00;260;3 - Acidente com Danos Materiais;279,3;BR-116/SP;Sul;Colisão Lateral;1;4;;;;;1