data;horario;n_da_ocorrencia;tipo_de_ocorrencia;km;trecho;sentido;tipo_de_acidente;caminhao;ilesos;levemente_feridos;moderadamente_feridos;gravemente_feridos;mortos;3
05/10/2021;06:25:00;62;2 - Acidente com VITIMA;511,1;BR-116/SP;Sul;Tombamento;2;4;1;;;;1
05/10/2021;13:14:00;204;3 - Acidente com Danos Materiais;384,9;BR-116/SP;Sul;Saida de Pista;1;1;;;;;1
05/10/2021;14:43:00;226;3 - Acidente com Danos Materiais;56;BR-116/PR;Norte;Colisão Traseira;2;2;;;;;1
05/10/2021;21:17:00;304;3 - Acidente com Danos Materiais;1,05;BR-116/PR;Sul;Colisão Traseira;1;2;;;;;1
05/10/2021;23:57:00;323;3 - Acidente com Danos Materiais;456,9;BR-116/SP;Sul;Saida de Pista;1;1;;;;;1
06/10/2021;17:02:00;259;3 - Acidente com Danos Materiais;7,2;BR-116/PR;Sul;Colisão Traseira;1;2;;;;;1
07/10/2021;00:36:00;7;3 - Acidente com Danos Materiais;487,2;BR-116/SP;Norte;Colisão Traseira;2;2;;;;;1
07/10/2021;11:01:00;182;2 - Acidente com VITIMA;509,2;BR-116/SP;Sul;Tombamento;1;0;1;;;;1
07/10/2021;15:47:00;264;2 - Acidente com VITIMA;281,5;BR-116/SP;Sul;Colisão Lateral;1;9;1;1;;;2
07/10/2021;18:45:00;315;2 - Acidente com VITIMA;47,7;BR-116/PR;Sul;Colisão Traseira;2;1;;1;;;2
07/10/2021;20:28:00;332;3 - Acidente com Danos Materiais;493,5;BR-116/SP;Sul;Engavetamento;1;5;;;;;1
07/10/2021;20:43:00;337;2 - Acidente com VITIMA;430,2;BR-116/SP;Sul;Tombamento;1;0;1;;;;1
08/10/2021;00:49:00;15;3 - Acidente com Danos Materiais;545,9;BR-116/SP;Sul;Choque - Defensa, barreira ou "submarino";1;1;;;;;1
08/10/2021;02:51:00;34;2 - Acidente com VITIMA;444,5;BR-116/SP;Sul;Choque - Veiculo parado na pista;1;1;;1;1;;2
08/10/2021;03:10:00;35;2 - Acidente com VITIMA;362,2;BR-116/SP;Sul;Choque - Defensa, barreira ou "submarino";1;0;1;;;;1
08/10/2021;07:15:00;91;3 - Acidente com Danos Materiais;319,6;BR-116/SP;Norte;Colisão Traseira;2;3;;;;;1
08/10/2021;11:14:00;176;3 - Acidente com Danos Materiais;439,75;BR-116/SP;Sul;Colisão Traseira;1;4;;;;;1
08/10/2021;20:00:00;299;3 - Acidente com Danos Materiais;280,1;BR-116/SP;Sul;Colisão Lateral;1;3;;;;;1
08/10/2021;22:25:00;323;2 - Acidente com VITIMA;269,1;BR-116/SP;Sul;Atropelamento - Ciclista;1;1;;;1;;2
08/10/2021;22:26:00;324;3 - Acidente com Danos Materiais;546,05;BR-116/SP;Sul;Choque - Defensa, barreira ou "submarino";2;3;;;;;1
08/10/2021;23:38:00;339;3 - Acidente com Danos Materiais;567,9;BR-116/SP;Norte;Choque - Defensa, barreira ou "submarino";1;2;;;;;1
09/10/2021;06:31:00;71;2 - Acidente com VITIMA;0,5;BR-116/CW;Sul;Colisão Traseira;1;1;1;;;;1
09/10/2021;07:42:00;96;3 - Acidente com Danos Materiais;1,05;BR-116/PR;Sul;Saida de Pista;1;1;;;;;1
09/10/2021;08:56:00;122;3 - Acidente com Danos Materiais;544,8;BR-116/SP;Sul;Engavetamento;1;3;;;;;1
09/10/2021;09:34:00;138;3 - Acidente com Danos Materiais;561,3;BR-116/SP;Sul;Engavetamento;3;3;;;;;1
09/10/2021;12:41:00;206;3 - Acidente com Danos Materiais;14,3;BR-116/PR;Sul;Choque - Defensa, barreira ou "submarino";1;1;;;;;1
09/10/2021;13:01:00;211;3 - Acidente com Danos Materiais;7,1;BR-116/PR;Norte;Choque - Elemento de Drenagem;1;1;;;;;1
10/10/2021;06:29:00;45;3 - Acidente com Danos Materiais;465,5;BR-116/SP;Norte;Tombamento;1;1;;;;;1
10/10/2021;08:59:00;82;3 - Acidente com Danos Materiais;7,6;BR-116/PR;Norte;Colisão Traseira;1;1;;1;;;2
10/10/2021;09:57:00;99;1 - Acidente com Vitima Fatal;490,644;BR-116/SP;Norte;Colisão Traseira;1;0;2;;;1;3
10/10/2021;11:20:00;118;3 - Acidente com Danos Materiais;362,8;BR-116/SP;Sul;Choque - Talude;1;2;;;;;1
10/10/2021;15:58:00;189;3 - Acidente com Danos Materiais;339,3;BR-116/SP;Norte;Colisão Lateral;1;5;;2;;;2
10/10/2021;16:33:00;199;2 - Acidente com VITIMA;513,4;BR-116/SP;Norte;Choque - Elemento de Drenagem;1;0;;1;;;2
10/10/2021;17:17:00;211;3 - Acidente com Danos Materiais;513,1;BR-116/SP;Norte;Colisão Traseira;2;2;;;;;1
10/10/2021;17:27:00;215;3 - Acidente com Danos Materiais;565,1;BR-116/SP;Sul;Colisão Transversal;1;2;;;;;1
11/10/2021;00:11:00;2;3 - Acidente com Danos Materiais;276,2;BR-116/SP;Norte;Colisão Lateral;1;3;;;;;1
11/10/2021;02:29:00;23;2 - Acidente com VITIMA;567,55;BR-116/SP;Norte;Choque - Defensa, barreira ou "submarino";1;0;1;;;;1
11/10/2021;10:45:00;128;3 - Acidente com Danos Materiais;564,01;BR-116/SP;Norte;Colisão Traseira;1;2;;;;;1
11/10/2021;15:36:00;198;3 - Acidente com Danos Materiais;379,3;BR-116/SP;Norte;Colisão Lateral;1;4;;;;;1
11/10/2021;23:49:00;281;3 - Acidente com Danos Materiais;545,9;BR-116/SP;Sul;Colisão Lateral;2;2;;;;;1
11/10/2021;23:55:00;284;2 - Acidente com VITIMA;504,7;BR-116/SP;Norte;Choque - Defensa, barreira ou "submarino";1;0;1;;;;1
12/10/2021;06:21:00;51;1 - Acidente com Vitima Fatal;477,4;BR-116/SP;Sul;Colisão Frontal;2;0;1;;;1;3
12/10/2021;20:24:00;253;2 - Acidente com VITIMA;359,25;BR-116/SP;Norte;Tombamento;1;5;1;;;;1
12/10/2021;22:07:00;262;3 - Acidente com Danos Materiais;511,5;BR-116/SP;Norte;Tombamento;1;1;;;;;1
13/10/2021;01:08:00;28;3 - Acidente com Danos Materiais;513,3;BR-116/SP;Norte;Tombamento;1;1;;;;;1
13/10/2021;10:58:00;182;2 - Acidente com VITIMA;30,9;BR-116/PR;Sul;Colisão Lateral;1;2;1;;;;1
13/10/2021;15:41:00;255;2 - Acidente com VITIMA;520,5;BR-116/SP;Norte;Choque - Elemento de Drenagem;1;0;1;;;;1
14/10/2021;02:16:00;36;3 - Acidente com Danos Materiais;454,8;BR-116/SP;Sul;Tombamento;1;1;;;;;1
14/10/2021;09:38:00;145;3 - Acidente com Danos Materiais;485,85;BR-116/SP;Norte;Colisão Lateral;1;2;;;;;1
14/10/2021;10:24:00;161;3 - Acidente com Danos Materiais;305,4;BR-116/SP;Norte;Choque - Defensa, barreira ou "submarino";1;3;;;;;1
14/10/2021;11:06:00;172;3 - Acidente com Danos Materiais;544,5;BR-116/SP;Norte;Tombamento;1;1;;;;;1
14/10/2021;12:26:00;198;3 - Acidente com Danos Materiais;290,1;BR-116/SP;Norte;Tombamento;1;1;;;;;1
14/10/2021;16:54:00;272;2 - Acidente com VITIMA;272,997;BR-116/SP;Sul;Queda de Moto;1;1;1;;;;1
14/10/2021;17:24:00;285;2 - Acidente com VITIMA;273,5;BR-116/SP;Sul;Colisão Lateral;1;1;1;1;;;2
14/10/2021;19:56:00;323;2 - Acidente com VITIMA;500,4;BR-116/SP;Sul;Atropelamento - Andarilho;1;3;;1;;;2
15/10/2021;00:56:00;17;3 - Acidente com Danos Materiais;462,3;BR-116/SP;Sul;Colisão Lateral;1;2;;;;;1
15/10/2021;02:27:00;36;2 - Acidente com VITIMA;504,6;BR-116/SP;Norte;Tombamento;1;0;1;;;;1
15/10/2021;06:35:00;86;3 - Acidente com Danos Materiais;470,01;BR-116/SP;Norte;Saida de Pista;1;2;;;;;1
15/10/2021;09:43:00;166;3 - Acidente com Danos Materiais;45,701;BR-116/PR;Norte;Saida de Pista;1;1;;;;;1
15/10/2021;12:47:00;226;3 - Acidente com Danos Materiais;298,45;BR-116/SP;Norte;Colisão Traseira;1;2;;;;;1
15/10/2021;16:16:00;287;3 - Acidente com Danos Materiais;504,7;BR-116/SP;Sul;Choque - Elemento de Drenagem;1;1;;;;;1
15/10/2021;16:26:00;288;3 - Acidente com Danos Materiais;297,8;BR-116/SP;Sul;Objeto lançado contra veículo;2;2;;;;;1
15/10/2021;17:44:00;301;3 - Acidente com Danos Materiais;290,1;BR-116/SP;Norte;Colisão Traseira;1;2;;;;;1
15/10/2021;18:03:00;309;3 - Acidente com Danos Materiais;481,2;BR-116/SP;Norte;Tombamento;1;2;;;;;1
15/10/2021;21:47:00;373;3 - Acidente com Danos Materiais;320,1;BR-116/SP;Sul;Colisão Traseira;1;3;;;;;1
15/10/2021;22:35:00;379;2 - Acidente com VITIMA;6,85;BR-116/PR;Norte;Colisão Traseira;2;3;2;;;;1
15/10/2021;23:18:00;385;3 - Acidente com Danos Materiais;288,11;BR-116/SP;Sul;Capotamento;1;4;;;;;1
16/10/2021;04:50:00;35;2 - Acidente com VITIMA;304,1;BR-116/SP;Sul;Colisão Traseira;1;1;1;;;;1
16/10/2021;07:32:00;91;3 - Acidente com Danos Materiais;511,2;BR-116/SP;Sul;Tombamento;1;1;;;;;1
16/10/2021;10:59:00;149;3 - Acidente com Danos Materiais;511,2;BR-116/SP;Sul;Colisão Traseira;1;2;;;;;1
16/10/2021;12:19:00;175;3 - Acidente com Danos Materiais;386,9;BR-116/SP;Sul;Saida de Pista;1;1;;;;;1
16/10/2021;13:28:00;190;2 - Acidente com VITIMA;384,99;BR-116/SP;Norte;Saida de Pista;1;1;1;;;;1
17/10/2021;01:03:00;7;3 - Acidente com Danos Materiais;465,3;BR-116/SP;Norte;Colisão Traseira;2;3;;;;;1
17/10/2021;09:59:00;77;2 - Acidente com VITIMA;544,1;BR-116/SP;Sul;Tombamento;1;0;1;;;;1
17/10/2021;13:20:00;117;3 - Acidente com Danos Materiais;359,25;BR-116/SP;Norte;Tombamento;1;1;;;;;1
17/10/2021;14:35:00;133;3 - Acidente com Danos Materiais;548,7;BR-116/SP;Sul;Choque - Defensa, barreira ou "submarino";1;1;;;;;1
17/10/2021;17:04:00;172;3 - Acidente com Danos Materiais;42,01;BR-116/PR;Norte;Colisão Lateral;1;6;;;;;1
17/10/2021;21:01:00;238;2 - Acidente com VITIMA;469,1;BR-116/SP;Norte;Colisão Traseira;2;0;2;;;;1
18/10/2021;00:33:00;12;3 - Acidente com Danos Materiais;25,5;BR-116/PR;Sul;Colisão Traseira;2;2;;;;;1
18/10/2021;01:10:00;14;3 - Acidente com Danos Materiais;396,7;BR-116/SP;Norte;Tombamento;1;1;;;;;1
18/10/2021;05:14:00;40;3 - Acidente com Danos Materiais;313,5;BR-116/SP;Norte;Choque - Elemento de Drenagem;1;2;;;;;1
18/10/2021;06:41:00;64;3 - Acidente com Danos Materiais;15,01;BR-116/CW;Sul;Choque - Defensa, barreira ou "submarino";1;2;;;;;1
18/10/2021;18:06:00;281;3 - Acidente com Danos Materiais;284,897;BR-116/SP;Norte;Capotamento;1;2;;;;;1
18/10/2021;18:42:00;290;3 - Acidente com Danos Materiais;1,8;BR-116/PR;Norte;Colisão Traseira;1;1;;;;;1
19/10/2021;09:31:00;118;3 - Acidente com Danos Materiais;63,5;BR-116/PR;Sul;Colisão Lateral;2;2;;;;;1
19/10/2021;09:51:00;126;2 - Acidente com VITIMA;565,1;BR-116/SP;Sul;Choque - Defensa, barreira ou "submarino";1;0;;1;;;2
19/10/2021;11:35:00;156;3 - Acidente com Danos Materiais;512,1;BR-116/SP;Norte;Choque - Defensa, barreira ou "submarino";1;1;;;;;1
19/10/2021;12:49:00;175;3 - Acidente com Danos Materiais;357,4;BR-116/SP;Sul;Colisão Traseira;2;2;;;;;1
19/10/2021;13:35:00;183;3 - Acidente com Danos Materiais;490,95;BR-116/SP;Sul;Choque - Elemento de Drenagem;1;1;;;;;1
19/10/2021;17:14:00;239;3 - Acidente com Danos Materiais;46,8;BR-116/PR;Norte;Choque - Talude;1;1;;;;;1
19/10/2021;20:03:00;277;3 - Acidente com Danos Materiais;339,615;BR-116/SP;Norte;Saida de Pista;1;1;;;;;1
20/10/2021;00:45:00;20;2 - Acidente com VITIMA;339,8;BR-116/SP;Norte;Tombamento;1;0;;;1;;2
20/10/2021;04:16:00;53;3 - Acidente com Danos Materiais;501,9;BR-116/SP;Sul;Choque - Defensa, barreira ou "submarino";1;1;;;;;1
20/10/2021;06:33:00;83;2 - Acidente com VITIMA;359,001;BR-116/SP;Sul;Colisão Traseira;2;2;;1;;;2
20/10/2021;09:10:00;149;3 - Acidente com Danos Materiais;456,01;BR-116/SP;Sul;Colisão Lateral;1;3;;;;;1
20/10/2021;10:06:00;161;3 - Acidente com Danos Materiais;337,629;BR-116/SP;Norte;Colisão Traseira;2;3;;;;;1
20/10/2021;10:50:00;175;2 - Acidente com VITIMA;300,1;BR-116/SP;Sul;Tombamento;1;0;1;;;;1
20/10/2021;13:49:00;231;3 - Acidente com Danos Materiais;322,586;BR-116/SP;Sul;Saida de Pista;1;2;;;;;1
20/10/2021;14:56:00;248;3 - Acidente com Danos Materiais;403,01;BR-116/SP;Norte;Colisão Frontal;1;2;;;;;1
20/10/2021;17:15:00;289;3 - Acidente com Danos Materiais;559,2;BR-116/SP;Sul;Saida de Pista;1;1;;;;;1
20/10/2021;18:10:00;309;2 - Acidente com VITIMA;562,2;BR-116/SP;Sul;Tombamento;1;0;2;;;;1
20/10/2021;18:29:00;312;2 - Acidente com VITIMA;440,123;BR-116/SP;Norte;Colisão Traseira;1;1;4;;;;1
20/10/2021;21:37:00;348;3 - Acidente com Danos Materiais;22,5;BR-116/PR;Sul;Colisão Traseira;2;2;;;;;1
20/10/2021;21:57:00;351;3 - Acidente com Danos Materiais;368,5;BR-116/SP;Sul;Saida de Pista;1;2;;;;;1
20/10/2021;23:10:00;361;3 - Acidente com Danos Materiais;286,1;BR-116/SP;Norte;Colisão Traseira;1;3;;;;;1
21/10/2021;01:13:00;13;2 - Acidente com VITIMA;326,2;BR-116/SP;Norte;Colisão Lateral;1;3;1;;;;1
21/10/2021;06:50:00;91;3 - Acidente com Danos Materiais;57,3;BR-116/PR;Sul;Choque - Defensa, barreira ou "submarino";1;1;;;;;1
21/10/2021;06:55:00;94;3 - Acidente com Danos Materiais;32,15;BR-116/PR;Norte;Colisão Traseira;1;3;;;;;1
21/10/2021;12:42:00;229;3 - Acidente com Danos Materiais;450,3;BR-116/SP;Norte;Choque - Outros;1;2;;;;;1
21/10/2021;13:32:00;256;3 - Acidente com Danos Materiais;498,8;BR-116/SP;Sul;Colisão Traseira;1;2;;;;;1
21/10/2021;15:15:00;286;3 - Acidente com Danos Materiais;299,1;BR-116/SP;Norte;Colisão Traseira;3;3;;;;;1
21/10/2021;15:25:00;288;2 - Acidente com VITIMA;279,6;BR-116/SP;Norte;Engavetamento;1;2;1;1;;;2
21/10/2021;18:00:00;321;2 - Acidente com VITIMA;282,3;BR-116/SP;Sul;Colisão Traseira;1;4;1;;;;1
23/10/2021;02:09:00;27;3 - Acidente com Danos Materiais;511,2;BR-116/SP;Sul;Tombamento;2;2;;;;;1
23/10/2021;05:30:00;42;3 - Acidente com Danos Materiais;314,972;BR-116/SP;Norte;Colisão Traseira;2;2;;;;;1
23/10/2021;09:46:00;121;3 - Acidente com Danos Materiais;288,194;BR-116/SP;Sul;Colisão Lateral;1;2;;;;;1
24/10/2021;01:36:00;19;2 - Acidente com VITIMA;311,206;BR-116/SP;Sul;Engavetamento;2;3;3;1;;;2
24/10/2021;02:07:00;24;2 - Acidente com VITIMA;454,9;BR-116/SP;Sul;Saida de Pista;1;1;;;1;;2
24/10/2021;07:13:00;63;3 - Acidente com Danos Materiais;566,6;BR-116/SP;Norte;Colisão Traseira;2;2;;;;;1
24/10/2021;08:25:00;82;2 - Acidente com VITIMA;310,557;BR-116/SP;Norte;Tombamento;1;0;1;;;;1
24/10/2021;08:27:00;85;3 - Acidente com Danos Materiais;274,702;BR-116/SP;Sul;Choque - Outros;1;2;;;;;1
24/10/2021;19:07:00;226;3 - Acidente com Danos Materiais;285,5;BR-116/SP;Norte;Colisão Traseira;1;2;;;;;1
24/10/2021;21:14:00;241;3 - Acidente com Danos Materiais;506,599;BR-116/SP;Norte;Colisão Traseira;2;2;;;;;1
24/10/2021;21:38:00;244;3 - Acidente com Danos Materiais;299,8;BR-116/SP;Norte;Tombamento;1;1;;;;;1
24/10/2021;21:50:00;248;3 - Acidente com Danos Materiais;507,5;BR-116/SP;Norte;Colisão Lateral;1;18;;;;;1
25/10/2021;03:45:00;32;2 - Acidente com VITIMA;290,07;BR-116/SP;Sul;Tombamento;1;0;1;;;;1
25/10/2021;14:32:00;203;3 - Acidente com Danos Materiais;35,95;BR-116/PR;Sul;Colisão Lateral;2;2;;;;;1
25/10/2021;17:10:00;233;3 - Acidente com Danos Materiais;448,98;BR-116/SP;Sul;Colisão Traseira;2;3;;;;;1
25/10/2021;17:26:00;238;3 - Acidente com Danos Materiais;485,3;BR-116/SP;Sul;Colisão Traseira;1;2;;;;;1
26/10/2021;02:17:00;27;2 - Acidente com VITIMA;26,4;BR-116/PR;Norte;Tombamento;1;0;1;;;;1
26/10/2021;06:26:00;75;3 - Acidente com Danos Materiais;15,4;BR-116/PR;Sul;Saida de Pista;1;1;;;;;1
26/10/2021;15:06:00;247;2 - Acidente com VITIMA;442,95;BR-116/SP;Sul;Colisão Lateral;1;3;1;;;;1
27/10/2021;00:57:00;19;3 - Acidente com Danos Materiais;448,4;BR-116/SP;Norte;Tombamento;1;3;;;;;1
27/10/2021;11:11:00;196;3 - Acidente com Danos Materiais;3,3;BR-116/PR;Sul;Colisão Lateral;2;3;;;;;1
27/10/2021;16:27:00;274;2 - Acidente com VITIMA;314,152;BR-116/SP;Norte;Colisão Traseira;2;2;1;;;;1
27/10/2021;17:02:00;278;2 - Acidente com VITIMA;513,1;BR-116/SP;Norte;Choque - Defensa, barreira ou "submarino";1;0;1;;;;1
27/10/2021;18:00:00;293;2 - Acidente com VITIMA;511,01;BR-116/SP;Norte;Tombamento;1;0;1;;;;1
27/10/2021;19:38:00;313;3 - Acidente com Danos Materiais;292,1;BR-116/SP;Norte;Colisão Traseira;1;2;;;;;1
27/10/2021;20:03:00;315;3 - Acidente com Danos Materiais;419,4;BR-116/SP;Sul;Choque - Defensa, barreira ou "submarino";1;1;;;;;1
28/10/2021;03:49:00;40;3 - Acidente com Danos Materiais;28,8;BR-116/PR;Norte;Choque - Poste;1;1;;;;;1
28/10/2021;06:01:00;68;2 - Acidente com VITIMA;316,94;BR-116/SP;Norte;Choque - Outros;1;1;1;;;;1
28/10/2021;06:04:00;70;3 - Acidente com Danos Materiais;352,8;BR-116/SP;Sul;Choque - Defensa, barreira ou "submarino";1;1;;;;;1
28/10/2021;07:50:00;109;2 - Acidente com VITIMA;383,2;BR-116/SP;Norte;Colisão Traseira;1;1;1;;;;1
28/10/2021;09:10:00;150;2 - Acidente com VITIMA;347,1;BR-116/SP;Sul;Engavetamento;3;5;1;;1;;2
28/10/2021;12:08:00;206;2 - Acidente com VITIMA;551,5;BR-116/SP;Sul;Colisão Lateral;2;2;1;;;;1
28/10/2021;13:28:00;224;2 - Acidente com VITIMA;295,7;BR-116/SP;Sul;Engavetamento;3;3;;;1;;2
28/10/2021;17:37:00;298;3 - Acidente com Danos Materiais;292,015;BR-116/SP;Norte;Colisão Lateral;1;3;;;;;1
29/10/2021;00:34:00;11;3 - Acidente com Danos Materiais;339,5;BR-116/SP;Sul;Choque - Defensa, barreira ou "submarino";1;2;;;;;1
29/10/2021;02:32:00;25;3 - Acidente com Danos Materiais;503,3;BR-116/SP;Sul;Tombamento;1;1;;;;;1
29/10/2021;06:24:00;63;3 - Acidente com Danos Materiais;280,957;BR-116/SP;Sul;Colisão Transversal;1;2;;;;;1
29/10/2021;20:51:00;332;2 - Acidente com VITIMA;427,5;BR-116/SP;Norte;Colisão Traseira;1;3;1;;;;1
30/10/2021;07:18:00;75;3 - Acidente com Danos Materiais;426,8;BR-116/SP;Sul;Colisão Lateral;1;3;;;;;1
30/10/2021;08:54:00;119;3 - Acidente com Danos Materiais;316,387;BR-116/SP;Sul;Colisão Lateral;2;2;;;;;1
30/10/2021;16:11:00;236;3 - Acidente com Danos Materiais;542,8;BR-116/SP;Norte;Choque - Defensa, barreira ou "submarino";1;1;;;;;1
30/10/2021;17:14:00;251;3 - Acidente com Danos Materiais;299,3;BR-116/SP;Norte;Colisão Lateral;1;4;;;;;1
30/10/2021;18:48:00;271;3 - Acidente com Danos Materiais;282,01;BR-116/SP;Norte;Choque - Veiculo parado no acostamento;1;6;;;;;1
31/10/2021;00:39:00;6;2 - Acidente com VITIMA;568,5;BR-116/SP;Sul;Saida de Pista;1;0;1;;;;1
31/10/2021;05:52:00;53;2 - Acidente com VITIMA;319,813;BR-116/SP;Norte;Capotamento;1;1;;1;;;2
31/10/2021;08:57:00;104;3 - Acidente com Danos Materiais;533,15;BR-116/SP;Sul;Saida de Pista;1;1;;;;;1
31/10/2021;13:44:00;173;3 - Acidente com Danos Materiais;550,7;BR-116/SP;Norte;Choque - Talude;1;1;;;;;1
31/10/2021;15:45:00;192;3 - Acidente com Danos Materiais;298,6;BR-116/SP;Sul;Colisão Traseira;2;3;;;;;1
31/10/2021;21:08:00;268;3 - Acidente com Danos Materiais;281,4;BR-116/SP;Norte;Colisão Lateral;1;3;;;;;1
03/11/2021;15:33:22;218;Sem vítima;71,100;BR-116/SP;Crescente;Choque;1;0;0;0;0;0;1
04/11/2021;05:18:53;54;Sem vítima;51,950;BR-116/SP;Decrescente;Colisão lateral no mesmo sentido;1;1;0;0;0;0;1
04/11/2021;08:48:06;157;Sem vítima;542,900;BR-116/SP;Decrescente;Colisão traseira;1;1;0;0;0;0;1
04/11/2021;19:12:57;300;Com vítima;507,500;BR-116/SP;Crescente;Tombamento;1;0;0;0;0;1;3
05/11/2021;10:18:14;159;Sem vítima;1,300;CW-116/SP;Decrescente;Colisão lateral no mesmo sentido;1;2;0;0;0;0;1
06/11/2021;07:57:05;90;Sem vítima;25,800;BR-116/SP;Crescente;Colisão lateral no mesmo sentido;1;5;0;0;0;0;1
06/11/2021;09:16:38;112;Sem vítima;18,227;BR-116/SP;Crescente;Colisão frontal;1;4;0;0;0;0;1
06/11/2021;16:33:06;240;Sem vítima;494,950;BR-116/SP;Crescente;Saída de pista;1;1;0;0;0;0;1
06/11/2021;20:14:10;282;Sem vítima;450,100;BR-116/SP;Decrescente;Colisão lateral no mesmo sentido;1;3;0;0;0;0;1
07/11/2021;20:59:20;258;Sem vítima;45,100;BR-116/SP;Crescente;Colisão traseira;1;2;0;0;0;0;1
08/11/2021;16:50:56;256;Sem vítima;1,500;CW-116/SP;Decrescente;Choque;1;1;0;0;0;0;1
09/11/2021;02:12:20;23;Sem vítima;528,100;BR-116/SP;Crescente;Colisão traseira;1;0;0;0;0;0;1
10/11/2021;01:19:00;14;Sem vítima;464,700;BR-116/SP;Crescente;Colisão traseira;1;1;0;0;0;0;1
10/11/2021;10:34:37;179;Sem vítima;18,771;BR-116/SP;Crescente;Tombamento;1;0;0;0;0;0;1
10/11/2021;23:14:42;326;Sem vítima;521,100;BR-116/SP;Crescente;Tombamento;1;2;0;0;0;0;1
11/11/2021;09:10:45;149;Sem vítima;561,100;BR-116/SP;Decrescente;Colisão traseira;1;0;0;0;0;0;1
11/11/2021;16:08:26;260;Sem vítima;513,500;BR-116/SP;Crescente;Colisão traseira;1;1;0;0;0;0;1
13/11/2021;20:27:13;288;Sem vítima;298,900;BR-116/SP;Crescente;Colisão lateral no mesmo sentido;1;0;0;0;0;0;1
15/11/2021;09:53:34;66;Sem vítima;514,700;BR-116/SP;Crescente;Choque;1;1;0;0;0;0;1
16/11/2021;10:17:39;145;Sem vítima;284,300;BR-116/SP;Crescente;Choque;1;0;0;0;0;0;1
18/11/2021;04:03:47;41;Sem vítima;343,950;BR-116/SP;Decrescente;Saída de pista;1;1;0;0;0;0;1
19/11/2021;00:47:47;12;Sem vítima;269,900;BR-116/SP;Decrescente;Colisão traseira;1;1;0;0;0;0;1
19/11/2021;03:03:57;28;Sem vítima;403,100;BR-116/SP;Decrescente;Tombamento;1;1;0;0;0;0;1
19/11/2021;23:35:48;365;Sem vítima;21,500;BR-116/SP;Decrescente;Saída de pista;1;1;0;0;0;0;1
20/11/2021;08:37:12;132;Sem vítima;357,500;BR-116/SP;Crescente;Choque;1;1;0;0;0;0;1
20/11/2021;20:05:19;315;Sem vítima;344,100;BR-116/SP;Crescente;Colisão lateral no mesmo sentido;1;1;0;0;0;0;1
21/11/2021;02:22:37;19;Sem vítima;464,850;BR-116/SP;Crescente;Saída de pista;1;1;0;0;0;0;1
21/11/2021;11:16:29;131;Sem vítima;540,110;BR-116/SP;Crescente;Tombamento;1;0;0;0;0;0;1
21/11/2021;22:30:55;302;Sem vítima;299,200;BR-116/SP;Crescente;Colisão traseira;1;2;0;0;0;0;1
22/11/2021;04:55:02;28;Sem vítima;4,900;BR-116/SP;Crescente;Colisão traseira;1;1;0;0;0;0;1
23/11/2021;21:07:32;377;Sem vítima;30,200;BR-116/SP;Decrescente;Choque;1;1;0;0;0;0;1
23/11/2021;22:01:55;382;Sem vítima;360,731;BR-116/SP;Decrescente;Choque;1;1;0;0;0;0;1
24/11/2021;02:13:35;30;Sem vítima;70,850;BR-116/SP;Crescente;Colisão traseira;1;1;0;0;0;0;1
24/11/2021;23:44:59;340;Sem vítima;415,223;BR-116/SP;Crescente;Tombamento;1;0;0;0;0;0;1
25/11/2021;17:26:26;303;Sem vítima;426,800;BR-116/SP;Decrescente;Engavetamento;1;2;0;0;0;0;1
27/11/2021;04:29:27;49;Sem vítima;368,500;BR-116/SP;Decrescente;Saída de pista;1;0;0;0;0;0;1
27/11/2021;06:41:02;79;Sem vítima;441,900;BR-116/SP;Crescente;Colisão lateral no mesmo sentido;1;1;0;0;0;0;1
27/11/2021;11:11:03;162;Sem vítima;400,770;BR-116/SP;Crescente;Colisão lateral no mesmo sentido;1;1;0;0;0;0;1
28/11/2021;16:28:55;194;Sem vítima;542,800;BR-116/SP;Crescente;Colisão traseira;1;2;0;0;0;0;1