data;horario;n_da_ocorrencia;tipo_de_ocorrencia;km;trecho;sentido;tipo_de_acidente;caminhao;ilesos;levemente_feridos;moderadamente_feridos;gravemente_feridos;mortos;3
28/11/2021;21:24:59;270;Sem vítima;514,800;BR-116/SP;Crescente;Saída de pista;1;1;0;0;0;0;1
30/11/2021;04:19:24;39;Sem vítima;545,100;BR-116/SP;Decrescente;Choque;2;2;0;0;0;0;1
30/11/2021;13:25:06;223;Sem vítima;438,704;BR-116/SP;Decrescente;Choque;1;1;0;0;0;0;1
01/12/2021;23:22:04;356;Sem vítima;567,792;BR-116/SP;Crescente;Tombamento;1;1;0;0;0;0;1
02/12/2021;11:52:04;221;Sem vítima;413,100;BR-116/SP;Crescente;Colisão traseira;1;0;0;0;0;0;1
02/12/2021;12:25:28;232;Sem vítima;319,500;BR-116/SP;Decrescente;Choque;1;1;0;0;0;0;1
04/12/2021;09:36:57;143;Sem vítima;454,200;BR-116/SP;Decrescente;Colisão traseira;1;0;0;0;0;0;1
06/12/2021;15:34:59;253;Sem vítima;18,950;BR-116/SP;Crescente;Choque;1;1;0;0;0;0;1
07/12/2021;13:45:34;200;Sem vítima;284,621;BR-116/SP;Crescente;Saída de pista;1;1;0;0;0;0;1
07/12/2021;16:08:10;244;Sem vítima;2,100;BR-116/SP;Crescente;Saída de pista;1;1;0;0;0;0;1
08/12/2021;01:01:01;11;Sem vítima;362,300;BR-116/SP;Decrescente;Choque;1;1;0;0;0;0;1
08/12/2021;12:46:32;186;Sem vítima;269,740;BR-116/SP;Crescente;Colisão traseira;1;1;0;0;0;0;1
08/12/2021;14:08:35;202;Sem vítima;445,660;BR-116/SP;Crescente;Colisão lateral no mesmo sentido;1;1;0;0;0;0;1
08/12/2021;14:50:11;214;Sem vítima;485,700;BR-116/SP;Decrescente;Colisão lateral no mesmo sentido;1;2;0;0;0;0;1
09/12/2021;05:30:24;55;Sem vítima;567,300;BR-116/SP;Crescente;Tombamento;1;1;0;0;0;0;1
09/12/2021;08:34:53;149;Sem vítima;352,673;BR-116/SP;Decrescente;Choque;1;2;0;0;0;0;1
09/12/2021;18:11:28;321;Sem vítima;37,100;BR-116/SP;Crescente;Colisão lateral no mesmo sentido;1;2;0;0;0;0;1
10/12/2021;06:08:08;105;Sem vítima;287,410;BR-116/SP;Crescente;Colisão traseira;1;0;0;0;0;0;1
11/12/2021;00:58:10;8;Com vítima;484,700;BR-116/SP;Crescente;Colisão traseira;1;1;0;0;0;0;1
13/12/2021;03:12:40;24;Sem vítima;545,100;BR-116/SP;Crescente;Tombamento;1;1;0;0;0;0;1
13/12/2021;22:48:49;314;Sem vítima;516,500;BR-116/SP;Crescente;Colisão traseira;1;1;0;0;0;0;1
15/12/2021;01:43:06;24;Sem vítima;424,600;BR-116/SP;Crescente;Tombamento;1;1;0;0;0;0;1
15/12/2021;20:34:46;350;Sem vítima;289,199;BR-116/SP;Decrescente;Colisão traseira;1;1;0;0;0;0;1
16/12/2021;00:26:39;12;Sem vítima;386,500;BR-116/SP;Crescente;Colisão traseira;1;0;0;0;0;0;1
16/12/2021;12:11:23;220;Sem vítima;511,221;BR-116/SP;Crescente;Choque;1;1;0;0;0;0;1
17/12/2021;00:40:19;12;Sem vítima;487,100;BR-116/SP;Crescente;Acidentes de outra natureza;1;0;0;0;0;0;1
18/12/2021;02:03:01;26;Sem vítima;513,600;BR-116/SP;Crescente;Choque;1;1;0;0;0;0;1
20/12/2021;17:41:59;239;Sem vítima;34,200;BR-116/SP;Decrescente;Colisão traseira;1;1;0;0;0;0;1
20/12/2021;22:10:27;299;Sem vítima;69,200;BR-116/SP;Decrescente;Choque;1;1;0;0;0;0;1
21/12/2021;22:45:40;331;Sem vítima;499,600;BR-116/SP;Decrescente;Tombamento;1;1;0;0;0;0;1
22/12/2021;07:32:47;89;Sem vítima;370,300;BR-116/SP;Decrescente;Choque;1;1;0;0;0;0;1
23/12/2021;04:07:19;45;Sem vítima;486,150;BR-116/SP;Decrescente;Colisão lateral no mesmo sentido;1;1;0;0;0;0;1
24/12/2021;02:10:23;30;Sem vítima;564,200;BR-116/SP;Decrescente;Colisão lateral no mesmo sentido;1;1;0;0;0;0;1
24/12/2021;04:21:20;51;Sem vítima;331,100;BR-116/SP;Crescente;Saída de pista;1;1;0;0;0;0;1
27/12/2021;22:53:05;309;Sem vítima;504,600;BR-116/SP;Crescente;Colisão traseira;1;0;0;0;0;0;1
28/12/2021;18:59:14;294;Sem vítima;20,300;BR-116/SP;Decrescente;Colisão lateral no mesmo sentido;1;2;0;0;0;0;1
28/12/2021;20:03:08;307;Sem vítima;29,200;BR-116/SP;Decrescente;Colisão traseira;1;0;0;0;0;0;1
29/12/2021;12:45:47;187;Sem vítima;538,300;BR-116/SP;Crescente;Choque;1;0;0;0;0;0;1
01/01/2022;19:59:30;159;Sem vítima;483,385;BR-116/SP;Decrescente;Tombamento;1;0;0;0;0;0;1
03/01/2022;13:57:03;206;Sem vítima;32,600;BR-116/SP;Crescente;Colisão lateral no mesmo sentido;1;4;0;0;0;0;1
03/01/2022;22:14:58;331;Sem vítima;459,150;BR-116/SP;Decrescente;Choque;1;1;0;0;0;0;1
04/01/2022;10:17:16;148;Sem vítima;511,120;BR-116/SP;Decrescente;Tombamento;1;1;0;0;0;0;1
04/01/2022;11:34:02;174;Sem vítima;43,200;BR-116/SP;Decrescente;Saída de pista;1;1;0;0;0;0;1
06/01/2022;02:51:25;22;Sem vítima;385,850;BR-116/SP;Decrescente;Colisão traseira;1;1;0;0;0;0;1
06/01/2022;10:26:42;162;Sem vítima;463,745;BR-116/SP;Crescente;Saída de pista;1;2;0;0;0;0;1
06/01/2022;14:07:53;228;Sem vítima;285,200;BR-116/SP;Crescente;Choque;1;1;0;0;0;0;1
08/01/2022;04:29:50;33;Sem vítima;540,400;BR-116/SP;Decrescente;Tombamento;1;1;0;0;0;0;1
08/01/2022;15:41:25;206;Sem vítima;9,700;CW-116/SP;Decrescente;Choque;1;1;0;0;0;0;1
09/01/2022;12:21:03;147;Sem vítima;454,750;BR-116/SP;Crescente;Saída de pista;1;0;0;0;0;0;1
10/01/2022;07:53:08;107;Sem vítima;6,900;CW-116/SP;Decrescente;Choque;1;2;0;0;0;0;1
11/01/2022;22:00:55;316;Sem vítima;308,500;BR-116/SP;Crescente;Colisão traseira;1;2;0;0;0;0;1
12/01/2022;09:50:54;129;Sem vítima;313,643;BR-116/SP;Decrescente;Colisão lateral no mesmo sentido;1;1;0;0;0;0;1
12/01/2022;17:01:49;266;Sem vítima;43,700;BR-116/SP;Decrescente;Colisão traseira;2;2;0;0;0;0;1
12/01/2022;21:06:29;315;Sem vítima;298,800;BR-116/SP;Crescente;Choque;1;1;0;0;0;0;1
14/01/2022;03:52:38;23;Sem vítima;461,130;BR-116/SP;Crescente;Colisão traseira;1;1;0;0;0;0;1
15/01/2022;04:22:14;32;Com vítima;461,100;BR-116/SP;Decrescente;Choque;1;4;0;0;1;0;2
15/01/2022;18:29:27;237;Sem vítima;314,100;BR-116/SP;Decrescente;Colisão lateral no mesmo sentido;1;2;0;0;0;0;1
18/01/2022;02:28:19;18;Sem vítima;1,100;CW-116/SP;Decrescente;Choque;1;0;0;0;0;0;1
20/01/2022;01:18:47;13;Sem vítima;487,185;BR-116/SP;Crescente;Choque;1;1;0;0;0;0;1
21/01/2022;06:51:37;78;Sem vítima;450,102;BR-116/SP;Crescente;Colisão traseira;2;3;0;0;0;0;1
22/01/2022;09:12:25;132;Sem vítima;357,500;BR-116/SP;Decrescente;Colisão lateral no mesmo sentido;1;2;0;0;0;0;1
22/01/2022;20:27:50;296;Sem vítima;511,800;BR-116/SP;Crescente;Tombamento;1;1;0;0;0;0;1
24/01/2022;12:03:29;172;Sem vítima;43,442;BR-116/SP;Decrescente;Saída de pista;1;1;0;0;0;0;1
24/01/2022;16:27:15;232;Sem vítima;360,500;BR-116/SP;Decrescente;Engavetamento;2;5;0;0;0;0;1
25/01/2022;08:09:15;114;Sem vítima;426,865;BR-116/SP;Decrescente;Colisão lateral no mesmo sentido;1;2;0;0;0;0;1
26/01/2022;14:00:48;231;Sem vítima;346,610;BR-116/SP;Decrescente;Saída de pista;1;1;0;0;0;0;1
26/01/2022;22:15:25;364;Com vítima;297,830;BR-116/SP;Decrescente;Colisão traseira;1;1;0;0;1;0;2
26/01/2022;23:59:41;377;Sem vítima;514,410;BR-116/SP;Crescente;Tombamento;1;0;0;0;0;0;1
28/01/2022;10:34:33;189;Sem vítima;285,840;BR-116/SP;Decrescente;Engavetamento;2;3;0;0;0;0;1
31/01/2022;13:33:39;216;Sem vítima;307,100;BR-116/SP;Decrescente;Engavetamento;1;4;0;0;0;0;1
31/01/2022;16:02:57;253;Sem vítima;38,632;BR-116/SP;Decrescente;Choque;1;2;0;0;0;0;1
31/01/2022;19:04:02;300;Sem vítima;282,450;BR-116/SP;Decrescente;Colisão lateral no mesmo sentido;1;1;0;0;0;0;1
01/02/2022;05:14:37;50;Sem vítima;516,800;BR-116/SP;Decrescente;Colisão traseira;1;2;0;0;0;0;1
01/02/2022;19:37:51;323;Sem vítima;280,485;BR-116/SP;Decrescente;Colisão lateral no mesmo sentido;1;2;0;0;0;0;1
01/02/2022;21:13:22;342;Sem vítima;45,860;BR-116/SP;Crescente;Engavetamento;1;2;0;0;0;0;1
02/02/2022;15:00:24;278;Sem vítima;273,500;BR-116/SP;Crescente;Colisão lateral no mesmo sentido;1;1;0;0;0;0;1
06/02/2022;23:12:34;285;Sem vítima;407,930;BR-116/SP;Crescente;Tombamento;1;0;0;0;0;0;1
07/02/2022;09:48:26;121;Sem vítima;12,500;CW-116/SP;Decrescente;Choque;1;2;0;0;0;0;1
07/02/2022;19:36:53;264;Sem vítima;567,448;BR-116/SP;Crescente;Choque;1;1;0;0;0;0;1
08/02/2022;03:17:43;25;Sem vítima;555,400;BR-116/SP;Decrescente;Choque;1;1;0;0;0;0;1
08/02/2022;19:03:30;268;Sem vítima;456,100;BR-116/SP;Decrescente;Saída de pista;1;3;0;0;0;0;1
09/02/2022;09:06:07;137;Sem vítima;341,430;BR-116/SP;Crescente;Colisão traseira;1;1;0;0;0;0;1
09/02/2022;21:25:18;333;Sem vítima;39,372;BR-116/SP;Crescente;Choque;1;1;0;0;0;0;1
11/02/2022;11:19:46;181;Sem vítima;0,425;CW-116/SP;Decrescente;Choque;1;1;0;0;0;0;1
11/02/2022;13:27:20;216;Sem vítima;384,650;BR-116/SP;Decrescente;Choque;1;2;0;0;0;0;1
12/02/2022;05:52:20;62;Sem vítima;349,178;BR-116/SP;Crescente;Colisão traseira;1;2;0;0;0;0;1
12/02/2022;15:05:41;189;Sem vítima;312,400;BR-116/SP;Crescente;Choque;1;1;0;0;0;0;1
14/02/2022;15:22:00;193;Sem vítima;551,800;BR-116/SP;Crescente;Colisão traseira;1;2;0;0;0;0;1
14/02/2022;17:09:45;221;Sem vítima;538,320;BR-116/SP;Decrescente;Capotamento;1;1;0;0;0;0;1
14/02/2022;21:39:35;276;Sem vítima;512,100;BR-116/SP;Crescente;Choque;1;0;0;0;0;0;1
15/02/2022;05:41:09;54;Sem vítima;392,900;BR-116/SP;Crescente;Colisão traseira;1;3;0;0;0;0;1
15/02/2022;07:03:34;87;Sem vítima;39,974;BR-116/SP;Decrescente;Choque;1;1;0;0;0;0;1
16/02/2022;03:13:46;29;Sem vítima;534,900;BR-116/SP;Decrescente;Colisão traseira;1;3;0;0;0;0;1
16/02/2022;14:19:12;220;Sem vítima;60,294;BR-116/SP;Decrescente;Choque;1;0;0;0;0;0;1
17/02/2022;15:07:33;233;Sem vítima;39,365;BR-116/SP;Decrescente;Colisão traseira;1;3;0;0;0;0;1
18/02/2022;00:53:59;12;Sem vítima;51,700;BR-116/SP;Crescente;Colisão traseira;1;2;0;0;0;0;1
18/02/2022;02:54:06;26;Sem vítima;546,500;BR-116/SP;Decrescente;Choque;1;0;0;0;0;0;1
19/02/2022;15:59:10;199;Sem vítima;8,100;CW-116/SP;Decrescente;Engavetamento;2;3;0;0;0;0;1
19/02/2022;17:27:41;221;Sem vítima;305,983;BR-116/SP;Crescente;Capotamento;1;0;0;0;0;0;1
22/02/2022;12:48:59;174;Sem vítima;32,873;BR-116/SP;Crescente;Colisão lateral no mesmo sentido;1;2;0;0;0;0;1
25/02/2022;14:58:41;230;Sem vítima;48,600;BR-116/SP;Decrescente;Saída de pista;1;1;0;0;0;0;1
26/02/2022;02:32:43;21;Sem vítima;565,800;BR-116/SP;Decrescente;Choque;1;1;0;0;0;0;1
26/02/2022;04:02:28;32;Sem vítima;508,100;BR-116/SP;Crescente;Tombamento;1;0;0;0;0;0;1
28/02/2022;20:27:26;300;Sem vítima;305,800;BR-116/SP;Decrescente;Colisão traseira;1;2;0;0;0;0;1
01/03/2022;07:08:57;76;Sem vítima;350,700;BR-116/SP;Crescente;Colisão traseira;2;3;0;0;0;0;1
01/03/2022;19:51:53;292;Sem vítima;48,500;BR-116/SP;Decrescente;Colisão lateral no mesmo sentido;2;2;0;0;0;0;1
02/03/2022;16:13:45;237;Sem vítima;367,500;BR-116/SP;Crescente;Choque;1;2;0;0;0;0;1
03/03/2022;05:03:44;48;Sem vítima;298,449;BR-116/SP;Decrescente;Colisão traseira;1;3;0;0;0;0;1
04/03/2022;22:42:35;322;Sem vítima;521,500;BR-116/SP;Decrescente;Colisão traseira;2;2;0;0;0;0;1
05/03/2022;14:49:40;178;Sem vítima;286,100;BR-116/SP;Decrescente;Colisão traseira;1;0;0;0;0;0;1
07/03/2022;16:01:27;231;Sem vítima;2,394;BR-116/SP;Crescente;Choque;1;0;0;0;0;0;1
08/03/2022;07:50:49;102;Sem vítima;1,620;CW-116/SP;Decrescente;Saída de pista;1;1;0;0;0;0;1
08/03/2022;11:16:39;159;Sem vítima;67,850;BR-116/SP;Crescente;Colisão traseira;1;2;0;0;0;0;1
09/03/2022;16:22:45;248;Sem vítima;34,162;BR-116/SP;Crescente;Engavetamento;1;3;0;0;0;0;1
10/03/2022;13:45:37;200;Sem vítima;3,523;BR-116/SP;Crescente;Saída de pista;1;1;0;0;0;0;1
10/03/2022;18:45:43;300;Sem vítima;548,742;BR-116/SP;Decrescente;Choque;1;1;0;0;0;0;1
10/03/2022;20:46:53;324;Sem vítima;504,289;BR-116/SP;Decrescente;Tombamento;1;0;0;0;0;0;1
12/03/2022;04:09:46;54;Sem vítima;357,900;BR-116/SP;Decrescente;Colisão traseira;1;2;0;0;0;0;1
12/03/2022;10:08:07;131;Sem vítima;6,900;CW-116/SP;Decrescente;Colisão traseira;1;2;0;0;0;0;1
13/03/2022;04:46:59;30;Sem vítima;43,400;BR-116/SP;Decrescente;Choque;1;0;0;0;0;0;1
14/03/2022;00:26:16;7;Sem vítima;393,149;BR-116/SP;Crescente;Colisão traseira;1;0;0;0;0;0;1
15/03/2022;18:12:00;280;Sem vítima;517,150;BR-116/SP;Crescente;Choque;1;1;0;0;0;0;1
16/03/2022;00:16:28;2;Sem vítima;30,950;BR-116/SP;Crescente;Choque;1;1;0;0;0;0;1
16/03/2022;07:38:37;114;Sem vítima;41,200;BR-116/SP;Decrescente;Choque;1;1;0;0;0;0;1
16/03/2022;22:00:03;333;Sem vítima;271,101;BR-116/SP;Decrescente;Colisão traseira;1;1;0;0;0;0;1
17/03/2022;17:26:18;306;Sem vítima;513,100;BR-116/SP;Crescente;Acidentes de outra natureza;1;1;0;0;0;0;1
17/03/2022;19:21:12;332;Sem vítima;391,602;BR-116/SP;Crescente;Saída de pista;1;2;0;0;0;0;1
17/03/2022;21:05:30;360;Sem vítima;297,150;BR-116/SP;Crescente;Colisão traseira;1;2;0;0;0;0;1
18/03/2022;00:15:01;3;Sem vítima;536,100;BR-116/SP;Crescente;Tombamento;1;0;0;0;0;0;1
18/03/2022;06:59:54;90;Sem vítima;413,629;BR-116/SP;Crescente;Choque;1;0;0;0;0;0;1
19/03/2022;04:08:34;39;Sem vítima;28,700;BR-116/SP;Decrescente;Tombamento;1;2;0;0;0;0;1
22/03/2022;07:48:02;101;Sem vítima;486,697;BR-116/SP;Decrescente;Colisão lateral no mesmo sentido;1;2;0;0;0;0;1
23/03/2022;03:04:45;29;Sem vítima;497,200;BR-116/SP;Decrescente;Saída de pista;1;1;0;0;0;0;1
23/03/2022;16:30:54;245;Sem vítima;11,500;BR-116/SP;Crescente;Choque;1;1;0;0;0;0;1
24/03/2022;12:38:16;197;Com vítima;495,882;BR-116/SP;Decrescente;Colisão transversal;1;1;0;0;1;0;2
24/03/2022;19:04:53;317;Sem vítima;541,150;BR-116/SP;Decrescente;Choque;1;1;0;0;0;0;1
29/03/2022;23:40:49;299;Sem vítima;426,400;BR-116/SP;Decrescente;Colisão traseira;2;1;0;0;0;0;1
30/03/2022;13:14:55;208;Sem vítima;352,500;BR-116/SP;Decrescente;Colisão lateral no mesmo sentido;1;2;0;0;0;0;1
31/03/2022;02:57:30;33;Sem vítima;35,100;BR-116/SP;Decrescente;Choque;1;1;0;0;0;0;1
31/03/2022;11:46:26;218;Sem vítima;511,100;BR-116/SP;Crescente;Capotamento;1;1;0;0;0;0;1
31/03/2022;19:23:42;333;Sem vítima;568,900;BR-116/SP;Crescente;Tombamento;1;1;0;0;0;0;1
01/04/2022;05:06:40;52;Sem vítima;400,300;BR-116/SP;Crescente;Choque;1;2;0;0;0;0;1
01/04/2022;15:53:53;256;Sem vítima;287,850;BR-116/SP;Decrescente;Colisão traseira;2;2;0;0;0;0;1
02/04/2022;00:10:50;3;Sem vítima;538,300;BR-116/SP;Decrescente;Choque;1;3;0;0;0;0;1
03/04/2022;01:36:14;21;Sem vítima;562,300;BR-116/SP;Decrescente;Tombamento;1;0;0;0;0;0;1
04/04/2022;15:19:27;231;Sem vítima;70,100;BR-116/SP;Decrescente;Colisão traseira;1;3;0;0;0;0;1
04/04/2022;19:37:31;278;Sem vítima;398,369;BR-116/SP;Decrescente;Choque;1;2;0;0;0;0;1
05/04/2022;01:42:07;25;Sem vítima;453,990;BR-116/SP;Crescente;Saída de pista;1;1;0;0;0;0;1
05/04/2022;08:12:03;107;Sem vítima;6,100;BR-116/SP;Crescente;Colisão traseira;1;1;0;0;0;0;1
05/04/2022;20:07:25;286;Sem vítima;49,500;BR-116/SP;Crescente;Choque;1;1;0;0;0;0;1
06/04/2022;06:54:25;96;Sem vítima;282,200;BR-116/SP;Decrescente;Colisão traseira;1;2;0;0;0;0;1
06/04/2022;15:07:39;241;Sem vítima;9,900;BR-116/SP;Crescente;Colisão traseira;2;2;0;0;0;0;1
06/04/2022;22:48:05;343;Sem vítima;27,500;BR-116/SP;Crescente;Saída de pista;1;1;0;0;0;0;1
07/04/2022;01:17:15;18;Sem vítima;498,900;BR-116/SP;Decrescente;Tombamento;1;1;0;0;0;0;1
10/04/2022;19:57:28;211;Sem vítima;301,626;BR-116/SP;Decrescente;Tombamento;1;0;0;0;0;0;1
11/04/2022;00:10:44;4;Sem vítima;300,200;BR-116/SP;Crescente;Colisão lateral no mesmo sentido;1;4;0;0;0;0;1
11/04/2022;05:46:45;53;Sem vítima;295,100;BR-116/SP;Crescente;Colisão traseira;1;2;0;0;0;0;1
13/04/2022;17:43:32;270;Sem vítima;279,183;BR-116/SP;Decrescente;Colisão lateral no mesmo sentido;1;2;0;0;0;0;1
13/04/2022;21:05:02;305;Sem vítima;351,100;BR-116/SP;Decrescente;Colisão traseira;1;2;0;0;0;0;1
14/04/2022;13:36:27;187;Sem vítima;545,100;BR-116/SP;Decrescente;Colisão traseira;1;2;0;0;0;0;1
17/04/2022;18:18:46;177;Sem vítima;477,200;BR-116/SP;Decrescente;Colisão transversal;1;2;0;0;0;0;1
18/04/2022;03:38:34;31;Sem vítima;512,350;BR-116/SP;Crescente;Choque;1;1;0;0;0;0;1
19/04/2022;07:54:56;98;Sem vítima;563,800;BR-116/SP;Decrescente;Choque;1;2;0;0;0;0;1
19/04/2022;16:19:11;222;Sem vítima;426,600;BR-116/SP;Decrescente;Engavetamento;2;4;0;0;0;0;1
19/04/2022;19:46:13;264;Sem vítima;294,131;BR-116/SP;Decrescente;Colisão traseira;1;0;0;0;0;0;1
21/04/2022;10:48:08;133;Sem vítima;385,700;BR-116/SP;Decrescente;Colisão lateral no mesmo sentido;1;1;0;0;0;0;1
22/04/2022;07:45:16;68;Sem vítima;538,210;BR-116/SP;Decrescente;Choque;1;1;0;0;0;0;1
23/04/2022;14:20:58;135;Sem vítima;272,100;BR-116/SP;Decrescente;Colisão traseira;1;1;0;0;0;0;1
25/04/2022;23:34:08;321;Sem vítima;473,709;BR-116/SP;Decrescente;Colisão traseira;2;2;0;0;0;0;1
26/04/2022;06:46:24;73;Sem vítima;335,708;BR-116/SP;Crescente;Colisão traseira;1;2;0;0;0;0;1
26/04/2022;18:30:37;264;Sem vítima;399,700;BR-116/SP;Crescente;Atropelamento de pedestre;1;1;0;0;0;0;1
27/04/2022;23:39:04;370;Sem vítima;26,150;BR-116/SP;Crescente;Tombamento;1;0;0;0;0;0;1
28/04/2022;15:04:36;207;Sem vítima;23,720;BR-116/SP;Decrescente;Colisão traseira;2;2;0;0;0;0;1
28/04/2022;19:31:31;279;Sem vítima;70,300;BR-116/SP;Decrescente;Colisão lateral no mesmo sentido;1;4;0;0;0;0;1
29/04/2022;22:19:56;310;Sem vítima;357,400;BR-116/SP;Decrescente;Colisão traseira;2;5;0;0;0;0;1
30/04/2022;01:09:05;21;Sem vítima;502,100;BR-116/SP;Decrescente;Tombamento;1;1;0;0;0;0;1
30/04/2022;10:30:22;127;Sem vítima;515,100;BR-116/SP;Crescente;Choque;1;2;0;0;0;0;1
01/05/2022;18:07:37;205;Sem vítima;62,100;BR-116/SP;Crescente;Colisão lateral no mesmo sentido;1;2;0;0;0;0;1
04/05/2022;03:49:59;43;Sem vítima;561,702;BR-116/SP;Decrescente;Capotamento;1;0;0;0;0;0;1
04/05/2022;10:07:58;158;Sem vítima;12,812;BR-116/SP;Crescente;Colisão traseira;2;2;0;0;0;0;1
04/05/2022;16:36:02;262;Sem vítima;370,600;BR-116/SP;Decrescente;Colisão traseira;1;1;0;0;0;0;1
05/05/2022;02:26:20;33;Sem vítima;17,500;BR-116/SP;Crescente;Choque;1;1;0;0;0;0;1
05/05/2022;02:38:22;35;Sem vítima;341,800;BR-116/SP;Crescente;Colisão traseira;1;1;0;0;0;0;1
05/05/2022;10:42:13;180;Sem vítima;566,100;BR-116/SP;Decrescente;Colisão traseira;1;2;0;0;0;0;1
05/05/2022;16:56:58;280;Sem vítima;300,300;BR-116/SP;Crescente;Colisão traseira;1;2;0;0;0;0;1
06/05/2022;06:17:05;72;Sem vítima;561,800;BR-116/SP;Decrescente;Choque;1;1;0;0;0;0;1
08/05/2022;16:16:17;144;Sem vítima;16,200;BR-116/SP;Crescente;Colisão traseira;2;2;0;0;0;0;1
10/05/2022;14:35:38;231;Sem vítima;17,900;BR-116/SP;Crescente;Colisão traseira;1;1;0;0;0;0;1
12/05/2022;00:25:31;4;Sem vítima;362,100;BR-116/SP;Decrescente;Choque;1;1;0;0;0;0;1
12/05/2022;12:18:48;174;Sem vítima;4,737;CW-116/SP;Decrescente;Colisão traseira;3;2;0;0;0;0;1
13/05/2022;04:09:00;42;Sem vítima;523,100;BR-116/SP;Decrescente;Saída de pista;1;0;0;0;0;0;1
13/05/2022;06:58:19;90;Sem vítima;280,852;BR-116/SP;Crescente;Colisão traseira;1;2;0;0;0;0;1
13/05/2022;08:38:00;120;Sem vítima;273,700;BR-116/SP;Crescente;Colisão lateral no mesmo sentido;1;1;0;0;0;0;1
14/05/2022;02:52:02;42;Sem vítima;329,500;BR-116/SP;Decrescente;Choque;1;2;0;0;0;0;1
14/05/2022;23:33:00;268;Sem vítima;285,400;BR-116/SP;Decrescente;Colisão traseira;1;1;0;0;0;0;1
15/05/2022;23:56:54;213;Sem vítima;302,100;BR-116/SP;Crescente;Colisão lateral no mesmo sentido;2;2;0;0;0;0;1
16/05/2022;16:16:02;183;Sem vítima;384,600;BR-116/SP;Crescente;Colisão traseira;1;1;0;0;0;0;1
17/05/2022;01:47:06;18;Sem vítima;23,970;BR-116/SP;Crescente;Tombamento;1;1;0;0;0;0;1
17/05/2022;14:50:52;216;Sem vítima;19,800;BR-116/SP;Crescente;Colisão frontal;1;2;0;0;0;0;1
18/05/2022;05:18:28;39;Sem vítima;416,696;BR-116/SP;Crescente;Tombamento;1;1;0;0;0;0;1
20/05/2022;17:39:28;265;Sem vítima;282,603;BR-116/SP;Decrescente;Colisão traseira;1;2;0;0;0;0;1
23/05/2022;02:15:20;17;Sem vítima;470,100;BR-116/SP;Crescente;Colisão traseira;1;3;0;0;0;0;1
23/05/2022;03:34:10;28;Sem vítima;376,600;BR-116/SP;Crescente;Colisão traseira;1;3;0;0;0;0;1
23/05/2022;07:18:43;79;Sem vítima;282,300;BR-116/SP;Crescente;Colisão traseira;2;2;0;0;0;0;1
23/05/2022;11:44:38;150;Sem vítima;281,946;BR-116/SP;Crescente;Colisão lateral no mesmo sentido;1;1;0;0;0;0;1
24/05/2022;00:35:09;11;Sem vítima;369,480;BR-116/SP;Decrescente;Colisão traseira;1;1;0;0;0;0;1
24/05/2022;05:06:52;41;Sem vítima;428,320;BR-116/SP;Crescente;Choque;1;1;0;0;0;0;1
25/05/2022;17:14:51;236;Sem vítima;447,200;BR-116/SP;Decrescente;Saída de pista;1;1;0;0;0;0;1
26/05/2022;16:35:12;230;Sem vítima;343,900;BR-116/SP;Decrescente;Choque;1;1;0;0;0;0;1
28/05/2022;07:54:34;67;Sem vítima;297,140;BR-116/SP;Crescente;Colisão traseira;1;3;0;0;0;0;1
30/05/2022;19:13:54;257;Sem vítima;303,252;BR-116/SP;Decrescente;Choque;1;1;0;0;0;0;1
30/05/2022;23:57:32;305;Sem vítima;351,500;BR-116/SP;Decrescente;Engavetamento;1;3;0;0;0;0;1
31/05/2022;10:22:35;138;Sem vítima;387,200;BR-116/SP;Crescente;Colisão lateral no mesmo sentido;1;2;0;0;0;0;1
01/06/2022;06:37:05;60;Sem vítima;288,100;BR-116/SP;Decrescente;Colisão lateral no mesmo sentido;1;1;0;0;0;0;1
01/06/2022;10:25:49;138;Sem vítima;515,600;BR-116/SP;Crescente;Capotamento;1;1;0;0;0;0;1
01/06/2022;12:21:34;169;Sem vítima;523,200;BR-116/SP;Decrescente;Saída de pista;1;0;0;0;0;0;1
02/06/2022;07:21:59;63;Sem vítima;283,100;BR-116/SP;Crescente;Colisão lateral no mesmo sentido;1;2;0;0;0;0;1
02/06/2022;09:38:36;126;Sem vítima;9,900;CW-116/SP;Decrescente;Saída de pista;1;1;0;0;0;0;1
05/06/2022;02:07:14;18;Sem vítima;411,803;BR-116/SP;Decrescente;Choque;1;1;0;0;0;0;1
05/06/2022;23:15:45;239;Sem vítima;345,120;BR-116/SP;Crescente;Colisão lateral no mesmo sentido;2;0;0;0;0;0;1
07/06/2022;09:19:51;142;Sem vítima;544,700;BR-116/SP;Crescente;Choque;1;1;0;0;0;0;1
07/06/2022;13:47:25;221;Sem vítima;567,100;BR-116/SP;Crescente;Saída de pista;1;0;0;0;0;0;1