data;horario;n_da_ocorrencia;tipo_de_ocorrencia;km;trecho;sentido;tipo_de_acidente;caminhao;ilesos;levemente_feridos;moderadamente_feridos;gravemente_feridos;mortos;3
07/06/2022;19:14:43;301;Sem vítima;542,800;BR-116/SP;Decrescente;Colisão traseira;1;2;0;0;0;0;1
08/06/2022;00:00:56;1;Sem vítima;273,850;BR-116/SP;Crescente;Saída de pista;1;1;0;0;0;0;1
09/06/2022;05:32:14;57;Sem vítima;510,100;BR-116/SP;Decrescente;Choque;1;2;0;0;0;0;1
09/06/2022;14:28:29;203;Sem vítima;286,300;BR-116/SP;Decrescente;Saída de pista;1;1;0;0;0;0;1
09/06/2022;23:05:55;303;Sem vítima;23,100;BR-116/SP;Decrescente;Colisão traseira;1;2;0;0;0;0;1
10/06/2022;04:29:26;39;Sem vítima;536,980;BR-116/SP;Crescente;Tombamento;1;1;0;0;0;0;1
10/06/2022;08:19:07;113;Sem vítima;307,100;BR-116/SP;Crescente;Colisão lateral no mesmo sentido;1;2;0;0;0;0;1
10/06/2022;15:27:16;224;Sem vítima;449,400;BR-116/SP;Crescente;Colisão lateral no mesmo sentido;1;2;0;0;0;0;1
11/06/2022;14:36:35;160;Sem vítima;360,500;BR-116/SP;Decrescente;Choque;1;2;0;0;0;0;1
11/06/2022;22:50:15;239;Sem vítima;499,200;BR-116/SP;Decrescente;Choque;1;1;0;0;0;0;1
13/06/2022;17:24:14;230;Sem vítima;313,114;BR-116/SP;Decrescente;Colisão lateral no mesmo sentido;1;4;0;0;0;0;1
13/06/2022;20:41:11;265;Sem vítima;23,572;BR-116/SP;Crescente;Tombamento;1;0;0;0;0;0;1
14/06/2022;15:31:27;231;Sem vítima;511,200;BR-116/SP;Decrescente;Choque;1;3;0;0;0;0;1
14/06/2022;21:56:43;292;Sem vítima;405,873;BR-116/SP;Decrescente;Colisão traseira;1;2;0;0;0;0;1
16/06/2022;00:13:42;2;Sem vítima;417,200;BR-116/SP;Decrescente;Choque;1;1;0;0;0;0;1
16/06/2022;20:23:00;256;Sem vítima;65,402;BR-116/SP;Crescente;Colisão traseira;1;2;0;0;0;0;1
17/06/2022;09:12:52;76;Sem vítima;272,872;BR-116/SP;Crescente;Colisão lateral no mesmo sentido;1;2;0;0;0;0;1
17/06/2022;20:19:13;193;Sem vítima;542,800;BR-116/SP;Decrescente;Choque;1;1;0;0;0;0;1
19/06/2022;06:09:55;28;Sem vítima;499,443;BR-116/SP;Decrescente;Choque;1;1;0;0;0;0;1
20/06/2022;01:05:09;12;Sem vítima;556,500;BR-116/SP;Crescente;Colisão traseira;1;2;0;0;0;0;1
22/06/2022;02:59:38;18;Sem vítima;471,450;BR-116/SP;Crescente;Tombamento;1;1;0;0;0;0;1
23/06/2022;02:22:01;38;Sem vítima;325,100;BR-116/SP;Crescente;Colisão traseira;1;1;0;0;0;0;1
23/06/2022;09:46:28;150;Sem vítima;329,300;BR-116/SP;Crescente;Colisão traseira;2;1;0;0;0;0;1
24/06/2022;07:56:55;105;Sem vítima;4,660;BR-116/SP;Crescente;Choque;1;3;0;0;0;0;1
25/06/2022;02:17:05;30;Sem vítima;514,750;BR-116/SP;Decrescente;Tombamento;1;1;0;0;0;0;1
26/06/2022;15:11:47;137;Sem vítima;353,150;BR-116/SP;Crescente;Colisão lateral no mesmo sentido;1;2;0;0;0;0;1
26/06/2022;18:03:15;175;Sem vítima;418,400;BR-116/SP;Decrescente;Saída de pista;1;1;0;0;0;0;1
28/06/2022;15:16:48;248;Sem vítima;12,200;CW-116/SP;Decrescente;Saída de pista;1;1;0;0;0;0;1
29/06/2022;02:43:09;22;Sem vítima;391,592;BR-116/SP;Crescente;Colisão traseira;1;2;0;0;0;0;1
29/06/2022;14:55:17;220;Sem vítima;514,800;BR-116/SP;Crescente;Colisão traseira;1;3;0;0;0;0;1
29/06/2022;22:38:44;323;Sem vítima;32,457;BR-116/SP;Crescente;Colisão lateral no mesmo sentido;1;2;0;0;0;0;1
30/06/2022;00:31:19;5;Sem vítima;32,500;BR-116/SP;Decrescente;Tombamento;1;1;0;0;0;0;1
30/06/2022;13:19:33;209;Sem vítima;343,200;BR-116/SP;Crescente;Colisão traseira;1;2;0;0;0;0;1
01/07/2022;10:25:20;159;Sem vítima;15,922;BR-116/SP;Crescente;Engavetamento;1;1;0;0;0;0;1
01/07/2022;21:52:03;323;Sem vítima;290,950;BR-116/SP;Crescente;Colisão traseira;1;2;0;0;0;0;1
02/07/2022;03:11:23;33;Sem vítima;377,500;BR-116/SP;Crescente;Saída de pista;1;0;0;0;0;0;1
02/07/2022;14:40:16;183;Sem vítima;326,600;BR-116/SP;Decrescente;Colisão lateral no mesmo sentido;1;2;0;0;0;0;1
03/07/2022;14:34:22;136;Sem vítima;43,205;BR-116/SP;Crescente;Saída de pista;1;1;0;0;0;0;1
05/07/2022;11:32:40;157;Sem vítima;444,928;BR-116/SP;Crescente;Colisão lateral no mesmo sentido;1;2;0;0;0;0;1
05/07/2022;13:10:34;184;Sem vítima;461,936;BR-116/SP;Decrescente;Colisão traseira;1;1;0;0;0;0;1
06/07/2022;13:59:21;203;Sem vítima;403,552;BR-116/SP;Crescente;Colisão lateral no mesmo sentido;1;1;0;0;0;0;1
07/07/2022;02:17:38;36;Sem vítima;463,700;BR-116/SP;Crescente;Atropelamento de animal;1;1;0;0;0;0;1
07/07/2022;03:30:10;43;Sem vítima;377,200;BR-116/SP;Crescente;Colisão traseira;1;2;0;0;0;0;1
08/07/2022;01:59:06;17;Sem vítima;1,500;CW-116/SP;Decrescente;Engavetamento;1;1;0;0;0;0;1
11/07/2022;08:26:03;121;Sem vítima;539,900;BR-116/SP;Crescente;Tombamento;1;1;0;0;0;0;1
12/07/2022;01:51:06;18;Sem vítima;42,200;BR-116/SP;Decrescente;Tombamento;1;0;0;0;0;0;1
12/07/2022;07:05:05;82;Sem vítima;47,300;BR-116/SP;Crescente;Colisão traseira;1;1;0;0;0;0;1
12/07/2022;22:11:52;324;Sem vítima;514,200;BR-116/SP;Crescente;Tombamento;1;1;0;0;0;0;1
13/07/2022;09:39:50;135;Sem vítima;446,100;BR-116/SP;Crescente;Colisão lateral no mesmo sentido;1;2;0;0;0;0;1
14/07/2022;05:43:27;48;Sem vítima;542,800;BR-116/SP;Decrescente;Choque;1;1;0;0;0;0;1
17/07/2022;17:19:35;195;Sem vítima;281,638;BR-116/SP;Crescente;Colisão traseira;1;2;0;0;0;0;1
19/07/2022;21:11:23;317;Sem vítima;449,500;BR-116/SP;Decrescente;Colisão lateral no mesmo sentido;1;2;0;0;0;0;1
21/07/2022;16:25:30;276;Sem vítima;347,300;BR-116/SP;Decrescente;Engavetamento;3;4;0;0;0;0;1
21/07/2022;23:18:29;351;Sem vítima;273,100;BR-116/SP;Crescente;Colisão traseira;1;2;0;0;0;0;1
21/07/2022;23:33:59;357;Sem vítima;487,620;BR-116/SP;Crescente;Tombamento;1;2;0;0;0;0;1
22/07/2022;01:31:23;25;Sem vítima;490,500;BR-116/SP;Crescente;Colisão traseira;2;3;0;0;0;0;1
22/07/2022;04:06:38;34;Sem vítima;52,237;BR-116/SP;Decrescente;Choque;1;0;0;0;0;0;1
22/07/2022;22:56:18;362;Sem vítima;284,700;BR-116/SP;Decrescente;Engavetamento;3;2;0;0;0;0;1
23/07/2022;09:15:10;117;Sem vítima;273,100;BR-116/SP;Crescente;Engavetamento;1;3;0;0;0;0;1
24/07/2022;22:03:15;234;Sem vítima;299,500;BR-116/SP;Crescente;Colisão lateral no mesmo sentido;1;2;0;0;0;0;1
25/07/2022;11:26:54;135;Sem vítima;394,900;BR-116/SP;Crescente;Choque;1;0;0;0;0;0;1
26/07/2022;21:29:45;332;Sem vítima;296,100;BR-116/SP;Crescente;Colisão lateral no mesmo sentido;1;1;0;0;0;0;1
27/07/2022;03:23:50;37;Sem vítima;559,150;BR-116/SP;Decrescente;Colisão traseira;1;1;0;0;0;0;1
28/07/2022;02:41:41;27;Sem vítima;325,150;BR-116/SP;Crescente;Colisão traseira;1;1;0;0;0;0;1
28/07/2022;16:34:06;273;Sem vítima;282,500;BR-116/SP;Crescente;Colisão traseira;1;3;0;0;0;0;1
29/07/2022;09:08:25;129;Sem vítima;511,800;BR-116/SP;Decrescente;Choque;1;1;0;0;0;0;1
29/07/2022;09:13:21;131;Sem vítima;29,100;BR-116/SP;Decrescente;Saída de pista;1;1;0;0;0;0;1
29/07/2022;15:56:48;229;Sem vítima;355,800;BR-116/SP;Crescente;Colisão traseira;1;4;0;0;0;0;1
30/07/2022;11:17:13;131;Sem vítima;4,200;CW-116/SP;Decrescente;Engavetamento;1;3;0;0;0;0;1
02/08/2022;14:13:21;186;Sem vítima;279,822;BR-116/SP;Decrescente;Engavetamento;1;3;0;0;0;0;1
02/08/2022;17:55:16;243;Sem vítima;282,584;BR-116/SP;Decrescente;Engavetamento;1;5;0;0;0;0;1
02/08/2022;23:34:39;294;Sem vítima;32,600;BR-116/SP;Crescente;Choque;1;1;0;0;0;0;1
03/08/2022;12:22:32;170;Sem vítima;291,100;BR-116/SP;Crescente;Colisão traseira;1;2;0;0;0;0;1
07/08/2022;12:18:15;97;Sem vítima;551,200;BR-116/SP;Crescente;Choque;1;1;0;0;0;0;1
10/08/2022;07:50:29;97;Sem vítima;485,700;BR-116/SP;Decrescente;Colisão lateral no mesmo sentido;1;1;0;0;0;0;1
11/08/2022;10:50:32;127;Sem vítima;295,100;BR-116/SP;Crescente;Colisão traseira;1;2;0;0;0;0;1
12/08/2022;02:25:07;26;Sem vítima;57,800;BR-116/SP;Decrescente;Colisão traseira;1;3;0;0;0;0;1
12/08/2022;05:00:30;45;Sem vítima;551,250;BR-116/SP;Decrescente;Colisão traseira;1;2;0;0;0;0;1
12/08/2022;08:28:18;117;Sem vítima;567,700;BR-116/SP;Decrescente;Colisão lateral no mesmo sentido;1;2;0;0;0;0;1
15/08/2022;22:29:20;297;Sem vítima;13,900;CW-116/SP;Decrescente;Acidentes de outra natureza;1;1;0;0;0;0;1
16/08/2022;16:04:27;247;Sem vítima;394,100;BR-116/SP;Crescente;Colisão traseira;1;2;0;0;0;0;1
17/08/2022;09:55:48;124;Sem vítima;509,200;BR-116/SP;Decrescente;Saída de pista;1;1;0;0;0;0;1
17/08/2022;17:48:03;227;Sem vítima;298,350;BR-116/SP;Crescente;Colisão traseira;2;2;0;0;0;0;1
18/08/2022;22:14:38;297;Sem vítima;39,997;BR-116/SP;Decrescente;Tombamento;1;1;0;0;0;0;1
19/08/2022;03:25:38;34;Sem vítima;496,500;BR-116/SP;Crescente;Saída de pista;1;1;0;0;0;0;1
19/08/2022;13:57:15;186;Sem vítima;7,500;CW-116/SP;Decrescente;Colisão traseira;1;2;0;0;0;0;1
19/08/2022;17:09:58;238;Sem vítima;358,800;BR-116/SP;Crescente;Colisão traseira;1;2;0;0;0;0;1
22/08/2022;15:48:55;183;Sem vítima;269,100;BR-116/SP;Crescente;Colisão traseira;1;2;0;0;0;0;1
23/08/2022;02:52:35;23;Sem vítima;470,100;BR-116/SP;Decrescente;Colisão traseira;2;2;0;0;0;0;1
25/08/2022;03:36:30;27;Sem vítima;23,100;BR-116/SP;Decrescente;Colisão traseira;1;2;0;0;0;0;1
27/08/2022;00:33:50;6;Sem vítima;469,800;BR-116/SP;Decrescente;Colisão traseira;1;2;0;0;0;0;1
29/08/2022;18:51:06;223;Sem vítima;280,200;BR-116/SP;Decrescente;Colisão traseira;1;2;0;0;0;0;1
31/08/2022;14:25:31;177;Sem vítima;504,320;BR-116/SP;Decrescente;Tombamento;1;0;0;0;0;0;1
03/09/2022;15:17:14;198;Sem vítima;23,700;BR-116/SP;Crescente;Choque;1;1;0;0;0;0;1
05/09/2022;16:47:45;183;Sem vítima;554,100;BR-116/SP;Crescente;Choque;1;1;0;0;0;0;1
06/09/2022;12:39:28;162;Sem vítima;297,569;BR-116/SP;Decrescente;Colisão transversal;1;2;0;0;0;0;1
06/09/2022;16:35:15;213;Sem vítima;22,200;BR-116/SP;Decrescente;Colisão lateral no mesmo sentido;1;2;0;0;0;0;1
07/09/2022;02:55:32;17;Sem vítima;513,400;BR-116/SP;Decrescente;Choque;1;0;0;0;0;0;1
07/09/2022;16:55:01;157;Sem vítima;31,100;BR-116/SP;Crescente;Colisão lateral no mesmo sentido;1;1;0;0;0;0;1
07/09/2022;21:52:02;208;Sem vítima;7,900;BR-116/SP;Crescente;Colisão traseira;2;1;0;0;0;0;1
09/09/2022;02:51:25;33;Sem vítima;518,120;BR-116/SP;Decrescente;Tombamento;1;1;0;0;0;0;1
09/09/2022;15:32:27;241;Sem vítima;269,500;BR-116/SP;Crescente;Colisão traseira;1;4;0;0;0;0;1
10/09/2022;07:38:15;78;Sem vítima;408,768;BR-116/SP;Crescente;Choque;1;1;0;0;0;0;1
11/09/2022;18:58:51;174;Sem vítima;532,100;BR-116/SP;Decrescente;Choque;1;2;0;0;0;0;1
12/09/2022;07:21:09;72;Sem vítima;545,900;BR-116/SP;Decrescente;Tombamento;2;3;0;0;0;0;1
12/09/2022;09:53:04;114;Sem vítima;328,200;BR-116/SP;Crescente;Colisão lateral no mesmo sentido;1;0;0;0;0;0;1
12/09/2022;21:35:12;268;Sem vítima;42,500;BR-116/SP;Decrescente;Choque;1;1;0;0;0;0;1
13/09/2022;01:49:08;25;Sem vítima;513,600;BR-116/SP;Crescente;Tombamento;1;1;0;0;0;0;1
14/09/2022;00:01:37;1;Sem vítima;493,900;BR-116/SP;Crescente;Tombamento;1;1;0;0;0;0;1
14/09/2022;15:26:52;186;Sem vítima;296,300;BR-116/SP;Decrescente;Colisão lateral no mesmo sentido;1;4;0;0;0;0;1
15/09/2022;18:14:59;261;Sem vítima;22,119;BR-116/SP;Crescente;Colisão traseira;1;2;0;0;0;0;1
15/09/2022;21:21:41;291;Sem vítima;54,100;BR-116/SP;Crescente;Colisão traseira;1;1;0;0;0;0;1
20/09/2022;01:17:35;14;Sem vítima;429,900;BR-116/SP;Crescente;Colisão traseira;1;1;0;0;0;0;1
20/09/2022;05:46:21;40;Sem vítima;487,626;BR-116/SP;Crescente;Tombamento;1;1;0;0;0;0;1
20/09/2022;11:15:20;161;Sem vítima;279,100;BR-116/SP;Decrescente;Colisão traseira;1;2;0;0;0;0;1
20/09/2022;15:15:20;232;Sem vítima;441,100;BR-116/SP;Crescente;Colisão traseira;2;1;0;0;0;0;1
21/09/2022;23:09:21;286;Sem vítima;564,200;BR-116/SP;Decrescente;Tombamento;1;1;0;0;0;0;1
22/09/2022;20:55:54;304;Sem vítima;333,100;BR-116/SP;Crescente;Colisão lateral no mesmo sentido;1;1;0;0;0;0;1
23/09/2022;03:13:41;21;Sem vítima;54,486;BR-116/SP;Crescente;Colisão traseira;1;2;0;0;0;0;1
24/09/2022;00:51:19;8;Sem vítima;431,500;BR-116/SP;Decrescente;Colisão traseira;1;2;0;0;0;0;1
24/09/2022;03:16:42;31;Sem vítima;463,147;BR-116/SP;Decrescente;Saída de pista;1;1;0;0;0;0;1
24/09/2022;20:11:28;264;Com vítima;441,980;BR-116/SP;Crescente;Engavetamento;1;4;0;0;0;2;3
25/09/2022;19:08:39;206;Sem vítima;512,100;BR-116/SP;Crescente;Colisão traseira;1;1;0;0;0;0;1
27/09/2022;11:12:10;165;Sem vítima;16,100;CW-116/SP;Decrescente;Queda de moto;1;1;0;0;0;0;1
27/09/2022;14:43:42;223;Sem vítima;304,194;BR-116/SP;Decrescente;Atropelamento de pedestre;1;3;0;0;0;0;1
28/09/2022;04:00:36;23;Sem vítima;369,000;BR-116/SP;Crescente;Colisão traseira;2;0;0;0;0;0;1
28/09/2022;09:55:19;147;Sem vítima;278,805;BR-116/SP;Crescente;Colisão lateral no mesmo sentido;1;1;0;0;0;0;1
28/09/2022;14:43:28;220;Sem vítima;404,500;BR-116/SP;Decrescente;Engavetamento;1;2;0;0;0;0;1
28/09/2022;20:18:44;300;Sem vítima;508,912;BR-116/SP;Decrescente;Choque;1;1;0;0;0;0;1
28/09/2022;20:36:02;305;Sem vítima;518,100;BR-116/SP;Decrescente;Choque;1;1;0;0;0;0;1
28/09/2022;23:32:13;328;Sem vítima;506,150;BR-116/SP;Crescente;Colisão traseira;1;0;0;0;0;0;1
29/09/2022;03:19:34;27;Sem vítima;552,100;BR-116/SP;Decrescente;Saída de pista;1;1;0;0;0;0;1
29/09/2022;08:17:41;124;Sem vítima;564,199;BR-116/SP;Decrescente;Tombamento;1;1;0;0;0;0;1
01/10/2022;01:27:52;12;Sem vítima;437,671;BR-116/SP;Crescente;Saída de pista;1;1;0;0;0;0;1
03/10/2022;18:03:26;212;Sem vítima;2,826;BR-116/SP;Crescente;Colisão traseira;1;1;0;0;0;0;1
04/10/2022;00:09:34;3;Sem vítima;23,664;BR-116/SP;Crescente;Tombamento;1;2;0;0;0;0;1
04/10/2022;03:45:21;31;Sem vítima;346,800;BR-116/SP;Decrescente;Tombamento;1;1;0;0;0;0;1
05/10/2022;23:22:35;329;Sem vítima;517,100;BR-116/SP;Crescente;Colisão traseira;1;0;0;0;0;0;1
06/10/2022;11:51:54;188;Sem vítima;22,380;BR-116/SP;Crescente;Colisão traseira;1;2;0;0;0;0;1
08/10/2022;11:27:03;148;Sem vítima;357,600;BR-116/SP;Crescente;Engavetamento;1;3;0;0;0;0;1
09/10/2022;15:15:30;171;Sem vítima;57,200;BR-116/SP;Decrescente;Colisão traseira;1;2;0;0;0;0;1
09/10/2022;18:18:04;230;Sem vítima;22,508;BR-116/SP;Decrescente;Saída de pista;1;3;0;0;0;0;1
10/10/2022;19:24:49;248;Sem vítima;348,300;BR-116/SP;Decrescente;Colisão frontal;1;2;0;0;0;0;1
11/10/2022;00:12:08;7;Sem vítima;358,950;BR-116/SP;Decrescente;Colisão traseira;1;2;0;0;0;0;1
14/10/2022;15:55:38;246;Sem vítima;23,400;BR-116/SP;Crescente;Engavetamento;2;3;0;0;0;0;1
16/10/2022;07:32:09;53;Sem vítima;297,711;BR-116/SP;Decrescente;Colisão traseira;1;2;0;0;0;0;1
18/10/2022;06:50:19;69;Sem vítima;559,800;BR-116/SP;Decrescente;Choque;1;1;0;0;0;0;1
18/10/2022;21:20:00;273;Sem vítima;298,600;BR-116/SP;Decrescente;Colisão lateral no mesmo sentido;2;3;0;0;0;0;1
18/10/2022;22:47:01;279;Sem vítima;1,300;CW-116/SP;Decrescente;Colisão traseira;1;1;0;0;0;0;1
18/10/2022;23:28:04;287;Sem vítima;514,650;BR-116/SP;Crescente;Saída de pista;1;1;0;0;0;0;1
19/10/2022;02:53:26;28;Sem vítima;415,900;BR-116/SP;Decrescente;Saída de pista;1;1;0;0;0;0;1
20/10/2022;21:14:46;338;Sem vítima;315,720;BR-116/SP;Crescente;Colisão traseira;2;1;0;0;0;0;1
20/10/2022;23:20:44;359;Sem vítima;461,250;BR-116/SP;Crescente;Choque;1;1;0;0;0;0;1
21/10/2022;14:28:39;220;Sem vítima;280,170;BR-116/SP;Decrescente;Engavetamento;2;2;0;0;0;0;1
22/10/2022;04:36:19;35;Sem vítima;272,340;BR-116/SP;Crescente;Engavetamento;1;3;0;0;0;0;1
24/10/2022;05:18:44;31;Sem vítima;477,700;BR-116/SP;Crescente;Saída de pista;1;1;0;0;0;0;1
24/10/2022;07:54:02;101;Sem vítima;420,681;BR-116/SP;Crescente;Tombamento;1;0;0;0;0;0;1
25/10/2022;19:01:50;260;Sem vítima;426,800;BR-116/SP;Decrescente;Colisão traseira;1;2;0;0;0;0;1
26/10/2022;15:43:54;248;Sem vítima;439,630;BR-116/SP;Crescente;Colisão traseira;1;3;0;0;0;0;1
27/10/2022;07:44:25;120;Sem vítima;325,841;BR-116/SP;Decrescente;Choque;1;1;0;0;0;0;1
28/10/2022;15:48:08;273;Sem vítima;513,900;BR-116/SP;Decrescente;Colisão traseira;1;2;0;0;0;0;1
29/10/2022;10:54:28;116;Sem vítima;309,500;BR-116/SP;Crescente;Colisão traseira;1;2;0;0;0;0;1
30/10/2022;15:04:41;157;Sem vítima;16,752;CW-116/SP;Decrescente;Colisão traseira;1;5;0;0;0;0;1
31/10/2022;22:40:22;292;Sem vítima;288,900;BR-116/SP;Crescente;Colisão traseira;1;2;0;0;0;0;1
04/11/2022;16:58:30;234;Sem vítima;283,808;BR-116/SP;Crescente;Colisão lateral no mesmo sentido;1;2;0;0;0;0;1
05/11/2022;02:29:27;23;Com vítima;312,800;BR-116/SP;Decrescente;Atropelamento de pedestre;1;2;0;0;0;1;3
06/11/2022;10:19:52;78;Sem vítima;47,400;BR-116/SP;Crescente;Colisão lateral no mesmo sentido;1;1;0;0;0;0;1
06/11/2022;14:27:29;137;Sem vítima;303,158;BR-116/SP;Decrescente;Colisão traseira;1;2;0;0;0;0;1
06/11/2022;18:42:19;192;Sem vítima;329,401;BR-116/SP;Crescente;Colisão traseira;1;1;0;0;0;0;1
07/11/2022;02:29:29;30;Sem vítima;473,329;BR-116/SP;Crescente;Saída de pista;1;0;0;0;0;0;1
07/11/2022;13:12:48;182;Sem vítima;61,100;BR-116/SP;Crescente;Colisão traseira;1;2;0;0;0;0;1
07/11/2022;22:09:43;299;Sem vítima;30,669;BR-116/SP;Crescente;Tombamento;1;0;0;0;0;0;1
08/11/2022;01:48:34;15;Sem vítima;323,720;BR-116/SP;Crescente;Saída de pista;1;0;0;0;0;0;1
08/11/2022;11:15:28;166;Sem vítima;278,900;BR-116/SP;Decrescente;Colisão traseira;1;1;0;0;0;0;1
08/11/2022;16:39:06;241;Sem vítima;425,100;BR-116/SP;Crescente;Colisão lateral no mesmo sentido;1;0;0;0;0;0;1
09/11/2022;00:28:16;7;Sem vítima;504,650;BR-116/SP;Decrescente;Tombamento;1;1;0;0;0;0;1
09/11/2022;05:48:33;51;Sem vítima;278,800;BR-116/SP;Crescente;Colisão traseira;2;2;0;0;0;0;1
10/11/2022;03:00:39;38;Sem vítima;309,500;BR-116/SP;Crescente;Colisão traseira;1;2;0;0;0;0;1
10/11/2022;15:57:38;260;Sem vítima;286,990;BR-116/SP;Decrescente;Colisão lateral no mesmo sentido;1;2;0;0;0;0;1
11/11/2022;16:02:57;274;Sem vítima;492,100;BR-116/SP;Decrescente;Colisão traseira;1;2;0;0;0;0;1
11/11/2022;22:46:42;390;Sem vítima;289,268;BR-116/SP;Crescente;Saída de pista;1;1;0;0;0;0;1
13/11/2022;10:25:14;80;Sem vítima;298,100;BR-116/SP;Crescente;Colisão lateral no mesmo sentido;1;4;0;0;0;0;1
13/11/2022;12:34:33;100;Sem vítima;523,100;BR-116/SP;Decrescente;Colisão lateral no mesmo sentido;1;3;0;0;0;0;1
15/11/2022;15:50:15;204;Sem vítima;285,100;BR-116/SP;Crescente;Colisão traseira;1;3;0;0;0;0;1
15/11/2022;16:53:54;228;Sem vítima;298,800;BR-116/SP;Crescente;Colisão lateral no mesmo sentido;1;2;0;0;0;0;1
16/11/2022;07:29:56;85;Sem vítima;10,765;CW-116/SP;Decrescente;Colisão traseira;1;1;0;0;0;0;1
17/11/2022;05:44:37;54;Sem vítima;285,556;BR-116/SP;Crescente;Colisão traseira;1;0;0;0;0;0;1
17/11/2022;16:00:16;239;Sem vítima;396,800;BR-116/SP;Decrescente;Engavetamento;2;2;0;0;0;0;1
20/11/2022;10:14:10;107;Sem vítima;515,800;BR-116/SP;Decrescente;Tombamento;1;1;0;0;0;0;1
20/11/2022;11:26:47;121;Sem vítima;57,200;BR-116/SP;Crescente;Colisão lateral no mesmo sentido;1;2;0;0;0;0;1
20/11/2022;13:02:52;141;Sem vítima;305,500;BR-116/SP;Crescente;Colisão transversal;1;2;0;0;0;0;1
21/11/2022;22:22:31;310;Sem vítima;281,400;BR-116/SP;Decrescente;Colisão traseira;1;2;0;0;0;0;1
22/11/2022;01:17:56;17;Sem vítima;545,100;BR-116/SP;Crescente;Tombamento;1;0;0;0;0;0;1
22/11/2022;06:23:27;56;Sem vítima;467,100;BR-116/SP;Decrescente;Colisão traseira;2;2;0;0;0;0;1
22/11/2022;07:59:02;102;Sem vítima;280,580;BR-116/SP;Crescente;Engavetamento;1;2;0;0;0;0;1
23/11/2022;01:41:25;21;Sem vítima;14,300;BR-116/SP;Crescente;Saída de pista;1;0;0;0;0;0;1
23/11/2022;16:59:51;280;Sem vítima;515,500;BR-116/SP;Crescente;Colisão traseira;1;1;0;0;0;0;1
24/11/2022;06:14:43;62;Sem vítima;545,100;BR-116/SP;Decrescente;Saída de pista;1;0;0;0;0;0;1
24/11/2022;08:29:41;139;Sem vítima;48,100;BR-116/SP;Crescente;Colisão transversal;1;1;0;0;0;0;1
24/11/2022;10:56:38;176;Sem vítima;10,100;CW-116/SP;Decrescente;Capotamento;1;1;0;0;0;0;1
25/11/2022;02:39:53;23;Sem vítima;517,600;BR-116/SP;Decrescente;Tombamento;1;1;0;0;0;0;1
26/11/2022;14:48:10;217;Sem vítima;356,820;BR-116/SP;Decrescente;Colisão traseira;2;0;0;0;0;0;1
27/11/2022;05:55:46;38;Sem vítima;57,600;BR-116/SP;Crescente;Choque;1;1;0;0;0;0;1
27/11/2022;20:03:44;210;Sem vítima;546,100;BR-116/SP;Decrescente;Choque;1;1;0;0;0;0;1
29/11/2022;21:08:14;317;Sem vítima;51,180;BR-116/SP;Crescente;Colisão traseira;1;2;0;0;0;0;1
01/12/2022;07:58:57;138;Sem vítima;8,100;CW-116/SP;Decrescente;Choque;1;1;0;0;0;0;1
02/12/2022;00:23:02;7;Sem vítima;460,935;BR-116/SP;Decrescente;Colisão lateral no mesmo sentido;1;2;0;0;0;0;1
02/12/2022;04:53:14;68;Sem vítima;280,950;BR-116/SP;Crescente;Engavetamento;1;1;0;0;0;0;1
02/12/2022;15:03:43;254;Sem vítima;15,550;BR-116/SP;Crescente;Colisão traseira;1;5;0;0;0;0;1
02/12/2022;22:48:02;340;Sem vítima;360,800;BR-116/SP;Decrescente;Colisão traseira;1;1;0;0;0;0;1
05/12/2022;04:09:13;81;Sem vítima;392,800;BR-116/SP;Crescente;Colisão traseira;1;2;0;0;0;0;1
06/12/2022;23:01:08;370;Sem vítima;364,150;BR-116/SP;Crescente;Choque;1;1;0;0;0;0;1
07/12/2022;10:36:31;202;Sem vítima;327,700;BR-116/SP;Crescente;Colisão traseira;1;2;0;0;0;0;1
07/12/2022;18:36:49;300;Sem vítima;283,400;BR-116/SP;Crescente;Colisão lateral no mesmo sentido;1;2;0;0;0;0;1
09/12/2022;03:34:23;69;Sem vítima;4,650;BR-116/SP;Crescente;Colisão traseira;1;0;0;0;0;0;1
10/12/2022;02:29:11;23;Sem vítima;517,200;BR-116/SP;Decrescente;Colisão traseira;2;2;0;0;0;0;1
10/12/2022;20:00:33;317;Sem vítima;347,900;BR-116/SP;Decrescente;Tombamento;1;1;0;0;0;0;1
13/12/2022;04:14:39;103;Sem vítima;490,634;BR-116/SP;Crescente;Tombamento;1;1;0;0;0;0;1
14/12/2022;03:52:43;76;Sem vítima;432,600;BR-116/SP;Crescente;Saída de pista;1;1;0;0;0;0;1