data;horario;n_da_ocorrencia;tipo_de_ocorrencia;km;trecho;sentido;tipo_de_acidente;caminhao;ilesos;levemente_feridos;moderadamente_feridos;gravemente_feridos;mortos;3
14/12/2022;09:10:36;186;Sem vítima;503,140;BR-116/SP;Decrescente;Colisão transversal;1;1;0;0;0;0;1
15/12/2022;21:19:12;357;Sem vítima;275,749;BR-116/SP;Crescente;Colisão lateral no mesmo sentido;1;2;0;0;0;0;1
16/12/2022;22:05:59;377;Sem vítima;445,300;BR-116/SP;Decrescente;Colisão traseira;1;2;0;0;0;0;1
17/12/2022;15:12:24;258;Sem vítima;541,200;BR-116/SP;Decrescente;Colisão lateral no mesmo sentido;1;3;0;0;0;0;1
18/12/2022;01:04:59;37;Com vítima;322,200;BR-116/SP;Decrescente;Colisão traseira;1;1;0;0;0;1;3
19/12/2022;03:51:36;86;Sem vítima;396,100;BR-116/SP;Decrescente;Colisão traseira;1;1;0;0;0;0;1
19/12/2022;18:11:30;304;Sem vítima;300,800;BR-116/SP;Crescente;Colisão lateral no mesmo sentido;1;2;0;0;0;0;1
19/12/2022;23:04:26;357;Sem vítima;518,250;BR-116/SP;Decrescente;Choque;1;1;0;0;0;0;1
20/12/2022;19:57:32;339;Sem vítima;426,800;BR-116/SP;Crescente;Choque;1;2;0;0;0;0;1
21/12/2022;10:55:23;206;Sem vítima;296,200;BR-116/SP;Crescente;Colisão traseira;1;2;0;0;0;0;1
21/12/2022;13:35:35;251;Sem vítima;545,100;BR-116/SP;Decrescente;Colisão lateral no mesmo sentido;1;3;0;0;0;0;1
21/12/2022;16:07:03;283;Sem vítima;292,770;BR-116/SP;Decrescente;Colisão lateral no mesmo sentido;2;2;0;0;0;0;1
21/12/2022;21:06:49;351;Sem vítima;282,281;BR-116/SP;Decrescente;Colisão lateral no mesmo sentido;1;2;0;0;0;0;1
21/12/2022;23:22:53;369;Sem vítima;564,100;BR-116/SP;Decrescente;Saída de pista;1;1;0;0;0;0;1
22/12/2022;02:53:37;81;Sem vítima;301,650;BR-116/SP;Crescente;Colisão traseira;1;3;0;0;0;0;1
22/12/2022;09:25:00;197;Sem vítima;339,100;BR-116/SP;Crescente;Colisão traseira;2;3;0;0;0;0;1
22/12/2022;11:21:38;237;Sem vítima;280,600;BR-116/SP;Decrescente;Engavetamento;2;3;0;0;0;0;1
23/12/2022;07:25:22;82;Sem vítima;51,500;BR-116/SP;Decrescente;Colisão transversal;3;0;0;0;0;0;1
27/12/2022;00:45:02;10;Com vítima;440,940;BR-116/SP;Crescente;Atropelamento de pedestre;1;2;0;0;0;1;3
29/12/2022;13:49:09;187;Sem vítima;2,100;CW-116/SP;Decrescente;Choque;1;0;0;0;0;0;1
02/01/2023;12:04:31;145;Sem vítima;370,400;BR-116/SP;Crescente;Colisão traseira;1;1;0;0;0;0;1
02/01/2023;21:41:45;339;Sem vítima;279,100;BR-116/SP;Crescente;Engavetamento;2;2;0;0;0;0;1
03/01/2023;03:16:38;29;Sem vítima;515,300;BR-116/SP;Decrescente;Colisão traseira;2;4;0;0;0;0;1
03/01/2023;10:58:22;166;Sem vítima;425,500;BR-116/SP;Crescente;Saída de pista;1;0;0;0;0;0;1
03/01/2023;22:40:31;346;Sem vítima;515,900;BR-116/SP;Crescente;Colisão traseira;1;0;0;0;0;0;1
04/01/2023;04:13:31;26;Sem vítima;392,900;BR-116/SP;Crescente;Colisão traseira;1;1;0;0;0;0;1
04/01/2023;20:16:29;340;Sem vítima;29,100;BR-116/SP;Crescente;Tombamento;1;1;0;0;0;0;1
09/01/2023;06:46:32;52;Sem vítima;515,100;BR-116/SP;Crescente;Choque;1;2;0;0;0;0;1
15/01/2023;21:01:26;255;Sem vítima;548,100;BR-116/SP;Crescente;Colisão lateral no mesmo sentido;1;2;0;0;0;0;1
16/01/2023;22:44:42;307;Sem vítima;560,500;BR-116/SP;Decrescente;Colisão traseira;1;2;0;0;0;0;1
17/01/2023;21:11:57;332;Com vítima;315,878;BR-116/SP;Decrescente;Colisão lateral no mesmo sentido;1;0;0;0;1;0;2
18/01/2023;03:34:32;31;Sem vítima;558,120;BR-116/SP;Decrescente;Atropelamento de animal;1;1;0;0;0;0;1
19/01/2023;06:51:12;105;Sem vítima;299,100;BR-116/SP;Crescente;Tombamento;1;0;0;0;0;0;1
19/01/2023;07:57:32;136;Sem vítima;279,500;BR-116/SP;Decrescente;Colisão traseira;1;2;0;0;0;0;1
23/01/2023;15:42:40;250;Sem vítima;9,317;CW-116/SP;Decrescente;Colisão lateral no mesmo sentido;1;2;0;0;0;0;1
24/01/2023;19:14:21;323;Sem vítima;426,100;BR-116/SP;Decrescente;Engavetamento;2;5;0;0;0;0;1
25/01/2023;15:55:00;254;Sem vítima;361,200;BR-116/SP;Crescente;Colisão traseira;1;2;0;0;0;0;1
25/01/2023;16:40:28;275;Sem vítima;321,923;BR-116/SP;Crescente;Colisão traseira;1;1;0;0;0;0;1
26/01/2023;02:45:02;29;Sem vítima;299,150;BR-116/SP;Crescente;Colisão traseira;2;2;0;0;0;0;1
26/01/2023;05:38:10;56;Sem vítima;280,100;BR-116/SP;Crescente;Colisão lateral no mesmo sentido;1;2;0;0;0;0;1
27/01/2023;11:11:40;177;Sem vítima;507,400;BR-116/SP;Crescente;Colisão lateral no mesmo sentido;2;0;0;0;0;0;1
30/01/2023;15:55:50;230;Sem vítima;320,600;BR-116/SP;Crescente;Colisão lateral no mesmo sentido;1;2;0;0;0;0;1
30/01/2023;19:09:56;273;Sem vítima;504,474;BR-116/SP;Decrescente;Capotamento;1;1;0;0;0;0;1
31/01/2023;15:31:52;242;Sem vítima;506,100;BR-116/SP;Crescente;Colisão traseira;1;2;0;0;0;0;1
01/02/2023;09:40:50;136;Sem vítima;542,800;BR-116/SP;Crescente;Colisão traseira;1;10;0;0;0;0;1
01/02/2023;19:28:37;308;Sem vítima;561,500;BR-116/SP;Decrescente;Tombamento;1;0;0;0;0;0;1
02/02/2023;01:24:27;22;Sem vítima;426,800;BR-116/SP;Crescente;Colisão lateral no mesmo sentido;1;3;0;0;0;0;1
02/02/2023;04:59:43;45;Sem vítima;510,100;BR-116/SP;Decrescente;Saída de pista;1;0;0;0;0;0;1
02/02/2023;09:51:25;148;Sem vítima;273,607;BR-116/SP;Crescente;Colisão traseira;1;1;0;0;0;0;1
02/02/2023;15:15:41;261;Sem vítima;468,100;BR-116/SP;Crescente;Saída de pista;1;1;0;0;0;0;1
02/02/2023;21:29:23;339;Sem vítima;0,108;CW-116/SP;Decrescente;Tombamento;1;0;0;0;0;0;1
03/02/2023;12:16:51;178;Sem vítima;433,100;BR-116/SP;Decrescente;Saída de pista;1;1;0;0;0;0;1
03/02/2023;19:43:47;306;Sem vítima;273,630;BR-116/SP;Decrescente;Colisão traseira;1;3;0;0;0;0;1
05/02/2023;20:13:30;188;Sem vítima;281,100;BR-116/SP;Crescente;Colisão lateral no mesmo sentido;1;4;0;0;0;0;1
06/02/2023;08:18:09;91;Sem vítima;275,500;BR-116/SP;Crescente;Colisão lateral no mesmo sentido;1;1;0;0;0;0;1
06/02/2023;14:14:34;195;Sem vítima;523,800;BR-116/SP;Decrescente;Colisão lateral no mesmo sentido;1;2;0;0;0;0;1
07/02/2023;08:03:59;95;Sem vítima;450,137;BR-116/SP;Decrescente;Colisão lateral no mesmo sentido;1;2;0;0;0;0;1
07/02/2023;22:16:26;285;Sem vítima;440,618;BR-116/SP;Crescente;Saída de pista;1;2;0;0;0;0;1
08/02/2023;00:48:50;10;Sem vítima;385,700;BR-116/SP;Decrescente;Colisão traseira;1;2;0;0;0;0;1
09/02/2023;00:33:55;5;Sem vítima;68,103;BR-116/SP;Crescente;Colisão traseira;1;1;0;0;0;0;1
10/02/2023;02:37:20;24;Sem vítima;425,950;BR-116/SP;Decrescente;Choque;1;0;0;0;0;0;1
10/02/2023;20:23:35;310;Sem vítima;441,500;BR-116/SP;Decrescente;Atropelamento de animal;1;1;0;0;0;0;1
11/02/2023;00:22:18;4;Sem vítima;24,430;BR-116/SP;Decrescente;Colisão traseira;1;0;0;0;0;0;1
11/02/2023;04:19:03;33;Sem vítima;22,500;BR-116/SP;Decrescente;Colisão traseira;1;3;0;0;0;0;1
11/02/2023;08:23:03;102;Sem vítima;509,800;BR-116/SP;Decrescente;Choque;1;0;0;0;0;0;1
11/02/2023;14:32:09;176;Sem vítima;280,100;BR-116/SP;Decrescente;Engavetamento;1;8;0;0;0;0;1
13/02/2023;22:48:18;305;Com vítima;511,100;BR-116/SP;Crescente;Tombamento;1;0;0;0;0;1;3
14/02/2023;10:10:23;171;Sem vítima;388,300;BR-116/SP;Crescente;Colisão traseira;1;0;0;0;0;0;1
14/02/2023;10:35:38;178;Sem vítima;305,100;BR-116/SP;Decrescente;Colisão lateral no mesmo sentido;1;2;0;0;0;0;1
16/02/2023;03:56:11;27;Sem vítima;309,980;BR-116/SP;Crescente;Colisão traseira;1;3;0;0;0;0;1
16/02/2023;08:24:59;125;Sem vítima;2,100;BR-116/SP;Crescente;Choque;1;1;0;0;0;0;1
16/02/2023;22:16:21;340;Sem vítima;280,100;BR-116/SP;Decrescente;Colisão lateral no mesmo sentido;1;2;0;0;0;0;1
17/02/2023;00:18:35;6;Sem vítima;360,650;BR-116/SP;Decrescente;Choque;1;1;0;0;0;0;1
17/02/2023;06:28:59;71;Sem vítima;471,119;BR-116/SP;Crescente;Colisão lateral no mesmo sentido;1;2;0;0;0;0;1
17/02/2023;20:02:19;307;Sem vítima;567,100;BR-116/SP;Decrescente;Colisão lateral no mesmo sentido;1;0;0;0;0;0;1
18/02/2023;17:37:11;283;Sem vítima;40,200;BR-116/SP;Decrescente;Colisão traseira;1;1;0;0;0;0;1
22/02/2023;12:47:21;158;Sem vítima;346,200;BR-116/SP;Decrescente;Choque;1;1;0;0;0;0;1
23/02/2023;02:20:14;30;Sem vítima;46,484;BR-116/SP;Decrescente;Tombamento;1;1;0;0;0;0;1
25/02/2023;17:30:25;253;Sem vítima;408,200;BR-116/SP;Decrescente;Colisão lateral no mesmo sentido;1;1;0;0;0;0;1
26/02/2023;06:56:12;40;Sem vítima;331,769;BR-116/SP;Crescente;Tombamento;1;1;0;0;0;0;1
03/03/2023;09:56:44;171;Sem vítima;290,500;BR-116/SP;Crescente;Engavetamento;1;1;0;0;0;0;1
04/03/2023;06:32:20;49;Sem vítima;2,100;BR-116/SP;Crescente;Tombamento;1;0;0;0;0;0;1
08/03/2023;07:03:16;85;Sem vítima;435,100;BR-116/SP;Crescente;Saída de pista;1;1;0;0;0;0;1
15/03/2023;10:51:06;195;Sem vítima;444,130;BR-116/SP;Decrescente;Choque;1;1;0;0;0;0;1
15/03/2023;23:02:37;404;Sem vítima;436,200;BR-116/SP;Crescente;Tombamento;1;0;0;0;0;0;1
16/03/2023;12:41:16;232;Sem vítima;403,300;BR-116/SP;Crescente;Saída de pista;1;1;0;0;0;0;1
16/03/2023;16:27:14;299;Sem vítima;23,700;BR-116/SP;Crescente;Choque;1;1;0;0;0;0;1
01/04/2023;10:25:00;117;Sem vítima;449,100;BR-116/SP;Decrescente;Colisão traseira;1;1;0;0;0;0;1
02/04/2023;05:00:47;47;Sem vítima;420,191;BR-116/SP;Decrescente;Saída de pista;1;1;0;0;0;0;1
06/04/2023;22:04:42;331;Sem vítima;1,100;CW-116/SP;Decrescente;Choque;1;0;0;0;0;0;1
16/04/2023;14:55:05;142;Sem vítima;426,800;BR-116/SP;Crescente;Choque;1;0;0;0;0;0;1
27/04/2023;09:51:55;146;Sem vítima;330,100;BR-116/SP;Decrescente;Colisão traseira;1;1;0;0;0;0;1
28/04/2023;03:43:38;45;Sem vítima;521,100;BR-116/SP;Crescente;Colisão traseira;1;1;0;0;0;0;1
28/04/2023;12:56:23;198;Sem vítima;389,100;BR-116/SP;Decrescente;Colisão lateral no mesmo sentido;1;1;0;0;0;0;1
04/05/2023;03:25:12;41;Sem vítima;25,951;BR-116/SP;Crescente;Choque;1;1;0;0;0;0;1
06/05/2023;07:21:17;83;Sem vítima;29,839;BR-116/SP;Crescente;Colisão lateral no mesmo sentido;1;1;0;0;0;0;1
08/05/2023;16:09:48;233;Sem vítima;459,900;BR-116/SP;Crescente;Tombamento;1;1;0;0;0;0;1
10/05/2023;11:30:48;152;Sem vítima;550,100;BR-116/SP;Crescente;Colisão lateral no mesmo sentido;1;1;0;0;0;0;1
10/05/2023;14:54:21;196;Sem vítima;518,100;BR-116/SP;Decrescente;Choque;1;1;0;0;0;0;1
10/05/2023;17:03:37;230;Sem vítima;32,419;BR-116/SP;Crescente;Colisão traseira;1;1;0;0;0;0;1
11/05/2023;09:56:25;155;Sem vítima;284,100;BR-116/SP;Crescente;Colisão traseira;2;2;0;0;0;0;1
11/05/2023;11:12:00;176;Sem vítima;541,500;BR-116/SP;Decrescente;Colisão traseira;1;1;0;0;0;0;1
11/05/2023;23:34:36;317;Sem vítima;520,900;BR-116/SP;Decrescente;Choque;1;0;0;0;0;0;1
13/05/2023;00:38:08;7;Sem vítima;283,300;BR-116/SP;Crescente;Colisão traseira;1;2;0;0;0;0;1
13/05/2023;11:10:30;126;Sem vítima;68,100;BR-116/SP;Crescente;Choque;1;1;0;0;0;0;1
14/05/2023;16:22:52;162;Sem vítima;345,913;BR-116/SP;Decrescente;Colisão traseira;1;1;0;0;0;0;1
15/05/2023;06:24:50;69;Sem vítima;354,100;BR-116/SP;Crescente;Colisão traseira;1;1;0;0;0;0;1
16/05/2023;20:17:07;281;Sem vítima;287,100;BR-116/SP;Decrescente;Colisão traseira;1;1;0;0;0;0;1
18/05/2023;03:35:17;36;Sem vítima;362,100;BR-116/SP;Decrescente;Tombamento;1;1;0;0;0;0;1
20/05/2023;08:56:55;96;Com vítima;309,162;BR-116/SP;Decrescente;Colisão lateral no mesmo sentido;1;1;0;0;0;0;1
22/05/2023;13:06:51;183;Sem vítima;16,500;BR-116/SP;Crescente;Capotamento;1;1;0;0;0;0;1
24/05/2023;13:46:34;164;Sem vítima;426,800;BR-116/SP;Decrescente;Colisão traseira;1;1;0;0;0;0;1
24/05/2023;14:08:01;170;Sem vítima;413,912;BR-116/SP;Crescente;Colisão traseira;2;1;0;0;0;0;1
24/05/2023;16:20:21;192;Sem vítima;346,200;BR-116/SP;Decrescente;Choque;1;1;0;0;0;0;1
26/05/2023;03:02:03;23;Sem vítima;555,500;BR-116/SP;Decrescente;Atropelamento de animal;1;1;0;0;0;0;1
26/05/2023;03:28:14;25;Sem vítima;503,310;BR-116/SP;Decrescente;Tombamento;1;0;0;0;0;0;1
26/05/2023;08:28:27;98;Sem vítima;279,100;BR-116/SP;Crescente;Colisão lateral no mesmo sentido;1;1;0;0;0;0;1
27/05/2023;01:01:49;6;Sem vítima;394,360;BR-116/SP;Decrescente;Colisão traseira;1;1;0;0;0;0;1
28/05/2023;19:16:48;219;Sem vítima;284,700;BR-116/SP;Crescente;Colisão lateral no mesmo sentido;1;1;0;0;0;0;1
28/05/2023;23:37:39;254;Sem vítima;2,200;BR-116/SP;Crescente;Choque;1;1;0;0;0;0;1
30/05/2023;14:45:08;228;Sem vítima;508,900;BR-116/SP;Decrescente;Choque;1;1;0;0;0;0;1
30/05/2023;23:08:37;324;Sem vítima;359,200;BR-116/SP;Decrescente;Colisão traseira;1;1;0;0;0;0;1
01/06/2023;02:41:13;18;Sem vítima;411,100;BR-116/SP;Crescente;Tombamento;1;1;0;0;0;0;1
02/06/2023;18:57:38;282;Sem vítima;312,447;BR-116/SP;Decrescente;Tombamento;1;1;0;0;0;0;1
04/06/2023;11:58:32;77;Sem vítima;426,800;BR-116/SP;Crescente;Colisão traseira;1;1;0;0;0;0;1
05/06/2023;14:51:15;199;Sem vítima;531,500;BR-116/SP;Crescente;Colisão traseira;1;1;0;0;0;0;1
06/06/2023;04:44:23;25;Sem vítima;53,779;BR-116/SP;Decrescente;Tombamento;1;0;0;0;0;0;1
06/06/2023;23:29:05;277;Sem vítima;16,983;BR-116/SP;Crescente;Tombamento;1;1;0;0;0;0;1
06/06/2023;23:57:46;280;Sem vítima;17,500;BR-116/SP;Crescente;Tombamento;1;1;0;0;0;0;1
13/06/2023;11:43:22;141;Sem vítima;65,412;BR-116/SP;Crescente;Colisão lateral no mesmo sentido;1;0;0;0;0;0;1
13/06/2023;17:45:22;231;Sem vítima;426,800;BR-116/SP;Crescente;Choque;1;1;0;0;0;0;1
14/06/2023;12:41:34;177;Sem vítima;356,700;BR-116/SP;Decrescente;Colisão lateral no mesmo sentido;1;1;0;0;0;0;1
18/06/2023;05:43:10;47;Sem vítima;63,100;BR-116/SP;Decrescente;Saída de pista;1;0;0;0;0;0;1
20/06/2023;18:33:21;287;Sem vítima;287,570;BR-116/SP;Decrescente;Atropelamento de animal;1;1;0;0;0;0;1
23/06/2023;03:15:14;32;Sem vítima;352,700;BR-116/SP;Decrescente;Colisão traseira;1;2;0;0;0;0;1
23/06/2023;19:17:21;280;Sem vítima;436,357;BR-116/SP;Crescente;Colisão lateral no mesmo sentido;1;1;0;0;0;0;1
24/06/2023;06:23:34;44;Sem vítima;28,800;BR-116/SP;Decrescente;Colisão traseira;1;1;0;0;0;0;1
25/06/2023;12:16:58;92;Sem vítima;400,250;BR-116/SP;Crescente;Colisão lateral no mesmo sentido;1;0;0;0;0;0;1
26/06/2023;11:38:26;147;Sem vítima;272,000;BR-116/SP;Crescente;Colisão transversal;1;1;0;0;0;0;1
26/06/2023;17:03:29;222;Sem vítima;349,600;BR-116/SP;Crescente;Colisão traseira;1;1;0;0;0;0;1
30/06/2023;14:34:24;200;Sem vítima;283,562;BR-116/SP;Decrescente;Tombamento;1;0;0;0;0;0;1
05/07/2023;10:53:00;174;Sem vítima;514,500;BR-116/SP;Crescente;Colisão traseira;1;1;0;0;0;0;1
05/07/2023;22:58:19;321;Sem vítima;545,100;BR-116/SP;Decrescente;Choque;1;1;0;0;0;0;1
06/07/2023;14:11:53;201;Sem vítima;298,600;BR-116/SP;Decrescente;Colisão lateral no mesmo sentido;1;1;0;0;0;0;1
07/07/2023;10:52:51;165;Sem vítima;280,180;BR-116/SP;Crescente;Colisão traseira;1;1;0;0;0;0;1
10/07/2023;06:42:17;58;Sem vítima;542,800;BR-116/SP;Decrescente;Choque;1;1;0;0;0;0;1
10/07/2023;16:22:05;234;Sem vítima;562,500;BR-116/SP;Decrescente;Saída de pista;1;1;0;0;0;0;1
12/07/2023;08:09:53;112;Sem vítima;342,600;BR-116/SP;Crescente;Tombamento;1;1;0;0;0;0;1
13/07/2023;08:54:33;137;Sem vítima;270,100;BR-116/SP;Decrescente;Colisão lateral no mesmo sentido;1;1;0;0;0;0;1
13/07/2023;17:14:33;279;Sem vítima;440,120;BR-116/SP;Crescente;Saída de pista;1;1;0;0;0;0;1
13/07/2023;17:19:08;282;Sem vítima;430,500;BR-116/SP;Decrescente;Colisão traseira;1;0;0;0;0;0;1
13/07/2023;23:55:02;353;Sem vítima;481,900;BR-116/SP;Decrescente;Colisão traseira;1;1;0;0;0;0;1
14/07/2023;02:42:58;16;Sem vítima;414,900;BR-116/SP;Crescente;Tombamento;1;0;0;0;0;0;1
16/07/2023;11:25:35;76;Sem vítima;32,600;BR-116/SP;Crescente;Tombamento;1;1;0;0;0;0;1
16/07/2023;21:51:54;198;Sem vítima;26,193;BR-116/SP;Crescente;Tombamento;1;1;0;0;0;0;1
20/07/2023;23:04:25;317;Sem vítima;521,300;BR-116/SP;Decrescente;Choque;1;2;0;0;0;0;1
23/07/2023;17:24:29;162;Sem vítima;69,246;BR-116/SP;Decrescente;Colisão lateral no mesmo sentido;1;1;0;0;0;0;1
24/07/2023;18:28:35;255;Sem vítima;9,671;BR-116/SP;Crescente;Colisão traseira;1;0;0;0;0;0;1
25/07/2023;03:45:47;23;Sem vítima;393,100;BR-116/SP;Decrescente;Atropelamento de animal;1;1;0;0;0;0;1
26/07/2023;05:00:16;28;Sem vítima;462,639;BR-116/SP;Crescente;Colisão lateral no mesmo sentido;1;0;0;0;0;0;1
26/07/2023;18:19:19;288;Sem vítima;343,300;BR-116/SP;Crescente;Colisão lateral no mesmo sentido;1;0;0;0;0;0;1
27/07/2023;17:10:40;225;Sem vítima;33,142;BR-116/SP;Crescente;Colisão lateral no mesmo sentido;1;1;0;0;0;0;1
28/07/2023;06:38:21;52;Sem vítima;567,100;BR-116/SP;Crescente;Choque;1;1;0;0;0;0;1
28/07/2023;11:44:19;162;Sem vítima;509,500;BR-116/SP;Crescente;Tombamento;1;1;0;0;0;0;1
02/08/2023;06:25:52;56;Sem vítima;290,850;BR-116/SP;Decrescente;Tombamento;1;0;0;0;0;0;1
03/08/2023;05:06:49;44;Sem vítima;39,660;BR-116/SP;Decrescente;Colisão traseira;1;0;0;0;0;0;1
04/08/2023;23:53:08;305;Sem vítima;23,300;BR-116/SP;Decrescente;Colisão traseira;1;1;0;0;0;0;1
05/08/2023;17:57:20;189;Sem vítima;466,565;BR-116/SP;Decrescente;Engavetamento;1;1;0;0;0;0;1
08/08/2023;16:49:14;244;Sem vítima;7,800;CW-116/SP;Decrescente;Saída de pista;1;1;0;0;0;0;1
09/08/2023;09:40:58;153;Sem vítima;561,500;BR-116/SP;Decrescente;Choque;1;1;0;0;0;0;1
09/08/2023;12:07:23;185;Sem vítima;503,100;BR-116/SP;Decrescente;Tombamento;1;1;0;0;0;0;1
09/08/2023;21:56:28;312;Sem vítima;321,752;BR-116/SP;Crescente;Colisão traseira;1;1;0;0;0;0;1
10/08/2023;03:37:52;27;Sem vítima;8,566;BR-116/SP;Crescente;Saída de pista;1;1;0;0;0;0;1
12/08/2023;10:38:11;123;Sem vítima;52,100;BR-116/SP;Decrescente;Saída de pista;1;0;0;0;0;0;1
12/08/2023;14:29:07;181;Sem vítima;548,500;BR-116/SP;Decrescente;Choque;1;0;0;0;0;0;1
13/08/2023;00:02:15;1;Sem vítima;462,900;BR-116/SP;Decrescente;Saída de pista;1;1;0;0;0;0;1
14/08/2023;22:46:20;249;Sem vítima;428,200;BR-116/SP;Crescente;Choque;1;1;0;0;0;0;1
15/08/2023;09:51:03;126;Sem vítima;427,111;BR-116/SP;Crescente;Colisão traseira;1;2;0;0;0;0;1
15/08/2023;19:38:48;244;Sem vítima;474,318;BR-116/SP;Decrescente;Saída de pista;1;0;0;0;0;0;1
17/08/2023;19:50:59;232;Sem vítima;507,140;BR-116/SP;Crescente;Tombamento;1;1;0;0;0;0;1
18/08/2023;02:04:21;29;Sem vítima;440,965;BR-116/SP;Crescente;Saída de pista;1;1;0;0;0;0;1
25/08/2023;19:42:15;249;Sem vítima;504,300;BR-116/SP;Decrescente;Choque;1;0;0;0;0;0;1
26/08/2023;01:53:57;19;Sem vítima;415,900;BR-116/SP;Crescente;Saída de pista;1;1;0;0;0;0;1
27/08/2023;20:13:20;170;Sem vítima;295,600;BR-116/SP;Decrescente;Colisão lateral no mesmo sentido;1;1;0;0;0;0;1
29/08/2023;06:09:39;58;Sem vítima;294,000;BR-116/SP;Crescente;Colisão lateral no mesmo sentido;1;0;0;0;0;0;1
29/08/2023;06:37:42;66;Sem vítima;485,000;BR-116/SP;Crescente;Saída de pista;1;1;0;0;0;0;1
29/08/2023;12:28:23;181;Sem vítima;289,300;BR-116/SP;Crescente;Colisão traseira;1;1;0;0;0;0;1
29/08/2023;21:34:29;264;Sem vítima;0,900;BR-116/SP;Crescente;Tombamento;1;0;0;0;0;0;1
30/08/2023;11:25:20;149;Sem vítima;539,500;BR-116/SP;Decrescente;Saída de pista;1;0;0;0;0;0;1
30/08/2023;21:46:31;251;Sem vítima;511,700;BR-116/SP;Crescente;Tombamento;1;0;0;0;0;0;1
01/09/2023;05:33:30;46;Sem vítima;54,300;BR-116/SP;Decrescente;Colisão traseira;1;1;0;0;0;0;1
01/09/2023;17:26:19;245;Sem vítima;270,521;BR-116/SP;Crescente;Colisão lateral no mesmo sentido;1;1;0;0;0;0;1
03/09/2023;11:10:45;108;Sem vítima;26,300;BR-116/SP;Crescente;Tombamento;1;0;0;0;0;0;1
03/09/2023;13:31:25;132;Sem vítima;332,150;BR-116/SP;Crescente;Colisão traseira;1;0;0;0;0;0;1
03/09/2023;23:37:01;269;Sem vítima;511,700;BR-116/SP;Crescente;Saída de pista;1;1;0;0;0;0;1
04/09/2023;20:29:54;311;Sem vítima;546,120;BR-116/SP;Decrescente;Engavetamento;1;1;0;0;0;0;1
05/09/2023;05:15:08;37;Sem vítima;429,345;BR-116/SP;Crescente;Tombamento;1;1;0;0;0;0;1
05/09/2023;07:56:11;106;Sem vítima;286,889;BR-116/SP;Crescente;Colisão lateral no mesmo sentido;1;1;0;0;0;0;1
05/09/2023;16:53:14;232;Sem vítima;283,100;BR-116/SP;Crescente;Colisão traseira;1;1;0;0;0;0;1
05/09/2023;17:20:43;241;Sem vítima;426,800;BR-116/SP;Crescente;Choque;1;1;0;0;0;0;1
06/09/2023;01:00:07;10;Sem vítima;432,100;BR-116/SP;Decrescente;Tombamento;1;1;0;0;0;0;1
07/09/2023;10:57:52;154;Sem vítima;560,900;BR-116/SP;Crescente;Saída de pista;1;1;0;0;0;0;1
07/09/2023;13:54:17;195;Sem vítima;501,100;BR-116/SP;Decrescente;Capotamento;1;0;0;0;0;0;1
07/09/2023;21:47:53;286;Sem vítima;475,952;BR-116/SP;Decrescente;Atropelamento de animal;1;1;0;0;0;0;1
10/09/2023;19:01:20;183;Sem vítima;51,300;BR-116/SP;Decrescente;Colisão lateral no mesmo sentido;1;0;0;0;0;0;1
11/09/2023;01:17:29;10;Sem vítima;530,200;BR-116/SP;Crescente;Colisão traseira;1;1;0;0;0;0;1
11/09/2023;17:03:23;218;Sem vítima;278,900;BR-116/SP;Decrescente;Colisão traseira;1;1;0;0;0;0;1
12/09/2023;06:26:47;72;Sem vítima;519,900;BR-116/SP;Decrescente;Saída de pista;1;1;0;0;0;0;1
12/09/2023;13:17:37;194;Sem vítima;362,100;BR-116/SP;Decrescente;Choque;1;0;0;0;0;0;1
13/09/2023;03:19:49;27;Sem vítima;329,100;BR-116/SP;Crescente;Choque;1;0;0;0;0;0;1
14/09/2023;03:17:26;36;Sem vítima;1,948;BR-116/SP;Crescente;Tombamento;1;0;0;0;0;0;1
15/09/2023;07:13:32;81;Sem vítima;40,228;BR-116/SP;Crescente;Engavetamento;1;1;0;0;0;0;1
15/09/2023;11:09:55;145;Sem vítima;269,400;BR-116/SP;Crescente;Colisão traseira;1;0;0;0;0;0;1
15/09/2023;17:37:42;207;Sem vítima;10,900;BR-116/SP;Crescente;Colisão traseira;1;1;0;0;0;0;1
16/09/2023;14:28:24;170;Sem vítima;67,395;BR-116/SP;Crescente;Tombamento;1;1;0;0;0;0;1
19/09/2023;04:55:48;9;Sem vítima;565,380;BR-116/SP;Decrescente;Tombamento;1;0;0;0;0;0;1
20/09/2023;17:22:58;264;Com vítima;326,600;BR-116/SP;Crescente;Colisão traseira;1;2;0;0;0;0;1
21/09/2023;07:15:43;86;Sem vítima;441,600;BR-116/SP;Crescente;Tombamento;1;1;0;0;0;0;1